"region","context","group","sample_id","bin_mid","count"
"dispersed_repeat","CpG","Control","9",2.5,9067
"dispersed_repeat","CpG","Control","9",7.5,375
"dispersed_repeat","CpG","Control","9",12.5,125
"dispersed_repeat","CpG","Control","9",17.5,149
"dispersed_repeat","CpG","Control","9",22.5,77
"dispersed_repeat","CpG","Control","9",27.5,86
"dispersed_repeat","CpG","Control","9",32.5,50
"dispersed_repeat","CpG","Control","9",37.5,85
"dispersed_repeat","CpG","Control","9",42.5,41
"dispersed_repeat","CpG","Control","9",47.5,72
"dispersed_repeat","CpG","Control","9",52.5,54
"dispersed_repeat","CpG","Control","9",57.5,42
"dispersed_repeat","CpG","Control","9",62.5,36
"dispersed_repeat","CpG","Control","9",67.5,32
"dispersed_repeat","CpG","Control","9",72.5,30
"dispersed_repeat","CpG","Control","9",77.5,53
"dispersed_repeat","CpG","Control","9",82.5,38
"dispersed_repeat","CpG","Control","9",87.5,64
"dispersed_repeat","CpG","Control","9",92.5,50
"dispersed_repeat","CpG","Control","9",97.5,211
"dispersed_repeat","CpG","Control","13",2.5,9394
"dispersed_repeat","CpG","Control","13",7.5,456
"dispersed_repeat","CpG","Control","13",12.5,106
"dispersed_repeat","CpG","Control","13",17.5,162
"dispersed_repeat","CpG","Control","13",22.5,92
"dispersed_repeat","CpG","Control","13",27.5,92
"dispersed_repeat","CpG","Control","13",32.5,64
"dispersed_repeat","CpG","Control","13",37.5,74
"dispersed_repeat","CpG","Control","13",42.5,43
"dispersed_repeat","CpG","Control","13",47.5,71
"dispersed_repeat","CpG","Control","13",52.5,40
"dispersed_repeat","CpG","Control","13",57.5,53
"dispersed_repeat","CpG","Control","13",62.5,29
"dispersed_repeat","CpG","Control","13",67.5,50
"dispersed_repeat","CpG","Control","13",72.5,31
"dispersed_repeat","CpG","Control","13",77.5,56
"dispersed_repeat","CpG","Control","13",82.5,45
"dispersed_repeat","CpG","Control","13",87.5,69
"dispersed_repeat","CpG","Control","13",92.5,53
"dispersed_repeat","CpG","Control","13",97.5,179
"dispersed_repeat","CpG","Control","15",2.5,0
"dispersed_repeat","CpG","Control","15",7.5,0
"dispersed_repeat","CpG","Control","15",12.5,0
"dispersed_repeat","CpG","Control","15",17.5,0
"dispersed_repeat","CpG","Control","15",22.5,0
"dispersed_repeat","CpG","Control","15",27.5,0
"dispersed_repeat","CpG","Control","15",32.5,0
"dispersed_repeat","CpG","Control","15",37.5,0
"dispersed_repeat","CpG","Control","15",42.5,0
"dispersed_repeat","CpG","Control","15",47.5,0
"dispersed_repeat","CpG","Control","15",52.5,0
"dispersed_repeat","CpG","Control","15",57.5,0
"dispersed_repeat","CpG","Control","15",62.5,0
"dispersed_repeat","CpG","Control","15",67.5,0
"dispersed_repeat","CpG","Control","15",72.5,0
"dispersed_repeat","CpG","Control","15",77.5,0
"dispersed_repeat","CpG","Control","15",82.5,0
"dispersed_repeat","CpG","Control","15",87.5,0
"dispersed_repeat","CpG","Control","15",92.5,0
"dispersed_repeat","CpG","Control","15",97.5,0
"dispersed_repeat","CpG","Control","16",2.5,6217
"dispersed_repeat","CpG","Control","16",7.5,307
"dispersed_repeat","CpG","Control","16",12.5,81
"dispersed_repeat","CpG","Control","16",17.5,126
"dispersed_repeat","CpG","Control","16",22.5,67
"dispersed_repeat","CpG","Control","16",27.5,58
"dispersed_repeat","CpG","Control","16",32.5,49
"dispersed_repeat","CpG","Control","16",37.5,58
"dispersed_repeat","CpG","Control","16",42.5,34
"dispersed_repeat","CpG","Control","16",47.5,47
"dispersed_repeat","CpG","Control","16",52.5,23
"dispersed_repeat","CpG","Control","16",57.5,30
"dispersed_repeat","CpG","Control","16",62.5,25
"dispersed_repeat","CpG","Control","16",67.5,35
"dispersed_repeat","CpG","Control","16",72.5,16
"dispersed_repeat","CpG","Control","16",77.5,41
"dispersed_repeat","CpG","Control","16",82.5,30
"dispersed_repeat","CpG","Control","16",87.5,27
"dispersed_repeat","CpG","Control","16",92.5,19
"dispersed_repeat","CpG","Control","16",97.5,117
"dispersed_repeat","CpG","Control","22",2.5,0
"dispersed_repeat","CpG","Control","22",7.5,0
"dispersed_repeat","CpG","Control","22",12.5,0
"dispersed_repeat","CpG","Control","22",17.5,0
"dispersed_repeat","CpG","Control","22",22.5,0
"dispersed_repeat","CpG","Control","22",27.5,0
"dispersed_repeat","CpG","Control","22",32.5,0
"dispersed_repeat","CpG","Control","22",37.5,0
"dispersed_repeat","CpG","Control","22",42.5,0
"dispersed_repeat","CpG","Control","22",47.5,0
"dispersed_repeat","CpG","Control","22",52.5,0
"dispersed_repeat","CpG","Control","22",57.5,0
"dispersed_repeat","CpG","Control","22",62.5,0
"dispersed_repeat","CpG","Control","22",67.5,0
"dispersed_repeat","CpG","Control","22",72.5,0
"dispersed_repeat","CpG","Control","22",77.5,0
"dispersed_repeat","CpG","Control","22",82.5,0
"dispersed_repeat","CpG","Control","22",87.5,0
"dispersed_repeat","CpG","Control","22",92.5,0
"dispersed_repeat","CpG","Control","22",97.5,0
"dispersed_repeat","CpG","Control","27",2.5,0
"dispersed_repeat","CpG","Control","27",7.5,0
"dispersed_repeat","CpG","Control","27",12.5,0
"dispersed_repeat","CpG","Control","27",17.5,0
"dispersed_repeat","CpG","Control","27",22.5,0
"dispersed_repeat","CpG","Control","27",27.5,0
"dispersed_repeat","CpG","Control","27",32.5,0
"dispersed_repeat","CpG","Control","27",37.5,0
"dispersed_repeat","CpG","Control","27",42.5,0
"dispersed_repeat","CpG","Control","27",47.5,0
"dispersed_repeat","CpG","Control","27",52.5,0
"dispersed_repeat","CpG","Control","27",57.5,0
"dispersed_repeat","CpG","Control","27",62.5,0
"dispersed_repeat","CpG","Control","27",67.5,0
"dispersed_repeat","CpG","Control","27",72.5,0
"dispersed_repeat","CpG","Control","27",77.5,0
"dispersed_repeat","CpG","Control","27",82.5,0
"dispersed_repeat","CpG","Control","27",87.5,0
"dispersed_repeat","CpG","Control","27",92.5,0
"dispersed_repeat","CpG","Control","27",97.5,0
"dispersed_repeat","CpG","Treatment","9",2.5,0
"dispersed_repeat","CpG","Treatment","9",7.5,0
"dispersed_repeat","CpG","Treatment","9",12.5,0
"dispersed_repeat","CpG","Treatment","9",17.5,0
"dispersed_repeat","CpG","Treatment","9",22.5,0
"dispersed_repeat","CpG","Treatment","9",27.5,0
"dispersed_repeat","CpG","Treatment","9",32.5,0
"dispersed_repeat","CpG","Treatment","9",37.5,0
"dispersed_repeat","CpG","Treatment","9",42.5,0
"dispersed_repeat","CpG","Treatment","9",47.5,0
"dispersed_repeat","CpG","Treatment","9",52.5,0
"dispersed_repeat","CpG","Treatment","9",57.5,0
"dispersed_repeat","CpG","Treatment","9",62.5,0
"dispersed_repeat","CpG","Treatment","9",67.5,0
"dispersed_repeat","CpG","Treatment","9",72.5,0
"dispersed_repeat","CpG","Treatment","9",77.5,0
"dispersed_repeat","CpG","Treatment","9",82.5,0
"dispersed_repeat","CpG","Treatment","9",87.5,0
"dispersed_repeat","CpG","Treatment","9",92.5,0
"dispersed_repeat","CpG","Treatment","9",97.5,0
"dispersed_repeat","CpG","Treatment","13",2.5,0
"dispersed_repeat","CpG","Treatment","13",7.5,0
"dispersed_repeat","CpG","Treatment","13",12.5,0
"dispersed_repeat","CpG","Treatment","13",17.5,0
"dispersed_repeat","CpG","Treatment","13",22.5,0
"dispersed_repeat","CpG","Treatment","13",27.5,0
"dispersed_repeat","CpG","Treatment","13",32.5,0
"dispersed_repeat","CpG","Treatment","13",37.5,0
"dispersed_repeat","CpG","Treatment","13",42.5,0
"dispersed_repeat","CpG","Treatment","13",47.5,0
"dispersed_repeat","CpG","Treatment","13",52.5,0
"dispersed_repeat","CpG","Treatment","13",57.5,0
"dispersed_repeat","CpG","Treatment","13",62.5,0
"dispersed_repeat","CpG","Treatment","13",67.5,0
"dispersed_repeat","CpG","Treatment","13",72.5,0
"dispersed_repeat","CpG","Treatment","13",77.5,0
"dispersed_repeat","CpG","Treatment","13",82.5,0
"dispersed_repeat","CpG","Treatment","13",87.5,0
"dispersed_repeat","CpG","Treatment","13",92.5,0
"dispersed_repeat","CpG","Treatment","13",97.5,0
"dispersed_repeat","CpG","Treatment","15",2.5,7766
"dispersed_repeat","CpG","Treatment","15",7.5,316
"dispersed_repeat","CpG","Treatment","15",12.5,97
"dispersed_repeat","CpG","Treatment","15",17.5,131
"dispersed_repeat","CpG","Treatment","15",22.5,66
"dispersed_repeat","CpG","Treatment","15",27.5,103
"dispersed_repeat","CpG","Treatment","15",32.5,39
"dispersed_repeat","CpG","Treatment","15",37.5,64
"dispersed_repeat","CpG","Treatment","15",42.5,37
"dispersed_repeat","CpG","Treatment","15",47.5,56
"dispersed_repeat","CpG","Treatment","15",52.5,33
"dispersed_repeat","CpG","Treatment","15",57.5,45
"dispersed_repeat","CpG","Treatment","15",62.5,19
"dispersed_repeat","CpG","Treatment","15",67.5,41
"dispersed_repeat","CpG","Treatment","15",72.5,26
"dispersed_repeat","CpG","Treatment","15",77.5,37
"dispersed_repeat","CpG","Treatment","15",82.5,33
"dispersed_repeat","CpG","Treatment","15",87.5,51
"dispersed_repeat","CpG","Treatment","15",92.5,42
"dispersed_repeat","CpG","Treatment","15",97.5,136
"dispersed_repeat","CpG","Treatment","16",2.5,0
"dispersed_repeat","CpG","Treatment","16",7.5,0
"dispersed_repeat","CpG","Treatment","16",12.5,0
"dispersed_repeat","CpG","Treatment","16",17.5,0
"dispersed_repeat","CpG","Treatment","16",22.5,0
"dispersed_repeat","CpG","Treatment","16",27.5,0
"dispersed_repeat","CpG","Treatment","16",32.5,0
"dispersed_repeat","CpG","Treatment","16",37.5,0
"dispersed_repeat","CpG","Treatment","16",42.5,0
"dispersed_repeat","CpG","Treatment","16",47.5,0
"dispersed_repeat","CpG","Treatment","16",52.5,0
"dispersed_repeat","CpG","Treatment","16",57.5,0
"dispersed_repeat","CpG","Treatment","16",62.5,0
"dispersed_repeat","CpG","Treatment","16",67.5,0
"dispersed_repeat","CpG","Treatment","16",72.5,0
"dispersed_repeat","CpG","Treatment","16",77.5,0
"dispersed_repeat","CpG","Treatment","16",82.5,0
"dispersed_repeat","CpG","Treatment","16",87.5,0
"dispersed_repeat","CpG","Treatment","16",92.5,0
"dispersed_repeat","CpG","Treatment","16",97.5,0
"dispersed_repeat","CpG","Treatment","22",2.5,4115
"dispersed_repeat","CpG","Treatment","22",7.5,213
"dispersed_repeat","CpG","Treatment","22",12.5,49
"dispersed_repeat","CpG","Treatment","22",17.5,75
"dispersed_repeat","CpG","Treatment","22",22.5,43
"dispersed_repeat","CpG","Treatment","22",27.5,43
"dispersed_repeat","CpG","Treatment","22",32.5,34
"dispersed_repeat","CpG","Treatment","22",37.5,43
"dispersed_repeat","CpG","Treatment","22",42.5,35
"dispersed_repeat","CpG","Treatment","22",47.5,23
"dispersed_repeat","CpG","Treatment","22",52.5,18
"dispersed_repeat","CpG","Treatment","22",57.5,21
"dispersed_repeat","CpG","Treatment","22",62.5,14
"dispersed_repeat","CpG","Treatment","22",67.5,23
"dispersed_repeat","CpG","Treatment","22",72.5,16
"dispersed_repeat","CpG","Treatment","22",77.5,26
"dispersed_repeat","CpG","Treatment","22",82.5,24
"dispersed_repeat","CpG","Treatment","22",87.5,19
"dispersed_repeat","CpG","Treatment","22",92.5,16
"dispersed_repeat","CpG","Treatment","22",97.5,48
"dispersed_repeat","CpG","Treatment","27",2.5,4111
"dispersed_repeat","CpG","Treatment","27",7.5,192
"dispersed_repeat","CpG","Treatment","27",12.5,69
"dispersed_repeat","CpG","Treatment","27",17.5,82
"dispersed_repeat","CpG","Treatment","27",22.5,41
"dispersed_repeat","CpG","Treatment","27",27.5,38
"dispersed_repeat","CpG","Treatment","27",32.5,28
"dispersed_repeat","CpG","Treatment","27",37.5,38
"dispersed_repeat","CpG","Treatment","27",42.5,17
"dispersed_repeat","CpG","Treatment","27",47.5,43
"dispersed_repeat","CpG","Treatment","27",52.5,19
"dispersed_repeat","CpG","Treatment","27",57.5,24
"dispersed_repeat","CpG","Treatment","27",62.5,13
"dispersed_repeat","CpG","Treatment","27",67.5,17
"dispersed_repeat","CpG","Treatment","27",72.5,20
"dispersed_repeat","CpG","Treatment","27",77.5,26
"dispersed_repeat","CpG","Treatment","27",82.5,9
"dispersed_repeat","CpG","Treatment","27",87.5,23
"dispersed_repeat","CpG","Treatment","27",92.5,25
"dispersed_repeat","CpG","Treatment","27",97.5,45
"dispersed_repeat","CHG","Control","9",2.5,11069
"dispersed_repeat","CHG","Control","9",7.5,202
"dispersed_repeat","CHG","Control","9",12.5,11
"dispersed_repeat","CHG","Control","9",17.5,9
"dispersed_repeat","CHG","Control","9",22.5,6
"dispersed_repeat","CHG","Control","9",27.5,5
"dispersed_repeat","CHG","Control","9",32.5,2
"dispersed_repeat","CHG","Control","9",37.5,1
"dispersed_repeat","CHG","Control","9",42.5,1
"dispersed_repeat","CHG","Control","9",47.5,2
"dispersed_repeat","CHG","Control","9",52.5,0
"dispersed_repeat","CHG","Control","9",57.5,0
"dispersed_repeat","CHG","Control","9",62.5,0
"dispersed_repeat","CHG","Control","9",67.5,0
"dispersed_repeat","CHG","Control","9",72.5,0
"dispersed_repeat","CHG","Control","9",77.5,0
"dispersed_repeat","CHG","Control","9",82.5,0
"dispersed_repeat","CHG","Control","9",87.5,0
"dispersed_repeat","CHG","Control","9",92.5,0
"dispersed_repeat","CHG","Control","9",97.5,0
"dispersed_repeat","CHG","Control","13",2.5,11354
"dispersed_repeat","CHG","Control","13",7.5,267
"dispersed_repeat","CHG","Control","13",12.5,10
"dispersed_repeat","CHG","Control","13",17.5,19
"dispersed_repeat","CHG","Control","13",22.5,2
"dispersed_repeat","CHG","Control","13",27.5,4
"dispersed_repeat","CHG","Control","13",32.5,0
"dispersed_repeat","CHG","Control","13",37.5,5
"dispersed_repeat","CHG","Control","13",42.5,0
"dispersed_repeat","CHG","Control","13",47.5,0
"dispersed_repeat","CHG","Control","13",52.5,0
"dispersed_repeat","CHG","Control","13",57.5,1
"dispersed_repeat","CHG","Control","13",62.5,0
"dispersed_repeat","CHG","Control","13",67.5,0
"dispersed_repeat","CHG","Control","13",72.5,0
"dispersed_repeat","CHG","Control","13",77.5,0
"dispersed_repeat","CHG","Control","13",82.5,0
"dispersed_repeat","CHG","Control","13",87.5,0
"dispersed_repeat","CHG","Control","13",92.5,0
"dispersed_repeat","CHG","Control","13",97.5,1
"dispersed_repeat","CHG","Control","15",2.5,0
"dispersed_repeat","CHG","Control","15",7.5,0
"dispersed_repeat","CHG","Control","15",12.5,0
"dispersed_repeat","CHG","Control","15",17.5,0
"dispersed_repeat","CHG","Control","15",22.5,0
"dispersed_repeat","CHG","Control","15",27.5,0
"dispersed_repeat","CHG","Control","15",32.5,0
"dispersed_repeat","CHG","Control","15",37.5,0
"dispersed_repeat","CHG","Control","15",42.5,0
"dispersed_repeat","CHG","Control","15",47.5,0
"dispersed_repeat","CHG","Control","15",52.5,0
"dispersed_repeat","CHG","Control","15",57.5,0
"dispersed_repeat","CHG","Control","15",62.5,0
"dispersed_repeat","CHG","Control","15",67.5,0
"dispersed_repeat","CHG","Control","15",72.5,0
"dispersed_repeat","CHG","Control","15",77.5,0
"dispersed_repeat","CHG","Control","15",82.5,0
"dispersed_repeat","CHG","Control","15",87.5,0
"dispersed_repeat","CHG","Control","15",92.5,0
"dispersed_repeat","CHG","Control","15",97.5,0
"dispersed_repeat","CHG","Control","16",2.5,7479
"dispersed_repeat","CHG","Control","16",7.5,139
"dispersed_repeat","CHG","Control","16",12.5,9
"dispersed_repeat","CHG","Control","16",17.5,13
"dispersed_repeat","CHG","Control","16",22.5,2
"dispersed_repeat","CHG","Control","16",27.5,7
"dispersed_repeat","CHG","Control","16",32.5,0
"dispersed_repeat","CHG","Control","16",37.5,1
"dispersed_repeat","CHG","Control","16",42.5,0
"dispersed_repeat","CHG","Control","16",47.5,0
"dispersed_repeat","CHG","Control","16",52.5,1
"dispersed_repeat","CHG","Control","16",57.5,0
"dispersed_repeat","CHG","Control","16",62.5,0
"dispersed_repeat","CHG","Control","16",67.5,0
"dispersed_repeat","CHG","Control","16",72.5,0
"dispersed_repeat","CHG","Control","16",77.5,0
"dispersed_repeat","CHG","Control","16",82.5,0
"dispersed_repeat","CHG","Control","16",87.5,0
"dispersed_repeat","CHG","Control","16",92.5,0
"dispersed_repeat","CHG","Control","16",97.5,0
"dispersed_repeat","CHG","Control","22",2.5,0
"dispersed_repeat","CHG","Control","22",7.5,0
"dispersed_repeat","CHG","Control","22",12.5,0
"dispersed_repeat","CHG","Control","22",17.5,0
"dispersed_repeat","CHG","Control","22",22.5,0
"dispersed_repeat","CHG","Control","22",27.5,0
"dispersed_repeat","CHG","Control","22",32.5,0
"dispersed_repeat","CHG","Control","22",37.5,0
"dispersed_repeat","CHG","Control","22",42.5,0
"dispersed_repeat","CHG","Control","22",47.5,0
"dispersed_repeat","CHG","Control","22",52.5,0
"dispersed_repeat","CHG","Control","22",57.5,0
"dispersed_repeat","CHG","Control","22",62.5,0
"dispersed_repeat","CHG","Control","22",67.5,0
"dispersed_repeat","CHG","Control","22",72.5,0
"dispersed_repeat","CHG","Control","22",77.5,0
"dispersed_repeat","CHG","Control","22",82.5,0
"dispersed_repeat","CHG","Control","22",87.5,0
"dispersed_repeat","CHG","Control","22",92.5,0
"dispersed_repeat","CHG","Control","22",97.5,0
"dispersed_repeat","CHG","Control","27",2.5,0
"dispersed_repeat","CHG","Control","27",7.5,0
"dispersed_repeat","CHG","Control","27",12.5,0
"dispersed_repeat","CHG","Control","27",17.5,0
"dispersed_repeat","CHG","Control","27",22.5,0
"dispersed_repeat","CHG","Control","27",27.5,0
"dispersed_repeat","CHG","Control","27",32.5,0
"dispersed_repeat","CHG","Control","27",37.5,0
"dispersed_repeat","CHG","Control","27",42.5,0
"dispersed_repeat","CHG","Control","27",47.5,0
"dispersed_repeat","CHG","Control","27",52.5,0
"dispersed_repeat","CHG","Control","27",57.5,0
"dispersed_repeat","CHG","Control","27",62.5,0
"dispersed_repeat","CHG","Control","27",67.5,0
"dispersed_repeat","CHG","Control","27",72.5,0
"dispersed_repeat","CHG","Control","27",77.5,0
"dispersed_repeat","CHG","Control","27",82.5,0
"dispersed_repeat","CHG","Control","27",87.5,0
"dispersed_repeat","CHG","Control","27",92.5,0
"dispersed_repeat","CHG","Control","27",97.5,0
"dispersed_repeat","CHG","Treatment","9",2.5,0
"dispersed_repeat","CHG","Treatment","9",7.5,0
"dispersed_repeat","CHG","Treatment","9",12.5,0
"dispersed_repeat","CHG","Treatment","9",17.5,0
"dispersed_repeat","CHG","Treatment","9",22.5,0
"dispersed_repeat","CHG","Treatment","9",27.5,0
"dispersed_repeat","CHG","Treatment","9",32.5,0
"dispersed_repeat","CHG","Treatment","9",37.5,0
"dispersed_repeat","CHG","Treatment","9",42.5,0
"dispersed_repeat","CHG","Treatment","9",47.5,0
"dispersed_repeat","CHG","Treatment","9",52.5,0
"dispersed_repeat","CHG","Treatment","9",57.5,0
"dispersed_repeat","CHG","Treatment","9",62.5,0
"dispersed_repeat","CHG","Treatment","9",67.5,0
"dispersed_repeat","CHG","Treatment","9",72.5,0
"dispersed_repeat","CHG","Treatment","9",77.5,0
"dispersed_repeat","CHG","Treatment","9",82.5,0
"dispersed_repeat","CHG","Treatment","9",87.5,0
"dispersed_repeat","CHG","Treatment","9",92.5,0
"dispersed_repeat","CHG","Treatment","9",97.5,0
"dispersed_repeat","CHG","Treatment","13",2.5,0
"dispersed_repeat","CHG","Treatment","13",7.5,0
"dispersed_repeat","CHG","Treatment","13",12.5,0
"dispersed_repeat","CHG","Treatment","13",17.5,0
"dispersed_repeat","CHG","Treatment","13",22.5,0
"dispersed_repeat","CHG","Treatment","13",27.5,0
"dispersed_repeat","CHG","Treatment","13",32.5,0
"dispersed_repeat","CHG","Treatment","13",37.5,0
"dispersed_repeat","CHG","Treatment","13",42.5,0
"dispersed_repeat","CHG","Treatment","13",47.5,0
"dispersed_repeat","CHG","Treatment","13",52.5,0
"dispersed_repeat","CHG","Treatment","13",57.5,0
"dispersed_repeat","CHG","Treatment","13",62.5,0
"dispersed_repeat","CHG","Treatment","13",67.5,0
"dispersed_repeat","CHG","Treatment","13",72.5,0
"dispersed_repeat","CHG","Treatment","13",77.5,0
"dispersed_repeat","CHG","Treatment","13",82.5,0
"dispersed_repeat","CHG","Treatment","13",87.5,0
"dispersed_repeat","CHG","Treatment","13",92.5,0
"dispersed_repeat","CHG","Treatment","13",97.5,0
"dispersed_repeat","CHG","Treatment","15",2.5,9323
"dispersed_repeat","CHG","Treatment","15",7.5,201
"dispersed_repeat","CHG","Treatment","15",12.5,15
"dispersed_repeat","CHG","Treatment","15",17.5,16
"dispersed_repeat","CHG","Treatment","15",22.5,3
"dispersed_repeat","CHG","Treatment","15",27.5,1
"dispersed_repeat","CHG","Treatment","15",32.5,0
"dispersed_repeat","CHG","Treatment","15",37.5,2
"dispersed_repeat","CHG","Treatment","15",42.5,0
"dispersed_repeat","CHG","Treatment","15",47.5,0
"dispersed_repeat","CHG","Treatment","15",52.5,0
"dispersed_repeat","CHG","Treatment","15",57.5,1
"dispersed_repeat","CHG","Treatment","15",62.5,0
"dispersed_repeat","CHG","Treatment","15",67.5,0
"dispersed_repeat","CHG","Treatment","15",72.5,0
"dispersed_repeat","CHG","Treatment","15",77.5,1
"dispersed_repeat","CHG","Treatment","15",82.5,0
"dispersed_repeat","CHG","Treatment","15",87.5,0
"dispersed_repeat","CHG","Treatment","15",92.5,0
"dispersed_repeat","CHG","Treatment","15",97.5,0
"dispersed_repeat","CHG","Treatment","16",2.5,0
"dispersed_repeat","CHG","Treatment","16",7.5,0
"dispersed_repeat","CHG","Treatment","16",12.5,0
"dispersed_repeat","CHG","Treatment","16",17.5,0
"dispersed_repeat","CHG","Treatment","16",22.5,0
"dispersed_repeat","CHG","Treatment","16",27.5,0
"dispersed_repeat","CHG","Treatment","16",32.5,0
"dispersed_repeat","CHG","Treatment","16",37.5,0
"dispersed_repeat","CHG","Treatment","16",42.5,0
"dispersed_repeat","CHG","Treatment","16",47.5,0
"dispersed_repeat","CHG","Treatment","16",52.5,0
"dispersed_repeat","CHG","Treatment","16",57.5,0
"dispersed_repeat","CHG","Treatment","16",62.5,0
"dispersed_repeat","CHG","Treatment","16",67.5,0
"dispersed_repeat","CHG","Treatment","16",72.5,0
"dispersed_repeat","CHG","Treatment","16",77.5,0
"dispersed_repeat","CHG","Treatment","16",82.5,0
"dispersed_repeat","CHG","Treatment","16",87.5,0
"dispersed_repeat","CHG","Treatment","16",92.5,0
"dispersed_repeat","CHG","Treatment","16",97.5,0
"dispersed_repeat","CHG","Treatment","22",2.5,4947
"dispersed_repeat","CHG","Treatment","22",7.5,89
"dispersed_repeat","CHG","Treatment","22",12.5,2
"dispersed_repeat","CHG","Treatment","22",17.5,7
"dispersed_repeat","CHG","Treatment","22",22.5,2
"dispersed_repeat","CHG","Treatment","22",27.5,1
"dispersed_repeat","CHG","Treatment","22",32.5,0
"dispersed_repeat","CHG","Treatment","22",37.5,0
"dispersed_repeat","CHG","Treatment","22",42.5,0
"dispersed_repeat","CHG","Treatment","22",47.5,1
"dispersed_repeat","CHG","Treatment","22",52.5,0
"dispersed_repeat","CHG","Treatment","22",57.5,0
"dispersed_repeat","CHG","Treatment","22",62.5,0
"dispersed_repeat","CHG","Treatment","22",67.5,0
"dispersed_repeat","CHG","Treatment","22",72.5,0
"dispersed_repeat","CHG","Treatment","22",77.5,0
"dispersed_repeat","CHG","Treatment","22",82.5,0
"dispersed_repeat","CHG","Treatment","22",87.5,0
"dispersed_repeat","CHG","Treatment","22",92.5,0
"dispersed_repeat","CHG","Treatment","22",97.5,0
"dispersed_repeat","CHG","Treatment","27",2.5,4998
"dispersed_repeat","CHG","Treatment","27",7.5,83
"dispersed_repeat","CHG","Treatment","27",12.5,8
"dispersed_repeat","CHG","Treatment","27",17.5,8
"dispersed_repeat","CHG","Treatment","27",22.5,4
"dispersed_repeat","CHG","Treatment","27",27.5,3
"dispersed_repeat","CHG","Treatment","27",32.5,0
"dispersed_repeat","CHG","Treatment","27",37.5,0
"dispersed_repeat","CHG","Treatment","27",42.5,0
"dispersed_repeat","CHG","Treatment","27",47.5,2
"dispersed_repeat","CHG","Treatment","27",52.5,0
"dispersed_repeat","CHG","Treatment","27",57.5,0
"dispersed_repeat","CHG","Treatment","27",62.5,0
"dispersed_repeat","CHG","Treatment","27",67.5,0
"dispersed_repeat","CHG","Treatment","27",72.5,0
"dispersed_repeat","CHG","Treatment","27",77.5,0
"dispersed_repeat","CHG","Treatment","27",82.5,0
"dispersed_repeat","CHG","Treatment","27",87.5,0
"dispersed_repeat","CHG","Treatment","27",92.5,0
"dispersed_repeat","CHG","Treatment","27",97.5,0
"dispersed_repeat","CHH","Control","9",2.5,14978
"dispersed_repeat","CHH","Control","9",7.5,273
"dispersed_repeat","CHH","Control","9",12.5,17
"dispersed_repeat","CHH","Control","9",17.5,19
"dispersed_repeat","CHH","Control","9",22.5,4
"dispersed_repeat","CHH","Control","9",27.5,0
"dispersed_repeat","CHH","Control","9",32.5,2
"dispersed_repeat","CHH","Control","9",37.5,1
"dispersed_repeat","CHH","Control","9",42.5,1
"dispersed_repeat","CHH","Control","9",47.5,2
"dispersed_repeat","CHH","Control","9",52.5,0
"dispersed_repeat","CHH","Control","9",57.5,1
"dispersed_repeat","CHH","Control","9",62.5,0
"dispersed_repeat","CHH","Control","9",67.5,0
"dispersed_repeat","CHH","Control","9",72.5,0
"dispersed_repeat","CHH","Control","9",77.5,0
"dispersed_repeat","CHH","Control","9",82.5,0
"dispersed_repeat","CHH","Control","9",87.5,0
"dispersed_repeat","CHH","Control","9",92.5,0
"dispersed_repeat","CHH","Control","9",97.5,0
"dispersed_repeat","CHH","Control","13",2.5,15389
"dispersed_repeat","CHH","Control","13",7.5,355
"dispersed_repeat","CHH","Control","13",12.5,32
"dispersed_repeat","CHH","Control","13",17.5,27
"dispersed_repeat","CHH","Control","13",22.5,2
"dispersed_repeat","CHH","Control","13",27.5,3
"dispersed_repeat","CHH","Control","13",32.5,0
"dispersed_repeat","CHH","Control","13",37.5,1
"dispersed_repeat","CHH","Control","13",42.5,0
"dispersed_repeat","CHH","Control","13",47.5,3
"dispersed_repeat","CHH","Control","13",52.5,0
"dispersed_repeat","CHH","Control","13",57.5,0
"dispersed_repeat","CHH","Control","13",62.5,0
"dispersed_repeat","CHH","Control","13",67.5,0
"dispersed_repeat","CHH","Control","13",72.5,0
"dispersed_repeat","CHH","Control","13",77.5,0
"dispersed_repeat","CHH","Control","13",82.5,0
"dispersed_repeat","CHH","Control","13",87.5,0
"dispersed_repeat","CHH","Control","13",92.5,0
"dispersed_repeat","CHH","Control","13",97.5,1
"dispersed_repeat","CHH","Control","15",2.5,0
"dispersed_repeat","CHH","Control","15",7.5,0
"dispersed_repeat","CHH","Control","15",12.5,0
"dispersed_repeat","CHH","Control","15",17.5,0
"dispersed_repeat","CHH","Control","15",22.5,0
"dispersed_repeat","CHH","Control","15",27.5,0
"dispersed_repeat","CHH","Control","15",32.5,0
"dispersed_repeat","CHH","Control","15",37.5,0
"dispersed_repeat","CHH","Control","15",42.5,0
"dispersed_repeat","CHH","Control","15",47.5,0
"dispersed_repeat","CHH","Control","15",52.5,0
"dispersed_repeat","CHH","Control","15",57.5,0
"dispersed_repeat","CHH","Control","15",62.5,0
"dispersed_repeat","CHH","Control","15",67.5,0
"dispersed_repeat","CHH","Control","15",72.5,0
"dispersed_repeat","CHH","Control","15",77.5,0
"dispersed_repeat","CHH","Control","15",82.5,0
"dispersed_repeat","CHH","Control","15",87.5,0
"dispersed_repeat","CHH","Control","15",92.5,0
"dispersed_repeat","CHH","Control","15",97.5,0
"dispersed_repeat","CHH","Control","16",2.5,9988
"dispersed_repeat","CHH","Control","16",7.5,202
"dispersed_repeat","CHH","Control","16",12.5,17
"dispersed_repeat","CHH","Control","16",17.5,12
"dispersed_repeat","CHH","Control","16",22.5,3
"dispersed_repeat","CHH","Control","16",27.5,0
"dispersed_repeat","CHH","Control","16",32.5,1
"dispersed_repeat","CHH","Control","16",37.5,4
"dispersed_repeat","CHH","Control","16",42.5,0
"dispersed_repeat","CHH","Control","16",47.5,0
"dispersed_repeat","CHH","Control","16",52.5,0
"dispersed_repeat","CHH","Control","16",57.5,1
"dispersed_repeat","CHH","Control","16",62.5,0
"dispersed_repeat","CHH","Control","16",67.5,0
"dispersed_repeat","CHH","Control","16",72.5,0
"dispersed_repeat","CHH","Control","16",77.5,0
"dispersed_repeat","CHH","Control","16",82.5,0
"dispersed_repeat","CHH","Control","16",87.5,0
"dispersed_repeat","CHH","Control","16",92.5,0
"dispersed_repeat","CHH","Control","16",97.5,0
"dispersed_repeat","CHH","Control","22",2.5,0
"dispersed_repeat","CHH","Control","22",7.5,0
"dispersed_repeat","CHH","Control","22",12.5,0
"dispersed_repeat","CHH","Control","22",17.5,0
"dispersed_repeat","CHH","Control","22",22.5,0
"dispersed_repeat","CHH","Control","22",27.5,0
"dispersed_repeat","CHH","Control","22",32.5,0
"dispersed_repeat","CHH","Control","22",37.5,0
"dispersed_repeat","CHH","Control","22",42.5,0
"dispersed_repeat","CHH","Control","22",47.5,0
"dispersed_repeat","CHH","Control","22",52.5,0
"dispersed_repeat","CHH","Control","22",57.5,0
"dispersed_repeat","CHH","Control","22",62.5,0
"dispersed_repeat","CHH","Control","22",67.5,0
"dispersed_repeat","CHH","Control","22",72.5,0
"dispersed_repeat","CHH","Control","22",77.5,0
"dispersed_repeat","CHH","Control","22",82.5,0
"dispersed_repeat","CHH","Control","22",87.5,0
"dispersed_repeat","CHH","Control","22",92.5,0
"dispersed_repeat","CHH","Control","22",97.5,0
"dispersed_repeat","CHH","Control","27",2.5,0
"dispersed_repeat","CHH","Control","27",7.5,0
"dispersed_repeat","CHH","Control","27",12.5,0
"dispersed_repeat","CHH","Control","27",17.5,0
"dispersed_repeat","CHH","Control","27",22.5,0
"dispersed_repeat","CHH","Control","27",27.5,0
"dispersed_repeat","CHH","Control","27",32.5,0
"dispersed_repeat","CHH","Control","27",37.5,0
"dispersed_repeat","CHH","Control","27",42.5,0
"dispersed_repeat","CHH","Control","27",47.5,0
"dispersed_repeat","CHH","Control","27",52.5,0
"dispersed_repeat","CHH","Control","27",57.5,0
"dispersed_repeat","CHH","Control","27",62.5,0
"dispersed_repeat","CHH","Control","27",67.5,0
"dispersed_repeat","CHH","Control","27",72.5,0
"dispersed_repeat","CHH","Control","27",77.5,0
"dispersed_repeat","CHH","Control","27",82.5,0
"dispersed_repeat","CHH","Control","27",87.5,0
"dispersed_repeat","CHH","Control","27",92.5,0
"dispersed_repeat","CHH","Control","27",97.5,0
"dispersed_repeat","CHH","Treatment","9",2.5,0
"dispersed_repeat","CHH","Treatment","9",7.5,0
"dispersed_repeat","CHH","Treatment","9",12.5,0
"dispersed_repeat","CHH","Treatment","9",17.5,0
"dispersed_repeat","CHH","Treatment","9",22.5,0
"dispersed_repeat","CHH","Treatment","9",27.5,0
"dispersed_repeat","CHH","Treatment","9",32.5,0
"dispersed_repeat","CHH","Treatment","9",37.5,0
"dispersed_repeat","CHH","Treatment","9",42.5,0
"dispersed_repeat","CHH","Treatment","9",47.5,0
"dispersed_repeat","CHH","Treatment","9",52.5,0
"dispersed_repeat","CHH","Treatment","9",57.5,0
"dispersed_repeat","CHH","Treatment","9",62.5,0
"dispersed_repeat","CHH","Treatment","9",67.5,0
"dispersed_repeat","CHH","Treatment","9",72.5,0
"dispersed_repeat","CHH","Treatment","9",77.5,0
"dispersed_repeat","CHH","Treatment","9",82.5,0
"dispersed_repeat","CHH","Treatment","9",87.5,0
"dispersed_repeat","CHH","Treatment","9",92.5,0
"dispersed_repeat","CHH","Treatment","9",97.5,0
"dispersed_repeat","CHH","Treatment","13",2.5,0
"dispersed_repeat","CHH","Treatment","13",7.5,0
"dispersed_repeat","CHH","Treatment","13",12.5,0
"dispersed_repeat","CHH","Treatment","13",17.5,0
"dispersed_repeat","CHH","Treatment","13",22.5,0
"dispersed_repeat","CHH","Treatment","13",27.5,0
"dispersed_repeat","CHH","Treatment","13",32.5,0
"dispersed_repeat","CHH","Treatment","13",37.5,0
"dispersed_repeat","CHH","Treatment","13",42.5,0
"dispersed_repeat","CHH","Treatment","13",47.5,0
"dispersed_repeat","CHH","Treatment","13",52.5,0
"dispersed_repeat","CHH","Treatment","13",57.5,0
"dispersed_repeat","CHH","Treatment","13",62.5,0
"dispersed_repeat","CHH","Treatment","13",67.5,0
"dispersed_repeat","CHH","Treatment","13",72.5,0
"dispersed_repeat","CHH","Treatment","13",77.5,0
"dispersed_repeat","CHH","Treatment","13",82.5,0
"dispersed_repeat","CHH","Treatment","13",87.5,0
"dispersed_repeat","CHH","Treatment","13",92.5,0
"dispersed_repeat","CHH","Treatment","13",97.5,0
"dispersed_repeat","CHH","Treatment","15",2.5,12404
"dispersed_repeat","CHH","Treatment","15",7.5,267
"dispersed_repeat","CHH","Treatment","15",12.5,25
"dispersed_repeat","CHH","Treatment","15",17.5,18
"dispersed_repeat","CHH","Treatment","15",22.5,3
"dispersed_repeat","CHH","Treatment","15",27.5,4
"dispersed_repeat","CHH","Treatment","15",32.5,3
"dispersed_repeat","CHH","Treatment","15",37.5,1
"dispersed_repeat","CHH","Treatment","15",42.5,1
"dispersed_repeat","CHH","Treatment","15",47.5,0
"dispersed_repeat","CHH","Treatment","15",52.5,0
"dispersed_repeat","CHH","Treatment","15",57.5,0
"dispersed_repeat","CHH","Treatment","15",62.5,0
"dispersed_repeat","CHH","Treatment","15",67.5,0
"dispersed_repeat","CHH","Treatment","15",72.5,0
"dispersed_repeat","CHH","Treatment","15",77.5,1
"dispersed_repeat","CHH","Treatment","15",82.5,0
"dispersed_repeat","CHH","Treatment","15",87.5,0
"dispersed_repeat","CHH","Treatment","15",92.5,0
"dispersed_repeat","CHH","Treatment","15",97.5,0
"dispersed_repeat","CHH","Treatment","16",2.5,0
"dispersed_repeat","CHH","Treatment","16",7.5,0
"dispersed_repeat","CHH","Treatment","16",12.5,0
"dispersed_repeat","CHH","Treatment","16",17.5,0
"dispersed_repeat","CHH","Treatment","16",22.5,0
"dispersed_repeat","CHH","Treatment","16",27.5,0
"dispersed_repeat","CHH","Treatment","16",32.5,0
"dispersed_repeat","CHH","Treatment","16",37.5,0
"dispersed_repeat","CHH","Treatment","16",42.5,0
"dispersed_repeat","CHH","Treatment","16",47.5,0
"dispersed_repeat","CHH","Treatment","16",52.5,0
"dispersed_repeat","CHH","Treatment","16",57.5,0
"dispersed_repeat","CHH","Treatment","16",62.5,0
"dispersed_repeat","CHH","Treatment","16",67.5,0
"dispersed_repeat","CHH","Treatment","16",72.5,0
"dispersed_repeat","CHH","Treatment","16",77.5,0
"dispersed_repeat","CHH","Treatment","16",82.5,0
"dispersed_repeat","CHH","Treatment","16",87.5,0
"dispersed_repeat","CHH","Treatment","16",92.5,0
"dispersed_repeat","CHH","Treatment","16",97.5,0
"dispersed_repeat","CHH","Treatment","22",2.5,6659
"dispersed_repeat","CHH","Treatment","22",7.5,104
"dispersed_repeat","CHH","Treatment","22",12.5,9
"dispersed_repeat","CHH","Treatment","22",17.5,8
"dispersed_repeat","CHH","Treatment","22",22.5,0
"dispersed_repeat","CHH","Treatment","22",27.5,1
"dispersed_repeat","CHH","Treatment","22",32.5,0
"dispersed_repeat","CHH","Treatment","22",37.5,1
"dispersed_repeat","CHH","Treatment","22",42.5,0
"dispersed_repeat","CHH","Treatment","22",47.5,0
"dispersed_repeat","CHH","Treatment","22",52.5,0
"dispersed_repeat","CHH","Treatment","22",57.5,0
"dispersed_repeat","CHH","Treatment","22",62.5,0
"dispersed_repeat","CHH","Treatment","22",67.5,1
"dispersed_repeat","CHH","Treatment","22",72.5,0
"dispersed_repeat","CHH","Treatment","22",77.5,0
"dispersed_repeat","CHH","Treatment","22",82.5,0
"dispersed_repeat","CHH","Treatment","22",87.5,0
"dispersed_repeat","CHH","Treatment","22",92.5,0
"dispersed_repeat","CHH","Treatment","22",97.5,0
"dispersed_repeat","CHH","Treatment","27",2.5,6768
"dispersed_repeat","CHH","Treatment","27",7.5,133
"dispersed_repeat","CHH","Treatment","27",12.5,13
"dispersed_repeat","CHH","Treatment","27",17.5,10
"dispersed_repeat","CHH","Treatment","27",22.5,3
"dispersed_repeat","CHH","Treatment","27",27.5,0
"dispersed_repeat","CHH","Treatment","27",32.5,0
"dispersed_repeat","CHH","Treatment","27",37.5,0
"dispersed_repeat","CHH","Treatment","27",42.5,2
"dispersed_repeat","CHH","Treatment","27",47.5,0
"dispersed_repeat","CHH","Treatment","27",52.5,0
"dispersed_repeat","CHH","Treatment","27",57.5,0
"dispersed_repeat","CHH","Treatment","27",62.5,0
"dispersed_repeat","CHH","Treatment","27",67.5,0
"dispersed_repeat","CHH","Treatment","27",72.5,0
"dispersed_repeat","CHH","Treatment","27",77.5,0
"dispersed_repeat","CHH","Treatment","27",82.5,0
"dispersed_repeat","CHH","Treatment","27",87.5,0
"dispersed_repeat","CHH","Treatment","27",92.5,0
"dispersed_repeat","CHH","Treatment","27",97.5,0
"downstream_region","CpG","Control","9",2.5,1519
"downstream_region","CpG","Control","9",7.5,58
"downstream_region","CpG","Control","9",12.5,12
"downstream_region","CpG","Control","9",17.5,27
"downstream_region","CpG","Control","9",22.5,15
"downstream_region","CpG","Control","9",27.5,19
"downstream_region","CpG","Control","9",32.5,4
"downstream_region","CpG","Control","9",37.5,16
"downstream_region","CpG","Control","9",42.5,10
"downstream_region","CpG","Control","9",47.5,18
"downstream_region","CpG","Control","9",52.5,12
"downstream_region","CpG","Control","9",57.5,7
"downstream_region","CpG","Control","9",62.5,3
"downstream_region","CpG","Control","9",67.5,8
"downstream_region","CpG","Control","9",72.5,4
"downstream_region","CpG","Control","9",77.5,14
"downstream_region","CpG","Control","9",82.5,2
"downstream_region","CpG","Control","9",87.5,16
"downstream_region","CpG","Control","9",92.5,5
"downstream_region","CpG","Control","9",97.5,32
"downstream_region","CpG","Control","13",2.5,1561
"downstream_region","CpG","Control","13",7.5,76
"downstream_region","CpG","Control","13",12.5,18
"downstream_region","CpG","Control","13",17.5,28
"downstream_region","CpG","Control","13",22.5,17
"downstream_region","CpG","Control","13",27.5,19
"downstream_region","CpG","Control","13",32.5,10
"downstream_region","CpG","Control","13",37.5,12
"downstream_region","CpG","Control","13",42.5,10
"downstream_region","CpG","Control","13",47.5,15
"downstream_region","CpG","Control","13",52.5,4
"downstream_region","CpG","Control","13",57.5,9
"downstream_region","CpG","Control","13",62.5,3
"downstream_region","CpG","Control","13",67.5,12
"downstream_region","CpG","Control","13",72.5,11
"downstream_region","CpG","Control","13",77.5,15
"downstream_region","CpG","Control","13",82.5,9
"downstream_region","CpG","Control","13",87.5,10
"downstream_region","CpG","Control","13",92.5,1
"downstream_region","CpG","Control","13",97.5,26
"downstream_region","CpG","Control","15",2.5,0
"downstream_region","CpG","Control","15",7.5,0
"downstream_region","CpG","Control","15",12.5,0
"downstream_region","CpG","Control","15",17.5,0
"downstream_region","CpG","Control","15",22.5,0
"downstream_region","CpG","Control","15",27.5,0
"downstream_region","CpG","Control","15",32.5,0
"downstream_region","CpG","Control","15",37.5,0
"downstream_region","CpG","Control","15",42.5,0
"downstream_region","CpG","Control","15",47.5,0
"downstream_region","CpG","Control","15",52.5,0
"downstream_region","CpG","Control","15",57.5,0
"downstream_region","CpG","Control","15",62.5,0
"downstream_region","CpG","Control","15",67.5,0
"downstream_region","CpG","Control","15",72.5,0
"downstream_region","CpG","Control","15",77.5,0
"downstream_region","CpG","Control","15",82.5,0
"downstream_region","CpG","Control","15",87.5,0
"downstream_region","CpG","Control","15",92.5,0
"downstream_region","CpG","Control","15",97.5,0
"downstream_region","CpG","Control","16",2.5,1023
"downstream_region","CpG","Control","16",7.5,39
"downstream_region","CpG","Control","16",12.5,15
"downstream_region","CpG","Control","16",17.5,23
"downstream_region","CpG","Control","16",22.5,8
"downstream_region","CpG","Control","16",27.5,11
"downstream_region","CpG","Control","16",32.5,6
"downstream_region","CpG","Control","16",37.5,9
"downstream_region","CpG","Control","16",42.5,8
"downstream_region","CpG","Control","16",47.5,11
"downstream_region","CpG","Control","16",52.5,3
"downstream_region","CpG","Control","16",57.5,12
"downstream_region","CpG","Control","16",62.5,2
"downstream_region","CpG","Control","16",67.5,7
"downstream_region","CpG","Control","16",72.5,3
"downstream_region","CpG","Control","16",77.5,7
"downstream_region","CpG","Control","16",82.5,3
"downstream_region","CpG","Control","16",87.5,5
"downstream_region","CpG","Control","16",92.5,7
"downstream_region","CpG","Control","16",97.5,18
"downstream_region","CpG","Control","22",2.5,0
"downstream_region","CpG","Control","22",7.5,0
"downstream_region","CpG","Control","22",12.5,0
"downstream_region","CpG","Control","22",17.5,0
"downstream_region","CpG","Control","22",22.5,0
"downstream_region","CpG","Control","22",27.5,0
"downstream_region","CpG","Control","22",32.5,0
"downstream_region","CpG","Control","22",37.5,0
"downstream_region","CpG","Control","22",42.5,0
"downstream_region","CpG","Control","22",47.5,0
"downstream_region","CpG","Control","22",52.5,0
"downstream_region","CpG","Control","22",57.5,0
"downstream_region","CpG","Control","22",62.5,0
"downstream_region","CpG","Control","22",67.5,0
"downstream_region","CpG","Control","22",72.5,0
"downstream_region","CpG","Control","22",77.5,0
"downstream_region","CpG","Control","22",82.5,0
"downstream_region","CpG","Control","22",87.5,0
"downstream_region","CpG","Control","22",92.5,0
"downstream_region","CpG","Control","22",97.5,0
"downstream_region","CpG","Control","27",2.5,0
"downstream_region","CpG","Control","27",7.5,0
"downstream_region","CpG","Control","27",12.5,0
"downstream_region","CpG","Control","27",17.5,0
"downstream_region","CpG","Control","27",22.5,0
"downstream_region","CpG","Control","27",27.5,0
"downstream_region","CpG","Control","27",32.5,0
"downstream_region","CpG","Control","27",37.5,0
"downstream_region","CpG","Control","27",42.5,0
"downstream_region","CpG","Control","27",47.5,0
"downstream_region","CpG","Control","27",52.5,0
"downstream_region","CpG","Control","27",57.5,0
"downstream_region","CpG","Control","27",62.5,0
"downstream_region","CpG","Control","27",67.5,0
"downstream_region","CpG","Control","27",72.5,0
"downstream_region","CpG","Control","27",77.5,0
"downstream_region","CpG","Control","27",82.5,0
"downstream_region","CpG","Control","27",87.5,0
"downstream_region","CpG","Control","27",92.5,0
"downstream_region","CpG","Control","27",97.5,0
"downstream_region","CpG","Treatment","9",2.5,0
"downstream_region","CpG","Treatment","9",7.5,0
"downstream_region","CpG","Treatment","9",12.5,0
"downstream_region","CpG","Treatment","9",17.5,0
"downstream_region","CpG","Treatment","9",22.5,0
"downstream_region","CpG","Treatment","9",27.5,0
"downstream_region","CpG","Treatment","9",32.5,0
"downstream_region","CpG","Treatment","9",37.5,0
"downstream_region","CpG","Treatment","9",42.5,0
"downstream_region","CpG","Treatment","9",47.5,0
"downstream_region","CpG","Treatment","9",52.5,0
"downstream_region","CpG","Treatment","9",57.5,0
"downstream_region","CpG","Treatment","9",62.5,0
"downstream_region","CpG","Treatment","9",67.5,0
"downstream_region","CpG","Treatment","9",72.5,0
"downstream_region","CpG","Treatment","9",77.5,0
"downstream_region","CpG","Treatment","9",82.5,0
"downstream_region","CpG","Treatment","9",87.5,0
"downstream_region","CpG","Treatment","9",92.5,0
"downstream_region","CpG","Treatment","9",97.5,0
"downstream_region","CpG","Treatment","13",2.5,0
"downstream_region","CpG","Treatment","13",7.5,0
"downstream_region","CpG","Treatment","13",12.5,0
"downstream_region","CpG","Treatment","13",17.5,0
"downstream_region","CpG","Treatment","13",22.5,0
"downstream_region","CpG","Treatment","13",27.5,0
"downstream_region","CpG","Treatment","13",32.5,0
"downstream_region","CpG","Treatment","13",37.5,0
"downstream_region","CpG","Treatment","13",42.5,0
"downstream_region","CpG","Treatment","13",47.5,0
"downstream_region","CpG","Treatment","13",52.5,0
"downstream_region","CpG","Treatment","13",57.5,0
"downstream_region","CpG","Treatment","13",62.5,0
"downstream_region","CpG","Treatment","13",67.5,0
"downstream_region","CpG","Treatment","13",72.5,0
"downstream_region","CpG","Treatment","13",77.5,0
"downstream_region","CpG","Treatment","13",82.5,0
"downstream_region","CpG","Treatment","13",87.5,0
"downstream_region","CpG","Treatment","13",92.5,0
"downstream_region","CpG","Treatment","13",97.5,0
"downstream_region","CpG","Treatment","15",2.5,1307
"downstream_region","CpG","Treatment","15",7.5,50
"downstream_region","CpG","Treatment","15",12.5,14
"downstream_region","CpG","Treatment","15",17.5,22
"downstream_region","CpG","Treatment","15",22.5,17
"downstream_region","CpG","Treatment","15",27.5,21
"downstream_region","CpG","Treatment","15",32.5,7
"downstream_region","CpG","Treatment","15",37.5,11
"downstream_region","CpG","Treatment","15",42.5,10
"downstream_region","CpG","Treatment","15",47.5,14
"downstream_region","CpG","Treatment","15",52.5,5
"downstream_region","CpG","Treatment","15",57.5,8
"downstream_region","CpG","Treatment","15",62.5,8
"downstream_region","CpG","Treatment","15",67.5,10
"downstream_region","CpG","Treatment","15",72.5,2
"downstream_region","CpG","Treatment","15",77.5,1
"downstream_region","CpG","Treatment","15",82.5,7
"downstream_region","CpG","Treatment","15",87.5,12
"downstream_region","CpG","Treatment","15",92.5,4
"downstream_region","CpG","Treatment","15",97.5,22
"downstream_region","CpG","Treatment","16",2.5,0
"downstream_region","CpG","Treatment","16",7.5,0
"downstream_region","CpG","Treatment","16",12.5,0
"downstream_region","CpG","Treatment","16",17.5,0
"downstream_region","CpG","Treatment","16",22.5,0
"downstream_region","CpG","Treatment","16",27.5,0
"downstream_region","CpG","Treatment","16",32.5,0
"downstream_region","CpG","Treatment","16",37.5,0
"downstream_region","CpG","Treatment","16",42.5,0
"downstream_region","CpG","Treatment","16",47.5,0
"downstream_region","CpG","Treatment","16",52.5,0
"downstream_region","CpG","Treatment","16",57.5,0
"downstream_region","CpG","Treatment","16",62.5,0
"downstream_region","CpG","Treatment","16",67.5,0
"downstream_region","CpG","Treatment","16",72.5,0
"downstream_region","CpG","Treatment","16",77.5,0
"downstream_region","CpG","Treatment","16",82.5,0
"downstream_region","CpG","Treatment","16",87.5,0
"downstream_region","CpG","Treatment","16",92.5,0
"downstream_region","CpG","Treatment","16",97.5,0
"downstream_region","CpG","Treatment","22",2.5,611
"downstream_region","CpG","Treatment","22",7.5,38
"downstream_region","CpG","Treatment","22",12.5,9
"downstream_region","CpG","Treatment","22",17.5,12
"downstream_region","CpG","Treatment","22",22.5,8
"downstream_region","CpG","Treatment","22",27.5,9
"downstream_region","CpG","Treatment","22",32.5,6
"downstream_region","CpG","Treatment","22",37.5,12
"downstream_region","CpG","Treatment","22",42.5,3
"downstream_region","CpG","Treatment","22",47.5,9
"downstream_region","CpG","Treatment","22",52.5,3
"downstream_region","CpG","Treatment","22",57.5,7
"downstream_region","CpG","Treatment","22",62.5,4
"downstream_region","CpG","Treatment","22",67.5,0
"downstream_region","CpG","Treatment","22",72.5,3
"downstream_region","CpG","Treatment","22",77.5,3
"downstream_region","CpG","Treatment","22",82.5,2
"downstream_region","CpG","Treatment","22",87.5,5
"downstream_region","CpG","Treatment","22",92.5,4
"downstream_region","CpG","Treatment","22",97.5,4
"downstream_region","CpG","Treatment","27",2.5,634
"downstream_region","CpG","Treatment","27",7.5,46
"downstream_region","CpG","Treatment","27",12.5,9
"downstream_region","CpG","Treatment","27",17.5,13
"downstream_region","CpG","Treatment","27",22.5,10
"downstream_region","CpG","Treatment","27",27.5,5
"downstream_region","CpG","Treatment","27",32.5,10
"downstream_region","CpG","Treatment","27",37.5,9
"downstream_region","CpG","Treatment","27",42.5,3
"downstream_region","CpG","Treatment","27",47.5,5
"downstream_region","CpG","Treatment","27",52.5,2
"downstream_region","CpG","Treatment","27",57.5,7
"downstream_region","CpG","Treatment","27",62.5,2
"downstream_region","CpG","Treatment","27",67.5,0
"downstream_region","CpG","Treatment","27",72.5,3
"downstream_region","CpG","Treatment","27",77.5,10
"downstream_region","CpG","Treatment","27",82.5,0
"downstream_region","CpG","Treatment","27",87.5,3
"downstream_region","CpG","Treatment","27",92.5,3
"downstream_region","CpG","Treatment","27",97.5,6
"downstream_region","CHG","Control","9",2.5,1995
"downstream_region","CHG","Control","9",7.5,42
"downstream_region","CHG","Control","9",12.5,0
"downstream_region","CHG","Control","9",17.5,1
"downstream_region","CHG","Control","9",22.5,0
"downstream_region","CHG","Control","9",27.5,1
"downstream_region","CHG","Control","9",32.5,0
"downstream_region","CHG","Control","9",37.5,0
"downstream_region","CHG","Control","9",42.5,0
"downstream_region","CHG","Control","9",47.5,0
"downstream_region","CHG","Control","9",52.5,0
"downstream_region","CHG","Control","9",57.5,0
"downstream_region","CHG","Control","9",62.5,0
"downstream_region","CHG","Control","9",67.5,0
"downstream_region","CHG","Control","9",72.5,0
"downstream_region","CHG","Control","9",77.5,0
"downstream_region","CHG","Control","9",82.5,0
"downstream_region","CHG","Control","9",87.5,0
"downstream_region","CHG","Control","9",92.5,0
"downstream_region","CHG","Control","9",97.5,0
"downstream_region","CHG","Control","13",2.5,2008
"downstream_region","CHG","Control","13",7.5,42
"downstream_region","CHG","Control","13",12.5,0
"downstream_region","CHG","Control","13",17.5,2
"downstream_region","CHG","Control","13",22.5,0
"downstream_region","CHG","Control","13",27.5,1
"downstream_region","CHG","Control","13",32.5,0
"downstream_region","CHG","Control","13",37.5,0
"downstream_region","CHG","Control","13",42.5,0
"downstream_region","CHG","Control","13",47.5,0
"downstream_region","CHG","Control","13",52.5,0
"downstream_region","CHG","Control","13",57.5,1
"downstream_region","CHG","Control","13",62.5,0
"downstream_region","CHG","Control","13",67.5,0
"downstream_region","CHG","Control","13",72.5,0
"downstream_region","CHG","Control","13",77.5,0
"downstream_region","CHG","Control","13",82.5,0
"downstream_region","CHG","Control","13",87.5,0
"downstream_region","CHG","Control","13",92.5,0
"downstream_region","CHG","Control","13",97.5,1
"downstream_region","CHG","Control","15",2.5,0
"downstream_region","CHG","Control","15",7.5,0
"downstream_region","CHG","Control","15",12.5,0
"downstream_region","CHG","Control","15",17.5,0
"downstream_region","CHG","Control","15",22.5,0
"downstream_region","CHG","Control","15",27.5,0
"downstream_region","CHG","Control","15",32.5,0
"downstream_region","CHG","Control","15",37.5,0
"downstream_region","CHG","Control","15",42.5,0
"downstream_region","CHG","Control","15",47.5,0
"downstream_region","CHG","Control","15",52.5,0
"downstream_region","CHG","Control","15",57.5,0
"downstream_region","CHG","Control","15",62.5,0
"downstream_region","CHG","Control","15",67.5,0
"downstream_region","CHG","Control","15",72.5,0
"downstream_region","CHG","Control","15",77.5,0
"downstream_region","CHG","Control","15",82.5,0
"downstream_region","CHG","Control","15",87.5,0
"downstream_region","CHG","Control","15",92.5,0
"downstream_region","CHG","Control","15",97.5,0
"downstream_region","CHG","Control","16",2.5,1274
"downstream_region","CHG","Control","16",7.5,23
"downstream_region","CHG","Control","16",12.5,0
"downstream_region","CHG","Control","16",17.5,0
"downstream_region","CHG","Control","16",22.5,0
"downstream_region","CHG","Control","16",27.5,0
"downstream_region","CHG","Control","16",32.5,0
"downstream_region","CHG","Control","16",37.5,0
"downstream_region","CHG","Control","16",42.5,0
"downstream_region","CHG","Control","16",47.5,0
"downstream_region","CHG","Control","16",52.5,0
"downstream_region","CHG","Control","16",57.5,0
"downstream_region","CHG","Control","16",62.5,0
"downstream_region","CHG","Control","16",67.5,0
"downstream_region","CHG","Control","16",72.5,0
"downstream_region","CHG","Control","16",77.5,0
"downstream_region","CHG","Control","16",82.5,0
"downstream_region","CHG","Control","16",87.5,0
"downstream_region","CHG","Control","16",92.5,0
"downstream_region","CHG","Control","16",97.5,0
"downstream_region","CHG","Control","22",2.5,0
"downstream_region","CHG","Control","22",7.5,0
"downstream_region","CHG","Control","22",12.5,0
"downstream_region","CHG","Control","22",17.5,0
"downstream_region","CHG","Control","22",22.5,0
"downstream_region","CHG","Control","22",27.5,0
"downstream_region","CHG","Control","22",32.5,0
"downstream_region","CHG","Control","22",37.5,0
"downstream_region","CHG","Control","22",42.5,0
"downstream_region","CHG","Control","22",47.5,0
"downstream_region","CHG","Control","22",52.5,0
"downstream_region","CHG","Control","22",57.5,0
"downstream_region","CHG","Control","22",62.5,0
"downstream_region","CHG","Control","22",67.5,0
"downstream_region","CHG","Control","22",72.5,0
"downstream_region","CHG","Control","22",77.5,0
"downstream_region","CHG","Control","22",82.5,0
"downstream_region","CHG","Control","22",87.5,0
"downstream_region","CHG","Control","22",92.5,0
"downstream_region","CHG","Control","22",97.5,0
"downstream_region","CHG","Control","27",2.5,0
"downstream_region","CHG","Control","27",7.5,0
"downstream_region","CHG","Control","27",12.5,0
"downstream_region","CHG","Control","27",17.5,0
"downstream_region","CHG","Control","27",22.5,0
"downstream_region","CHG","Control","27",27.5,0
"downstream_region","CHG","Control","27",32.5,0
"downstream_region","CHG","Control","27",37.5,0
"downstream_region","CHG","Control","27",42.5,0
"downstream_region","CHG","Control","27",47.5,0
"downstream_region","CHG","Control","27",52.5,0
"downstream_region","CHG","Control","27",57.5,0
"downstream_region","CHG","Control","27",62.5,0
"downstream_region","CHG","Control","27",67.5,0
"downstream_region","CHG","Control","27",72.5,0
"downstream_region","CHG","Control","27",77.5,0
"downstream_region","CHG","Control","27",82.5,0
"downstream_region","CHG","Control","27",87.5,0
"downstream_region","CHG","Control","27",92.5,0
"downstream_region","CHG","Control","27",97.5,0
"downstream_region","CHG","Treatment","9",2.5,0
"downstream_region","CHG","Treatment","9",7.5,0
"downstream_region","CHG","Treatment","9",12.5,0
"downstream_region","CHG","Treatment","9",17.5,0
"downstream_region","CHG","Treatment","9",22.5,0
"downstream_region","CHG","Treatment","9",27.5,0
"downstream_region","CHG","Treatment","9",32.5,0
"downstream_region","CHG","Treatment","9",37.5,0
"downstream_region","CHG","Treatment","9",42.5,0
"downstream_region","CHG","Treatment","9",47.5,0
"downstream_region","CHG","Treatment","9",52.5,0
"downstream_region","CHG","Treatment","9",57.5,0
"downstream_region","CHG","Treatment","9",62.5,0
"downstream_region","CHG","Treatment","9",67.5,0
"downstream_region","CHG","Treatment","9",72.5,0
"downstream_region","CHG","Treatment","9",77.5,0
"downstream_region","CHG","Treatment","9",82.5,0
"downstream_region","CHG","Treatment","9",87.5,0
"downstream_region","CHG","Treatment","9",92.5,0
"downstream_region","CHG","Treatment","9",97.5,0
"downstream_region","CHG","Treatment","13",2.5,0
"downstream_region","CHG","Treatment","13",7.5,0
"downstream_region","CHG","Treatment","13",12.5,0
"downstream_region","CHG","Treatment","13",17.5,0
"downstream_region","CHG","Treatment","13",22.5,0
"downstream_region","CHG","Treatment","13",27.5,0
"downstream_region","CHG","Treatment","13",32.5,0
"downstream_region","CHG","Treatment","13",37.5,0
"downstream_region","CHG","Treatment","13",42.5,0
"downstream_region","CHG","Treatment","13",47.5,0
"downstream_region","CHG","Treatment","13",52.5,0
"downstream_region","CHG","Treatment","13",57.5,0
"downstream_region","CHG","Treatment","13",62.5,0
"downstream_region","CHG","Treatment","13",67.5,0
"downstream_region","CHG","Treatment","13",72.5,0
"downstream_region","CHG","Treatment","13",77.5,0
"downstream_region","CHG","Treatment","13",82.5,0
"downstream_region","CHG","Treatment","13",87.5,0
"downstream_region","CHG","Treatment","13",92.5,0
"downstream_region","CHG","Treatment","13",97.5,0
"downstream_region","CHG","Treatment","15",2.5,1652
"downstream_region","CHG","Treatment","15",7.5,25
"downstream_region","CHG","Treatment","15",12.5,1
"downstream_region","CHG","Treatment","15",17.5,2
"downstream_region","CHG","Treatment","15",22.5,0
"downstream_region","CHG","Treatment","15",27.5,0
"downstream_region","CHG","Treatment","15",32.5,0
"downstream_region","CHG","Treatment","15",37.5,0
"downstream_region","CHG","Treatment","15",42.5,0
"downstream_region","CHG","Treatment","15",47.5,0
"downstream_region","CHG","Treatment","15",52.5,0
"downstream_region","CHG","Treatment","15",57.5,0
"downstream_region","CHG","Treatment","15",62.5,0
"downstream_region","CHG","Treatment","15",67.5,0
"downstream_region","CHG","Treatment","15",72.5,0
"downstream_region","CHG","Treatment","15",77.5,0
"downstream_region","CHG","Treatment","15",82.5,0
"downstream_region","CHG","Treatment","15",87.5,0
"downstream_region","CHG","Treatment","15",92.5,0
"downstream_region","CHG","Treatment","15",97.5,0
"downstream_region","CHG","Treatment","16",2.5,0
"downstream_region","CHG","Treatment","16",7.5,0
"downstream_region","CHG","Treatment","16",12.5,0
"downstream_region","CHG","Treatment","16",17.5,0
"downstream_region","CHG","Treatment","16",22.5,0
"downstream_region","CHG","Treatment","16",27.5,0
"downstream_region","CHG","Treatment","16",32.5,0
"downstream_region","CHG","Treatment","16",37.5,0
"downstream_region","CHG","Treatment","16",42.5,0
"downstream_region","CHG","Treatment","16",47.5,0
"downstream_region","CHG","Treatment","16",52.5,0
"downstream_region","CHG","Treatment","16",57.5,0
"downstream_region","CHG","Treatment","16",62.5,0
"downstream_region","CHG","Treatment","16",67.5,0
"downstream_region","CHG","Treatment","16",72.5,0
"downstream_region","CHG","Treatment","16",77.5,0
"downstream_region","CHG","Treatment","16",82.5,0
"downstream_region","CHG","Treatment","16",87.5,0
"downstream_region","CHG","Treatment","16",92.5,0
"downstream_region","CHG","Treatment","16",97.5,0
"downstream_region","CHG","Treatment","22",2.5,774
"downstream_region","CHG","Treatment","22",7.5,12
"downstream_region","CHG","Treatment","22",12.5,0
"downstream_region","CHG","Treatment","22",17.5,0
"downstream_region","CHG","Treatment","22",22.5,0
"downstream_region","CHG","Treatment","22",27.5,0
"downstream_region","CHG","Treatment","22",32.5,0
"downstream_region","CHG","Treatment","22",37.5,0
"downstream_region","CHG","Treatment","22",42.5,0
"downstream_region","CHG","Treatment","22",47.5,0
"downstream_region","CHG","Treatment","22",52.5,0
"downstream_region","CHG","Treatment","22",57.5,0
"downstream_region","CHG","Treatment","22",62.5,0
"downstream_region","CHG","Treatment","22",67.5,0
"downstream_region","CHG","Treatment","22",72.5,0
"downstream_region","CHG","Treatment","22",77.5,0
"downstream_region","CHG","Treatment","22",82.5,0
"downstream_region","CHG","Treatment","22",87.5,0
"downstream_region","CHG","Treatment","22",92.5,0
"downstream_region","CHG","Treatment","22",97.5,0
"downstream_region","CHG","Treatment","27",2.5,802
"downstream_region","CHG","Treatment","27",7.5,17
"downstream_region","CHG","Treatment","27",12.5,1
"downstream_region","CHG","Treatment","27",17.5,0
"downstream_region","CHG","Treatment","27",22.5,0
"downstream_region","CHG","Treatment","27",27.5,0
"downstream_region","CHG","Treatment","27",32.5,0
"downstream_region","CHG","Treatment","27",37.5,0
"downstream_region","CHG","Treatment","27",42.5,0
"downstream_region","CHG","Treatment","27",47.5,0
"downstream_region","CHG","Treatment","27",52.5,0
"downstream_region","CHG","Treatment","27",57.5,0
"downstream_region","CHG","Treatment","27",62.5,0
"downstream_region","CHG","Treatment","27",67.5,0
"downstream_region","CHG","Treatment","27",72.5,0
"downstream_region","CHG","Treatment","27",77.5,0
"downstream_region","CHG","Treatment","27",82.5,0
"downstream_region","CHG","Treatment","27",87.5,0
"downstream_region","CHG","Treatment","27",92.5,0
"downstream_region","CHG","Treatment","27",97.5,0
"downstream_region","CHH","Control","9",2.5,2608
"downstream_region","CHH","Control","9",7.5,43
"downstream_region","CHH","Control","9",12.5,6
"downstream_region","CHH","Control","9",17.5,1
"downstream_region","CHH","Control","9",22.5,0
"downstream_region","CHH","Control","9",27.5,1
"downstream_region","CHH","Control","9",32.5,0
"downstream_region","CHH","Control","9",37.5,0
"downstream_region","CHH","Control","9",42.5,0
"downstream_region","CHH","Control","9",47.5,0
"downstream_region","CHH","Control","9",52.5,0
"downstream_region","CHH","Control","9",57.5,0
"downstream_region","CHH","Control","9",62.5,0
"downstream_region","CHH","Control","9",67.5,0
"downstream_region","CHH","Control","9",72.5,0
"downstream_region","CHH","Control","9",77.5,0
"downstream_region","CHH","Control","9",82.5,0
"downstream_region","CHH","Control","9",87.5,0
"downstream_region","CHH","Control","9",92.5,0
"downstream_region","CHH","Control","9",97.5,0
"downstream_region","CHH","Control","13",2.5,2664
"downstream_region","CHH","Control","13",7.5,61
"downstream_region","CHH","Control","13",12.5,2
"downstream_region","CHH","Control","13",17.5,6
"downstream_region","CHH","Control","13",22.5,0
"downstream_region","CHH","Control","13",27.5,0
"downstream_region","CHH","Control","13",32.5,0
"downstream_region","CHH","Control","13",37.5,0
"downstream_region","CHH","Control","13",42.5,0
"downstream_region","CHH","Control","13",47.5,0
"downstream_region","CHH","Control","13",52.5,0
"downstream_region","CHH","Control","13",57.5,0
"downstream_region","CHH","Control","13",62.5,0
"downstream_region","CHH","Control","13",67.5,0
"downstream_region","CHH","Control","13",72.5,0
"downstream_region","CHH","Control","13",77.5,0
"downstream_region","CHH","Control","13",82.5,0
"downstream_region","CHH","Control","13",87.5,0
"downstream_region","CHH","Control","13",92.5,0
"downstream_region","CHH","Control","13",97.5,0
"downstream_region","CHH","Control","15",2.5,0
"downstream_region","CHH","Control","15",7.5,0
"downstream_region","CHH","Control","15",12.5,0
"downstream_region","CHH","Control","15",17.5,0
"downstream_region","CHH","Control","15",22.5,0
"downstream_region","CHH","Control","15",27.5,0
"downstream_region","CHH","Control","15",32.5,0
"downstream_region","CHH","Control","15",37.5,0
"downstream_region","CHH","Control","15",42.5,0
"downstream_region","CHH","Control","15",47.5,0
"downstream_region","CHH","Control","15",52.5,0
"downstream_region","CHH","Control","15",57.5,0
"downstream_region","CHH","Control","15",62.5,0
"downstream_region","CHH","Control","15",67.5,0
"downstream_region","CHH","Control","15",72.5,0
"downstream_region","CHH","Control","15",77.5,0
"downstream_region","CHH","Control","15",82.5,0
"downstream_region","CHH","Control","15",87.5,0
"downstream_region","CHH","Control","15",92.5,0
"downstream_region","CHH","Control","15",97.5,0
"downstream_region","CHH","Control","16",2.5,1659
"downstream_region","CHH","Control","16",7.5,23
"downstream_region","CHH","Control","16",12.5,1
"downstream_region","CHH","Control","16",17.5,2
"downstream_region","CHH","Control","16",22.5,0
"downstream_region","CHH","Control","16",27.5,0
"downstream_region","CHH","Control","16",32.5,0
"downstream_region","CHH","Control","16",37.5,0
"downstream_region","CHH","Control","16",42.5,0
"downstream_region","CHH","Control","16",47.5,0
"downstream_region","CHH","Control","16",52.5,0
"downstream_region","CHH","Control","16",57.5,0
"downstream_region","CHH","Control","16",62.5,0
"downstream_region","CHH","Control","16",67.5,0
"downstream_region","CHH","Control","16",72.5,0
"downstream_region","CHH","Control","16",77.5,0
"downstream_region","CHH","Control","16",82.5,0
"downstream_region","CHH","Control","16",87.5,0
"downstream_region","CHH","Control","16",92.5,0
"downstream_region","CHH","Control","16",97.5,0
"downstream_region","CHH","Control","22",2.5,0
"downstream_region","CHH","Control","22",7.5,0
"downstream_region","CHH","Control","22",12.5,0
"downstream_region","CHH","Control","22",17.5,0
"downstream_region","CHH","Control","22",22.5,0
"downstream_region","CHH","Control","22",27.5,0
"downstream_region","CHH","Control","22",32.5,0
"downstream_region","CHH","Control","22",37.5,0
"downstream_region","CHH","Control","22",42.5,0
"downstream_region","CHH","Control","22",47.5,0
"downstream_region","CHH","Control","22",52.5,0
"downstream_region","CHH","Control","22",57.5,0
"downstream_region","CHH","Control","22",62.5,0
"downstream_region","CHH","Control","22",67.5,0
"downstream_region","CHH","Control","22",72.5,0
"downstream_region","CHH","Control","22",77.5,0
"downstream_region","CHH","Control","22",82.5,0
"downstream_region","CHH","Control","22",87.5,0
"downstream_region","CHH","Control","22",92.5,0
"downstream_region","CHH","Control","22",97.5,0
"downstream_region","CHH","Control","27",2.5,0
"downstream_region","CHH","Control","27",7.5,0
"downstream_region","CHH","Control","27",12.5,0
"downstream_region","CHH","Control","27",17.5,0
"downstream_region","CHH","Control","27",22.5,0
"downstream_region","CHH","Control","27",27.5,0
"downstream_region","CHH","Control","27",32.5,0
"downstream_region","CHH","Control","27",37.5,0
"downstream_region","CHH","Control","27",42.5,0
"downstream_region","CHH","Control","27",47.5,0
"downstream_region","CHH","Control","27",52.5,0
"downstream_region","CHH","Control","27",57.5,0
"downstream_region","CHH","Control","27",62.5,0
"downstream_region","CHH","Control","27",67.5,0
"downstream_region","CHH","Control","27",72.5,0
"downstream_region","CHH","Control","27",77.5,0
"downstream_region","CHH","Control","27",82.5,0
"downstream_region","CHH","Control","27",87.5,0
"downstream_region","CHH","Control","27",92.5,0
"downstream_region","CHH","Control","27",97.5,0
"downstream_region","CHH","Treatment","9",2.5,0
"downstream_region","CHH","Treatment","9",7.5,0
"downstream_region","CHH","Treatment","9",12.5,0
"downstream_region","CHH","Treatment","9",17.5,0
"downstream_region","CHH","Treatment","9",22.5,0
"downstream_region","CHH","Treatment","9",27.5,0
"downstream_region","CHH","Treatment","9",32.5,0
"downstream_region","CHH","Treatment","9",37.5,0
"downstream_region","CHH","Treatment","9",42.5,0
"downstream_region","CHH","Treatment","9",47.5,0
"downstream_region","CHH","Treatment","9",52.5,0
"downstream_region","CHH","Treatment","9",57.5,0
"downstream_region","CHH","Treatment","9",62.5,0
"downstream_region","CHH","Treatment","9",67.5,0
"downstream_region","CHH","Treatment","9",72.5,0
"downstream_region","CHH","Treatment","9",77.5,0
"downstream_region","CHH","Treatment","9",82.5,0
"downstream_region","CHH","Treatment","9",87.5,0
"downstream_region","CHH","Treatment","9",92.5,0
"downstream_region","CHH","Treatment","9",97.5,0
"downstream_region","CHH","Treatment","13",2.5,0
"downstream_region","CHH","Treatment","13",7.5,0
"downstream_region","CHH","Treatment","13",12.5,0
"downstream_region","CHH","Treatment","13",17.5,0
"downstream_region","CHH","Treatment","13",22.5,0
"downstream_region","CHH","Treatment","13",27.5,0
"downstream_region","CHH","Treatment","13",32.5,0
"downstream_region","CHH","Treatment","13",37.5,0
"downstream_region","CHH","Treatment","13",42.5,0
"downstream_region","CHH","Treatment","13",47.5,0
"downstream_region","CHH","Treatment","13",52.5,0
"downstream_region","CHH","Treatment","13",57.5,0
"downstream_region","CHH","Treatment","13",62.5,0
"downstream_region","CHH","Treatment","13",67.5,0
"downstream_region","CHH","Treatment","13",72.5,0
"downstream_region","CHH","Treatment","13",77.5,0
"downstream_region","CHH","Treatment","13",82.5,0
"downstream_region","CHH","Treatment","13",87.5,0
"downstream_region","CHH","Treatment","13",92.5,0
"downstream_region","CHH","Treatment","13",97.5,0
"downstream_region","CHH","Treatment","15",2.5,2194
"downstream_region","CHH","Treatment","15",7.5,35
"downstream_region","CHH","Treatment","15",12.5,3
"downstream_region","CHH","Treatment","15",17.5,6
"downstream_region","CHH","Treatment","15",22.5,1
"downstream_region","CHH","Treatment","15",27.5,0
"downstream_region","CHH","Treatment","15",32.5,0
"downstream_region","CHH","Treatment","15",37.5,0
"downstream_region","CHH","Treatment","15",42.5,0
"downstream_region","CHH","Treatment","15",47.5,0
"downstream_region","CHH","Treatment","15",52.5,0
"downstream_region","CHH","Treatment","15",57.5,0
"downstream_region","CHH","Treatment","15",62.5,0
"downstream_region","CHH","Treatment","15",67.5,0
"downstream_region","CHH","Treatment","15",72.5,0
"downstream_region","CHH","Treatment","15",77.5,0
"downstream_region","CHH","Treatment","15",82.5,0
"downstream_region","CHH","Treatment","15",87.5,0
"downstream_region","CHH","Treatment","15",92.5,0
"downstream_region","CHH","Treatment","15",97.5,0
"downstream_region","CHH","Treatment","16",2.5,0
"downstream_region","CHH","Treatment","16",7.5,0
"downstream_region","CHH","Treatment","16",12.5,0
"downstream_region","CHH","Treatment","16",17.5,0
"downstream_region","CHH","Treatment","16",22.5,0
"downstream_region","CHH","Treatment","16",27.5,0
"downstream_region","CHH","Treatment","16",32.5,0
"downstream_region","CHH","Treatment","16",37.5,0
"downstream_region","CHH","Treatment","16",42.5,0
"downstream_region","CHH","Treatment","16",47.5,0
"downstream_region","CHH","Treatment","16",52.5,0
"downstream_region","CHH","Treatment","16",57.5,0
"downstream_region","CHH","Treatment","16",62.5,0
"downstream_region","CHH","Treatment","16",67.5,0
"downstream_region","CHH","Treatment","16",72.5,0
"downstream_region","CHH","Treatment","16",77.5,0
"downstream_region","CHH","Treatment","16",82.5,0
"downstream_region","CHH","Treatment","16",87.5,0
"downstream_region","CHH","Treatment","16",92.5,0
"downstream_region","CHH","Treatment","16",97.5,0
"downstream_region","CHH","Treatment","22",2.5,1048
"downstream_region","CHH","Treatment","22",7.5,11
"downstream_region","CHH","Treatment","22",12.5,2
"downstream_region","CHH","Treatment","22",17.5,1
"downstream_region","CHH","Treatment","22",22.5,0
"downstream_region","CHH","Treatment","22",27.5,0
"downstream_region","CHH","Treatment","22",32.5,0
"downstream_region","CHH","Treatment","22",37.5,0
"downstream_region","CHH","Treatment","22",42.5,0
"downstream_region","CHH","Treatment","22",47.5,0
"downstream_region","CHH","Treatment","22",52.5,0
"downstream_region","CHH","Treatment","22",57.5,0
"downstream_region","CHH","Treatment","22",62.5,0
"downstream_region","CHH","Treatment","22",67.5,0
"downstream_region","CHH","Treatment","22",72.5,0
"downstream_region","CHH","Treatment","22",77.5,0
"downstream_region","CHH","Treatment","22",82.5,0
"downstream_region","CHH","Treatment","22",87.5,0
"downstream_region","CHH","Treatment","22",92.5,0
"downstream_region","CHH","Treatment","22",97.5,0
"downstream_region","CHH","Treatment","27",2.5,1056
"downstream_region","CHH","Treatment","27",7.5,28
"downstream_region","CHH","Treatment","27",12.5,1
"downstream_region","CHH","Treatment","27",17.5,0
"downstream_region","CHH","Treatment","27",22.5,0
"downstream_region","CHH","Treatment","27",27.5,0
"downstream_region","CHH","Treatment","27",32.5,0
"downstream_region","CHH","Treatment","27",37.5,0
"downstream_region","CHH","Treatment","27",42.5,0
"downstream_region","CHH","Treatment","27",47.5,0
"downstream_region","CHH","Treatment","27",52.5,0
"downstream_region","CHH","Treatment","27",57.5,0
"downstream_region","CHH","Treatment","27",62.5,0
"downstream_region","CHH","Treatment","27",67.5,0
"downstream_region","CHH","Treatment","27",72.5,0
"downstream_region","CHH","Treatment","27",77.5,0
"downstream_region","CHH","Treatment","27",82.5,0
"downstream_region","CHH","Treatment","27",87.5,0
"downstream_region","CHH","Treatment","27",92.5,0
"downstream_region","CHH","Treatment","27",97.5,0
"exon","CpG","Control","9",2.5,4658
"exon","CpG","Control","9",7.5,161
"exon","CpG","Control","9",12.5,31
"exon","CpG","Control","9",17.5,48
"exon","CpG","Control","9",22.5,16
"exon","CpG","Control","9",27.5,41
"exon","CpG","Control","9",32.5,12
"exon","CpG","Control","9",37.5,42
"exon","CpG","Control","9",42.5,26
"exon","CpG","Control","9",47.5,28
"exon","CpG","Control","9",52.5,20
"exon","CpG","Control","9",57.5,41
"exon","CpG","Control","9",62.5,20
"exon","CpG","Control","9",67.5,20
"exon","CpG","Control","9",72.5,16
"exon","CpG","Control","9",77.5,31
"exon","CpG","Control","9",82.5,22
"exon","CpG","Control","9",87.5,69
"exon","CpG","Control","9",92.5,44
"exon","CpG","Control","9",97.5,190
"exon","CpG","Control","13",2.5,4778
"exon","CpG","Control","13",7.5,169
"exon","CpG","Control","13",12.5,28
"exon","CpG","Control","13",17.5,65
"exon","CpG","Control","13",22.5,34
"exon","CpG","Control","13",27.5,35
"exon","CpG","Control","13",32.5,23
"exon","CpG","Control","13",37.5,38
"exon","CpG","Control","13",42.5,18
"exon","CpG","Control","13",47.5,42
"exon","CpG","Control","13",52.5,18
"exon","CpG","Control","13",57.5,38
"exon","CpG","Control","13",62.5,17
"exon","CpG","Control","13",67.5,29
"exon","CpG","Control","13",72.5,16
"exon","CpG","Control","13",77.5,33
"exon","CpG","Control","13",82.5,28
"exon","CpG","Control","13",87.5,59
"exon","CpG","Control","13",92.5,55
"exon","CpG","Control","13",97.5,187
"exon","CpG","Control","15",2.5,0
"exon","CpG","Control","15",7.5,0
"exon","CpG","Control","15",12.5,0
"exon","CpG","Control","15",17.5,0
"exon","CpG","Control","15",22.5,0
"exon","CpG","Control","15",27.5,0
"exon","CpG","Control","15",32.5,0
"exon","CpG","Control","15",37.5,0
"exon","CpG","Control","15",42.5,0
"exon","CpG","Control","15",47.5,0
"exon","CpG","Control","15",52.5,0
"exon","CpG","Control","15",57.5,0
"exon","CpG","Control","15",62.5,0
"exon","CpG","Control","15",67.5,0
"exon","CpG","Control","15",72.5,0
"exon","CpG","Control","15",77.5,0
"exon","CpG","Control","15",82.5,0
"exon","CpG","Control","15",87.5,0
"exon","CpG","Control","15",92.5,0
"exon","CpG","Control","15",97.5,0
"exon","CpG","Control","16",2.5,2621
"exon","CpG","Control","16",7.5,71
"exon","CpG","Control","16",12.5,18
"exon","CpG","Control","16",17.5,35
"exon","CpG","Control","16",22.5,13
"exon","CpG","Control","16",27.5,18
"exon","CpG","Control","16",32.5,21
"exon","CpG","Control","16",37.5,18
"exon","CpG","Control","16",42.5,13
"exon","CpG","Control","16",47.5,11
"exon","CpG","Control","16",52.5,14
"exon","CpG","Control","16",57.5,17
"exon","CpG","Control","16",62.5,14
"exon","CpG","Control","16",67.5,10
"exon","CpG","Control","16",72.5,10
"exon","CpG","Control","16",77.5,17
"exon","CpG","Control","16",82.5,14
"exon","CpG","Control","16",87.5,25
"exon","CpG","Control","16",92.5,28
"exon","CpG","Control","16",97.5,103
"exon","CpG","Control","22",2.5,0
"exon","CpG","Control","22",7.5,0
"exon","CpG","Control","22",12.5,0
"exon","CpG","Control","22",17.5,0
"exon","CpG","Control","22",22.5,0
"exon","CpG","Control","22",27.5,0
"exon","CpG","Control","22",32.5,0
"exon","CpG","Control","22",37.5,0
"exon","CpG","Control","22",42.5,0
"exon","CpG","Control","22",47.5,0
"exon","CpG","Control","22",52.5,0
"exon","CpG","Control","22",57.5,0
"exon","CpG","Control","22",62.5,0
"exon","CpG","Control","22",67.5,0
"exon","CpG","Control","22",72.5,0
"exon","CpG","Control","22",77.5,0
"exon","CpG","Control","22",82.5,0
"exon","CpG","Control","22",87.5,0
"exon","CpG","Control","22",92.5,0
"exon","CpG","Control","22",97.5,0
"exon","CpG","Control","27",2.5,0
"exon","CpG","Control","27",7.5,0
"exon","CpG","Control","27",12.5,0
"exon","CpG","Control","27",17.5,0
"exon","CpG","Control","27",22.5,0
"exon","CpG","Control","27",27.5,0
"exon","CpG","Control","27",32.5,0
"exon","CpG","Control","27",37.5,0
"exon","CpG","Control","27",42.5,0
"exon","CpG","Control","27",47.5,0
"exon","CpG","Control","27",52.5,0
"exon","CpG","Control","27",57.5,0
"exon","CpG","Control","27",62.5,0
"exon","CpG","Control","27",67.5,0
"exon","CpG","Control","27",72.5,0
"exon","CpG","Control","27",77.5,0
"exon","CpG","Control","27",82.5,0
"exon","CpG","Control","27",87.5,0
"exon","CpG","Control","27",92.5,0
"exon","CpG","Control","27",97.5,0
"exon","CpG","Treatment","9",2.5,0
"exon","CpG","Treatment","9",7.5,0
"exon","CpG","Treatment","9",12.5,0
"exon","CpG","Treatment","9",17.5,0
"exon","CpG","Treatment","9",22.5,0
"exon","CpG","Treatment","9",27.5,0
"exon","CpG","Treatment","9",32.5,0
"exon","CpG","Treatment","9",37.5,0
"exon","CpG","Treatment","9",42.5,0
"exon","CpG","Treatment","9",47.5,0
"exon","CpG","Treatment","9",52.5,0
"exon","CpG","Treatment","9",57.5,0
"exon","CpG","Treatment","9",62.5,0
"exon","CpG","Treatment","9",67.5,0
"exon","CpG","Treatment","9",72.5,0
"exon","CpG","Treatment","9",77.5,0
"exon","CpG","Treatment","9",82.5,0
"exon","CpG","Treatment","9",87.5,0
"exon","CpG","Treatment","9",92.5,0
"exon","CpG","Treatment","9",97.5,0
"exon","CpG","Treatment","13",2.5,0
"exon","CpG","Treatment","13",7.5,0
"exon","CpG","Treatment","13",12.5,0
"exon","CpG","Treatment","13",17.5,0
"exon","CpG","Treatment","13",22.5,0
"exon","CpG","Treatment","13",27.5,0
"exon","CpG","Treatment","13",32.5,0
"exon","CpG","Treatment","13",37.5,0
"exon","CpG","Treatment","13",42.5,0
"exon","CpG","Treatment","13",47.5,0
"exon","CpG","Treatment","13",52.5,0
"exon","CpG","Treatment","13",57.5,0
"exon","CpG","Treatment","13",62.5,0
"exon","CpG","Treatment","13",67.5,0
"exon","CpG","Treatment","13",72.5,0
"exon","CpG","Treatment","13",77.5,0
"exon","CpG","Treatment","13",82.5,0
"exon","CpG","Treatment","13",87.5,0
"exon","CpG","Treatment","13",92.5,0
"exon","CpG","Treatment","13",97.5,0
"exon","CpG","Treatment","15",2.5,3661
"exon","CpG","Treatment","15",7.5,128
"exon","CpG","Treatment","15",12.5,33
"exon","CpG","Treatment","15",17.5,36
"exon","CpG","Treatment","15",22.5,18
"exon","CpG","Treatment","15",27.5,28
"exon","CpG","Treatment","15",32.5,16
"exon","CpG","Treatment","15",37.5,25
"exon","CpG","Treatment","15",42.5,14
"exon","CpG","Treatment","15",47.5,33
"exon","CpG","Treatment","15",52.5,10
"exon","CpG","Treatment","15",57.5,25
"exon","CpG","Treatment","15",62.5,16
"exon","CpG","Treatment","15",67.5,25
"exon","CpG","Treatment","15",72.5,11
"exon","CpG","Treatment","15",77.5,26
"exon","CpG","Treatment","15",82.5,18
"exon","CpG","Treatment","15",87.5,46
"exon","CpG","Treatment","15",92.5,52
"exon","CpG","Treatment","15",97.5,139
"exon","CpG","Treatment","16",2.5,0
"exon","CpG","Treatment","16",7.5,0
"exon","CpG","Treatment","16",12.5,0
"exon","CpG","Treatment","16",17.5,0
"exon","CpG","Treatment","16",22.5,0
"exon","CpG","Treatment","16",27.5,0
"exon","CpG","Treatment","16",32.5,0
"exon","CpG","Treatment","16",37.5,0
"exon","CpG","Treatment","16",42.5,0
"exon","CpG","Treatment","16",47.5,0
"exon","CpG","Treatment","16",52.5,0
"exon","CpG","Treatment","16",57.5,0
"exon","CpG","Treatment","16",62.5,0
"exon","CpG","Treatment","16",67.5,0
"exon","CpG","Treatment","16",72.5,0
"exon","CpG","Treatment","16",77.5,0
"exon","CpG","Treatment","16",82.5,0
"exon","CpG","Treatment","16",87.5,0
"exon","CpG","Treatment","16",92.5,0
"exon","CpG","Treatment","16",97.5,0
"exon","CpG","Treatment","22",2.5,1616
"exon","CpG","Treatment","22",7.5,56
"exon","CpG","Treatment","22",12.5,7
"exon","CpG","Treatment","22",17.5,31
"exon","CpG","Treatment","22",22.5,18
"exon","CpG","Treatment","22",27.5,19
"exon","CpG","Treatment","22",32.5,10
"exon","CpG","Treatment","22",37.5,13
"exon","CpG","Treatment","22",42.5,7
"exon","CpG","Treatment","22",47.5,19
"exon","CpG","Treatment","22",52.5,4
"exon","CpG","Treatment","22",57.5,17
"exon","CpG","Treatment","22",62.5,11
"exon","CpG","Treatment","22",67.5,11
"exon","CpG","Treatment","22",72.5,8
"exon","CpG","Treatment","22",77.5,6
"exon","CpG","Treatment","22",82.5,8
"exon","CpG","Treatment","22",87.5,17
"exon","CpG","Treatment","22",92.5,15
"exon","CpG","Treatment","22",97.5,78
"exon","CpG","Treatment","27",2.5,1428
"exon","CpG","Treatment","27",7.5,65
"exon","CpG","Treatment","27",12.5,10
"exon","CpG","Treatment","27",17.5,21
"exon","CpG","Treatment","27",22.5,15
"exon","CpG","Treatment","27",27.5,20
"exon","CpG","Treatment","27",32.5,7
"exon","CpG","Treatment","27",37.5,11
"exon","CpG","Treatment","27",42.5,4
"exon","CpG","Treatment","27",47.5,12
"exon","CpG","Treatment","27",52.5,7
"exon","CpG","Treatment","27",57.5,7
"exon","CpG","Treatment","27",62.5,7
"exon","CpG","Treatment","27",67.5,7
"exon","CpG","Treatment","27",72.5,13
"exon","CpG","Treatment","27",77.5,11
"exon","CpG","Treatment","27",82.5,9
"exon","CpG","Treatment","27",87.5,21
"exon","CpG","Treatment","27",92.5,32
"exon","CpG","Treatment","27",97.5,58
"exon","CHG","Control","9",2.5,6435
"exon","CHG","Control","9",7.5,134
"exon","CHG","Control","9",12.5,2
"exon","CHG","Control","9",17.5,4
"exon","CHG","Control","9",22.5,0
"exon","CHG","Control","9",27.5,0
"exon","CHG","Control","9",32.5,0
"exon","CHG","Control","9",37.5,0
"exon","CHG","Control","9",42.5,0
"exon","CHG","Control","9",47.5,0
"exon","CHG","Control","9",52.5,0
"exon","CHG","Control","9",57.5,1
"exon","CHG","Control","9",62.5,0
"exon","CHG","Control","9",67.5,0
"exon","CHG","Control","9",72.5,0
"exon","CHG","Control","9",77.5,0
"exon","CHG","Control","9",82.5,0
"exon","CHG","Control","9",87.5,0
"exon","CHG","Control","9",92.5,0
"exon","CHG","Control","9",97.5,2
"exon","CHG","Control","13",2.5,6581
"exon","CHG","Control","13",7.5,169
"exon","CHG","Control","13",12.5,7
"exon","CHG","Control","13",17.5,4
"exon","CHG","Control","13",22.5,0
"exon","CHG","Control","13",27.5,0
"exon","CHG","Control","13",32.5,0
"exon","CHG","Control","13",37.5,0
"exon","CHG","Control","13",42.5,0
"exon","CHG","Control","13",47.5,0
"exon","CHG","Control","13",52.5,0
"exon","CHG","Control","13",57.5,0
"exon","CHG","Control","13",62.5,0
"exon","CHG","Control","13",67.5,0
"exon","CHG","Control","13",72.5,0
"exon","CHG","Control","13",77.5,0
"exon","CHG","Control","13",82.5,0
"exon","CHG","Control","13",87.5,0
"exon","CHG","Control","13",92.5,0
"exon","CHG","Control","13",97.5,0
"exon","CHG","Control","15",2.5,0
"exon","CHG","Control","15",7.5,0
"exon","CHG","Control","15",12.5,0
"exon","CHG","Control","15",17.5,0
"exon","CHG","Control","15",22.5,0
"exon","CHG","Control","15",27.5,0
"exon","CHG","Control","15",32.5,0
"exon","CHG","Control","15",37.5,0
"exon","CHG","Control","15",42.5,0
"exon","CHG","Control","15",47.5,0
"exon","CHG","Control","15",52.5,0
"exon","CHG","Control","15",57.5,0
"exon","CHG","Control","15",62.5,0
"exon","CHG","Control","15",67.5,0
"exon","CHG","Control","15",72.5,0
"exon","CHG","Control","15",77.5,0
"exon","CHG","Control","15",82.5,0
"exon","CHG","Control","15",87.5,0
"exon","CHG","Control","15",92.5,0
"exon","CHG","Control","15",97.5,0
"exon","CHG","Control","16",2.5,3496
"exon","CHG","Control","16",7.5,42
"exon","CHG","Control","16",12.5,2
"exon","CHG","Control","16",17.5,2
"exon","CHG","Control","16",22.5,1
"exon","CHG","Control","16",27.5,0
"exon","CHG","Control","16",32.5,0
"exon","CHG","Control","16",37.5,0
"exon","CHG","Control","16",42.5,0
"exon","CHG","Control","16",47.5,0
"exon","CHG","Control","16",52.5,0
"exon","CHG","Control","16",57.5,0
"exon","CHG","Control","16",62.5,0
"exon","CHG","Control","16",67.5,0
"exon","CHG","Control","16",72.5,0
"exon","CHG","Control","16",77.5,0
"exon","CHG","Control","16",82.5,0
"exon","CHG","Control","16",87.5,0
"exon","CHG","Control","16",92.5,0
"exon","CHG","Control","16",97.5,0
"exon","CHG","Control","22",2.5,0
"exon","CHG","Control","22",7.5,0
"exon","CHG","Control","22",12.5,0
"exon","CHG","Control","22",17.5,0
"exon","CHG","Control","22",22.5,0
"exon","CHG","Control","22",27.5,0
"exon","CHG","Control","22",32.5,0
"exon","CHG","Control","22",37.5,0
"exon","CHG","Control","22",42.5,0
"exon","CHG","Control","22",47.5,0
"exon","CHG","Control","22",52.5,0
"exon","CHG","Control","22",57.5,0
"exon","CHG","Control","22",62.5,0
"exon","CHG","Control","22",67.5,0
"exon","CHG","Control","22",72.5,0
"exon","CHG","Control","22",77.5,0
"exon","CHG","Control","22",82.5,0
"exon","CHG","Control","22",87.5,0
"exon","CHG","Control","22",92.5,0
"exon","CHG","Control","22",97.5,0
"exon","CHG","Control","27",2.5,0
"exon","CHG","Control","27",7.5,0
"exon","CHG","Control","27",12.5,0
"exon","CHG","Control","27",17.5,0
"exon","CHG","Control","27",22.5,0
"exon","CHG","Control","27",27.5,0
"exon","CHG","Control","27",32.5,0
"exon","CHG","Control","27",37.5,0
"exon","CHG","Control","27",42.5,0
"exon","CHG","Control","27",47.5,0
"exon","CHG","Control","27",52.5,0
"exon","CHG","Control","27",57.5,0
"exon","CHG","Control","27",62.5,0
"exon","CHG","Control","27",67.5,0
"exon","CHG","Control","27",72.5,0
"exon","CHG","Control","27",77.5,0
"exon","CHG","Control","27",82.5,0
"exon","CHG","Control","27",87.5,0
"exon","CHG","Control","27",92.5,0
"exon","CHG","Control","27",97.5,0
"exon","CHG","Treatment","9",2.5,0
"exon","CHG","Treatment","9",7.5,0
"exon","CHG","Treatment","9",12.5,0
"exon","CHG","Treatment","9",17.5,0
"exon","CHG","Treatment","9",22.5,0
"exon","CHG","Treatment","9",27.5,0
"exon","CHG","Treatment","9",32.5,0
"exon","CHG","Treatment","9",37.5,0
"exon","CHG","Treatment","9",42.5,0
"exon","CHG","Treatment","9",47.5,0
"exon","CHG","Treatment","9",52.5,0
"exon","CHG","Treatment","9",57.5,0
"exon","CHG","Treatment","9",62.5,0
"exon","CHG","Treatment","9",67.5,0
"exon","CHG","Treatment","9",72.5,0
"exon","CHG","Treatment","9",77.5,0
"exon","CHG","Treatment","9",82.5,0
"exon","CHG","Treatment","9",87.5,0
"exon","CHG","Treatment","9",92.5,0
"exon","CHG","Treatment","9",97.5,0
"exon","CHG","Treatment","13",2.5,0
"exon","CHG","Treatment","13",7.5,0
"exon","CHG","Treatment","13",12.5,0
"exon","CHG","Treatment","13",17.5,0
"exon","CHG","Treatment","13",22.5,0
"exon","CHG","Treatment","13",27.5,0
"exon","CHG","Treatment","13",32.5,0
"exon","CHG","Treatment","13",37.5,0
"exon","CHG","Treatment","13",42.5,0
"exon","CHG","Treatment","13",47.5,0
"exon","CHG","Treatment","13",52.5,0
"exon","CHG","Treatment","13",57.5,0
"exon","CHG","Treatment","13",62.5,0
"exon","CHG","Treatment","13",67.5,0
"exon","CHG","Treatment","13",72.5,0
"exon","CHG","Treatment","13",77.5,0
"exon","CHG","Treatment","13",82.5,0
"exon","CHG","Treatment","13",87.5,0
"exon","CHG","Treatment","13",92.5,0
"exon","CHG","Treatment","13",97.5,0
"exon","CHG","Treatment","15",2.5,4822
"exon","CHG","Treatment","15",7.5,111
"exon","CHG","Treatment","15",12.5,6
"exon","CHG","Treatment","15",17.5,1
"exon","CHG","Treatment","15",22.5,0
"exon","CHG","Treatment","15",27.5,0
"exon","CHG","Treatment","15",32.5,0
"exon","CHG","Treatment","15",37.5,0
"exon","CHG","Treatment","15",42.5,0
"exon","CHG","Treatment","15",47.5,0
"exon","CHG","Treatment","15",52.5,0
"exon","CHG","Treatment","15",57.5,0
"exon","CHG","Treatment","15",62.5,0
"exon","CHG","Treatment","15",67.5,0
"exon","CHG","Treatment","15",72.5,0
"exon","CHG","Treatment","15",77.5,0
"exon","CHG","Treatment","15",82.5,0
"exon","CHG","Treatment","15",87.5,0
"exon","CHG","Treatment","15",92.5,0
"exon","CHG","Treatment","15",97.5,0
"exon","CHG","Treatment","16",2.5,0
"exon","CHG","Treatment","16",7.5,0
"exon","CHG","Treatment","16",12.5,0
"exon","CHG","Treatment","16",17.5,0
"exon","CHG","Treatment","16",22.5,0
"exon","CHG","Treatment","16",27.5,0
"exon","CHG","Treatment","16",32.5,0
"exon","CHG","Treatment","16",37.5,0
"exon","CHG","Treatment","16",42.5,0
"exon","CHG","Treatment","16",47.5,0
"exon","CHG","Treatment","16",52.5,0
"exon","CHG","Treatment","16",57.5,0
"exon","CHG","Treatment","16",62.5,0
"exon","CHG","Treatment","16",67.5,0
"exon","CHG","Treatment","16",72.5,0
"exon","CHG","Treatment","16",77.5,0
"exon","CHG","Treatment","16",82.5,0
"exon","CHG","Treatment","16",87.5,0
"exon","CHG","Treatment","16",92.5,0
"exon","CHG","Treatment","16",97.5,0
"exon","CHG","Treatment","22",2.5,2245
"exon","CHG","Treatment","22",7.5,58
"exon","CHG","Treatment","22",12.5,0
"exon","CHG","Treatment","22",17.5,0
"exon","CHG","Treatment","22",22.5,0
"exon","CHG","Treatment","22",27.5,0
"exon","CHG","Treatment","22",32.5,0
"exon","CHG","Treatment","22",37.5,0
"exon","CHG","Treatment","22",42.5,0
"exon","CHG","Treatment","22",47.5,0
"exon","CHG","Treatment","22",52.5,0
"exon","CHG","Treatment","22",57.5,0
"exon","CHG","Treatment","22",62.5,0
"exon","CHG","Treatment","22",67.5,0
"exon","CHG","Treatment","22",72.5,0
"exon","CHG","Treatment","22",77.5,0
"exon","CHG","Treatment","22",82.5,0
"exon","CHG","Treatment","22",87.5,0
"exon","CHG","Treatment","22",92.5,0
"exon","CHG","Treatment","22",97.5,0
"exon","CHG","Treatment","27",2.5,2044
"exon","CHG","Treatment","27",7.5,55
"exon","CHG","Treatment","27",12.5,0
"exon","CHG","Treatment","27",17.5,3
"exon","CHG","Treatment","27",22.5,1
"exon","CHG","Treatment","27",27.5,0
"exon","CHG","Treatment","27",32.5,0
"exon","CHG","Treatment","27",37.5,0
"exon","CHG","Treatment","27",42.5,0
"exon","CHG","Treatment","27",47.5,0
"exon","CHG","Treatment","27",52.5,0
"exon","CHG","Treatment","27",57.5,0
"exon","CHG","Treatment","27",62.5,0
"exon","CHG","Treatment","27",67.5,0
"exon","CHG","Treatment","27",72.5,0
"exon","CHG","Treatment","27",77.5,0
"exon","CHG","Treatment","27",82.5,0
"exon","CHG","Treatment","27",87.5,0
"exon","CHG","Treatment","27",92.5,0
"exon","CHG","Treatment","27",97.5,0
"exon","CHH","Control","9",2.5,7919
"exon","CHH","Control","9",7.5,173
"exon","CHH","Control","9",12.5,10
"exon","CHH","Control","9",17.5,7
"exon","CHH","Control","9",22.5,0
"exon","CHH","Control","9",27.5,0
"exon","CHH","Control","9",32.5,0
"exon","CHH","Control","9",37.5,0
"exon","CHH","Control","9",42.5,0
"exon","CHH","Control","9",47.5,0
"exon","CHH","Control","9",52.5,0
"exon","CHH","Control","9",57.5,0
"exon","CHH","Control","9",62.5,0
"exon","CHH","Control","9",67.5,0
"exon","CHH","Control","9",72.5,0
"exon","CHH","Control","9",77.5,0
"exon","CHH","Control","9",82.5,0
"exon","CHH","Control","9",87.5,0
"exon","CHH","Control","9",92.5,0
"exon","CHH","Control","9",97.5,0
"exon","CHH","Control","13",2.5,8221
"exon","CHH","Control","13",7.5,172
"exon","CHH","Control","13",12.5,4
"exon","CHH","Control","13",17.5,10
"exon","CHH","Control","13",22.5,0
"exon","CHH","Control","13",27.5,0
"exon","CHH","Control","13",32.5,1
"exon","CHH","Control","13",37.5,0
"exon","CHH","Control","13",42.5,0
"exon","CHH","Control","13",47.5,0
"exon","CHH","Control","13",52.5,0
"exon","CHH","Control","13",57.5,0
"exon","CHH","Control","13",62.5,0
"exon","CHH","Control","13",67.5,0
"exon","CHH","Control","13",72.5,0
"exon","CHH","Control","13",77.5,0
"exon","CHH","Control","13",82.5,0
"exon","CHH","Control","13",87.5,0
"exon","CHH","Control","13",92.5,0
"exon","CHH","Control","13",97.5,0
"exon","CHH","Control","15",2.5,0
"exon","CHH","Control","15",7.5,0
"exon","CHH","Control","15",12.5,0
"exon","CHH","Control","15",17.5,0
"exon","CHH","Control","15",22.5,0
"exon","CHH","Control","15",27.5,0
"exon","CHH","Control","15",32.5,0
"exon","CHH","Control","15",37.5,0
"exon","CHH","Control","15",42.5,0
"exon","CHH","Control","15",47.5,0
"exon","CHH","Control","15",52.5,0
"exon","CHH","Control","15",57.5,0
"exon","CHH","Control","15",62.5,0
"exon","CHH","Control","15",67.5,0
"exon","CHH","Control","15",72.5,0
"exon","CHH","Control","15",77.5,0
"exon","CHH","Control","15",82.5,0
"exon","CHH","Control","15",87.5,0
"exon","CHH","Control","15",92.5,0
"exon","CHH","Control","15",97.5,0
"exon","CHH","Control","16",2.5,4388
"exon","CHH","Control","16",7.5,66
"exon","CHH","Control","16",12.5,1
"exon","CHH","Control","16",17.5,2
"exon","CHH","Control","16",22.5,0
"exon","CHH","Control","16",27.5,0
"exon","CHH","Control","16",32.5,0
"exon","CHH","Control","16",37.5,0
"exon","CHH","Control","16",42.5,0
"exon","CHH","Control","16",47.5,0
"exon","CHH","Control","16",52.5,0
"exon","CHH","Control","16",57.5,0
"exon","CHH","Control","16",62.5,0
"exon","CHH","Control","16",67.5,0
"exon","CHH","Control","16",72.5,0
"exon","CHH","Control","16",77.5,0
"exon","CHH","Control","16",82.5,0
"exon","CHH","Control","16",87.5,0
"exon","CHH","Control","16",92.5,0
"exon","CHH","Control","16",97.5,0
"exon","CHH","Control","22",2.5,0
"exon","CHH","Control","22",7.5,0
"exon","CHH","Control","22",12.5,0
"exon","CHH","Control","22",17.5,0
"exon","CHH","Control","22",22.5,0
"exon","CHH","Control","22",27.5,0
"exon","CHH","Control","22",32.5,0
"exon","CHH","Control","22",37.5,0
"exon","CHH","Control","22",42.5,0
"exon","CHH","Control","22",47.5,0
"exon","CHH","Control","22",52.5,0
"exon","CHH","Control","22",57.5,0
"exon","CHH","Control","22",62.5,0
"exon","CHH","Control","22",67.5,0
"exon","CHH","Control","22",72.5,0
"exon","CHH","Control","22",77.5,0
"exon","CHH","Control","22",82.5,0
"exon","CHH","Control","22",87.5,0
"exon","CHH","Control","22",92.5,0
"exon","CHH","Control","22",97.5,0
"exon","CHH","Control","27",2.5,0
"exon","CHH","Control","27",7.5,0
"exon","CHH","Control","27",12.5,0
"exon","CHH","Control","27",17.5,0
"exon","CHH","Control","27",22.5,0
"exon","CHH","Control","27",27.5,0
"exon","CHH","Control","27",32.5,0
"exon","CHH","Control","27",37.5,0
"exon","CHH","Control","27",42.5,0
"exon","CHH","Control","27",47.5,0
"exon","CHH","Control","27",52.5,0
"exon","CHH","Control","27",57.5,0
"exon","CHH","Control","27",62.5,0
"exon","CHH","Control","27",67.5,0
"exon","CHH","Control","27",72.5,0
"exon","CHH","Control","27",77.5,0
"exon","CHH","Control","27",82.5,0
"exon","CHH","Control","27",87.5,0
"exon","CHH","Control","27",92.5,0
"exon","CHH","Control","27",97.5,0
"exon","CHH","Treatment","9",2.5,0
"exon","CHH","Treatment","9",7.5,0
"exon","CHH","Treatment","9",12.5,0
"exon","CHH","Treatment","9",17.5,0
"exon","CHH","Treatment","9",22.5,0
"exon","CHH","Treatment","9",27.5,0
"exon","CHH","Treatment","9",32.5,0
"exon","CHH","Treatment","9",37.5,0
"exon","CHH","Treatment","9",42.5,0
"exon","CHH","Treatment","9",47.5,0
"exon","CHH","Treatment","9",52.5,0
"exon","CHH","Treatment","9",57.5,0
"exon","CHH","Treatment","9",62.5,0
"exon","CHH","Treatment","9",67.5,0
"exon","CHH","Treatment","9",72.5,0
"exon","CHH","Treatment","9",77.5,0
"exon","CHH","Treatment","9",82.5,0
"exon","CHH","Treatment","9",87.5,0
"exon","CHH","Treatment","9",92.5,0
"exon","CHH","Treatment","9",97.5,0
"exon","CHH","Treatment","13",2.5,0
"exon","CHH","Treatment","13",7.5,0
"exon","CHH","Treatment","13",12.5,0
"exon","CHH","Treatment","13",17.5,0
"exon","CHH","Treatment","13",22.5,0
"exon","CHH","Treatment","13",27.5,0
"exon","CHH","Treatment","13",32.5,0
"exon","CHH","Treatment","13",37.5,0
"exon","CHH","Treatment","13",42.5,0
"exon","CHH","Treatment","13",47.5,0
"exon","CHH","Treatment","13",52.5,0
"exon","CHH","Treatment","13",57.5,0
"exon","CHH","Treatment","13",62.5,0
"exon","CHH","Treatment","13",67.5,0
"exon","CHH","Treatment","13",72.5,0
"exon","CHH","Treatment","13",77.5,0
"exon","CHH","Treatment","13",82.5,0
"exon","CHH","Treatment","13",87.5,0
"exon","CHH","Treatment","13",92.5,0
"exon","CHH","Treatment","13",97.5,0
"exon","CHH","Treatment","15",2.5,6108
"exon","CHH","Treatment","15",7.5,129
"exon","CHH","Treatment","15",12.5,2
"exon","CHH","Treatment","15",17.5,1
"exon","CHH","Treatment","15",22.5,0
"exon","CHH","Treatment","15",27.5,0
"exon","CHH","Treatment","15",32.5,0
"exon","CHH","Treatment","15",37.5,0
"exon","CHH","Treatment","15",42.5,0
"exon","CHH","Treatment","15",47.5,0
"exon","CHH","Treatment","15",52.5,0
"exon","CHH","Treatment","15",57.5,0
"exon","CHH","Treatment","15",62.5,0
"exon","CHH","Treatment","15",67.5,0
"exon","CHH","Treatment","15",72.5,0
"exon","CHH","Treatment","15",77.5,0
"exon","CHH","Treatment","15",82.5,0
"exon","CHH","Treatment","15",87.5,0
"exon","CHH","Treatment","15",92.5,0
"exon","CHH","Treatment","15",97.5,0
"exon","CHH","Treatment","16",2.5,0
"exon","CHH","Treatment","16",7.5,0
"exon","CHH","Treatment","16",12.5,0
"exon","CHH","Treatment","16",17.5,0
"exon","CHH","Treatment","16",22.5,0
"exon","CHH","Treatment","16",27.5,0
"exon","CHH","Treatment","16",32.5,0
"exon","CHH","Treatment","16",37.5,0
"exon","CHH","Treatment","16",42.5,0
"exon","CHH","Treatment","16",47.5,0
"exon","CHH","Treatment","16",52.5,0
"exon","CHH","Treatment","16",57.5,0
"exon","CHH","Treatment","16",62.5,0
"exon","CHH","Treatment","16",67.5,0
"exon","CHH","Treatment","16",72.5,0
"exon","CHH","Treatment","16",77.5,0
"exon","CHH","Treatment","16",82.5,0
"exon","CHH","Treatment","16",87.5,0
"exon","CHH","Treatment","16",92.5,0
"exon","CHH","Treatment","16",97.5,0
"exon","CHH","Treatment","22",2.5,2807
"exon","CHH","Treatment","22",7.5,48
"exon","CHH","Treatment","22",12.5,0
"exon","CHH","Treatment","22",17.5,0
"exon","CHH","Treatment","22",22.5,0
"exon","CHH","Treatment","22",27.5,0
"exon","CHH","Treatment","22",32.5,0
"exon","CHH","Treatment","22",37.5,0
"exon","CHH","Treatment","22",42.5,0
"exon","CHH","Treatment","22",47.5,0
"exon","CHH","Treatment","22",52.5,0
"exon","CHH","Treatment","22",57.5,0
"exon","CHH","Treatment","22",62.5,0
"exon","CHH","Treatment","22",67.5,0
"exon","CHH","Treatment","22",72.5,0
"exon","CHH","Treatment","22",77.5,0
"exon","CHH","Treatment","22",82.5,0
"exon","CHH","Treatment","22",87.5,0
"exon","CHH","Treatment","22",92.5,0
"exon","CHH","Treatment","22",97.5,0
"exon","CHH","Treatment","27",2.5,2573
"exon","CHH","Treatment","27",7.5,66
"exon","CHH","Treatment","27",12.5,0
"exon","CHH","Treatment","27",17.5,1
"exon","CHH","Treatment","27",22.5,0
"exon","CHH","Treatment","27",27.5,0
"exon","CHH","Treatment","27",32.5,0
"exon","CHH","Treatment","27",37.5,0
"exon","CHH","Treatment","27",42.5,0
"exon","CHH","Treatment","27",47.5,0
"exon","CHH","Treatment","27",52.5,0
"exon","CHH","Treatment","27",57.5,0
"exon","CHH","Treatment","27",62.5,0
"exon","CHH","Treatment","27",67.5,0
"exon","CHH","Treatment","27",72.5,0
"exon","CHH","Treatment","27",77.5,0
"exon","CHH","Treatment","27",82.5,0
"exon","CHH","Treatment","27",87.5,0
"exon","CHH","Treatment","27",92.5,0
"exon","CHH","Treatment","27",97.5,0
"five_prime_UTR","CpG","Control","9",2.5,282
"five_prime_UTR","CpG","Control","9",7.5,3
"five_prime_UTR","CpG","Control","9",12.5,0
"five_prime_UTR","CpG","Control","9",17.5,4
"five_prime_UTR","CpG","Control","9",22.5,1
"five_prime_UTR","CpG","Control","9",27.5,1
"five_prime_UTR","CpG","Control","9",32.5,0
"five_prime_UTR","CpG","Control","9",37.5,0
"five_prime_UTR","CpG","Control","9",42.5,0
"five_prime_UTR","CpG","Control","9",47.5,1
"five_prime_UTR","CpG","Control","9",52.5,0
"five_prime_UTR","CpG","Control","9",57.5,0
"five_prime_UTR","CpG","Control","9",62.5,0
"five_prime_UTR","CpG","Control","9",67.5,0
"five_prime_UTR","CpG","Control","9",72.5,0
"five_prime_UTR","CpG","Control","9",77.5,0
"five_prime_UTR","CpG","Control","9",82.5,0
"five_prime_UTR","CpG","Control","9",87.5,0
"five_prime_UTR","CpG","Control","9",92.5,3
"five_prime_UTR","CpG","Control","9",97.5,1
"five_prime_UTR","CpG","Control","13",2.5,272
"five_prime_UTR","CpG","Control","13",7.5,6
"five_prime_UTR","CpG","Control","13",12.5,1
"five_prime_UTR","CpG","Control","13",17.5,1
"five_prime_UTR","CpG","Control","13",22.5,0
"five_prime_UTR","CpG","Control","13",27.5,2
"five_prime_UTR","CpG","Control","13",32.5,0
"five_prime_UTR","CpG","Control","13",37.5,2
"five_prime_UTR","CpG","Control","13",42.5,1
"five_prime_UTR","CpG","Control","13",47.5,2
"five_prime_UTR","CpG","Control","13",52.5,0
"five_prime_UTR","CpG","Control","13",57.5,0
"five_prime_UTR","CpG","Control","13",62.5,0
"five_prime_UTR","CpG","Control","13",67.5,1
"five_prime_UTR","CpG","Control","13",72.5,0
"five_prime_UTR","CpG","Control","13",77.5,0
"five_prime_UTR","CpG","Control","13",82.5,0
"five_prime_UTR","CpG","Control","13",87.5,0
"five_prime_UTR","CpG","Control","13",92.5,0
"five_prime_UTR","CpG","Control","13",97.5,4
"five_prime_UTR","CpG","Control","15",2.5,0
"five_prime_UTR","CpG","Control","15",7.5,0
"five_prime_UTR","CpG","Control","15",12.5,0
"five_prime_UTR","CpG","Control","15",17.5,0
"five_prime_UTR","CpG","Control","15",22.5,0
"five_prime_UTR","CpG","Control","15",27.5,0
"five_prime_UTR","CpG","Control","15",32.5,0
"five_prime_UTR","CpG","Control","15",37.5,0
"five_prime_UTR","CpG","Control","15",42.5,0
"five_prime_UTR","CpG","Control","15",47.5,0
"five_prime_UTR","CpG","Control","15",52.5,0
"five_prime_UTR","CpG","Control","15",57.5,0
"five_prime_UTR","CpG","Control","15",62.5,0
"five_prime_UTR","CpG","Control","15",67.5,0
"five_prime_UTR","CpG","Control","15",72.5,0
"five_prime_UTR","CpG","Control","15",77.5,0
"five_prime_UTR","CpG","Control","15",82.5,0
"five_prime_UTR","CpG","Control","15",87.5,0
"five_prime_UTR","CpG","Control","15",92.5,0
"five_prime_UTR","CpG","Control","15",97.5,0
"five_prime_UTR","CpG","Control","16",2.5,138
"five_prime_UTR","CpG","Control","16",7.5,2
"five_prime_UTR","CpG","Control","16",12.5,0
"five_prime_UTR","CpG","Control","16",17.5,2
"five_prime_UTR","CpG","Control","16",22.5,3
"five_prime_UTR","CpG","Control","16",27.5,1
"five_prime_UTR","CpG","Control","16",32.5,1
"five_prime_UTR","CpG","Control","16",37.5,0
"five_prime_UTR","CpG","Control","16",42.5,0
"five_prime_UTR","CpG","Control","16",47.5,0
"five_prime_UTR","CpG","Control","16",52.5,0
"five_prime_UTR","CpG","Control","16",57.5,1
"five_prime_UTR","CpG","Control","16",62.5,0
"five_prime_UTR","CpG","Control","16",67.5,0
"five_prime_UTR","CpG","Control","16",72.5,0
"five_prime_UTR","CpG","Control","16",77.5,0
"five_prime_UTR","CpG","Control","16",82.5,0
"five_prime_UTR","CpG","Control","16",87.5,0
"five_prime_UTR","CpG","Control","16",92.5,0
"five_prime_UTR","CpG","Control","16",97.5,3
"five_prime_UTR","CpG","Control","22",2.5,0
"five_prime_UTR","CpG","Control","22",7.5,0
"five_prime_UTR","CpG","Control","22",12.5,0
"five_prime_UTR","CpG","Control","22",17.5,0
"five_prime_UTR","CpG","Control","22",22.5,0
"five_prime_UTR","CpG","Control","22",27.5,0
"five_prime_UTR","CpG","Control","22",32.5,0
"five_prime_UTR","CpG","Control","22",37.5,0
"five_prime_UTR","CpG","Control","22",42.5,0
"five_prime_UTR","CpG","Control","22",47.5,0
"five_prime_UTR","CpG","Control","22",52.5,0
"five_prime_UTR","CpG","Control","22",57.5,0
"five_prime_UTR","CpG","Control","22",62.5,0
"five_prime_UTR","CpG","Control","22",67.5,0
"five_prime_UTR","CpG","Control","22",72.5,0
"five_prime_UTR","CpG","Control","22",77.5,0
"five_prime_UTR","CpG","Control","22",82.5,0
"five_prime_UTR","CpG","Control","22",87.5,0
"five_prime_UTR","CpG","Control","22",92.5,0
"five_prime_UTR","CpG","Control","22",97.5,0
"five_prime_UTR","CpG","Control","27",2.5,0
"five_prime_UTR","CpG","Control","27",7.5,0
"five_prime_UTR","CpG","Control","27",12.5,0
"five_prime_UTR","CpG","Control","27",17.5,0
"five_prime_UTR","CpG","Control","27",22.5,0
"five_prime_UTR","CpG","Control","27",27.5,0
"five_prime_UTR","CpG","Control","27",32.5,0
"five_prime_UTR","CpG","Control","27",37.5,0
"five_prime_UTR","CpG","Control","27",42.5,0
"five_prime_UTR","CpG","Control","27",47.5,0
"five_prime_UTR","CpG","Control","27",52.5,0
"five_prime_UTR","CpG","Control","27",57.5,0
"five_prime_UTR","CpG","Control","27",62.5,0
"five_prime_UTR","CpG","Control","27",67.5,0
"five_prime_UTR","CpG","Control","27",72.5,0
"five_prime_UTR","CpG","Control","27",77.5,0
"five_prime_UTR","CpG","Control","27",82.5,0
"five_prime_UTR","CpG","Control","27",87.5,0
"five_prime_UTR","CpG","Control","27",92.5,0
"five_prime_UTR","CpG","Control","27",97.5,0
"five_prime_UTR","CpG","Treatment","9",2.5,0
"five_prime_UTR","CpG","Treatment","9",7.5,0
"five_prime_UTR","CpG","Treatment","9",12.5,0
"five_prime_UTR","CpG","Treatment","9",17.5,0
"five_prime_UTR","CpG","Treatment","9",22.5,0
"five_prime_UTR","CpG","Treatment","9",27.5,0
"five_prime_UTR","CpG","Treatment","9",32.5,0
"five_prime_UTR","CpG","Treatment","9",37.5,0
"five_prime_UTR","CpG","Treatment","9",42.5,0
"five_prime_UTR","CpG","Treatment","9",47.5,0
"five_prime_UTR","CpG","Treatment","9",52.5,0
"five_prime_UTR","CpG","Treatment","9",57.5,0
"five_prime_UTR","CpG","Treatment","9",62.5,0
"five_prime_UTR","CpG","Treatment","9",67.5,0
"five_prime_UTR","CpG","Treatment","9",72.5,0
"five_prime_UTR","CpG","Treatment","9",77.5,0
"five_prime_UTR","CpG","Treatment","9",82.5,0
"five_prime_UTR","CpG","Treatment","9",87.5,0
"five_prime_UTR","CpG","Treatment","9",92.5,0
"five_prime_UTR","CpG","Treatment","9",97.5,0
"five_prime_UTR","CpG","Treatment","13",2.5,0
"five_prime_UTR","CpG","Treatment","13",7.5,0
"five_prime_UTR","CpG","Treatment","13",12.5,0
"five_prime_UTR","CpG","Treatment","13",17.5,0
"five_prime_UTR","CpG","Treatment","13",22.5,0
"five_prime_UTR","CpG","Treatment","13",27.5,0
"five_prime_UTR","CpG","Treatment","13",32.5,0
"five_prime_UTR","CpG","Treatment","13",37.5,0
"five_prime_UTR","CpG","Treatment","13",42.5,0
"five_prime_UTR","CpG","Treatment","13",47.5,0
"five_prime_UTR","CpG","Treatment","13",52.5,0
"five_prime_UTR","CpG","Treatment","13",57.5,0
"five_prime_UTR","CpG","Treatment","13",62.5,0
"five_prime_UTR","CpG","Treatment","13",67.5,0
"five_prime_UTR","CpG","Treatment","13",72.5,0
"five_prime_UTR","CpG","Treatment","13",77.5,0
"five_prime_UTR","CpG","Treatment","13",82.5,0
"five_prime_UTR","CpG","Treatment","13",87.5,0
"five_prime_UTR","CpG","Treatment","13",92.5,0
"five_prime_UTR","CpG","Treatment","13",97.5,0
"five_prime_UTR","CpG","Treatment","15",2.5,170
"five_prime_UTR","CpG","Treatment","15",7.5,7
"five_prime_UTR","CpG","Treatment","15",12.5,0
"five_prime_UTR","CpG","Treatment","15",17.5,0
"five_prime_UTR","CpG","Treatment","15",22.5,0
"five_prime_UTR","CpG","Treatment","15",27.5,0
"five_prime_UTR","CpG","Treatment","15",32.5,1
"five_prime_UTR","CpG","Treatment","15",37.5,0
"five_prime_UTR","CpG","Treatment","15",42.5,1
"five_prime_UTR","CpG","Treatment","15",47.5,3
"five_prime_UTR","CpG","Treatment","15",52.5,0
"five_prime_UTR","CpG","Treatment","15",57.5,0
"five_prime_UTR","CpG","Treatment","15",62.5,0
"five_prime_UTR","CpG","Treatment","15",67.5,0
"five_prime_UTR","CpG","Treatment","15",72.5,0
"five_prime_UTR","CpG","Treatment","15",77.5,0
"five_prime_UTR","CpG","Treatment","15",82.5,0
"five_prime_UTR","CpG","Treatment","15",87.5,0
"five_prime_UTR","CpG","Treatment","15",92.5,1
"five_prime_UTR","CpG","Treatment","15",97.5,3
"five_prime_UTR","CpG","Treatment","16",2.5,0
"five_prime_UTR","CpG","Treatment","16",7.5,0
"five_prime_UTR","CpG","Treatment","16",12.5,0
"five_prime_UTR","CpG","Treatment","16",17.5,0
"five_prime_UTR","CpG","Treatment","16",22.5,0
"five_prime_UTR","CpG","Treatment","16",27.5,0
"five_prime_UTR","CpG","Treatment","16",32.5,0
"five_prime_UTR","CpG","Treatment","16",37.5,0
"five_prime_UTR","CpG","Treatment","16",42.5,0
"five_prime_UTR","CpG","Treatment","16",47.5,0
"five_prime_UTR","CpG","Treatment","16",52.5,0
"five_prime_UTR","CpG","Treatment","16",57.5,0
"five_prime_UTR","CpG","Treatment","16",62.5,0
"five_prime_UTR","CpG","Treatment","16",67.5,0
"five_prime_UTR","CpG","Treatment","16",72.5,0
"five_prime_UTR","CpG","Treatment","16",77.5,0
"five_prime_UTR","CpG","Treatment","16",82.5,0
"five_prime_UTR","CpG","Treatment","16",87.5,0
"five_prime_UTR","CpG","Treatment","16",92.5,0
"five_prime_UTR","CpG","Treatment","16",97.5,0
"five_prime_UTR","CpG","Treatment","22",2.5,80
"five_prime_UTR","CpG","Treatment","22",7.5,1
"five_prime_UTR","CpG","Treatment","22",12.5,0
"five_prime_UTR","CpG","Treatment","22",17.5,1
"five_prime_UTR","CpG","Treatment","22",22.5,0
"five_prime_UTR","CpG","Treatment","22",27.5,1
"five_prime_UTR","CpG","Treatment","22",32.5,1
"five_prime_UTR","CpG","Treatment","22",37.5,0
"five_prime_UTR","CpG","Treatment","22",42.5,0
"five_prime_UTR","CpG","Treatment","22",47.5,1
"five_prime_UTR","CpG","Treatment","22",52.5,0
"five_prime_UTR","CpG","Treatment","22",57.5,0
"five_prime_UTR","CpG","Treatment","22",62.5,1
"five_prime_UTR","CpG","Treatment","22",67.5,0
"five_prime_UTR","CpG","Treatment","22",72.5,0
"five_prime_UTR","CpG","Treatment","22",77.5,0
"five_prime_UTR","CpG","Treatment","22",82.5,0
"five_prime_UTR","CpG","Treatment","22",87.5,0
"five_prime_UTR","CpG","Treatment","22",92.5,0
"five_prime_UTR","CpG","Treatment","22",97.5,3
"five_prime_UTR","CpG","Treatment","27",2.5,71
"five_prime_UTR","CpG","Treatment","27",7.5,2
"five_prime_UTR","CpG","Treatment","27",12.5,0
"five_prime_UTR","CpG","Treatment","27",17.5,0
"five_prime_UTR","CpG","Treatment","27",22.5,0
"five_prime_UTR","CpG","Treatment","27",27.5,0
"five_prime_UTR","CpG","Treatment","27",32.5,0
"five_prime_UTR","CpG","Treatment","27",37.5,0
"five_prime_UTR","CpG","Treatment","27",42.5,0
"five_prime_UTR","CpG","Treatment","27",47.5,0
"five_prime_UTR","CpG","Treatment","27",52.5,0
"five_prime_UTR","CpG","Treatment","27",57.5,1
"five_prime_UTR","CpG","Treatment","27",62.5,0
"five_prime_UTR","CpG","Treatment","27",67.5,0
"five_prime_UTR","CpG","Treatment","27",72.5,0
"five_prime_UTR","CpG","Treatment","27",77.5,0
"five_prime_UTR","CpG","Treatment","27",82.5,0
"five_prime_UTR","CpG","Treatment","27",87.5,0
"five_prime_UTR","CpG","Treatment","27",92.5,0
"five_prime_UTR","CpG","Treatment","27",97.5,2
"five_prime_UTR","CHG","Control","9",2.5,279
"five_prime_UTR","CHG","Control","9",7.5,0
"five_prime_UTR","CHG","Control","9",12.5,0
"five_prime_UTR","CHG","Control","9",17.5,2
"five_prime_UTR","CHG","Control","9",22.5,0
"five_prime_UTR","CHG","Control","9",27.5,0
"five_prime_UTR","CHG","Control","9",32.5,0
"five_prime_UTR","CHG","Control","9",37.5,0
"five_prime_UTR","CHG","Control","9",42.5,0
"five_prime_UTR","CHG","Control","9",47.5,0
"five_prime_UTR","CHG","Control","9",52.5,0
"five_prime_UTR","CHG","Control","9",57.5,0
"five_prime_UTR","CHG","Control","9",62.5,0
"five_prime_UTR","CHG","Control","9",67.5,0
"five_prime_UTR","CHG","Control","9",72.5,0
"five_prime_UTR","CHG","Control","9",77.5,0
"five_prime_UTR","CHG","Control","9",82.5,0
"five_prime_UTR","CHG","Control","9",87.5,0
"five_prime_UTR","CHG","Control","9",92.5,0
"five_prime_UTR","CHG","Control","9",97.5,0
"five_prime_UTR","CHG","Control","13",2.5,299
"five_prime_UTR","CHG","Control","13",7.5,8
"five_prime_UTR","CHG","Control","13",12.5,0
"five_prime_UTR","CHG","Control","13",17.5,1
"five_prime_UTR","CHG","Control","13",22.5,0
"five_prime_UTR","CHG","Control","13",27.5,0
"five_prime_UTR","CHG","Control","13",32.5,0
"five_prime_UTR","CHG","Control","13",37.5,0
"five_prime_UTR","CHG","Control","13",42.5,0
"five_prime_UTR","CHG","Control","13",47.5,0
"five_prime_UTR","CHG","Control","13",52.5,0
"five_prime_UTR","CHG","Control","13",57.5,0
"five_prime_UTR","CHG","Control","13",62.5,0
"five_prime_UTR","CHG","Control","13",67.5,0
"five_prime_UTR","CHG","Control","13",72.5,0
"five_prime_UTR","CHG","Control","13",77.5,0
"five_prime_UTR","CHG","Control","13",82.5,0
"five_prime_UTR","CHG","Control","13",87.5,0
"five_prime_UTR","CHG","Control","13",92.5,0
"five_prime_UTR","CHG","Control","13",97.5,0
"five_prime_UTR","CHG","Control","15",2.5,0
"five_prime_UTR","CHG","Control","15",7.5,0
"five_prime_UTR","CHG","Control","15",12.5,0
"five_prime_UTR","CHG","Control","15",17.5,0
"five_prime_UTR","CHG","Control","15",22.5,0
"five_prime_UTR","CHG","Control","15",27.5,0
"five_prime_UTR","CHG","Control","15",32.5,0
"five_prime_UTR","CHG","Control","15",37.5,0
"five_prime_UTR","CHG","Control","15",42.5,0
"five_prime_UTR","CHG","Control","15",47.5,0
"five_prime_UTR","CHG","Control","15",52.5,0
"five_prime_UTR","CHG","Control","15",57.5,0
"five_prime_UTR","CHG","Control","15",62.5,0
"five_prime_UTR","CHG","Control","15",67.5,0
"five_prime_UTR","CHG","Control","15",72.5,0
"five_prime_UTR","CHG","Control","15",77.5,0
"five_prime_UTR","CHG","Control","15",82.5,0
"five_prime_UTR","CHG","Control","15",87.5,0
"five_prime_UTR","CHG","Control","15",92.5,0
"five_prime_UTR","CHG","Control","15",97.5,0
"five_prime_UTR","CHG","Control","16",2.5,145
"five_prime_UTR","CHG","Control","16",7.5,2
"five_prime_UTR","CHG","Control","16",12.5,0
"five_prime_UTR","CHG","Control","16",17.5,0
"five_prime_UTR","CHG","Control","16",22.5,0
"five_prime_UTR","CHG","Control","16",27.5,0
"five_prime_UTR","CHG","Control","16",32.5,0
"five_prime_UTR","CHG","Control","16",37.5,0
"five_prime_UTR","CHG","Control","16",42.5,0
"five_prime_UTR","CHG","Control","16",47.5,0
"five_prime_UTR","CHG","Control","16",52.5,0
"five_prime_UTR","CHG","Control","16",57.5,0
"five_prime_UTR","CHG","Control","16",62.5,0
"five_prime_UTR","CHG","Control","16",67.5,0
"five_prime_UTR","CHG","Control","16",72.5,0
"five_prime_UTR","CHG","Control","16",77.5,0
"five_prime_UTR","CHG","Control","16",82.5,0
"five_prime_UTR","CHG","Control","16",87.5,0
"five_prime_UTR","CHG","Control","16",92.5,0
"five_prime_UTR","CHG","Control","16",97.5,0
"five_prime_UTR","CHG","Control","22",2.5,0
"five_prime_UTR","CHG","Control","22",7.5,0
"five_prime_UTR","CHG","Control","22",12.5,0
"five_prime_UTR","CHG","Control","22",17.5,0
"five_prime_UTR","CHG","Control","22",22.5,0
"five_prime_UTR","CHG","Control","22",27.5,0
"five_prime_UTR","CHG","Control","22",32.5,0
"five_prime_UTR","CHG","Control","22",37.5,0
"five_prime_UTR","CHG","Control","22",42.5,0
"five_prime_UTR","CHG","Control","22",47.5,0
"five_prime_UTR","CHG","Control","22",52.5,0
"five_prime_UTR","CHG","Control","22",57.5,0
"five_prime_UTR","CHG","Control","22",62.5,0
"five_prime_UTR","CHG","Control","22",67.5,0
"five_prime_UTR","CHG","Control","22",72.5,0
"five_prime_UTR","CHG","Control","22",77.5,0
"five_prime_UTR","CHG","Control","22",82.5,0
"five_prime_UTR","CHG","Control","22",87.5,0
"five_prime_UTR","CHG","Control","22",92.5,0
"five_prime_UTR","CHG","Control","22",97.5,0
"five_prime_UTR","CHG","Control","27",2.5,0
"five_prime_UTR","CHG","Control","27",7.5,0
"five_prime_UTR","CHG","Control","27",12.5,0
"five_prime_UTR","CHG","Control","27",17.5,0
"five_prime_UTR","CHG","Control","27",22.5,0
"five_prime_UTR","CHG","Control","27",27.5,0
"five_prime_UTR","CHG","Control","27",32.5,0
"five_prime_UTR","CHG","Control","27",37.5,0
"five_prime_UTR","CHG","Control","27",42.5,0
"five_prime_UTR","CHG","Control","27",47.5,0
"five_prime_UTR","CHG","Control","27",52.5,0
"five_prime_UTR","CHG","Control","27",57.5,0
"five_prime_UTR","CHG","Control","27",62.5,0
"five_prime_UTR","CHG","Control","27",67.5,0
"five_prime_UTR","CHG","Control","27",72.5,0
"five_prime_UTR","CHG","Control","27",77.5,0
"five_prime_UTR","CHG","Control","27",82.5,0
"five_prime_UTR","CHG","Control","27",87.5,0
"five_prime_UTR","CHG","Control","27",92.5,0
"five_prime_UTR","CHG","Control","27",97.5,0
"five_prime_UTR","CHG","Treatment","9",2.5,0
"five_prime_UTR","CHG","Treatment","9",7.5,0
"five_prime_UTR","CHG","Treatment","9",12.5,0
"five_prime_UTR","CHG","Treatment","9",17.5,0
"five_prime_UTR","CHG","Treatment","9",22.5,0
"five_prime_UTR","CHG","Treatment","9",27.5,0
"five_prime_UTR","CHG","Treatment","9",32.5,0
"five_prime_UTR","CHG","Treatment","9",37.5,0
"five_prime_UTR","CHG","Treatment","9",42.5,0
"five_prime_UTR","CHG","Treatment","9",47.5,0
"five_prime_UTR","CHG","Treatment","9",52.5,0
"five_prime_UTR","CHG","Treatment","9",57.5,0
"five_prime_UTR","CHG","Treatment","9",62.5,0
"five_prime_UTR","CHG","Treatment","9",67.5,0
"five_prime_UTR","CHG","Treatment","9",72.5,0
"five_prime_UTR","CHG","Treatment","9",77.5,0
"five_prime_UTR","CHG","Treatment","9",82.5,0
"five_prime_UTR","CHG","Treatment","9",87.5,0
"five_prime_UTR","CHG","Treatment","9",92.5,0
"five_prime_UTR","CHG","Treatment","9",97.5,0
"five_prime_UTR","CHG","Treatment","13",2.5,0
"five_prime_UTR","CHG","Treatment","13",7.5,0
"five_prime_UTR","CHG","Treatment","13",12.5,0
"five_prime_UTR","CHG","Treatment","13",17.5,0
"five_prime_UTR","CHG","Treatment","13",22.5,0
"five_prime_UTR","CHG","Treatment","13",27.5,0
"five_prime_UTR","CHG","Treatment","13",32.5,0
"five_prime_UTR","CHG","Treatment","13",37.5,0
"five_prime_UTR","CHG","Treatment","13",42.5,0
"five_prime_UTR","CHG","Treatment","13",47.5,0
"five_prime_UTR","CHG","Treatment","13",52.5,0
"five_prime_UTR","CHG","Treatment","13",57.5,0
"five_prime_UTR","CHG","Treatment","13",62.5,0
"five_prime_UTR","CHG","Treatment","13",67.5,0
"five_prime_UTR","CHG","Treatment","13",72.5,0
"five_prime_UTR","CHG","Treatment","13",77.5,0
"five_prime_UTR","CHG","Treatment","13",82.5,0
"five_prime_UTR","CHG","Treatment","13",87.5,0
"five_prime_UTR","CHG","Treatment","13",92.5,0
"five_prime_UTR","CHG","Treatment","13",97.5,0
"five_prime_UTR","CHG","Treatment","15",2.5,169
"five_prime_UTR","CHG","Treatment","15",7.5,2
"five_prime_UTR","CHG","Treatment","15",12.5,0
"five_prime_UTR","CHG","Treatment","15",17.5,0
"five_prime_UTR","CHG","Treatment","15",22.5,0
"five_prime_UTR","CHG","Treatment","15",27.5,0
"five_prime_UTR","CHG","Treatment","15",32.5,0
"five_prime_UTR","CHG","Treatment","15",37.5,0
"five_prime_UTR","CHG","Treatment","15",42.5,0
"five_prime_UTR","CHG","Treatment","15",47.5,0
"five_prime_UTR","CHG","Treatment","15",52.5,0
"five_prime_UTR","CHG","Treatment","15",57.5,0
"five_prime_UTR","CHG","Treatment","15",62.5,0
"five_prime_UTR","CHG","Treatment","15",67.5,0
"five_prime_UTR","CHG","Treatment","15",72.5,0
"five_prime_UTR","CHG","Treatment","15",77.5,0
"five_prime_UTR","CHG","Treatment","15",82.5,0
"five_prime_UTR","CHG","Treatment","15",87.5,0
"five_prime_UTR","CHG","Treatment","15",92.5,0
"five_prime_UTR","CHG","Treatment","15",97.5,0
"five_prime_UTR","CHG","Treatment","16",2.5,0
"five_prime_UTR","CHG","Treatment","16",7.5,0
"five_prime_UTR","CHG","Treatment","16",12.5,0
"five_prime_UTR","CHG","Treatment","16",17.5,0
"five_prime_UTR","CHG","Treatment","16",22.5,0
"five_prime_UTR","CHG","Treatment","16",27.5,0
"five_prime_UTR","CHG","Treatment","16",32.5,0
"five_prime_UTR","CHG","Treatment","16",37.5,0
"five_prime_UTR","CHG","Treatment","16",42.5,0
"five_prime_UTR","CHG","Treatment","16",47.5,0
"five_prime_UTR","CHG","Treatment","16",52.5,0
"five_prime_UTR","CHG","Treatment","16",57.5,0
"five_prime_UTR","CHG","Treatment","16",62.5,0
"five_prime_UTR","CHG","Treatment","16",67.5,0
"five_prime_UTR","CHG","Treatment","16",72.5,0
"five_prime_UTR","CHG","Treatment","16",77.5,0
"five_prime_UTR","CHG","Treatment","16",82.5,0
"five_prime_UTR","CHG","Treatment","16",87.5,0
"five_prime_UTR","CHG","Treatment","16",92.5,0
"five_prime_UTR","CHG","Treatment","16",97.5,0
"five_prime_UTR","CHG","Treatment","22",2.5,88
"five_prime_UTR","CHG","Treatment","22",7.5,1
"five_prime_UTR","CHG","Treatment","22",12.5,0
"five_prime_UTR","CHG","Treatment","22",17.5,0
"five_prime_UTR","CHG","Treatment","22",22.5,0
"five_prime_UTR","CHG","Treatment","22",27.5,0
"five_prime_UTR","CHG","Treatment","22",32.5,0
"five_prime_UTR","CHG","Treatment","22",37.5,0
"five_prime_UTR","CHG","Treatment","22",42.5,0
"five_prime_UTR","CHG","Treatment","22",47.5,0
"five_prime_UTR","CHG","Treatment","22",52.5,0
"five_prime_UTR","CHG","Treatment","22",57.5,0
"five_prime_UTR","CHG","Treatment","22",62.5,0
"five_prime_UTR","CHG","Treatment","22",67.5,0
"five_prime_UTR","CHG","Treatment","22",72.5,0
"five_prime_UTR","CHG","Treatment","22",77.5,0
"five_prime_UTR","CHG","Treatment","22",82.5,0
"five_prime_UTR","CHG","Treatment","22",87.5,0
"five_prime_UTR","CHG","Treatment","22",92.5,0
"five_prime_UTR","CHG","Treatment","22",97.5,0
"five_prime_UTR","CHG","Treatment","27",2.5,76
"five_prime_UTR","CHG","Treatment","27",7.5,3
"five_prime_UTR","CHG","Treatment","27",12.5,0
"five_prime_UTR","CHG","Treatment","27",17.5,0
"five_prime_UTR","CHG","Treatment","27",22.5,0
"five_prime_UTR","CHG","Treatment","27",27.5,0
"five_prime_UTR","CHG","Treatment","27",32.5,0
"five_prime_UTR","CHG","Treatment","27",37.5,0
"five_prime_UTR","CHG","Treatment","27",42.5,0
"five_prime_UTR","CHG","Treatment","27",47.5,0
"five_prime_UTR","CHG","Treatment","27",52.5,0
"five_prime_UTR","CHG","Treatment","27",57.5,0
"five_prime_UTR","CHG","Treatment","27",62.5,0
"five_prime_UTR","CHG","Treatment","27",67.5,0
"five_prime_UTR","CHG","Treatment","27",72.5,0
"five_prime_UTR","CHG","Treatment","27",77.5,0
"five_prime_UTR","CHG","Treatment","27",82.5,0
"five_prime_UTR","CHG","Treatment","27",87.5,0
"five_prime_UTR","CHG","Treatment","27",92.5,0
"five_prime_UTR","CHG","Treatment","27",97.5,0
"five_prime_UTR","CHH","Control","9",2.5,404
"five_prime_UTR","CHH","Control","9",7.5,5
"five_prime_UTR","CHH","Control","9",12.5,0
"five_prime_UTR","CHH","Control","9",17.5,2
"five_prime_UTR","CHH","Control","9",22.5,0
"five_prime_UTR","CHH","Control","9",27.5,0
"five_prime_UTR","CHH","Control","9",32.5,0
"five_prime_UTR","CHH","Control","9",37.5,0
"five_prime_UTR","CHH","Control","9",42.5,0
"five_prime_UTR","CHH","Control","9",47.5,0
"five_prime_UTR","CHH","Control","9",52.5,0
"five_prime_UTR","CHH","Control","9",57.5,0
"five_prime_UTR","CHH","Control","9",62.5,0
"five_prime_UTR","CHH","Control","9",67.5,0
"five_prime_UTR","CHH","Control","9",72.5,0
"five_prime_UTR","CHH","Control","9",77.5,0
"five_prime_UTR","CHH","Control","9",82.5,0
"five_prime_UTR","CHH","Control","9",87.5,0
"five_prime_UTR","CHH","Control","9",92.5,0
"five_prime_UTR","CHH","Control","9",97.5,0
"five_prime_UTR","CHH","Control","13",2.5,404
"five_prime_UTR","CHH","Control","13",7.5,6
"five_prime_UTR","CHH","Control","13",12.5,1
"five_prime_UTR","CHH","Control","13",17.5,1
"five_prime_UTR","CHH","Control","13",22.5,0
"five_prime_UTR","CHH","Control","13",27.5,0
"five_prime_UTR","CHH","Control","13",32.5,0
"five_prime_UTR","CHH","Control","13",37.5,0
"five_prime_UTR","CHH","Control","13",42.5,0
"five_prime_UTR","CHH","Control","13",47.5,0
"five_prime_UTR","CHH","Control","13",52.5,0
"five_prime_UTR","CHH","Control","13",57.5,0
"five_prime_UTR","CHH","Control","13",62.5,0
"five_prime_UTR","CHH","Control","13",67.5,0
"five_prime_UTR","CHH","Control","13",72.5,0
"five_prime_UTR","CHH","Control","13",77.5,0
"five_prime_UTR","CHH","Control","13",82.5,0
"five_prime_UTR","CHH","Control","13",87.5,0
"five_prime_UTR","CHH","Control","13",92.5,0
"five_prime_UTR","CHH","Control","13",97.5,0
"five_prime_UTR","CHH","Control","15",2.5,0
"five_prime_UTR","CHH","Control","15",7.5,0
"five_prime_UTR","CHH","Control","15",12.5,0
"five_prime_UTR","CHH","Control","15",17.5,0
"five_prime_UTR","CHH","Control","15",22.5,0
"five_prime_UTR","CHH","Control","15",27.5,0
"five_prime_UTR","CHH","Control","15",32.5,0
"five_prime_UTR","CHH","Control","15",37.5,0
"five_prime_UTR","CHH","Control","15",42.5,0
"five_prime_UTR","CHH","Control","15",47.5,0
"five_prime_UTR","CHH","Control","15",52.5,0
"five_prime_UTR","CHH","Control","15",57.5,0
"five_prime_UTR","CHH","Control","15",62.5,0
"five_prime_UTR","CHH","Control","15",67.5,0
"five_prime_UTR","CHH","Control","15",72.5,0
"five_prime_UTR","CHH","Control","15",77.5,0
"five_prime_UTR","CHH","Control","15",82.5,0
"five_prime_UTR","CHH","Control","15",87.5,0
"five_prime_UTR","CHH","Control","15",92.5,0
"five_prime_UTR","CHH","Control","15",97.5,0
"five_prime_UTR","CHH","Control","16",2.5,205
"five_prime_UTR","CHH","Control","16",7.5,3
"five_prime_UTR","CHH","Control","16",12.5,0
"five_prime_UTR","CHH","Control","16",17.5,0
"five_prime_UTR","CHH","Control","16",22.5,0
"five_prime_UTR","CHH","Control","16",27.5,0
"five_prime_UTR","CHH","Control","16",32.5,0
"five_prime_UTR","CHH","Control","16",37.5,0
"five_prime_UTR","CHH","Control","16",42.5,0
"five_prime_UTR","CHH","Control","16",47.5,0
"five_prime_UTR","CHH","Control","16",52.5,0
"five_prime_UTR","CHH","Control","16",57.5,0
"five_prime_UTR","CHH","Control","16",62.5,0
"five_prime_UTR","CHH","Control","16",67.5,0
"five_prime_UTR","CHH","Control","16",72.5,0
"five_prime_UTR","CHH","Control","16",77.5,0
"five_prime_UTR","CHH","Control","16",82.5,0
"five_prime_UTR","CHH","Control","16",87.5,0
"five_prime_UTR","CHH","Control","16",92.5,0
"five_prime_UTR","CHH","Control","16",97.5,0
"five_prime_UTR","CHH","Control","22",2.5,0
"five_prime_UTR","CHH","Control","22",7.5,0
"five_prime_UTR","CHH","Control","22",12.5,0
"five_prime_UTR","CHH","Control","22",17.5,0
"five_prime_UTR","CHH","Control","22",22.5,0
"five_prime_UTR","CHH","Control","22",27.5,0
"five_prime_UTR","CHH","Control","22",32.5,0
"five_prime_UTR","CHH","Control","22",37.5,0
"five_prime_UTR","CHH","Control","22",42.5,0
"five_prime_UTR","CHH","Control","22",47.5,0
"five_prime_UTR","CHH","Control","22",52.5,0
"five_prime_UTR","CHH","Control","22",57.5,0
"five_prime_UTR","CHH","Control","22",62.5,0
"five_prime_UTR","CHH","Control","22",67.5,0
"five_prime_UTR","CHH","Control","22",72.5,0
"five_prime_UTR","CHH","Control","22",77.5,0
"five_prime_UTR","CHH","Control","22",82.5,0
"five_prime_UTR","CHH","Control","22",87.5,0
"five_prime_UTR","CHH","Control","22",92.5,0
"five_prime_UTR","CHH","Control","22",97.5,0
"five_prime_UTR","CHH","Control","27",2.5,0
"five_prime_UTR","CHH","Control","27",7.5,0
"five_prime_UTR","CHH","Control","27",12.5,0
"five_prime_UTR","CHH","Control","27",17.5,0
"five_prime_UTR","CHH","Control","27",22.5,0
"five_prime_UTR","CHH","Control","27",27.5,0
"five_prime_UTR","CHH","Control","27",32.5,0
"five_prime_UTR","CHH","Control","27",37.5,0
"five_prime_UTR","CHH","Control","27",42.5,0
"five_prime_UTR","CHH","Control","27",47.5,0
"five_prime_UTR","CHH","Control","27",52.5,0
"five_prime_UTR","CHH","Control","27",57.5,0
"five_prime_UTR","CHH","Control","27",62.5,0
"five_prime_UTR","CHH","Control","27",67.5,0
"five_prime_UTR","CHH","Control","27",72.5,0
"five_prime_UTR","CHH","Control","27",77.5,0
"five_prime_UTR","CHH","Control","27",82.5,0
"five_prime_UTR","CHH","Control","27",87.5,0
"five_prime_UTR","CHH","Control","27",92.5,0
"five_prime_UTR","CHH","Control","27",97.5,0
"five_prime_UTR","CHH","Treatment","9",2.5,0
"five_prime_UTR","CHH","Treatment","9",7.5,0
"five_prime_UTR","CHH","Treatment","9",12.5,0
"five_prime_UTR","CHH","Treatment","9",17.5,0
"five_prime_UTR","CHH","Treatment","9",22.5,0
"five_prime_UTR","CHH","Treatment","9",27.5,0
"five_prime_UTR","CHH","Treatment","9",32.5,0
"five_prime_UTR","CHH","Treatment","9",37.5,0
"five_prime_UTR","CHH","Treatment","9",42.5,0
"five_prime_UTR","CHH","Treatment","9",47.5,0
"five_prime_UTR","CHH","Treatment","9",52.5,0
"five_prime_UTR","CHH","Treatment","9",57.5,0
"five_prime_UTR","CHH","Treatment","9",62.5,0
"five_prime_UTR","CHH","Treatment","9",67.5,0
"five_prime_UTR","CHH","Treatment","9",72.5,0
"five_prime_UTR","CHH","Treatment","9",77.5,0
"five_prime_UTR","CHH","Treatment","9",82.5,0
"five_prime_UTR","CHH","Treatment","9",87.5,0
"five_prime_UTR","CHH","Treatment","9",92.5,0
"five_prime_UTR","CHH","Treatment","9",97.5,0
"five_prime_UTR","CHH","Treatment","13",2.5,0
"five_prime_UTR","CHH","Treatment","13",7.5,0
"five_prime_UTR","CHH","Treatment","13",12.5,0
"five_prime_UTR","CHH","Treatment","13",17.5,0
"five_prime_UTR","CHH","Treatment","13",22.5,0
"five_prime_UTR","CHH","Treatment","13",27.5,0
"five_prime_UTR","CHH","Treatment","13",32.5,0
"five_prime_UTR","CHH","Treatment","13",37.5,0
"five_prime_UTR","CHH","Treatment","13",42.5,0
"five_prime_UTR","CHH","Treatment","13",47.5,0
"five_prime_UTR","CHH","Treatment","13",52.5,0
"five_prime_UTR","CHH","Treatment","13",57.5,0
"five_prime_UTR","CHH","Treatment","13",62.5,0
"five_prime_UTR","CHH","Treatment","13",67.5,0
"five_prime_UTR","CHH","Treatment","13",72.5,0
"five_prime_UTR","CHH","Treatment","13",77.5,0
"five_prime_UTR","CHH","Treatment","13",82.5,0
"five_prime_UTR","CHH","Treatment","13",87.5,0
"five_prime_UTR","CHH","Treatment","13",92.5,0
"five_prime_UTR","CHH","Treatment","13",97.5,0
"five_prime_UTR","CHH","Treatment","15",2.5,252
"five_prime_UTR","CHH","Treatment","15",7.5,9
"five_prime_UTR","CHH","Treatment","15",12.5,0
"five_prime_UTR","CHH","Treatment","15",17.5,0
"five_prime_UTR","CHH","Treatment","15",22.5,0
"five_prime_UTR","CHH","Treatment","15",27.5,0
"five_prime_UTR","CHH","Treatment","15",32.5,0
"five_prime_UTR","CHH","Treatment","15",37.5,0
"five_prime_UTR","CHH","Treatment","15",42.5,0
"five_prime_UTR","CHH","Treatment","15",47.5,0
"five_prime_UTR","CHH","Treatment","15",52.5,0
"five_prime_UTR","CHH","Treatment","15",57.5,0
"five_prime_UTR","CHH","Treatment","15",62.5,0
"five_prime_UTR","CHH","Treatment","15",67.5,0
"five_prime_UTR","CHH","Treatment","15",72.5,0
"five_prime_UTR","CHH","Treatment","15",77.5,0
"five_prime_UTR","CHH","Treatment","15",82.5,0
"five_prime_UTR","CHH","Treatment","15",87.5,0
"five_prime_UTR","CHH","Treatment","15",92.5,0
"five_prime_UTR","CHH","Treatment","15",97.5,0
"five_prime_UTR","CHH","Treatment","16",2.5,0
"five_prime_UTR","CHH","Treatment","16",7.5,0
"five_prime_UTR","CHH","Treatment","16",12.5,0
"five_prime_UTR","CHH","Treatment","16",17.5,0
"five_prime_UTR","CHH","Treatment","16",22.5,0
"five_prime_UTR","CHH","Treatment","16",27.5,0
"five_prime_UTR","CHH","Treatment","16",32.5,0
"five_prime_UTR","CHH","Treatment","16",37.5,0
"five_prime_UTR","CHH","Treatment","16",42.5,0
"five_prime_UTR","CHH","Treatment","16",47.5,0
"five_prime_UTR","CHH","Treatment","16",52.5,0
"five_prime_UTR","CHH","Treatment","16",57.5,0
"five_prime_UTR","CHH","Treatment","16",62.5,0
"five_prime_UTR","CHH","Treatment","16",67.5,0
"five_prime_UTR","CHH","Treatment","16",72.5,0
"five_prime_UTR","CHH","Treatment","16",77.5,0
"five_prime_UTR","CHH","Treatment","16",82.5,0
"five_prime_UTR","CHH","Treatment","16",87.5,0
"five_prime_UTR","CHH","Treatment","16",92.5,0
"five_prime_UTR","CHH","Treatment","16",97.5,0
"five_prime_UTR","CHH","Treatment","22",2.5,118
"five_prime_UTR","CHH","Treatment","22",7.5,1
"five_prime_UTR","CHH","Treatment","22",12.5,0
"five_prime_UTR","CHH","Treatment","22",17.5,0
"five_prime_UTR","CHH","Treatment","22",22.5,0
"five_prime_UTR","CHH","Treatment","22",27.5,0
"five_prime_UTR","CHH","Treatment","22",32.5,0
"five_prime_UTR","CHH","Treatment","22",37.5,0
"five_prime_UTR","CHH","Treatment","22",42.5,0
"five_prime_UTR","CHH","Treatment","22",47.5,0
"five_prime_UTR","CHH","Treatment","22",52.5,0
"five_prime_UTR","CHH","Treatment","22",57.5,0
"five_prime_UTR","CHH","Treatment","22",62.5,0
"five_prime_UTR","CHH","Treatment","22",67.5,0
"five_prime_UTR","CHH","Treatment","22",72.5,0
"five_prime_UTR","CHH","Treatment","22",77.5,0
"five_prime_UTR","CHH","Treatment","22",82.5,0
"five_prime_UTR","CHH","Treatment","22",87.5,0
"five_prime_UTR","CHH","Treatment","22",92.5,0
"five_prime_UTR","CHH","Treatment","22",97.5,0
"five_prime_UTR","CHH","Treatment","27",2.5,110
"five_prime_UTR","CHH","Treatment","27",7.5,2
"five_prime_UTR","CHH","Treatment","27",12.5,0
"five_prime_UTR","CHH","Treatment","27",17.5,0
"five_prime_UTR","CHH","Treatment","27",22.5,0
"five_prime_UTR","CHH","Treatment","27",27.5,0
"five_prime_UTR","CHH","Treatment","27",32.5,0
"five_prime_UTR","CHH","Treatment","27",37.5,0
"five_prime_UTR","CHH","Treatment","27",42.5,0
"five_prime_UTR","CHH","Treatment","27",47.5,0
"five_prime_UTR","CHH","Treatment","27",52.5,0
"five_prime_UTR","CHH","Treatment","27",57.5,0
"five_prime_UTR","CHH","Treatment","27",62.5,0
"five_prime_UTR","CHH","Treatment","27",67.5,0
"five_prime_UTR","CHH","Treatment","27",72.5,0
"five_prime_UTR","CHH","Treatment","27",77.5,0
"five_prime_UTR","CHH","Treatment","27",82.5,0
"five_prime_UTR","CHH","Treatment","27",87.5,0
"five_prime_UTR","CHH","Treatment","27",92.5,0
"five_prime_UTR","CHH","Treatment","27",97.5,0
"gene","CpG","Control","9",2.5,4711
"gene","CpG","Control","9",7.5,209
"gene","CpG","Control","9",12.5,68
"gene","CpG","Control","9",17.5,75
"gene","CpG","Control","9",22.5,37
"gene","CpG","Control","9",27.5,62
"gene","CpG","Control","9",32.5,22
"gene","CpG","Control","9",37.5,58
"gene","CpG","Control","9",42.5,37
"gene","CpG","Control","9",47.5,42
"gene","CpG","Control","9",52.5,30
"gene","CpG","Control","9",57.5,34
"gene","CpG","Control","9",62.5,25
"gene","CpG","Control","9",67.5,33
"gene","CpG","Control","9",72.5,23
"gene","CpG","Control","9",77.5,41
"gene","CpG","Control","9",82.5,24
"gene","CpG","Control","9",87.5,71
"gene","CpG","Control","9",92.5,54
"gene","CpG","Control","9",97.5,226
"gene","CpG","Control","13",2.5,4812
"gene","CpG","Control","13",7.5,221
"gene","CpG","Control","13",12.5,77
"gene","CpG","Control","13",17.5,92
"gene","CpG","Control","13",22.5,52
"gene","CpG","Control","13",27.5,52
"gene","CpG","Control","13",32.5,37
"gene","CpG","Control","13",37.5,52
"gene","CpG","Control","13",42.5,41
"gene","CpG","Control","13",47.5,49
"gene","CpG","Control","13",52.5,24
"gene","CpG","Control","13",57.5,39
"gene","CpG","Control","13",62.5,37
"gene","CpG","Control","13",67.5,43
"gene","CpG","Control","13",72.5,24
"gene","CpG","Control","13",77.5,34
"gene","CpG","Control","13",82.5,27
"gene","CpG","Control","13",87.5,78
"gene","CpG","Control","13",92.5,43
"gene","CpG","Control","13",97.5,191
"gene","CpG","Control","15",2.5,0
"gene","CpG","Control","15",7.5,0
"gene","CpG","Control","15",12.5,0
"gene","CpG","Control","15",17.5,0
"gene","CpG","Control","15",22.5,0
"gene","CpG","Control","15",27.5,0
"gene","CpG","Control","15",32.5,0
"gene","CpG","Control","15",37.5,0
"gene","CpG","Control","15",42.5,0
"gene","CpG","Control","15",47.5,0
"gene","CpG","Control","15",52.5,0
"gene","CpG","Control","15",57.5,0
"gene","CpG","Control","15",62.5,0
"gene","CpG","Control","15",67.5,0
"gene","CpG","Control","15",72.5,0
"gene","CpG","Control","15",77.5,0
"gene","CpG","Control","15",82.5,0
"gene","CpG","Control","15",87.5,0
"gene","CpG","Control","15",92.5,0
"gene","CpG","Control","15",97.5,0
"gene","CpG","Control","16",2.5,2852
"gene","CpG","Control","16",7.5,144
"gene","CpG","Control","16",12.5,48
"gene","CpG","Control","16",17.5,49
"gene","CpG","Control","16",22.5,32
"gene","CpG","Control","16",27.5,32
"gene","CpG","Control","16",32.5,25
"gene","CpG","Control","16",37.5,44
"gene","CpG","Control","16",42.5,18
"gene","CpG","Control","16",47.5,29
"gene","CpG","Control","16",52.5,19
"gene","CpG","Control","16",57.5,21
"gene","CpG","Control","16",62.5,14
"gene","CpG","Control","16",67.5,17
"gene","CpG","Control","16",72.5,19
"gene","CpG","Control","16",77.5,16
"gene","CpG","Control","16",82.5,9
"gene","CpG","Control","16",87.5,21
"gene","CpG","Control","16",92.5,14
"gene","CpG","Control","16",97.5,106
"gene","CpG","Control","22",2.5,0
"gene","CpG","Control","22",7.5,0
"gene","CpG","Control","22",12.5,0
"gene","CpG","Control","22",17.5,0
"gene","CpG","Control","22",22.5,0
"gene","CpG","Control","22",27.5,0
"gene","CpG","Control","22",32.5,0
"gene","CpG","Control","22",37.5,0
"gene","CpG","Control","22",42.5,0
"gene","CpG","Control","22",47.5,0
"gene","CpG","Control","22",52.5,0
"gene","CpG","Control","22",57.5,0
"gene","CpG","Control","22",62.5,0
"gene","CpG","Control","22",67.5,0
"gene","CpG","Control","22",72.5,0
"gene","CpG","Control","22",77.5,0
"gene","CpG","Control","22",82.5,0
"gene","CpG","Control","22",87.5,0
"gene","CpG","Control","22",92.5,0
"gene","CpG","Control","22",97.5,0
"gene","CpG","Control","27",2.5,0
"gene","CpG","Control","27",7.5,0
"gene","CpG","Control","27",12.5,0
"gene","CpG","Control","27",17.5,0
"gene","CpG","Control","27",22.5,0
"gene","CpG","Control","27",27.5,0
"gene","CpG","Control","27",32.5,0
"gene","CpG","Control","27",37.5,0
"gene","CpG","Control","27",42.5,0
"gene","CpG","Control","27",47.5,0
"gene","CpG","Control","27",52.5,0
"gene","CpG","Control","27",57.5,0
"gene","CpG","Control","27",62.5,0
"gene","CpG","Control","27",67.5,0
"gene","CpG","Control","27",72.5,0
"gene","CpG","Control","27",77.5,0
"gene","CpG","Control","27",82.5,0
"gene","CpG","Control","27",87.5,0
"gene","CpG","Control","27",92.5,0
"gene","CpG","Control","27",97.5,0
"gene","CpG","Treatment","9",2.5,0
"gene","CpG","Treatment","9",7.5,0
"gene","CpG","Treatment","9",12.5,0
"gene","CpG","Treatment","9",17.5,0
"gene","CpG","Treatment","9",22.5,0
"gene","CpG","Treatment","9",27.5,0
"gene","CpG","Treatment","9",32.5,0
"gene","CpG","Treatment","9",37.5,0
"gene","CpG","Treatment","9",42.5,0
"gene","CpG","Treatment","9",47.5,0
"gene","CpG","Treatment","9",52.5,0
"gene","CpG","Treatment","9",57.5,0
"gene","CpG","Treatment","9",62.5,0
"gene","CpG","Treatment","9",67.5,0
"gene","CpG","Treatment","9",72.5,0
"gene","CpG","Treatment","9",77.5,0
"gene","CpG","Treatment","9",82.5,0
"gene","CpG","Treatment","9",87.5,0
"gene","CpG","Treatment","9",92.5,0
"gene","CpG","Treatment","9",97.5,0
"gene","CpG","Treatment","13",2.5,0
"gene","CpG","Treatment","13",7.5,0
"gene","CpG","Treatment","13",12.5,0
"gene","CpG","Treatment","13",17.5,0
"gene","CpG","Treatment","13",22.5,0
"gene","CpG","Treatment","13",27.5,0
"gene","CpG","Treatment","13",32.5,0
"gene","CpG","Treatment","13",37.5,0
"gene","CpG","Treatment","13",42.5,0
"gene","CpG","Treatment","13",47.5,0
"gene","CpG","Treatment","13",52.5,0
"gene","CpG","Treatment","13",57.5,0
"gene","CpG","Treatment","13",62.5,0
"gene","CpG","Treatment","13",67.5,0
"gene","CpG","Treatment","13",72.5,0
"gene","CpG","Treatment","13",77.5,0
"gene","CpG","Treatment","13",82.5,0
"gene","CpG","Treatment","13",87.5,0
"gene","CpG","Treatment","13",92.5,0
"gene","CpG","Treatment","13",97.5,0
"gene","CpG","Treatment","15",2.5,3853
"gene","CpG","Treatment","15",7.5,154
"gene","CpG","Treatment","15",12.5,56
"gene","CpG","Treatment","15",17.5,69
"gene","CpG","Treatment","15",22.5,27
"gene","CpG","Treatment","15",27.5,50
"gene","CpG","Treatment","15",32.5,35
"gene","CpG","Treatment","15",37.5,30
"gene","CpG","Treatment","15",42.5,28
"gene","CpG","Treatment","15",47.5,41
"gene","CpG","Treatment","15",52.5,20
"gene","CpG","Treatment","15",57.5,23
"gene","CpG","Treatment","15",62.5,13
"gene","CpG","Treatment","15",67.5,41
"gene","CpG","Treatment","15",72.5,19
"gene","CpG","Treatment","15",77.5,26
"gene","CpG","Treatment","15",82.5,18
"gene","CpG","Treatment","15",87.5,51
"gene","CpG","Treatment","15",92.5,46
"gene","CpG","Treatment","15",97.5,149
"gene","CpG","Treatment","16",2.5,0
"gene","CpG","Treatment","16",7.5,0
"gene","CpG","Treatment","16",12.5,0
"gene","CpG","Treatment","16",17.5,0
"gene","CpG","Treatment","16",22.5,0
"gene","CpG","Treatment","16",27.5,0
"gene","CpG","Treatment","16",32.5,0
"gene","CpG","Treatment","16",37.5,0
"gene","CpG","Treatment","16",42.5,0
"gene","CpG","Treatment","16",47.5,0
"gene","CpG","Treatment","16",52.5,0
"gene","CpG","Treatment","16",57.5,0
"gene","CpG","Treatment","16",62.5,0
"gene","CpG","Treatment","16",67.5,0
"gene","CpG","Treatment","16",72.5,0
"gene","CpG","Treatment","16",77.5,0
"gene","CpG","Treatment","16",82.5,0
"gene","CpG","Treatment","16",87.5,0
"gene","CpG","Treatment","16",92.5,0
"gene","CpG","Treatment","16",97.5,0
"gene","CpG","Treatment","22",2.5,1700
"gene","CpG","Treatment","22",7.5,84
"gene","CpG","Treatment","22",12.5,21
"gene","CpG","Treatment","22",17.5,41
"gene","CpG","Treatment","22",22.5,24
"gene","CpG","Treatment","22",27.5,27
"gene","CpG","Treatment","22",32.5,18
"gene","CpG","Treatment","22",37.5,16
"gene","CpG","Treatment","22",42.5,12
"gene","CpG","Treatment","22",47.5,27
"gene","CpG","Treatment","22",52.5,9
"gene","CpG","Treatment","22",57.5,17
"gene","CpG","Treatment","22",62.5,11
"gene","CpG","Treatment","22",67.5,15
"gene","CpG","Treatment","22",72.5,5
"gene","CpG","Treatment","22",77.5,10
"gene","CpG","Treatment","22",82.5,5
"gene","CpG","Treatment","22",87.5,18
"gene","CpG","Treatment","22",92.5,15
"gene","CpG","Treatment","22",97.5,67
"gene","CpG","Treatment","27",2.5,1642
"gene","CpG","Treatment","27",7.5,99
"gene","CpG","Treatment","27",12.5,32
"gene","CpG","Treatment","27",17.5,29
"gene","CpG","Treatment","27",22.5,23
"gene","CpG","Treatment","27",27.5,20
"gene","CpG","Treatment","27",32.5,15
"gene","CpG","Treatment","27",37.5,22
"gene","CpG","Treatment","27",42.5,13
"gene","CpG","Treatment","27",47.5,19
"gene","CpG","Treatment","27",52.5,13
"gene","CpG","Treatment","27",57.5,13
"gene","CpG","Treatment","27",62.5,8
"gene","CpG","Treatment","27",67.5,8
"gene","CpG","Treatment","27",72.5,8
"gene","CpG","Treatment","27",77.5,14
"gene","CpG","Treatment","27",82.5,7
"gene","CpG","Treatment","27",87.5,12
"gene","CpG","Treatment","27",92.5,13
"gene","CpG","Treatment","27",97.5,38
"gene","CHG","Control","9",2.5,6554
"gene","CHG","Control","9",7.5,107
"gene","CHG","Control","9",12.5,3
"gene","CHG","Control","9",17.5,5
"gene","CHG","Control","9",22.5,0
"gene","CHG","Control","9",27.5,0
"gene","CHG","Control","9",32.5,0
"gene","CHG","Control","9",37.5,1
"gene","CHG","Control","9",42.5,1
"gene","CHG","Control","9",47.5,2
"gene","CHG","Control","9",52.5,0
"gene","CHG","Control","9",57.5,1
"gene","CHG","Control","9",62.5,0
"gene","CHG","Control","9",67.5,0
"gene","CHG","Control","9",72.5,0
"gene","CHG","Control","9",77.5,0
"gene","CHG","Control","9",82.5,0
"gene","CHG","Control","9",87.5,0
"gene","CHG","Control","9",92.5,0
"gene","CHG","Control","9",97.5,0
"gene","CHG","Control","13",2.5,6632
"gene","CHG","Control","13",7.5,143
"gene","CHG","Control","13",12.5,5
"gene","CHG","Control","13",17.5,6
"gene","CHG","Control","13",22.5,0
"gene","CHG","Control","13",27.5,1
"gene","CHG","Control","13",32.5,0
"gene","CHG","Control","13",37.5,1
"gene","CHG","Control","13",42.5,0
"gene","CHG","Control","13",47.5,0
"gene","CHG","Control","13",52.5,0
"gene","CHG","Control","13",57.5,0
"gene","CHG","Control","13",62.5,0
"gene","CHG","Control","13",67.5,0
"gene","CHG","Control","13",72.5,0
"gene","CHG","Control","13",77.5,0
"gene","CHG","Control","13",82.5,0
"gene","CHG","Control","13",87.5,0
"gene","CHG","Control","13",92.5,0
"gene","CHG","Control","13",97.5,1
"gene","CHG","Control","15",2.5,0
"gene","CHG","Control","15",7.5,0
"gene","CHG","Control","15",12.5,0
"gene","CHG","Control","15",17.5,0
"gene","CHG","Control","15",22.5,0
"gene","CHG","Control","15",27.5,0
"gene","CHG","Control","15",32.5,0
"gene","CHG","Control","15",37.5,0
"gene","CHG","Control","15",42.5,0
"gene","CHG","Control","15",47.5,0
"gene","CHG","Control","15",52.5,0
"gene","CHG","Control","15",57.5,0
"gene","CHG","Control","15",62.5,0
"gene","CHG","Control","15",67.5,0
"gene","CHG","Control","15",72.5,0
"gene","CHG","Control","15",77.5,0
"gene","CHG","Control","15",82.5,0
"gene","CHG","Control","15",87.5,0
"gene","CHG","Control","15",92.5,0
"gene","CHG","Control","15",97.5,0
"gene","CHG","Control","16",2.5,3790
"gene","CHG","Control","16",7.5,55
"gene","CHG","Control","16",12.5,3
"gene","CHG","Control","16",17.5,4
"gene","CHG","Control","16",22.5,0
"gene","CHG","Control","16",27.5,0
"gene","CHG","Control","16",32.5,0
"gene","CHG","Control","16",37.5,0
"gene","CHG","Control","16",42.5,0
"gene","CHG","Control","16",47.5,0
"gene","CHG","Control","16",52.5,0
"gene","CHG","Control","16",57.5,0
"gene","CHG","Control","16",62.5,0
"gene","CHG","Control","16",67.5,0
"gene","CHG","Control","16",72.5,0
"gene","CHG","Control","16",77.5,0
"gene","CHG","Control","16",82.5,0
"gene","CHG","Control","16",87.5,0
"gene","CHG","Control","16",92.5,0
"gene","CHG","Control","16",97.5,0
"gene","CHG","Control","22",2.5,0
"gene","CHG","Control","22",7.5,0
"gene","CHG","Control","22",12.5,0
"gene","CHG","Control","22",17.5,0
"gene","CHG","Control","22",22.5,0
"gene","CHG","Control","22",27.5,0
"gene","CHG","Control","22",32.5,0
"gene","CHG","Control","22",37.5,0
"gene","CHG","Control","22",42.5,0
"gene","CHG","Control","22",47.5,0
"gene","CHG","Control","22",52.5,0
"gene","CHG","Control","22",57.5,0
"gene","CHG","Control","22",62.5,0
"gene","CHG","Control","22",67.5,0
"gene","CHG","Control","22",72.5,0
"gene","CHG","Control","22",77.5,0
"gene","CHG","Control","22",82.5,0
"gene","CHG","Control","22",87.5,0
"gene","CHG","Control","22",92.5,0
"gene","CHG","Control","22",97.5,0
"gene","CHG","Control","27",2.5,0
"gene","CHG","Control","27",7.5,0
"gene","CHG","Control","27",12.5,0
"gene","CHG","Control","27",17.5,0
"gene","CHG","Control","27",22.5,0
"gene","CHG","Control","27",27.5,0
"gene","CHG","Control","27",32.5,0
"gene","CHG","Control","27",37.5,0
"gene","CHG","Control","27",42.5,0
"gene","CHG","Control","27",47.5,0
"gene","CHG","Control","27",52.5,0
"gene","CHG","Control","27",57.5,0
"gene","CHG","Control","27",62.5,0
"gene","CHG","Control","27",67.5,0
"gene","CHG","Control","27",72.5,0
"gene","CHG","Control","27",77.5,0
"gene","CHG","Control","27",82.5,0
"gene","CHG","Control","27",87.5,0
"gene","CHG","Control","27",92.5,0
"gene","CHG","Control","27",97.5,0
"gene","CHG","Treatment","9",2.5,0
"gene","CHG","Treatment","9",7.5,0
"gene","CHG","Treatment","9",12.5,0
"gene","CHG","Treatment","9",17.5,0
"gene","CHG","Treatment","9",22.5,0
"gene","CHG","Treatment","9",27.5,0
"gene","CHG","Treatment","9",32.5,0
"gene","CHG","Treatment","9",37.5,0
"gene","CHG","Treatment","9",42.5,0
"gene","CHG","Treatment","9",47.5,0
"gene","CHG","Treatment","9",52.5,0
"gene","CHG","Treatment","9",57.5,0
"gene","CHG","Treatment","9",62.5,0
"gene","CHG","Treatment","9",67.5,0
"gene","CHG","Treatment","9",72.5,0
"gene","CHG","Treatment","9",77.5,0
"gene","CHG","Treatment","9",82.5,0
"gene","CHG","Treatment","9",87.5,0
"gene","CHG","Treatment","9",92.5,0
"gene","CHG","Treatment","9",97.5,0
"gene","CHG","Treatment","13",2.5,0
"gene","CHG","Treatment","13",7.5,0
"gene","CHG","Treatment","13",12.5,0
"gene","CHG","Treatment","13",17.5,0
"gene","CHG","Treatment","13",22.5,0
"gene","CHG","Treatment","13",27.5,0
"gene","CHG","Treatment","13",32.5,0
"gene","CHG","Treatment","13",37.5,0
"gene","CHG","Treatment","13",42.5,0
"gene","CHG","Treatment","13",47.5,0
"gene","CHG","Treatment","13",52.5,0
"gene","CHG","Treatment","13",57.5,0
"gene","CHG","Treatment","13",62.5,0
"gene","CHG","Treatment","13",67.5,0
"gene","CHG","Treatment","13",72.5,0
"gene","CHG","Treatment","13",77.5,0
"gene","CHG","Treatment","13",82.5,0
"gene","CHG","Treatment","13",87.5,0
"gene","CHG","Treatment","13",92.5,0
"gene","CHG","Treatment","13",97.5,0
"gene","CHG","Treatment","15",2.5,5172
"gene","CHG","Treatment","15",7.5,93
"gene","CHG","Treatment","15",12.5,3
"gene","CHG","Treatment","15",17.5,4
"gene","CHG","Treatment","15",22.5,0
"gene","CHG","Treatment","15",27.5,1
"gene","CHG","Treatment","15",32.5,0
"gene","CHG","Treatment","15",37.5,0
"gene","CHG","Treatment","15",42.5,0
"gene","CHG","Treatment","15",47.5,0
"gene","CHG","Treatment","15",52.5,0
"gene","CHG","Treatment","15",57.5,0
"gene","CHG","Treatment","15",62.5,0
"gene","CHG","Treatment","15",67.5,0
"gene","CHG","Treatment","15",72.5,0
"gene","CHG","Treatment","15",77.5,1
"gene","CHG","Treatment","15",82.5,0
"gene","CHG","Treatment","15",87.5,0
"gene","CHG","Treatment","15",92.5,0
"gene","CHG","Treatment","15",97.5,0
"gene","CHG","Treatment","16",2.5,0
"gene","CHG","Treatment","16",7.5,0
"gene","CHG","Treatment","16",12.5,0
"gene","CHG","Treatment","16",17.5,0
"gene","CHG","Treatment","16",22.5,0
"gene","CHG","Treatment","16",27.5,0
"gene","CHG","Treatment","16",32.5,0
"gene","CHG","Treatment","16",37.5,0
"gene","CHG","Treatment","16",42.5,0
"gene","CHG","Treatment","16",47.5,0
"gene","CHG","Treatment","16",52.5,0
"gene","CHG","Treatment","16",57.5,0
"gene","CHG","Treatment","16",62.5,0
"gene","CHG","Treatment","16",67.5,0
"gene","CHG","Treatment","16",72.5,0
"gene","CHG","Treatment","16",77.5,0
"gene","CHG","Treatment","16",82.5,0
"gene","CHG","Treatment","16",87.5,0
"gene","CHG","Treatment","16",92.5,0
"gene","CHG","Treatment","16",97.5,0
"gene","CHG","Treatment","22",2.5,2362
"gene","CHG","Treatment","22",7.5,41
"gene","CHG","Treatment","22",12.5,1
"gene","CHG","Treatment","22",17.5,0
"gene","CHG","Treatment","22",22.5,0
"gene","CHG","Treatment","22",27.5,0
"gene","CHG","Treatment","22",32.5,0
"gene","CHG","Treatment","22",37.5,0
"gene","CHG","Treatment","22",42.5,0
"gene","CHG","Treatment","22",47.5,0
"gene","CHG","Treatment","22",52.5,0
"gene","CHG","Treatment","22",57.5,0
"gene","CHG","Treatment","22",62.5,0
"gene","CHG","Treatment","22",67.5,0
"gene","CHG","Treatment","22",72.5,0
"gene","CHG","Treatment","22",77.5,0
"gene","CHG","Treatment","22",82.5,0
"gene","CHG","Treatment","22",87.5,0
"gene","CHG","Treatment","22",92.5,0
"gene","CHG","Treatment","22",97.5,0
"gene","CHG","Treatment","27",2.5,2282
"gene","CHG","Treatment","27",7.5,41
"gene","CHG","Treatment","27",12.5,1
"gene","CHG","Treatment","27",17.5,3
"gene","CHG","Treatment","27",22.5,1
"gene","CHG","Treatment","27",27.5,0
"gene","CHG","Treatment","27",32.5,0
"gene","CHG","Treatment","27",37.5,0
"gene","CHG","Treatment","27",42.5,0
"gene","CHG","Treatment","27",47.5,1
"gene","CHG","Treatment","27",52.5,0
"gene","CHG","Treatment","27",57.5,0
"gene","CHG","Treatment","27",62.5,0
"gene","CHG","Treatment","27",67.5,0
"gene","CHG","Treatment","27",72.5,0
"gene","CHG","Treatment","27",77.5,0
"gene","CHG","Treatment","27",82.5,0
"gene","CHG","Treatment","27",87.5,0
"gene","CHG","Treatment","27",92.5,0
"gene","CHG","Treatment","27",97.5,0
"gene","CHH","Control","9",2.5,8151
"gene","CHH","Control","9",7.5,130
"gene","CHH","Control","9",12.5,7
"gene","CHH","Control","9",17.5,4
"gene","CHH","Control","9",22.5,0
"gene","CHH","Control","9",27.5,0
"gene","CHH","Control","9",32.5,1
"gene","CHH","Control","9",37.5,0
"gene","CHH","Control","9",42.5,0
"gene","CHH","Control","9",47.5,0
"gene","CHH","Control","9",52.5,0
"gene","CHH","Control","9",57.5,0
"gene","CHH","Control","9",62.5,0
"gene","CHH","Control","9",67.5,0
"gene","CHH","Control","9",72.5,0
"gene","CHH","Control","9",77.5,0
"gene","CHH","Control","9",82.5,0
"gene","CHH","Control","9",87.5,0
"gene","CHH","Control","9",92.5,0
"gene","CHH","Control","9",97.5,0
"gene","CHH","Control","13",2.5,8343
"gene","CHH","Control","13",7.5,178
"gene","CHH","Control","13",12.5,8
"gene","CHH","Control","13",17.5,10
"gene","CHH","Control","13",22.5,0
"gene","CHH","Control","13",27.5,1
"gene","CHH","Control","13",32.5,1
"gene","CHH","Control","13",37.5,1
"gene","CHH","Control","13",42.5,0
"gene","CHH","Control","13",47.5,0
"gene","CHH","Control","13",52.5,0
"gene","CHH","Control","13",57.5,0
"gene","CHH","Control","13",62.5,0
"gene","CHH","Control","13",67.5,0
"gene","CHH","Control","13",72.5,0
"gene","CHH","Control","13",77.5,0
"gene","CHH","Control","13",82.5,0
"gene","CHH","Control","13",87.5,0
"gene","CHH","Control","13",92.5,0
"gene","CHH","Control","13",97.5,1
"gene","CHH","Control","15",2.5,0
"gene","CHH","Control","15",7.5,0
"gene","CHH","Control","15",12.5,0
"gene","CHH","Control","15",17.5,0
"gene","CHH","Control","15",22.5,0
"gene","CHH","Control","15",27.5,0
"gene","CHH","Control","15",32.5,0
"gene","CHH","Control","15",37.5,0
"gene","CHH","Control","15",42.5,0
"gene","CHH","Control","15",47.5,0
"gene","CHH","Control","15",52.5,0
"gene","CHH","Control","15",57.5,0
"gene","CHH","Control","15",62.5,0
"gene","CHH","Control","15",67.5,0
"gene","CHH","Control","15",72.5,0
"gene","CHH","Control","15",77.5,0
"gene","CHH","Control","15",82.5,0
"gene","CHH","Control","15",87.5,0
"gene","CHH","Control","15",92.5,0
"gene","CHH","Control","15",97.5,0
"gene","CHH","Control","16",2.5,4893
"gene","CHH","Control","16",7.5,76
"gene","CHH","Control","16",12.5,2
"gene","CHH","Control","16",17.5,1
"gene","CHH","Control","16",22.5,2
"gene","CHH","Control","16",27.5,0
"gene","CHH","Control","16",32.5,0
"gene","CHH","Control","16",37.5,1
"gene","CHH","Control","16",42.5,0
"gene","CHH","Control","16",47.5,0
"gene","CHH","Control","16",52.5,0
"gene","CHH","Control","16",57.5,0
"gene","CHH","Control","16",62.5,0
"gene","CHH","Control","16",67.5,0
"gene","CHH","Control","16",72.5,0
"gene","CHH","Control","16",77.5,0
"gene","CHH","Control","16",82.5,0
"gene","CHH","Control","16",87.5,0
"gene","CHH","Control","16",92.5,0
"gene","CHH","Control","16",97.5,0
"gene","CHH","Control","22",2.5,0
"gene","CHH","Control","22",7.5,0
"gene","CHH","Control","22",12.5,0
"gene","CHH","Control","22",17.5,0
"gene","CHH","Control","22",22.5,0
"gene","CHH","Control","22",27.5,0
"gene","CHH","Control","22",32.5,0
"gene","CHH","Control","22",37.5,0
"gene","CHH","Control","22",42.5,0
"gene","CHH","Control","22",47.5,0
"gene","CHH","Control","22",52.5,0
"gene","CHH","Control","22",57.5,0
"gene","CHH","Control","22",62.5,0
"gene","CHH","Control","22",67.5,0
"gene","CHH","Control","22",72.5,0
"gene","CHH","Control","22",77.5,0
"gene","CHH","Control","22",82.5,0
"gene","CHH","Control","22",87.5,0
"gene","CHH","Control","22",92.5,0
"gene","CHH","Control","22",97.5,0
"gene","CHH","Control","27",2.5,0
"gene","CHH","Control","27",7.5,0
"gene","CHH","Control","27",12.5,0
"gene","CHH","Control","27",17.5,0
"gene","CHH","Control","27",22.5,0
"gene","CHH","Control","27",27.5,0
"gene","CHH","Control","27",32.5,0
"gene","CHH","Control","27",37.5,0
"gene","CHH","Control","27",42.5,0
"gene","CHH","Control","27",47.5,0
"gene","CHH","Control","27",52.5,0
"gene","CHH","Control","27",57.5,0
"gene","CHH","Control","27",62.5,0
"gene","CHH","Control","27",67.5,0
"gene","CHH","Control","27",72.5,0
"gene","CHH","Control","27",77.5,0
"gene","CHH","Control","27",82.5,0
"gene","CHH","Control","27",87.5,0
"gene","CHH","Control","27",92.5,0
"gene","CHH","Control","27",97.5,0
"gene","CHH","Treatment","9",2.5,0
"gene","CHH","Treatment","9",7.5,0
"gene","CHH","Treatment","9",12.5,0
"gene","CHH","Treatment","9",17.5,0
"gene","CHH","Treatment","9",22.5,0
"gene","CHH","Treatment","9",27.5,0
"gene","CHH","Treatment","9",32.5,0
"gene","CHH","Treatment","9",37.5,0
"gene","CHH","Treatment","9",42.5,0
"gene","CHH","Treatment","9",47.5,0
"gene","CHH","Treatment","9",52.5,0
"gene","CHH","Treatment","9",57.5,0
"gene","CHH","Treatment","9",62.5,0
"gene","CHH","Treatment","9",67.5,0
"gene","CHH","Treatment","9",72.5,0
"gene","CHH","Treatment","9",77.5,0
"gene","CHH","Treatment","9",82.5,0
"gene","CHH","Treatment","9",87.5,0
"gene","CHH","Treatment","9",92.5,0
"gene","CHH","Treatment","9",97.5,0
"gene","CHH","Treatment","13",2.5,0
"gene","CHH","Treatment","13",7.5,0
"gene","CHH","Treatment","13",12.5,0
"gene","CHH","Treatment","13",17.5,0
"gene","CHH","Treatment","13",22.5,0
"gene","CHH","Treatment","13",27.5,0
"gene","CHH","Treatment","13",32.5,0
"gene","CHH","Treatment","13",37.5,0
"gene","CHH","Treatment","13",42.5,0
"gene","CHH","Treatment","13",47.5,0
"gene","CHH","Treatment","13",52.5,0
"gene","CHH","Treatment","13",57.5,0
"gene","CHH","Treatment","13",62.5,0
"gene","CHH","Treatment","13",67.5,0
"gene","CHH","Treatment","13",72.5,0
"gene","CHH","Treatment","13",77.5,0
"gene","CHH","Treatment","13",82.5,0
"gene","CHH","Treatment","13",87.5,0
"gene","CHH","Treatment","13",92.5,0
"gene","CHH","Treatment","13",97.5,0
"gene","CHH","Treatment","15",2.5,6571
"gene","CHH","Treatment","15",7.5,113
"gene","CHH","Treatment","15",12.5,3
"gene","CHH","Treatment","15",17.5,3
"gene","CHH","Treatment","15",22.5,0
"gene","CHH","Treatment","15",27.5,0
"gene","CHH","Treatment","15",32.5,0
"gene","CHH","Treatment","15",37.5,0
"gene","CHH","Treatment","15",42.5,0
"gene","CHH","Treatment","15",47.5,0
"gene","CHH","Treatment","15",52.5,0
"gene","CHH","Treatment","15",57.5,0
"gene","CHH","Treatment","15",62.5,0
"gene","CHH","Treatment","15",67.5,0
"gene","CHH","Treatment","15",72.5,0
"gene","CHH","Treatment","15",77.5,1
"gene","CHH","Treatment","15",82.5,0
"gene","CHH","Treatment","15",87.5,0
"gene","CHH","Treatment","15",92.5,0
"gene","CHH","Treatment","15",97.5,0
"gene","CHH","Treatment","16",2.5,0
"gene","CHH","Treatment","16",7.5,0
"gene","CHH","Treatment","16",12.5,0
"gene","CHH","Treatment","16",17.5,0
"gene","CHH","Treatment","16",22.5,0
"gene","CHH","Treatment","16",27.5,0
"gene","CHH","Treatment","16",32.5,0
"gene","CHH","Treatment","16",37.5,0
"gene","CHH","Treatment","16",42.5,0
"gene","CHH","Treatment","16",47.5,0
"gene","CHH","Treatment","16",52.5,0
"gene","CHH","Treatment","16",57.5,0
"gene","CHH","Treatment","16",62.5,0
"gene","CHH","Treatment","16",67.5,0
"gene","CHH","Treatment","16",72.5,0
"gene","CHH","Treatment","16",77.5,0
"gene","CHH","Treatment","16",82.5,0
"gene","CHH","Treatment","16",87.5,0
"gene","CHH","Treatment","16",92.5,0
"gene","CHH","Treatment","16",97.5,0
"gene","CHH","Treatment","22",2.5,2973
"gene","CHH","Treatment","22",7.5,50
"gene","CHH","Treatment","22",12.5,0
"gene","CHH","Treatment","22",17.5,1
"gene","CHH","Treatment","22",22.5,0
"gene","CHH","Treatment","22",27.5,0
"gene","CHH","Treatment","22",32.5,0
"gene","CHH","Treatment","22",37.5,0
"gene","CHH","Treatment","22",42.5,0
"gene","CHH","Treatment","22",47.5,0
"gene","CHH","Treatment","22",52.5,0
"gene","CHH","Treatment","22",57.5,0
"gene","CHH","Treatment","22",62.5,0
"gene","CHH","Treatment","22",67.5,0
"gene","CHH","Treatment","22",72.5,0
"gene","CHH","Treatment","22",77.5,0
"gene","CHH","Treatment","22",82.5,0
"gene","CHH","Treatment","22",87.5,0
"gene","CHH","Treatment","22",92.5,0
"gene","CHH","Treatment","22",97.5,0
"gene","CHH","Treatment","27",2.5,2921
"gene","CHH","Treatment","27",7.5,56
"gene","CHH","Treatment","27",12.5,2
"gene","CHH","Treatment","27",17.5,2
"gene","CHH","Treatment","27",22.5,0
"gene","CHH","Treatment","27",27.5,0
"gene","CHH","Treatment","27",32.5,0
"gene","CHH","Treatment","27",37.5,0
"gene","CHH","Treatment","27",42.5,0
"gene","CHH","Treatment","27",47.5,0
"gene","CHH","Treatment","27",52.5,0
"gene","CHH","Treatment","27",57.5,0
"gene","CHH","Treatment","27",62.5,0
"gene","CHH","Treatment","27",67.5,0
"gene","CHH","Treatment","27",72.5,0
"gene","CHH","Treatment","27",77.5,0
"gene","CHH","Treatment","27",82.5,0
"gene","CHH","Treatment","27",87.5,0
"gene","CHH","Treatment","27",92.5,0
"gene","CHH","Treatment","27",97.5,0
"ncRNA_gene","CpG","Control","9",2.5,83
"ncRNA_gene","CpG","Control","9",7.5,1
"ncRNA_gene","CpG","Control","9",12.5,0
"ncRNA_gene","CpG","Control","9",17.5,0
"ncRNA_gene","CpG","Control","9",22.5,0
"ncRNA_gene","CpG","Control","9",27.5,0
"ncRNA_gene","CpG","Control","9",32.5,0
"ncRNA_gene","CpG","Control","9",37.5,0
"ncRNA_gene","CpG","Control","9",42.5,0
"ncRNA_gene","CpG","Control","9",47.5,1
"ncRNA_gene","CpG","Control","9",52.5,0
"ncRNA_gene","CpG","Control","9",57.5,0
"ncRNA_gene","CpG","Control","9",62.5,0
"ncRNA_gene","CpG","Control","9",67.5,0
"ncRNA_gene","CpG","Control","9",72.5,2
"ncRNA_gene","CpG","Control","9",77.5,0
"ncRNA_gene","CpG","Control","9",82.5,0
"ncRNA_gene","CpG","Control","9",87.5,1
"ncRNA_gene","CpG","Control","9",92.5,2
"ncRNA_gene","CpG","Control","9",97.5,1
"ncRNA_gene","CpG","Control","13",2.5,90
"ncRNA_gene","CpG","Control","13",7.5,3
"ncRNA_gene","CpG","Control","13",12.5,0
"ncRNA_gene","CpG","Control","13",17.5,1
"ncRNA_gene","CpG","Control","13",22.5,0
"ncRNA_gene","CpG","Control","13",27.5,0
"ncRNA_gene","CpG","Control","13",32.5,0
"ncRNA_gene","CpG","Control","13",37.5,0
"ncRNA_gene","CpG","Control","13",42.5,0
"ncRNA_gene","CpG","Control","13",47.5,2
"ncRNA_gene","CpG","Control","13",52.5,0
"ncRNA_gene","CpG","Control","13",57.5,0
"ncRNA_gene","CpG","Control","13",62.5,0
"ncRNA_gene","CpG","Control","13",67.5,0
"ncRNA_gene","CpG","Control","13",72.5,0
"ncRNA_gene","CpG","Control","13",77.5,0
"ncRNA_gene","CpG","Control","13",82.5,2
"ncRNA_gene","CpG","Control","13",87.5,0
"ncRNA_gene","CpG","Control","13",92.5,0
"ncRNA_gene","CpG","Control","13",97.5,0
"ncRNA_gene","CpG","Control","15",2.5,0
"ncRNA_gene","CpG","Control","15",7.5,0
"ncRNA_gene","CpG","Control","15",12.5,0
"ncRNA_gene","CpG","Control","15",17.5,0
"ncRNA_gene","CpG","Control","15",22.5,0
"ncRNA_gene","CpG","Control","15",27.5,0
"ncRNA_gene","CpG","Control","15",32.5,0
"ncRNA_gene","CpG","Control","15",37.5,0
"ncRNA_gene","CpG","Control","15",42.5,0
"ncRNA_gene","CpG","Control","15",47.5,0
"ncRNA_gene","CpG","Control","15",52.5,0
"ncRNA_gene","CpG","Control","15",57.5,0
"ncRNA_gene","CpG","Control","15",62.5,0
"ncRNA_gene","CpG","Control","15",67.5,0
"ncRNA_gene","CpG","Control","15",72.5,0
"ncRNA_gene","CpG","Control","15",77.5,0
"ncRNA_gene","CpG","Control","15",82.5,0
"ncRNA_gene","CpG","Control","15",87.5,0
"ncRNA_gene","CpG","Control","15",92.5,0
"ncRNA_gene","CpG","Control","15",97.5,0
"ncRNA_gene","CpG","Control","16",2.5,72
"ncRNA_gene","CpG","Control","16",7.5,1
"ncRNA_gene","CpG","Control","16",12.5,0
"ncRNA_gene","CpG","Control","16",17.5,0
"ncRNA_gene","CpG","Control","16",22.5,0
"ncRNA_gene","CpG","Control","16",27.5,0
"ncRNA_gene","CpG","Control","16",32.5,0
"ncRNA_gene","CpG","Control","16",37.5,0
"ncRNA_gene","CpG","Control","16",42.5,1
"ncRNA_gene","CpG","Control","16",47.5,0
"ncRNA_gene","CpG","Control","16",52.5,0
"ncRNA_gene","CpG","Control","16",57.5,0
"ncRNA_gene","CpG","Control","16",62.5,0
"ncRNA_gene","CpG","Control","16",67.5,0
"ncRNA_gene","CpG","Control","16",72.5,0
"ncRNA_gene","CpG","Control","16",77.5,0
"ncRNA_gene","CpG","Control","16",82.5,0
"ncRNA_gene","CpG","Control","16",87.5,1
"ncRNA_gene","CpG","Control","16",92.5,0
"ncRNA_gene","CpG","Control","16",97.5,0
"ncRNA_gene","CpG","Control","22",2.5,0
"ncRNA_gene","CpG","Control","22",7.5,0
"ncRNA_gene","CpG","Control","22",12.5,0
"ncRNA_gene","CpG","Control","22",17.5,0
"ncRNA_gene","CpG","Control","22",22.5,0
"ncRNA_gene","CpG","Control","22",27.5,0
"ncRNA_gene","CpG","Control","22",32.5,0
"ncRNA_gene","CpG","Control","22",37.5,0
"ncRNA_gene","CpG","Control","22",42.5,0
"ncRNA_gene","CpG","Control","22",47.5,0
"ncRNA_gene","CpG","Control","22",52.5,0
"ncRNA_gene","CpG","Control","22",57.5,0
"ncRNA_gene","CpG","Control","22",62.5,0
"ncRNA_gene","CpG","Control","22",67.5,0
"ncRNA_gene","CpG","Control","22",72.5,0
"ncRNA_gene","CpG","Control","22",77.5,0
"ncRNA_gene","CpG","Control","22",82.5,0
"ncRNA_gene","CpG","Control","22",87.5,0
"ncRNA_gene","CpG","Control","22",92.5,0
"ncRNA_gene","CpG","Control","22",97.5,0
"ncRNA_gene","CpG","Control","27",2.5,0
"ncRNA_gene","CpG","Control","27",7.5,0
"ncRNA_gene","CpG","Control","27",12.5,0
"ncRNA_gene","CpG","Control","27",17.5,0
"ncRNA_gene","CpG","Control","27",22.5,0
"ncRNA_gene","CpG","Control","27",27.5,0
"ncRNA_gene","CpG","Control","27",32.5,0
"ncRNA_gene","CpG","Control","27",37.5,0
"ncRNA_gene","CpG","Control","27",42.5,0
"ncRNA_gene","CpG","Control","27",47.5,0
"ncRNA_gene","CpG","Control","27",52.5,0
"ncRNA_gene","CpG","Control","27",57.5,0
"ncRNA_gene","CpG","Control","27",62.5,0
"ncRNA_gene","CpG","Control","27",67.5,0
"ncRNA_gene","CpG","Control","27",72.5,0
"ncRNA_gene","CpG","Control","27",77.5,0
"ncRNA_gene","CpG","Control","27",82.5,0
"ncRNA_gene","CpG","Control","27",87.5,0
"ncRNA_gene","CpG","Control","27",92.5,0
"ncRNA_gene","CpG","Control","27",97.5,0
"ncRNA_gene","CpG","Treatment","9",2.5,0
"ncRNA_gene","CpG","Treatment","9",7.5,0
"ncRNA_gene","CpG","Treatment","9",12.5,0
"ncRNA_gene","CpG","Treatment","9",17.5,0
"ncRNA_gene","CpG","Treatment","9",22.5,0
"ncRNA_gene","CpG","Treatment","9",27.5,0
"ncRNA_gene","CpG","Treatment","9",32.5,0
"ncRNA_gene","CpG","Treatment","9",37.5,0
"ncRNA_gene","CpG","Treatment","9",42.5,0
"ncRNA_gene","CpG","Treatment","9",47.5,0
"ncRNA_gene","CpG","Treatment","9",52.5,0
"ncRNA_gene","CpG","Treatment","9",57.5,0
"ncRNA_gene","CpG","Treatment","9",62.5,0
"ncRNA_gene","CpG","Treatment","9",67.5,0
"ncRNA_gene","CpG","Treatment","9",72.5,0
"ncRNA_gene","CpG","Treatment","9",77.5,0
"ncRNA_gene","CpG","Treatment","9",82.5,0
"ncRNA_gene","CpG","Treatment","9",87.5,0
"ncRNA_gene","CpG","Treatment","9",92.5,0
"ncRNA_gene","CpG","Treatment","9",97.5,0
"ncRNA_gene","CpG","Treatment","13",2.5,0
"ncRNA_gene","CpG","Treatment","13",7.5,0
"ncRNA_gene","CpG","Treatment","13",12.5,0
"ncRNA_gene","CpG","Treatment","13",17.5,0
"ncRNA_gene","CpG","Treatment","13",22.5,0
"ncRNA_gene","CpG","Treatment","13",27.5,0
"ncRNA_gene","CpG","Treatment","13",32.5,0
"ncRNA_gene","CpG","Treatment","13",37.5,0
"ncRNA_gene","CpG","Treatment","13",42.5,0
"ncRNA_gene","CpG","Treatment","13",47.5,0
"ncRNA_gene","CpG","Treatment","13",52.5,0
"ncRNA_gene","CpG","Treatment","13",57.5,0
"ncRNA_gene","CpG","Treatment","13",62.5,0
"ncRNA_gene","CpG","Treatment","13",67.5,0
"ncRNA_gene","CpG","Treatment","13",72.5,0
"ncRNA_gene","CpG","Treatment","13",77.5,0
"ncRNA_gene","CpG","Treatment","13",82.5,0
"ncRNA_gene","CpG","Treatment","13",87.5,0
"ncRNA_gene","CpG","Treatment","13",92.5,0
"ncRNA_gene","CpG","Treatment","13",97.5,0
"ncRNA_gene","CpG","Treatment","15",2.5,88
"ncRNA_gene","CpG","Treatment","15",7.5,1
"ncRNA_gene","CpG","Treatment","15",12.5,1
"ncRNA_gene","CpG","Treatment","15",17.5,0
"ncRNA_gene","CpG","Treatment","15",22.5,0
"ncRNA_gene","CpG","Treatment","15",27.5,1
"ncRNA_gene","CpG","Treatment","15",32.5,0
"ncRNA_gene","CpG","Treatment","15",37.5,0
"ncRNA_gene","CpG","Treatment","15",42.5,1
"ncRNA_gene","CpG","Treatment","15",47.5,0
"ncRNA_gene","CpG","Treatment","15",52.5,0
"ncRNA_gene","CpG","Treatment","15",57.5,0
"ncRNA_gene","CpG","Treatment","15",62.5,0
"ncRNA_gene","CpG","Treatment","15",67.5,0
"ncRNA_gene","CpG","Treatment","15",72.5,1
"ncRNA_gene","CpG","Treatment","15",77.5,0
"ncRNA_gene","CpG","Treatment","15",82.5,0
"ncRNA_gene","CpG","Treatment","15",87.5,0
"ncRNA_gene","CpG","Treatment","15",92.5,1
"ncRNA_gene","CpG","Treatment","15",97.5,1
"ncRNA_gene","CpG","Treatment","16",2.5,0
"ncRNA_gene","CpG","Treatment","16",7.5,0
"ncRNA_gene","CpG","Treatment","16",12.5,0
"ncRNA_gene","CpG","Treatment","16",17.5,0
"ncRNA_gene","CpG","Treatment","16",22.5,0
"ncRNA_gene","CpG","Treatment","16",27.5,0
"ncRNA_gene","CpG","Treatment","16",32.5,0
"ncRNA_gene","CpG","Treatment","16",37.5,0
"ncRNA_gene","CpG","Treatment","16",42.5,0
"ncRNA_gene","CpG","Treatment","16",47.5,0
"ncRNA_gene","CpG","Treatment","16",52.5,0
"ncRNA_gene","CpG","Treatment","16",57.5,0
"ncRNA_gene","CpG","Treatment","16",62.5,0
"ncRNA_gene","CpG","Treatment","16",67.5,0
"ncRNA_gene","CpG","Treatment","16",72.5,0
"ncRNA_gene","CpG","Treatment","16",77.5,0
"ncRNA_gene","CpG","Treatment","16",82.5,0
"ncRNA_gene","CpG","Treatment","16",87.5,0
"ncRNA_gene","CpG","Treatment","16",92.5,0
"ncRNA_gene","CpG","Treatment","16",97.5,0
"ncRNA_gene","CpG","Treatment","22",2.5,60
"ncRNA_gene","CpG","Treatment","22",7.5,0
"ncRNA_gene","CpG","Treatment","22",12.5,0
"ncRNA_gene","CpG","Treatment","22",17.5,0
"ncRNA_gene","CpG","Treatment","22",22.5,0
"ncRNA_gene","CpG","Treatment","22",27.5,0
"ncRNA_gene","CpG","Treatment","22",32.5,0
"ncRNA_gene","CpG","Treatment","22",37.5,0
"ncRNA_gene","CpG","Treatment","22",42.5,1
"ncRNA_gene","CpG","Treatment","22",47.5,0
"ncRNA_gene","CpG","Treatment","22",52.5,0
"ncRNA_gene","CpG","Treatment","22",57.5,0
"ncRNA_gene","CpG","Treatment","22",62.5,0
"ncRNA_gene","CpG","Treatment","22",67.5,0
"ncRNA_gene","CpG","Treatment","22",72.5,0
"ncRNA_gene","CpG","Treatment","22",77.5,1
"ncRNA_gene","CpG","Treatment","22",82.5,0
"ncRNA_gene","CpG","Treatment","22",87.5,1
"ncRNA_gene","CpG","Treatment","22",92.5,0
"ncRNA_gene","CpG","Treatment","22",97.5,0
"ncRNA_gene","CpG","Treatment","27",2.5,50
"ncRNA_gene","CpG","Treatment","27",7.5,0
"ncRNA_gene","CpG","Treatment","27",12.5,0
"ncRNA_gene","CpG","Treatment","27",17.5,0
"ncRNA_gene","CpG","Treatment","27",22.5,0
"ncRNA_gene","CpG","Treatment","27",27.5,0
"ncRNA_gene","CpG","Treatment","27",32.5,0
"ncRNA_gene","CpG","Treatment","27",37.5,0
"ncRNA_gene","CpG","Treatment","27",42.5,0
"ncRNA_gene","CpG","Treatment","27",47.5,1
"ncRNA_gene","CpG","Treatment","27",52.5,0
"ncRNA_gene","CpG","Treatment","27",57.5,0
"ncRNA_gene","CpG","Treatment","27",62.5,0
"ncRNA_gene","CpG","Treatment","27",67.5,0
"ncRNA_gene","CpG","Treatment","27",72.5,0
"ncRNA_gene","CpG","Treatment","27",77.5,0
"ncRNA_gene","CpG","Treatment","27",82.5,0
"ncRNA_gene","CpG","Treatment","27",87.5,1
"ncRNA_gene","CpG","Treatment","27",92.5,0
"ncRNA_gene","CpG","Treatment","27",97.5,0
"ncRNA_gene","CHG","Control","9",2.5,95
"ncRNA_gene","CHG","Control","9",7.5,0
"ncRNA_gene","CHG","Control","9",12.5,0
"ncRNA_gene","CHG","Control","9",17.5,0
"ncRNA_gene","CHG","Control","9",22.5,0
"ncRNA_gene","CHG","Control","9",27.5,0
"ncRNA_gene","CHG","Control","9",32.5,0
"ncRNA_gene","CHG","Control","9",37.5,0
"ncRNA_gene","CHG","Control","9",42.5,0
"ncRNA_gene","CHG","Control","9",47.5,0
"ncRNA_gene","CHG","Control","9",52.5,0
"ncRNA_gene","CHG","Control","9",57.5,0
"ncRNA_gene","CHG","Control","9",62.5,0
"ncRNA_gene","CHG","Control","9",67.5,0
"ncRNA_gene","CHG","Control","9",72.5,0
"ncRNA_gene","CHG","Control","9",77.5,0
"ncRNA_gene","CHG","Control","9",82.5,0
"ncRNA_gene","CHG","Control","9",87.5,0
"ncRNA_gene","CHG","Control","9",92.5,0
"ncRNA_gene","CHG","Control","9",97.5,0
"ncRNA_gene","CHG","Control","13",2.5,104
"ncRNA_gene","CHG","Control","13",7.5,0
"ncRNA_gene","CHG","Control","13",12.5,0
"ncRNA_gene","CHG","Control","13",17.5,0
"ncRNA_gene","CHG","Control","13",22.5,0
"ncRNA_gene","CHG","Control","13",27.5,0
"ncRNA_gene","CHG","Control","13",32.5,0
"ncRNA_gene","CHG","Control","13",37.5,0
"ncRNA_gene","CHG","Control","13",42.5,0
"ncRNA_gene","CHG","Control","13",47.5,0
"ncRNA_gene","CHG","Control","13",52.5,0
"ncRNA_gene","CHG","Control","13",57.5,0
"ncRNA_gene","CHG","Control","13",62.5,0
"ncRNA_gene","CHG","Control","13",67.5,0
"ncRNA_gene","CHG","Control","13",72.5,0
"ncRNA_gene","CHG","Control","13",77.5,0
"ncRNA_gene","CHG","Control","13",82.5,0
"ncRNA_gene","CHG","Control","13",87.5,0
"ncRNA_gene","CHG","Control","13",92.5,0
"ncRNA_gene","CHG","Control","13",97.5,0
"ncRNA_gene","CHG","Control","15",2.5,0
"ncRNA_gene","CHG","Control","15",7.5,0
"ncRNA_gene","CHG","Control","15",12.5,0
"ncRNA_gene","CHG","Control","15",17.5,0
"ncRNA_gene","CHG","Control","15",22.5,0
"ncRNA_gene","CHG","Control","15",27.5,0
"ncRNA_gene","CHG","Control","15",32.5,0
"ncRNA_gene","CHG","Control","15",37.5,0
"ncRNA_gene","CHG","Control","15",42.5,0
"ncRNA_gene","CHG","Control","15",47.5,0
"ncRNA_gene","CHG","Control","15",52.5,0
"ncRNA_gene","CHG","Control","15",57.5,0
"ncRNA_gene","CHG","Control","15",62.5,0
"ncRNA_gene","CHG","Control","15",67.5,0
"ncRNA_gene","CHG","Control","15",72.5,0
"ncRNA_gene","CHG","Control","15",77.5,0
"ncRNA_gene","CHG","Control","15",82.5,0
"ncRNA_gene","CHG","Control","15",87.5,0
"ncRNA_gene","CHG","Control","15",92.5,0
"ncRNA_gene","CHG","Control","15",97.5,0
"ncRNA_gene","CHG","Control","16",2.5,79
"ncRNA_gene","CHG","Control","16",7.5,2
"ncRNA_gene","CHG","Control","16",12.5,0
"ncRNA_gene","CHG","Control","16",17.5,0
"ncRNA_gene","CHG","Control","16",22.5,0
"ncRNA_gene","CHG","Control","16",27.5,0
"ncRNA_gene","CHG","Control","16",32.5,0
"ncRNA_gene","CHG","Control","16",37.5,0
"ncRNA_gene","CHG","Control","16",42.5,0
"ncRNA_gene","CHG","Control","16",47.5,0
"ncRNA_gene","CHG","Control","16",52.5,0
"ncRNA_gene","CHG","Control","16",57.5,0
"ncRNA_gene","CHG","Control","16",62.5,0
"ncRNA_gene","CHG","Control","16",67.5,0
"ncRNA_gene","CHG","Control","16",72.5,0
"ncRNA_gene","CHG","Control","16",77.5,0
"ncRNA_gene","CHG","Control","16",82.5,0
"ncRNA_gene","CHG","Control","16",87.5,0
"ncRNA_gene","CHG","Control","16",92.5,0
"ncRNA_gene","CHG","Control","16",97.5,0
"ncRNA_gene","CHG","Control","22",2.5,0
"ncRNA_gene","CHG","Control","22",7.5,0
"ncRNA_gene","CHG","Control","22",12.5,0
"ncRNA_gene","CHG","Control","22",17.5,0
"ncRNA_gene","CHG","Control","22",22.5,0
"ncRNA_gene","CHG","Control","22",27.5,0
"ncRNA_gene","CHG","Control","22",32.5,0
"ncRNA_gene","CHG","Control","22",37.5,0
"ncRNA_gene","CHG","Control","22",42.5,0
"ncRNA_gene","CHG","Control","22",47.5,0
"ncRNA_gene","CHG","Control","22",52.5,0
"ncRNA_gene","CHG","Control","22",57.5,0
"ncRNA_gene","CHG","Control","22",62.5,0
"ncRNA_gene","CHG","Control","22",67.5,0
"ncRNA_gene","CHG","Control","22",72.5,0
"ncRNA_gene","CHG","Control","22",77.5,0
"ncRNA_gene","CHG","Control","22",82.5,0
"ncRNA_gene","CHG","Control","22",87.5,0
"ncRNA_gene","CHG","Control","22",92.5,0
"ncRNA_gene","CHG","Control","22",97.5,0
"ncRNA_gene","CHG","Control","27",2.5,0
"ncRNA_gene","CHG","Control","27",7.5,0
"ncRNA_gene","CHG","Control","27",12.5,0
"ncRNA_gene","CHG","Control","27",17.5,0
"ncRNA_gene","CHG","Control","27",22.5,0
"ncRNA_gene","CHG","Control","27",27.5,0
"ncRNA_gene","CHG","Control","27",32.5,0
"ncRNA_gene","CHG","Control","27",37.5,0
"ncRNA_gene","CHG","Control","27",42.5,0
"ncRNA_gene","CHG","Control","27",47.5,0
"ncRNA_gene","CHG","Control","27",52.5,0
"ncRNA_gene","CHG","Control","27",57.5,0
"ncRNA_gene","CHG","Control","27",62.5,0
"ncRNA_gene","CHG","Control","27",67.5,0
"ncRNA_gene","CHG","Control","27",72.5,0
"ncRNA_gene","CHG","Control","27",77.5,0
"ncRNA_gene","CHG","Control","27",82.5,0
"ncRNA_gene","CHG","Control","27",87.5,0
"ncRNA_gene","CHG","Control","27",92.5,0
"ncRNA_gene","CHG","Control","27",97.5,0
"ncRNA_gene","CHG","Treatment","9",2.5,0
"ncRNA_gene","CHG","Treatment","9",7.5,0
"ncRNA_gene","CHG","Treatment","9",12.5,0
"ncRNA_gene","CHG","Treatment","9",17.5,0
"ncRNA_gene","CHG","Treatment","9",22.5,0
"ncRNA_gene","CHG","Treatment","9",27.5,0
"ncRNA_gene","CHG","Treatment","9",32.5,0
"ncRNA_gene","CHG","Treatment","9",37.5,0
"ncRNA_gene","CHG","Treatment","9",42.5,0
"ncRNA_gene","CHG","Treatment","9",47.5,0
"ncRNA_gene","CHG","Treatment","9",52.5,0
"ncRNA_gene","CHG","Treatment","9",57.5,0
"ncRNA_gene","CHG","Treatment","9",62.5,0
"ncRNA_gene","CHG","Treatment","9",67.5,0
"ncRNA_gene","CHG","Treatment","9",72.5,0
"ncRNA_gene","CHG","Treatment","9",77.5,0
"ncRNA_gene","CHG","Treatment","9",82.5,0
"ncRNA_gene","CHG","Treatment","9",87.5,0
"ncRNA_gene","CHG","Treatment","9",92.5,0
"ncRNA_gene","CHG","Treatment","9",97.5,0
"ncRNA_gene","CHG","Treatment","13",2.5,0
"ncRNA_gene","CHG","Treatment","13",7.5,0
"ncRNA_gene","CHG","Treatment","13",12.5,0
"ncRNA_gene","CHG","Treatment","13",17.5,0
"ncRNA_gene","CHG","Treatment","13",22.5,0
"ncRNA_gene","CHG","Treatment","13",27.5,0
"ncRNA_gene","CHG","Treatment","13",32.5,0
"ncRNA_gene","CHG","Treatment","13",37.5,0
"ncRNA_gene","CHG","Treatment","13",42.5,0
"ncRNA_gene","CHG","Treatment","13",47.5,0
"ncRNA_gene","CHG","Treatment","13",52.5,0
"ncRNA_gene","CHG","Treatment","13",57.5,0
"ncRNA_gene","CHG","Treatment","13",62.5,0
"ncRNA_gene","CHG","Treatment","13",67.5,0
"ncRNA_gene","CHG","Treatment","13",72.5,0
"ncRNA_gene","CHG","Treatment","13",77.5,0
"ncRNA_gene","CHG","Treatment","13",82.5,0
"ncRNA_gene","CHG","Treatment","13",87.5,0
"ncRNA_gene","CHG","Treatment","13",92.5,0
"ncRNA_gene","CHG","Treatment","13",97.5,0
"ncRNA_gene","CHG","Treatment","15",2.5,100
"ncRNA_gene","CHG","Treatment","15",7.5,1
"ncRNA_gene","CHG","Treatment","15",12.5,0
"ncRNA_gene","CHG","Treatment","15",17.5,0
"ncRNA_gene","CHG","Treatment","15",22.5,0
"ncRNA_gene","CHG","Treatment","15",27.5,0
"ncRNA_gene","CHG","Treatment","15",32.5,0
"ncRNA_gene","CHG","Treatment","15",37.5,0
"ncRNA_gene","CHG","Treatment","15",42.5,0
"ncRNA_gene","CHG","Treatment","15",47.5,0
"ncRNA_gene","CHG","Treatment","15",52.5,0
"ncRNA_gene","CHG","Treatment","15",57.5,0
"ncRNA_gene","CHG","Treatment","15",62.5,0
"ncRNA_gene","CHG","Treatment","15",67.5,0
"ncRNA_gene","CHG","Treatment","15",72.5,0
"ncRNA_gene","CHG","Treatment","15",77.5,0
"ncRNA_gene","CHG","Treatment","15",82.5,0
"ncRNA_gene","CHG","Treatment","15",87.5,0
"ncRNA_gene","CHG","Treatment","15",92.5,0
"ncRNA_gene","CHG","Treatment","15",97.5,0
"ncRNA_gene","CHG","Treatment","16",2.5,0
"ncRNA_gene","CHG","Treatment","16",7.5,0
"ncRNA_gene","CHG","Treatment","16",12.5,0
"ncRNA_gene","CHG","Treatment","16",17.5,0
"ncRNA_gene","CHG","Treatment","16",22.5,0
"ncRNA_gene","CHG","Treatment","16",27.5,0
"ncRNA_gene","CHG","Treatment","16",32.5,0
"ncRNA_gene","CHG","Treatment","16",37.5,0
"ncRNA_gene","CHG","Treatment","16",42.5,0
"ncRNA_gene","CHG","Treatment","16",47.5,0
"ncRNA_gene","CHG","Treatment","16",52.5,0
"ncRNA_gene","CHG","Treatment","16",57.5,0
"ncRNA_gene","CHG","Treatment","16",62.5,0
"ncRNA_gene","CHG","Treatment","16",67.5,0
"ncRNA_gene","CHG","Treatment","16",72.5,0
"ncRNA_gene","CHG","Treatment","16",77.5,0
"ncRNA_gene","CHG","Treatment","16",82.5,0
"ncRNA_gene","CHG","Treatment","16",87.5,0
"ncRNA_gene","CHG","Treatment","16",92.5,0
"ncRNA_gene","CHG","Treatment","16",97.5,0
"ncRNA_gene","CHG","Treatment","22",2.5,67
"ncRNA_gene","CHG","Treatment","22",7.5,1
"ncRNA_gene","CHG","Treatment","22",12.5,0
"ncRNA_gene","CHG","Treatment","22",17.5,0
"ncRNA_gene","CHG","Treatment","22",22.5,0
"ncRNA_gene","CHG","Treatment","22",27.5,0
"ncRNA_gene","CHG","Treatment","22",32.5,0
"ncRNA_gene","CHG","Treatment","22",37.5,0
"ncRNA_gene","CHG","Treatment","22",42.5,0
"ncRNA_gene","CHG","Treatment","22",47.5,0
"ncRNA_gene","CHG","Treatment","22",52.5,0
"ncRNA_gene","CHG","Treatment","22",57.5,0
"ncRNA_gene","CHG","Treatment","22",62.5,0
"ncRNA_gene","CHG","Treatment","22",67.5,0
"ncRNA_gene","CHG","Treatment","22",72.5,0
"ncRNA_gene","CHG","Treatment","22",77.5,0
"ncRNA_gene","CHG","Treatment","22",82.5,0
"ncRNA_gene","CHG","Treatment","22",87.5,0
"ncRNA_gene","CHG","Treatment","22",92.5,0
"ncRNA_gene","CHG","Treatment","22",97.5,0
"ncRNA_gene","CHG","Treatment","27",2.5,52
"ncRNA_gene","CHG","Treatment","27",7.5,0
"ncRNA_gene","CHG","Treatment","27",12.5,0
"ncRNA_gene","CHG","Treatment","27",17.5,0
"ncRNA_gene","CHG","Treatment","27",22.5,0
"ncRNA_gene","CHG","Treatment","27",27.5,0
"ncRNA_gene","CHG","Treatment","27",32.5,0
"ncRNA_gene","CHG","Treatment","27",37.5,0
"ncRNA_gene","CHG","Treatment","27",42.5,0
"ncRNA_gene","CHG","Treatment","27",47.5,0
"ncRNA_gene","CHG","Treatment","27",52.5,0
"ncRNA_gene","CHG","Treatment","27",57.5,0
"ncRNA_gene","CHG","Treatment","27",62.5,0
"ncRNA_gene","CHG","Treatment","27",67.5,0
"ncRNA_gene","CHG","Treatment","27",72.5,0
"ncRNA_gene","CHG","Treatment","27",77.5,0
"ncRNA_gene","CHG","Treatment","27",82.5,0
"ncRNA_gene","CHG","Treatment","27",87.5,0
"ncRNA_gene","CHG","Treatment","27",92.5,0
"ncRNA_gene","CHG","Treatment","27",97.5,0
"ncRNA_gene","CHH","Control","9",2.5,102
"ncRNA_gene","CHH","Control","9",7.5,0
"ncRNA_gene","CHH","Control","9",12.5,0
"ncRNA_gene","CHH","Control","9",17.5,0
"ncRNA_gene","CHH","Control","9",22.5,0
"ncRNA_gene","CHH","Control","9",27.5,0
"ncRNA_gene","CHH","Control","9",32.5,0
"ncRNA_gene","CHH","Control","9",37.5,0
"ncRNA_gene","CHH","Control","9",42.5,0
"ncRNA_gene","CHH","Control","9",47.5,0
"ncRNA_gene","CHH","Control","9",52.5,0
"ncRNA_gene","CHH","Control","9",57.5,0
"ncRNA_gene","CHH","Control","9",62.5,0
"ncRNA_gene","CHH","Control","9",67.5,0
"ncRNA_gene","CHH","Control","9",72.5,0
"ncRNA_gene","CHH","Control","9",77.5,0
"ncRNA_gene","CHH","Control","9",82.5,0
"ncRNA_gene","CHH","Control","9",87.5,0
"ncRNA_gene","CHH","Control","9",92.5,0
"ncRNA_gene","CHH","Control","9",97.5,0
"ncRNA_gene","CHH","Control","13",2.5,113
"ncRNA_gene","CHH","Control","13",7.5,0
"ncRNA_gene","CHH","Control","13",12.5,0
"ncRNA_gene","CHH","Control","13",17.5,0
"ncRNA_gene","CHH","Control","13",22.5,0
"ncRNA_gene","CHH","Control","13",27.5,0
"ncRNA_gene","CHH","Control","13",32.5,0
"ncRNA_gene","CHH","Control","13",37.5,0
"ncRNA_gene","CHH","Control","13",42.5,0
"ncRNA_gene","CHH","Control","13",47.5,0
"ncRNA_gene","CHH","Control","13",52.5,0
"ncRNA_gene","CHH","Control","13",57.5,0
"ncRNA_gene","CHH","Control","13",62.5,0
"ncRNA_gene","CHH","Control","13",67.5,0
"ncRNA_gene","CHH","Control","13",72.5,0
"ncRNA_gene","CHH","Control","13",77.5,0
"ncRNA_gene","CHH","Control","13",82.5,0
"ncRNA_gene","CHH","Control","13",87.5,0
"ncRNA_gene","CHH","Control","13",92.5,0
"ncRNA_gene","CHH","Control","13",97.5,0
"ncRNA_gene","CHH","Control","15",2.5,0
"ncRNA_gene","CHH","Control","15",7.5,0
"ncRNA_gene","CHH","Control","15",12.5,0
"ncRNA_gene","CHH","Control","15",17.5,0
"ncRNA_gene","CHH","Control","15",22.5,0
"ncRNA_gene","CHH","Control","15",27.5,0
"ncRNA_gene","CHH","Control","15",32.5,0
"ncRNA_gene","CHH","Control","15",37.5,0
"ncRNA_gene","CHH","Control","15",42.5,0
"ncRNA_gene","CHH","Control","15",47.5,0
"ncRNA_gene","CHH","Control","15",52.5,0
"ncRNA_gene","CHH","Control","15",57.5,0
"ncRNA_gene","CHH","Control","15",62.5,0
"ncRNA_gene","CHH","Control","15",67.5,0
"ncRNA_gene","CHH","Control","15",72.5,0
"ncRNA_gene","CHH","Control","15",77.5,0
"ncRNA_gene","CHH","Control","15",82.5,0
"ncRNA_gene","CHH","Control","15",87.5,0
"ncRNA_gene","CHH","Control","15",92.5,0
"ncRNA_gene","CHH","Control","15",97.5,0
"ncRNA_gene","CHH","Control","16",2.5,82
"ncRNA_gene","CHH","Control","16",7.5,3
"ncRNA_gene","CHH","Control","16",12.5,0
"ncRNA_gene","CHH","Control","16",17.5,0
"ncRNA_gene","CHH","Control","16",22.5,0
"ncRNA_gene","CHH","Control","16",27.5,0
"ncRNA_gene","CHH","Control","16",32.5,0
"ncRNA_gene","CHH","Control","16",37.5,0
"ncRNA_gene","CHH","Control","16",42.5,0
"ncRNA_gene","CHH","Control","16",47.5,0
"ncRNA_gene","CHH","Control","16",52.5,0
"ncRNA_gene","CHH","Control","16",57.5,0
"ncRNA_gene","CHH","Control","16",62.5,0
"ncRNA_gene","CHH","Control","16",67.5,0
"ncRNA_gene","CHH","Control","16",72.5,0
"ncRNA_gene","CHH","Control","16",77.5,0
"ncRNA_gene","CHH","Control","16",82.5,0
"ncRNA_gene","CHH","Control","16",87.5,0
"ncRNA_gene","CHH","Control","16",92.5,0
"ncRNA_gene","CHH","Control","16",97.5,0
"ncRNA_gene","CHH","Control","22",2.5,0
"ncRNA_gene","CHH","Control","22",7.5,0
"ncRNA_gene","CHH","Control","22",12.5,0
"ncRNA_gene","CHH","Control","22",17.5,0
"ncRNA_gene","CHH","Control","22",22.5,0
"ncRNA_gene","CHH","Control","22",27.5,0
"ncRNA_gene","CHH","Control","22",32.5,0
"ncRNA_gene","CHH","Control","22",37.5,0
"ncRNA_gene","CHH","Control","22",42.5,0
"ncRNA_gene","CHH","Control","22",47.5,0
"ncRNA_gene","CHH","Control","22",52.5,0
"ncRNA_gene","CHH","Control","22",57.5,0
"ncRNA_gene","CHH","Control","22",62.5,0
"ncRNA_gene","CHH","Control","22",67.5,0
"ncRNA_gene","CHH","Control","22",72.5,0
"ncRNA_gene","CHH","Control","22",77.5,0
"ncRNA_gene","CHH","Control","22",82.5,0
"ncRNA_gene","CHH","Control","22",87.5,0
"ncRNA_gene","CHH","Control","22",92.5,0
"ncRNA_gene","CHH","Control","22",97.5,0
"ncRNA_gene","CHH","Control","27",2.5,0
"ncRNA_gene","CHH","Control","27",7.5,0
"ncRNA_gene","CHH","Control","27",12.5,0
"ncRNA_gene","CHH","Control","27",17.5,0
"ncRNA_gene","CHH","Control","27",22.5,0
"ncRNA_gene","CHH","Control","27",27.5,0
"ncRNA_gene","CHH","Control","27",32.5,0
"ncRNA_gene","CHH","Control","27",37.5,0
"ncRNA_gene","CHH","Control","27",42.5,0
"ncRNA_gene","CHH","Control","27",47.5,0
"ncRNA_gene","CHH","Control","27",52.5,0
"ncRNA_gene","CHH","Control","27",57.5,0
"ncRNA_gene","CHH","Control","27",62.5,0
"ncRNA_gene","CHH","Control","27",67.5,0
"ncRNA_gene","CHH","Control","27",72.5,0
"ncRNA_gene","CHH","Control","27",77.5,0
"ncRNA_gene","CHH","Control","27",82.5,0
"ncRNA_gene","CHH","Control","27",87.5,0
"ncRNA_gene","CHH","Control","27",92.5,0
"ncRNA_gene","CHH","Control","27",97.5,0
"ncRNA_gene","CHH","Treatment","9",2.5,0
"ncRNA_gene","CHH","Treatment","9",7.5,0
"ncRNA_gene","CHH","Treatment","9",12.5,0
"ncRNA_gene","CHH","Treatment","9",17.5,0
"ncRNA_gene","CHH","Treatment","9",22.5,0
"ncRNA_gene","CHH","Treatment","9",27.5,0
"ncRNA_gene","CHH","Treatment","9",32.5,0
"ncRNA_gene","CHH","Treatment","9",37.5,0
"ncRNA_gene","CHH","Treatment","9",42.5,0
"ncRNA_gene","CHH","Treatment","9",47.5,0
"ncRNA_gene","CHH","Treatment","9",52.5,0
"ncRNA_gene","CHH","Treatment","9",57.5,0
"ncRNA_gene","CHH","Treatment","9",62.5,0
"ncRNA_gene","CHH","Treatment","9",67.5,0
"ncRNA_gene","CHH","Treatment","9",72.5,0
"ncRNA_gene","CHH","Treatment","9",77.5,0
"ncRNA_gene","CHH","Treatment","9",82.5,0
"ncRNA_gene","CHH","Treatment","9",87.5,0
"ncRNA_gene","CHH","Treatment","9",92.5,0
"ncRNA_gene","CHH","Treatment","9",97.5,0
"ncRNA_gene","CHH","Treatment","13",2.5,0
"ncRNA_gene","CHH","Treatment","13",7.5,0
"ncRNA_gene","CHH","Treatment","13",12.5,0
"ncRNA_gene","CHH","Treatment","13",17.5,0
"ncRNA_gene","CHH","Treatment","13",22.5,0
"ncRNA_gene","CHH","Treatment","13",27.5,0
"ncRNA_gene","CHH","Treatment","13",32.5,0
"ncRNA_gene","CHH","Treatment","13",37.5,0
"ncRNA_gene","CHH","Treatment","13",42.5,0
"ncRNA_gene","CHH","Treatment","13",47.5,0
"ncRNA_gene","CHH","Treatment","13",52.5,0
"ncRNA_gene","CHH","Treatment","13",57.5,0
"ncRNA_gene","CHH","Treatment","13",62.5,0
"ncRNA_gene","CHH","Treatment","13",67.5,0
"ncRNA_gene","CHH","Treatment","13",72.5,0
"ncRNA_gene","CHH","Treatment","13",77.5,0
"ncRNA_gene","CHH","Treatment","13",82.5,0
"ncRNA_gene","CHH","Treatment","13",87.5,0
"ncRNA_gene","CHH","Treatment","13",92.5,0
"ncRNA_gene","CHH","Treatment","13",97.5,0
"ncRNA_gene","CHH","Treatment","15",2.5,105
"ncRNA_gene","CHH","Treatment","15",7.5,1
"ncRNA_gene","CHH","Treatment","15",12.5,0
"ncRNA_gene","CHH","Treatment","15",17.5,0
"ncRNA_gene","CHH","Treatment","15",22.5,0
"ncRNA_gene","CHH","Treatment","15",27.5,0
"ncRNA_gene","CHH","Treatment","15",32.5,0
"ncRNA_gene","CHH","Treatment","15",37.5,0
"ncRNA_gene","CHH","Treatment","15",42.5,0
"ncRNA_gene","CHH","Treatment","15",47.5,0
"ncRNA_gene","CHH","Treatment","15",52.5,0
"ncRNA_gene","CHH","Treatment","15",57.5,0
"ncRNA_gene","CHH","Treatment","15",62.5,0
"ncRNA_gene","CHH","Treatment","15",67.5,0
"ncRNA_gene","CHH","Treatment","15",72.5,0
"ncRNA_gene","CHH","Treatment","15",77.5,0
"ncRNA_gene","CHH","Treatment","15",82.5,0
"ncRNA_gene","CHH","Treatment","15",87.5,0
"ncRNA_gene","CHH","Treatment","15",92.5,0
"ncRNA_gene","CHH","Treatment","15",97.5,0
"ncRNA_gene","CHH","Treatment","16",2.5,0
"ncRNA_gene","CHH","Treatment","16",7.5,0
"ncRNA_gene","CHH","Treatment","16",12.5,0
"ncRNA_gene","CHH","Treatment","16",17.5,0
"ncRNA_gene","CHH","Treatment","16",22.5,0
"ncRNA_gene","CHH","Treatment","16",27.5,0
"ncRNA_gene","CHH","Treatment","16",32.5,0
"ncRNA_gene","CHH","Treatment","16",37.5,0
"ncRNA_gene","CHH","Treatment","16",42.5,0
"ncRNA_gene","CHH","Treatment","16",47.5,0
"ncRNA_gene","CHH","Treatment","16",52.5,0
"ncRNA_gene","CHH","Treatment","16",57.5,0
"ncRNA_gene","CHH","Treatment","16",62.5,0
"ncRNA_gene","CHH","Treatment","16",67.5,0
"ncRNA_gene","CHH","Treatment","16",72.5,0
"ncRNA_gene","CHH","Treatment","16",77.5,0
"ncRNA_gene","CHH","Treatment","16",82.5,0
"ncRNA_gene","CHH","Treatment","16",87.5,0
"ncRNA_gene","CHH","Treatment","16",92.5,0
"ncRNA_gene","CHH","Treatment","16",97.5,0
"ncRNA_gene","CHH","Treatment","22",2.5,70
"ncRNA_gene","CHH","Treatment","22",7.5,0
"ncRNA_gene","CHH","Treatment","22",12.5,0
"ncRNA_gene","CHH","Treatment","22",17.5,0
"ncRNA_gene","CHH","Treatment","22",22.5,0
"ncRNA_gene","CHH","Treatment","22",27.5,0
"ncRNA_gene","CHH","Treatment","22",32.5,0
"ncRNA_gene","CHH","Treatment","22",37.5,0
"ncRNA_gene","CHH","Treatment","22",42.5,0
"ncRNA_gene","CHH","Treatment","22",47.5,0
"ncRNA_gene","CHH","Treatment","22",52.5,0
"ncRNA_gene","CHH","Treatment","22",57.5,0
"ncRNA_gene","CHH","Treatment","22",62.5,0
"ncRNA_gene","CHH","Treatment","22",67.5,0
"ncRNA_gene","CHH","Treatment","22",72.5,0
"ncRNA_gene","CHH","Treatment","22",77.5,0
"ncRNA_gene","CHH","Treatment","22",82.5,0
"ncRNA_gene","CHH","Treatment","22",87.5,0
"ncRNA_gene","CHH","Treatment","22",92.5,0
"ncRNA_gene","CHH","Treatment","22",97.5,0
"ncRNA_gene","CHH","Treatment","27",2.5,55
"ncRNA_gene","CHH","Treatment","27",7.5,0
"ncRNA_gene","CHH","Treatment","27",12.5,0
"ncRNA_gene","CHH","Treatment","27",17.5,0
"ncRNA_gene","CHH","Treatment","27",22.5,0
"ncRNA_gene","CHH","Treatment","27",27.5,0
"ncRNA_gene","CHH","Treatment","27",32.5,0
"ncRNA_gene","CHH","Treatment","27",37.5,0
"ncRNA_gene","CHH","Treatment","27",42.5,0
"ncRNA_gene","CHH","Treatment","27",47.5,0
"ncRNA_gene","CHH","Treatment","27",52.5,0
"ncRNA_gene","CHH","Treatment","27",57.5,0
"ncRNA_gene","CHH","Treatment","27",62.5,0
"ncRNA_gene","CHH","Treatment","27",67.5,0
"ncRNA_gene","CHH","Treatment","27",72.5,0
"ncRNA_gene","CHH","Treatment","27",77.5,0
"ncRNA_gene","CHH","Treatment","27",82.5,0
"ncRNA_gene","CHH","Treatment","27",87.5,0
"ncRNA_gene","CHH","Treatment","27",92.5,0
"ncRNA_gene","CHH","Treatment","27",97.5,0
"promoter","CpG","Control","9",2.5,1812
"promoter","CpG","Control","9",7.5,68
"promoter","CpG","Control","9",12.5,9
"promoter","CpG","Control","9",17.5,19
"promoter","CpG","Control","9",22.5,11
"promoter","CpG","Control","9",27.5,7
"promoter","CpG","Control","9",32.5,8
"promoter","CpG","Control","9",37.5,14
"promoter","CpG","Control","9",42.5,4
"promoter","CpG","Control","9",47.5,11
"promoter","CpG","Control","9",52.5,5
"promoter","CpG","Control","9",57.5,1
"promoter","CpG","Control","9",62.5,4
"promoter","CpG","Control","9",67.5,4
"promoter","CpG","Control","9",72.5,2
"promoter","CpG","Control","9",77.5,9
"promoter","CpG","Control","9",82.5,1
"promoter","CpG","Control","9",87.5,7
"promoter","CpG","Control","9",92.5,2
"promoter","CpG","Control","9",97.5,10
"promoter","CpG","Control","13",2.5,1797
"promoter","CpG","Control","13",7.5,80
"promoter","CpG","Control","13",12.5,13
"promoter","CpG","Control","13",17.5,29
"promoter","CpG","Control","13",22.5,8
"promoter","CpG","Control","13",27.5,9
"promoter","CpG","Control","13",32.5,6
"promoter","CpG","Control","13",37.5,9
"promoter","CpG","Control","13",42.5,10
"promoter","CpG","Control","13",47.5,5
"promoter","CpG","Control","13",52.5,4
"promoter","CpG","Control","13",57.5,12
"promoter","CpG","Control","13",62.5,6
"promoter","CpG","Control","13",67.5,1
"promoter","CpG","Control","13",72.5,4
"promoter","CpG","Control","13",77.5,9
"promoter","CpG","Control","13",82.5,2
"promoter","CpG","Control","13",87.5,5
"promoter","CpG","Control","13",92.5,4
"promoter","CpG","Control","13",97.5,7
"promoter","CpG","Control","15",2.5,0
"promoter","CpG","Control","15",7.5,0
"promoter","CpG","Control","15",12.5,0
"promoter","CpG","Control","15",17.5,0
"promoter","CpG","Control","15",22.5,0
"promoter","CpG","Control","15",27.5,0
"promoter","CpG","Control","15",32.5,0
"promoter","CpG","Control","15",37.5,0
"promoter","CpG","Control","15",42.5,0
"promoter","CpG","Control","15",47.5,0
"promoter","CpG","Control","15",52.5,0
"promoter","CpG","Control","15",57.5,0
"promoter","CpG","Control","15",62.5,0
"promoter","CpG","Control","15",67.5,0
"promoter","CpG","Control","15",72.5,0
"promoter","CpG","Control","15",77.5,0
"promoter","CpG","Control","15",82.5,0
"promoter","CpG","Control","15",87.5,0
"promoter","CpG","Control","15",92.5,0
"promoter","CpG","Control","15",97.5,0
"promoter","CpG","Control","16",2.5,1060
"promoter","CpG","Control","16",7.5,44
"promoter","CpG","Control","16",12.5,10
"promoter","CpG","Control","16",17.5,9
"promoter","CpG","Control","16",22.5,8
"promoter","CpG","Control","16",27.5,4
"promoter","CpG","Control","16",32.5,7
"promoter","CpG","Control","16",37.5,10
"promoter","CpG","Control","16",42.5,5
"promoter","CpG","Control","16",47.5,9
"promoter","CpG","Control","16",52.5,2
"promoter","CpG","Control","16",57.5,4
"promoter","CpG","Control","16",62.5,6
"promoter","CpG","Control","16",67.5,4
"promoter","CpG","Control","16",72.5,1
"promoter","CpG","Control","16",77.5,2
"promoter","CpG","Control","16",82.5,1
"promoter","CpG","Control","16",87.5,4
"promoter","CpG","Control","16",92.5,1
"promoter","CpG","Control","16",97.5,10
"promoter","CpG","Control","22",2.5,0
"promoter","CpG","Control","22",7.5,0
"promoter","CpG","Control","22",12.5,0
"promoter","CpG","Control","22",17.5,0
"promoter","CpG","Control","22",22.5,0
"promoter","CpG","Control","22",27.5,0
"promoter","CpG","Control","22",32.5,0
"promoter","CpG","Control","22",37.5,0
"promoter","CpG","Control","22",42.5,0
"promoter","CpG","Control","22",47.5,0
"promoter","CpG","Control","22",52.5,0
"promoter","CpG","Control","22",57.5,0
"promoter","CpG","Control","22",62.5,0
"promoter","CpG","Control","22",67.5,0
"promoter","CpG","Control","22",72.5,0
"promoter","CpG","Control","22",77.5,0
"promoter","CpG","Control","22",82.5,0
"promoter","CpG","Control","22",87.5,0
"promoter","CpG","Control","22",92.5,0
"promoter","CpG","Control","22",97.5,0
"promoter","CpG","Control","27",2.5,0
"promoter","CpG","Control","27",7.5,0
"promoter","CpG","Control","27",12.5,0
"promoter","CpG","Control","27",17.5,0
"promoter","CpG","Control","27",22.5,0
"promoter","CpG","Control","27",27.5,0
"promoter","CpG","Control","27",32.5,0
"promoter","CpG","Control","27",37.5,0
"promoter","CpG","Control","27",42.5,0
"promoter","CpG","Control","27",47.5,0
"promoter","CpG","Control","27",52.5,0
"promoter","CpG","Control","27",57.5,0
"promoter","CpG","Control","27",62.5,0
"promoter","CpG","Control","27",67.5,0
"promoter","CpG","Control","27",72.5,0
"promoter","CpG","Control","27",77.5,0
"promoter","CpG","Control","27",82.5,0
"promoter","CpG","Control","27",87.5,0
"promoter","CpG","Control","27",92.5,0
"promoter","CpG","Control","27",97.5,0
"promoter","CpG","Treatment","9",2.5,0
"promoter","CpG","Treatment","9",7.5,0
"promoter","CpG","Treatment","9",12.5,0
"promoter","CpG","Treatment","9",17.5,0
"promoter","CpG","Treatment","9",22.5,0
"promoter","CpG","Treatment","9",27.5,0
"promoter","CpG","Treatment","9",32.5,0
"promoter","CpG","Treatment","9",37.5,0
"promoter","CpG","Treatment","9",42.5,0
"promoter","CpG","Treatment","9",47.5,0
"promoter","CpG","Treatment","9",52.5,0
"promoter","CpG","Treatment","9",57.5,0
"promoter","CpG","Treatment","9",62.5,0
"promoter","CpG","Treatment","9",67.5,0
"promoter","CpG","Treatment","9",72.5,0
"promoter","CpG","Treatment","9",77.5,0
"promoter","CpG","Treatment","9",82.5,0
"promoter","CpG","Treatment","9",87.5,0
"promoter","CpG","Treatment","9",92.5,0
"promoter","CpG","Treatment","9",97.5,0
"promoter","CpG","Treatment","13",2.5,0
"promoter","CpG","Treatment","13",7.5,0
"promoter","CpG","Treatment","13",12.5,0
"promoter","CpG","Treatment","13",17.5,0
"promoter","CpG","Treatment","13",22.5,0
"promoter","CpG","Treatment","13",27.5,0
"promoter","CpG","Treatment","13",32.5,0
"promoter","CpG","Treatment","13",37.5,0
"promoter","CpG","Treatment","13",42.5,0
"promoter","CpG","Treatment","13",47.5,0
"promoter","CpG","Treatment","13",52.5,0
"promoter","CpG","Treatment","13",57.5,0
"promoter","CpG","Treatment","13",62.5,0
"promoter","CpG","Treatment","13",67.5,0
"promoter","CpG","Treatment","13",72.5,0
"promoter","CpG","Treatment","13",77.5,0
"promoter","CpG","Treatment","13",82.5,0
"promoter","CpG","Treatment","13",87.5,0
"promoter","CpG","Treatment","13",92.5,0
"promoter","CpG","Treatment","13",97.5,0
"promoter","CpG","Treatment","15",2.5,1480
"promoter","CpG","Treatment","15",7.5,50
"promoter","CpG","Treatment","15",12.5,13
"promoter","CpG","Treatment","15",17.5,12
"promoter","CpG","Treatment","15",22.5,10
"promoter","CpG","Treatment","15",27.5,14
"promoter","CpG","Treatment","15",32.5,4
"promoter","CpG","Treatment","15",37.5,5
"promoter","CpG","Treatment","15",42.5,3
"promoter","CpG","Treatment","15",47.5,5
"promoter","CpG","Treatment","15",52.5,1
"promoter","CpG","Treatment","15",57.5,2
"promoter","CpG","Treatment","15",62.5,5
"promoter","CpG","Treatment","15",67.5,7
"promoter","CpG","Treatment","15",72.5,4
"promoter","CpG","Treatment","15",77.5,1
"promoter","CpG","Treatment","15",82.5,2
"promoter","CpG","Treatment","15",87.5,1
"promoter","CpG","Treatment","15",92.5,9
"promoter","CpG","Treatment","15",97.5,9
"promoter","CpG","Treatment","16",2.5,0
"promoter","CpG","Treatment","16",7.5,0
"promoter","CpG","Treatment","16",12.5,0
"promoter","CpG","Treatment","16",17.5,0
"promoter","CpG","Treatment","16",22.5,0
"promoter","CpG","Treatment","16",27.5,0
"promoter","CpG","Treatment","16",32.5,0
"promoter","CpG","Treatment","16",37.5,0
"promoter","CpG","Treatment","16",42.5,0
"promoter","CpG","Treatment","16",47.5,0
"promoter","CpG","Treatment","16",52.5,0
"promoter","CpG","Treatment","16",57.5,0
"promoter","CpG","Treatment","16",62.5,0
"promoter","CpG","Treatment","16",67.5,0
"promoter","CpG","Treatment","16",72.5,0
"promoter","CpG","Treatment","16",77.5,0
"promoter","CpG","Treatment","16",82.5,0
"promoter","CpG","Treatment","16",87.5,0
"promoter","CpG","Treatment","16",92.5,0
"promoter","CpG","Treatment","16",97.5,0
"promoter","CpG","Treatment","22",2.5,685
"promoter","CpG","Treatment","22",7.5,26
"promoter","CpG","Treatment","22",12.5,4
"promoter","CpG","Treatment","22",17.5,9
"promoter","CpG","Treatment","22",22.5,3
"promoter","CpG","Treatment","22",27.5,7
"promoter","CpG","Treatment","22",32.5,8
"promoter","CpG","Treatment","22",37.5,3
"promoter","CpG","Treatment","22",42.5,1
"promoter","CpG","Treatment","22",47.5,3
"promoter","CpG","Treatment","22",52.5,4
"promoter","CpG","Treatment","22",57.5,2
"promoter","CpG","Treatment","22",62.5,0
"promoter","CpG","Treatment","22",67.5,3
"promoter","CpG","Treatment","22",72.5,2
"promoter","CpG","Treatment","22",77.5,2
"promoter","CpG","Treatment","22",82.5,1
"promoter","CpG","Treatment","22",87.5,3
"promoter","CpG","Treatment","22",92.5,0
"promoter","CpG","Treatment","22",97.5,2
"promoter","CpG","Treatment","27",2.5,688
"promoter","CpG","Treatment","27",7.5,34
"promoter","CpG","Treatment","27",12.5,7
"promoter","CpG","Treatment","27",17.5,10
"promoter","CpG","Treatment","27",22.5,8
"promoter","CpG","Treatment","27",27.5,5
"promoter","CpG","Treatment","27",32.5,3
"promoter","CpG","Treatment","27",37.5,3
"promoter","CpG","Treatment","27",42.5,2
"promoter","CpG","Treatment","27",47.5,3
"promoter","CpG","Treatment","27",52.5,0
"promoter","CpG","Treatment","27",57.5,7
"promoter","CpG","Treatment","27",62.5,0
"promoter","CpG","Treatment","27",67.5,2
"promoter","CpG","Treatment","27",72.5,3
"promoter","CpG","Treatment","27",77.5,7
"promoter","CpG","Treatment","27",82.5,4
"promoter","CpG","Treatment","27",87.5,1
"promoter","CpG","Treatment","27",92.5,2
"promoter","CpG","Treatment","27",97.5,2
"promoter","CHG","Control","9",2.5,2073
"promoter","CHG","Control","9",7.5,38
"promoter","CHG","Control","9",12.5,1
"promoter","CHG","Control","9",17.5,1
"promoter","CHG","Control","9",22.5,1
"promoter","CHG","Control","9",27.5,0
"promoter","CHG","Control","9",32.5,1
"promoter","CHG","Control","9",37.5,0
"promoter","CHG","Control","9",42.5,0
"promoter","CHG","Control","9",47.5,0
"promoter","CHG","Control","9",52.5,0
"promoter","CHG","Control","9",57.5,0
"promoter","CHG","Control","9",62.5,0
"promoter","CHG","Control","9",67.5,0
"promoter","CHG","Control","9",72.5,0
"promoter","CHG","Control","9",77.5,0
"promoter","CHG","Control","9",82.5,0
"promoter","CHG","Control","9",87.5,0
"promoter","CHG","Control","9",92.5,0
"promoter","CHG","Control","9",97.5,0
"promoter","CHG","Control","13",2.5,2036
"promoter","CHG","Control","13",7.5,42
"promoter","CHG","Control","13",12.5,1
"promoter","CHG","Control","13",17.5,1
"promoter","CHG","Control","13",22.5,0
"promoter","CHG","Control","13",27.5,1
"promoter","CHG","Control","13",32.5,0
"promoter","CHG","Control","13",37.5,0
"promoter","CHG","Control","13",42.5,0
"promoter","CHG","Control","13",47.5,0
"promoter","CHG","Control","13",52.5,0
"promoter","CHG","Control","13",57.5,0
"promoter","CHG","Control","13",62.5,0
"promoter","CHG","Control","13",67.5,0
"promoter","CHG","Control","13",72.5,0
"promoter","CHG","Control","13",77.5,0
"promoter","CHG","Control","13",82.5,0
"promoter","CHG","Control","13",87.5,0
"promoter","CHG","Control","13",92.5,0
"promoter","CHG","Control","13",97.5,0
"promoter","CHG","Control","15",2.5,0
"promoter","CHG","Control","15",7.5,0
"promoter","CHG","Control","15",12.5,0
"promoter","CHG","Control","15",17.5,0
"promoter","CHG","Control","15",22.5,0
"promoter","CHG","Control","15",27.5,0
"promoter","CHG","Control","15",32.5,0
"promoter","CHG","Control","15",37.5,0
"promoter","CHG","Control","15",42.5,0
"promoter","CHG","Control","15",47.5,0
"promoter","CHG","Control","15",52.5,0
"promoter","CHG","Control","15",57.5,0
"promoter","CHG","Control","15",62.5,0
"promoter","CHG","Control","15",67.5,0
"promoter","CHG","Control","15",72.5,0
"promoter","CHG","Control","15",77.5,0
"promoter","CHG","Control","15",82.5,0
"promoter","CHG","Control","15",87.5,0
"promoter","CHG","Control","15",92.5,0
"promoter","CHG","Control","15",97.5,0
"promoter","CHG","Control","16",2.5,1231
"promoter","CHG","Control","16",7.5,18
"promoter","CHG","Control","16",12.5,3
"promoter","CHG","Control","16",17.5,2
"promoter","CHG","Control","16",22.5,0
"promoter","CHG","Control","16",27.5,0
"promoter","CHG","Control","16",32.5,0
"promoter","CHG","Control","16",37.5,0
"promoter","CHG","Control","16",42.5,0
"promoter","CHG","Control","16",47.5,0
"promoter","CHG","Control","16",52.5,0
"promoter","CHG","Control","16",57.5,0
"promoter","CHG","Control","16",62.5,0
"promoter","CHG","Control","16",67.5,0
"promoter","CHG","Control","16",72.5,0
"promoter","CHG","Control","16",77.5,0
"promoter","CHG","Control","16",82.5,0
"promoter","CHG","Control","16",87.5,0
"promoter","CHG","Control","16",92.5,0
"promoter","CHG","Control","16",97.5,0
"promoter","CHG","Control","22",2.5,0
"promoter","CHG","Control","22",7.5,0
"promoter","CHG","Control","22",12.5,0
"promoter","CHG","Control","22",17.5,0
"promoter","CHG","Control","22",22.5,0
"promoter","CHG","Control","22",27.5,0
"promoter","CHG","Control","22",32.5,0
"promoter","CHG","Control","22",37.5,0
"promoter","CHG","Control","22",42.5,0
"promoter","CHG","Control","22",47.5,0
"promoter","CHG","Control","22",52.5,0
"promoter","CHG","Control","22",57.5,0
"promoter","CHG","Control","22",62.5,0
"promoter","CHG","Control","22",67.5,0
"promoter","CHG","Control","22",72.5,0
"promoter","CHG","Control","22",77.5,0
"promoter","CHG","Control","22",82.5,0
"promoter","CHG","Control","22",87.5,0
"promoter","CHG","Control","22",92.5,0
"promoter","CHG","Control","22",97.5,0
"promoter","CHG","Control","27",2.5,0
"promoter","CHG","Control","27",7.5,0
"promoter","CHG","Control","27",12.5,0
"promoter","CHG","Control","27",17.5,0
"promoter","CHG","Control","27",22.5,0
"promoter","CHG","Control","27",27.5,0
"promoter","CHG","Control","27",32.5,0
"promoter","CHG","Control","27",37.5,0
"promoter","CHG","Control","27",42.5,0
"promoter","CHG","Control","27",47.5,0
"promoter","CHG","Control","27",52.5,0
"promoter","CHG","Control","27",57.5,0
"promoter","CHG","Control","27",62.5,0
"promoter","CHG","Control","27",67.5,0
"promoter","CHG","Control","27",72.5,0
"promoter","CHG","Control","27",77.5,0
"promoter","CHG","Control","27",82.5,0
"promoter","CHG","Control","27",87.5,0
"promoter","CHG","Control","27",92.5,0
"promoter","CHG","Control","27",97.5,0
"promoter","CHG","Treatment","9",2.5,0
"promoter","CHG","Treatment","9",7.5,0
"promoter","CHG","Treatment","9",12.5,0
"promoter","CHG","Treatment","9",17.5,0
"promoter","CHG","Treatment","9",22.5,0
"promoter","CHG","Treatment","9",27.5,0
"promoter","CHG","Treatment","9",32.5,0
"promoter","CHG","Treatment","9",37.5,0
"promoter","CHG","Treatment","9",42.5,0
"promoter","CHG","Treatment","9",47.5,0
"promoter","CHG","Treatment","9",52.5,0
"promoter","CHG","Treatment","9",57.5,0
"promoter","CHG","Treatment","9",62.5,0
"promoter","CHG","Treatment","9",67.5,0
"promoter","CHG","Treatment","9",72.5,0
"promoter","CHG","Treatment","9",77.5,0
"promoter","CHG","Treatment","9",82.5,0
"promoter","CHG","Treatment","9",87.5,0
"promoter","CHG","Treatment","9",92.5,0
"promoter","CHG","Treatment","9",97.5,0
"promoter","CHG","Treatment","13",2.5,0
"promoter","CHG","Treatment","13",7.5,0
"promoter","CHG","Treatment","13",12.5,0
"promoter","CHG","Treatment","13",17.5,0
"promoter","CHG","Treatment","13",22.5,0
"promoter","CHG","Treatment","13",27.5,0
"promoter","CHG","Treatment","13",32.5,0
"promoter","CHG","Treatment","13",37.5,0
"promoter","CHG","Treatment","13",42.5,0
"promoter","CHG","Treatment","13",47.5,0
"promoter","CHG","Treatment","13",52.5,0
"promoter","CHG","Treatment","13",57.5,0
"promoter","CHG","Treatment","13",62.5,0
"promoter","CHG","Treatment","13",67.5,0
"promoter","CHG","Treatment","13",72.5,0
"promoter","CHG","Treatment","13",77.5,0
"promoter","CHG","Treatment","13",82.5,0
"promoter","CHG","Treatment","13",87.5,0
"promoter","CHG","Treatment","13",92.5,0
"promoter","CHG","Treatment","13",97.5,0
"promoter","CHG","Treatment","15",2.5,1669
"promoter","CHG","Treatment","15",7.5,30
"promoter","CHG","Treatment","15",12.5,1
"promoter","CHG","Treatment","15",17.5,2
"promoter","CHG","Treatment","15",22.5,0
"promoter","CHG","Treatment","15",27.5,0
"promoter","CHG","Treatment","15",32.5,0
"promoter","CHG","Treatment","15",37.5,2
"promoter","CHG","Treatment","15",42.5,0
"promoter","CHG","Treatment","15",47.5,0
"promoter","CHG","Treatment","15",52.5,0
"promoter","CHG","Treatment","15",57.5,0
"promoter","CHG","Treatment","15",62.5,0
"promoter","CHG","Treatment","15",67.5,0
"promoter","CHG","Treatment","15",72.5,0
"promoter","CHG","Treatment","15",77.5,0
"promoter","CHG","Treatment","15",82.5,0
"promoter","CHG","Treatment","15",87.5,0
"promoter","CHG","Treatment","15",92.5,0
"promoter","CHG","Treatment","15",97.5,0
"promoter","CHG","Treatment","16",2.5,0
"promoter","CHG","Treatment","16",7.5,0
"promoter","CHG","Treatment","16",12.5,0
"promoter","CHG","Treatment","16",17.5,0
"promoter","CHG","Treatment","16",22.5,0
"promoter","CHG","Treatment","16",27.5,0
"promoter","CHG","Treatment","16",32.5,0
"promoter","CHG","Treatment","16",37.5,0
"promoter","CHG","Treatment","16",42.5,0
"promoter","CHG","Treatment","16",47.5,0
"promoter","CHG","Treatment","16",52.5,0
"promoter","CHG","Treatment","16",57.5,0
"promoter","CHG","Treatment","16",62.5,0
"promoter","CHG","Treatment","16",67.5,0
"promoter","CHG","Treatment","16",72.5,0
"promoter","CHG","Treatment","16",77.5,0
"promoter","CHG","Treatment","16",82.5,0
"promoter","CHG","Treatment","16",87.5,0
"promoter","CHG","Treatment","16",92.5,0
"promoter","CHG","Treatment","16",97.5,0
"promoter","CHG","Treatment","22",2.5,775
"promoter","CHG","Treatment","22",7.5,21
"promoter","CHG","Treatment","22",12.5,0
"promoter","CHG","Treatment","22",17.5,0
"promoter","CHG","Treatment","22",22.5,0
"promoter","CHG","Treatment","22",27.5,0
"promoter","CHG","Treatment","22",32.5,0
"promoter","CHG","Treatment","22",37.5,0
"promoter","CHG","Treatment","22",42.5,0
"promoter","CHG","Treatment","22",47.5,0
"promoter","CHG","Treatment","22",52.5,0
"promoter","CHG","Treatment","22",57.5,0
"promoter","CHG","Treatment","22",62.5,0
"promoter","CHG","Treatment","22",67.5,0
"promoter","CHG","Treatment","22",72.5,0
"promoter","CHG","Treatment","22",77.5,0
"promoter","CHG","Treatment","22",82.5,0
"promoter","CHG","Treatment","22",87.5,0
"promoter","CHG","Treatment","22",92.5,0
"promoter","CHG","Treatment","22",97.5,0
"promoter","CHG","Treatment","27",2.5,828
"promoter","CHG","Treatment","27",7.5,9
"promoter","CHG","Treatment","27",12.5,1
"promoter","CHG","Treatment","27",17.5,2
"promoter","CHG","Treatment","27",22.5,1
"promoter","CHG","Treatment","27",27.5,0
"promoter","CHG","Treatment","27",32.5,0
"promoter","CHG","Treatment","27",37.5,0
"promoter","CHG","Treatment","27",42.5,0
"promoter","CHG","Treatment","27",47.5,0
"promoter","CHG","Treatment","27",52.5,0
"promoter","CHG","Treatment","27",57.5,0
"promoter","CHG","Treatment","27",62.5,0
"promoter","CHG","Treatment","27",67.5,0
"promoter","CHG","Treatment","27",72.5,0
"promoter","CHG","Treatment","27",77.5,0
"promoter","CHG","Treatment","27",82.5,0
"promoter","CHG","Treatment","27",87.5,0
"promoter","CHG","Treatment","27",92.5,0
"promoter","CHG","Treatment","27",97.5,0
"promoter","CHH","Control","9",2.5,2681
"promoter","CHH","Control","9",7.5,63
"promoter","CHH","Control","9",12.5,1
"promoter","CHH","Control","9",17.5,0
"promoter","CHH","Control","9",22.5,0
"promoter","CHH","Control","9",27.5,1
"promoter","CHH","Control","9",32.5,0
"promoter","CHH","Control","9",37.5,0
"promoter","CHH","Control","9",42.5,0
"promoter","CHH","Control","9",47.5,0
"promoter","CHH","Control","9",52.5,0
"promoter","CHH","Control","9",57.5,0
"promoter","CHH","Control","9",62.5,0
"promoter","CHH","Control","9",67.5,0
"promoter","CHH","Control","9",72.5,0
"promoter","CHH","Control","9",77.5,0
"promoter","CHH","Control","9",82.5,0
"promoter","CHH","Control","9",87.5,0
"promoter","CHH","Control","9",92.5,0
"promoter","CHH","Control","9",97.5,0
"promoter","CHH","Control","13",2.5,2658
"promoter","CHH","Control","13",7.5,66
"promoter","CHH","Control","13",12.5,0
"promoter","CHH","Control","13",17.5,0
"promoter","CHH","Control","13",22.5,0
"promoter","CHH","Control","13",27.5,1
"promoter","CHH","Control","13",32.5,0
"promoter","CHH","Control","13",37.5,0
"promoter","CHH","Control","13",42.5,0
"promoter","CHH","Control","13",47.5,0
"promoter","CHH","Control","13",52.5,0
"promoter","CHH","Control","13",57.5,0
"promoter","CHH","Control","13",62.5,0
"promoter","CHH","Control","13",67.5,0
"promoter","CHH","Control","13",72.5,0
"promoter","CHH","Control","13",77.5,0
"promoter","CHH","Control","13",82.5,0
"promoter","CHH","Control","13",87.5,0
"promoter","CHH","Control","13",92.5,0
"promoter","CHH","Control","13",97.5,0
"promoter","CHH","Control","15",2.5,0
"promoter","CHH","Control","15",7.5,0
"promoter","CHH","Control","15",12.5,0
"promoter","CHH","Control","15",17.5,0
"promoter","CHH","Control","15",22.5,0
"promoter","CHH","Control","15",27.5,0
"promoter","CHH","Control","15",32.5,0
"promoter","CHH","Control","15",37.5,0
"promoter","CHH","Control","15",42.5,0
"promoter","CHH","Control","15",47.5,0
"promoter","CHH","Control","15",52.5,0
"promoter","CHH","Control","15",57.5,0
"promoter","CHH","Control","15",62.5,0
"promoter","CHH","Control","15",67.5,0
"promoter","CHH","Control","15",72.5,0
"promoter","CHH","Control","15",77.5,0
"promoter","CHH","Control","15",82.5,0
"promoter","CHH","Control","15",87.5,0
"promoter","CHH","Control","15",92.5,0
"promoter","CHH","Control","15",97.5,0
"promoter","CHH","Control","16",2.5,1603
"promoter","CHH","Control","16",7.5,25
"promoter","CHH","Control","16",12.5,2
"promoter","CHH","Control","16",17.5,1
"promoter","CHH","Control","16",22.5,1
"promoter","CHH","Control","16",27.5,0
"promoter","CHH","Control","16",32.5,0
"promoter","CHH","Control","16",37.5,0
"promoter","CHH","Control","16",42.5,0
"promoter","CHH","Control","16",47.5,0
"promoter","CHH","Control","16",52.5,0
"promoter","CHH","Control","16",57.5,0
"promoter","CHH","Control","16",62.5,0
"promoter","CHH","Control","16",67.5,0
"promoter","CHH","Control","16",72.5,0
"promoter","CHH","Control","16",77.5,0
"promoter","CHH","Control","16",82.5,0
"promoter","CHH","Control","16",87.5,0
"promoter","CHH","Control","16",92.5,0
"promoter","CHH","Control","16",97.5,0
"promoter","CHH","Control","22",2.5,0
"promoter","CHH","Control","22",7.5,0
"promoter","CHH","Control","22",12.5,0
"promoter","CHH","Control","22",17.5,0
"promoter","CHH","Control","22",22.5,0
"promoter","CHH","Control","22",27.5,0
"promoter","CHH","Control","22",32.5,0
"promoter","CHH","Control","22",37.5,0
"promoter","CHH","Control","22",42.5,0
"promoter","CHH","Control","22",47.5,0
"promoter","CHH","Control","22",52.5,0
"promoter","CHH","Control","22",57.5,0
"promoter","CHH","Control","22",62.5,0
"promoter","CHH","Control","22",67.5,0
"promoter","CHH","Control","22",72.5,0
"promoter","CHH","Control","22",77.5,0
"promoter","CHH","Control","22",82.5,0
"promoter","CHH","Control","22",87.5,0
"promoter","CHH","Control","22",92.5,0
"promoter","CHH","Control","22",97.5,0
"promoter","CHH","Control","27",2.5,0
"promoter","CHH","Control","27",7.5,0
"promoter","CHH","Control","27",12.5,0
"promoter","CHH","Control","27",17.5,0
"promoter","CHH","Control","27",22.5,0
"promoter","CHH","Control","27",27.5,0
"promoter","CHH","Control","27",32.5,0
"promoter","CHH","Control","27",37.5,0
"promoter","CHH","Control","27",42.5,0
"promoter","CHH","Control","27",47.5,0
"promoter","CHH","Control","27",52.5,0
"promoter","CHH","Control","27",57.5,0
"promoter","CHH","Control","27",62.5,0
"promoter","CHH","Control","27",67.5,0
"promoter","CHH","Control","27",72.5,0
"promoter","CHH","Control","27",77.5,0
"promoter","CHH","Control","27",82.5,0
"promoter","CHH","Control","27",87.5,0
"promoter","CHH","Control","27",92.5,0
"promoter","CHH","Control","27",97.5,0
"promoter","CHH","Treatment","9",2.5,0
"promoter","CHH","Treatment","9",7.5,0
"promoter","CHH","Treatment","9",12.5,0
"promoter","CHH","Treatment","9",17.5,0
"promoter","CHH","Treatment","9",22.5,0
"promoter","CHH","Treatment","9",27.5,0
"promoter","CHH","Treatment","9",32.5,0
"promoter","CHH","Treatment","9",37.5,0
"promoter","CHH","Treatment","9",42.5,0
"promoter","CHH","Treatment","9",47.5,0
"promoter","CHH","Treatment","9",52.5,0
"promoter","CHH","Treatment","9",57.5,0
"promoter","CHH","Treatment","9",62.5,0
"promoter","CHH","Treatment","9",67.5,0
"promoter","CHH","Treatment","9",72.5,0
"promoter","CHH","Treatment","9",77.5,0
"promoter","CHH","Treatment","9",82.5,0
"promoter","CHH","Treatment","9",87.5,0
"promoter","CHH","Treatment","9",92.5,0
"promoter","CHH","Treatment","9",97.5,0
"promoter","CHH","Treatment","13",2.5,0
"promoter","CHH","Treatment","13",7.5,0
"promoter","CHH","Treatment","13",12.5,0
"promoter","CHH","Treatment","13",17.5,0
"promoter","CHH","Treatment","13",22.5,0
"promoter","CHH","Treatment","13",27.5,0
"promoter","CHH","Treatment","13",32.5,0
"promoter","CHH","Treatment","13",37.5,0
"promoter","CHH","Treatment","13",42.5,0
"promoter","CHH","Treatment","13",47.5,0
"promoter","CHH","Treatment","13",52.5,0
"promoter","CHH","Treatment","13",57.5,0
"promoter","CHH","Treatment","13",62.5,0
"promoter","CHH","Treatment","13",67.5,0
"promoter","CHH","Treatment","13",72.5,0
"promoter","CHH","Treatment","13",77.5,0
"promoter","CHH","Treatment","13",82.5,0
"promoter","CHH","Treatment","13",87.5,0
"promoter","CHH","Treatment","13",92.5,0
"promoter","CHH","Treatment","13",97.5,0
"promoter","CHH","Treatment","15",2.5,2135
"promoter","CHH","Treatment","15",7.5,43
"promoter","CHH","Treatment","15",12.5,1
"promoter","CHH","Treatment","15",17.5,2
"promoter","CHH","Treatment","15",22.5,1
"promoter","CHH","Treatment","15",27.5,0
"promoter","CHH","Treatment","15",32.5,2
"promoter","CHH","Treatment","15",37.5,0
"promoter","CHH","Treatment","15",42.5,0
"promoter","CHH","Treatment","15",47.5,0
"promoter","CHH","Treatment","15",52.5,0
"promoter","CHH","Treatment","15",57.5,0
"promoter","CHH","Treatment","15",62.5,0
"promoter","CHH","Treatment","15",67.5,0
"promoter","CHH","Treatment","15",72.5,0
"promoter","CHH","Treatment","15",77.5,0
"promoter","CHH","Treatment","15",82.5,0
"promoter","CHH","Treatment","15",87.5,0
"promoter","CHH","Treatment","15",92.5,0
"promoter","CHH","Treatment","15",97.5,0
"promoter","CHH","Treatment","16",2.5,0
"promoter","CHH","Treatment","16",7.5,0
"promoter","CHH","Treatment","16",12.5,0
"promoter","CHH","Treatment","16",17.5,0
"promoter","CHH","Treatment","16",22.5,0
"promoter","CHH","Treatment","16",27.5,0
"promoter","CHH","Treatment","16",32.5,0
"promoter","CHH","Treatment","16",37.5,0
"promoter","CHH","Treatment","16",42.5,0
"promoter","CHH","Treatment","16",47.5,0
"promoter","CHH","Treatment","16",52.5,0
"promoter","CHH","Treatment","16",57.5,0
"promoter","CHH","Treatment","16",62.5,0
"promoter","CHH","Treatment","16",67.5,0
"promoter","CHH","Treatment","16",72.5,0
"promoter","CHH","Treatment","16",77.5,0
"promoter","CHH","Treatment","16",82.5,0
"promoter","CHH","Treatment","16",87.5,0
"promoter","CHH","Treatment","16",92.5,0
"promoter","CHH","Treatment","16",97.5,0
"promoter","CHH","Treatment","22",2.5,994
"promoter","CHH","Treatment","22",7.5,15
"promoter","CHH","Treatment","22",12.5,1
"promoter","CHH","Treatment","22",17.5,0
"promoter","CHH","Treatment","22",22.5,0
"promoter","CHH","Treatment","22",27.5,0
"promoter","CHH","Treatment","22",32.5,0
"promoter","CHH","Treatment","22",37.5,0
"promoter","CHH","Treatment","22",42.5,0
"promoter","CHH","Treatment","22",47.5,0
"promoter","CHH","Treatment","22",52.5,0
"promoter","CHH","Treatment","22",57.5,0
"promoter","CHH","Treatment","22",62.5,0
"promoter","CHH","Treatment","22",67.5,0
"promoter","CHH","Treatment","22",72.5,0
"promoter","CHH","Treatment","22",77.5,0
"promoter","CHH","Treatment","22",82.5,0
"promoter","CHH","Treatment","22",87.5,0
"promoter","CHH","Treatment","22",92.5,0
"promoter","CHH","Treatment","22",97.5,0
"promoter","CHH","Treatment","27",2.5,1047
"promoter","CHH","Treatment","27",7.5,12
"promoter","CHH","Treatment","27",12.5,1
"promoter","CHH","Treatment","27",17.5,1
"promoter","CHH","Treatment","27",22.5,0
"promoter","CHH","Treatment","27",27.5,0
"promoter","CHH","Treatment","27",32.5,0
"promoter","CHH","Treatment","27",37.5,0
"promoter","CHH","Treatment","27",42.5,0
"promoter","CHH","Treatment","27",47.5,0
"promoter","CHH","Treatment","27",52.5,0
"promoter","CHH","Treatment","27",57.5,0
"promoter","CHH","Treatment","27",62.5,0
"promoter","CHH","Treatment","27",67.5,0
"promoter","CHH","Treatment","27",72.5,0
"promoter","CHH","Treatment","27",77.5,0
"promoter","CHH","Treatment","27",82.5,0
"promoter","CHH","Treatment","27",87.5,0
"promoter","CHH","Treatment","27",92.5,0
"promoter","CHH","Treatment","27",97.5,0
"three_prime_UTR","CpG","Control","9",2.5,218
"three_prime_UTR","CpG","Control","9",7.5,4
"three_prime_UTR","CpG","Control","9",12.5,1
"three_prime_UTR","CpG","Control","9",17.5,3
"three_prime_UTR","CpG","Control","9",22.5,3
"three_prime_UTR","CpG","Control","9",27.5,3
"three_prime_UTR","CpG","Control","9",32.5,1
"three_prime_UTR","CpG","Control","9",37.5,5
"three_prime_UTR","CpG","Control","9",42.5,1
"three_prime_UTR","CpG","Control","9",47.5,4
"three_prime_UTR","CpG","Control","9",52.5,3
"three_prime_UTR","CpG","Control","9",57.5,5
"three_prime_UTR","CpG","Control","9",62.5,1
"three_prime_UTR","CpG","Control","9",67.5,3
"three_prime_UTR","CpG","Control","9",72.5,0
"three_prime_UTR","CpG","Control","9",77.5,7
"three_prime_UTR","CpG","Control","9",82.5,1
"three_prime_UTR","CpG","Control","9",87.5,5
"three_prime_UTR","CpG","Control","9",92.5,5
"three_prime_UTR","CpG","Control","9",97.5,12
"three_prime_UTR","CpG","Control","13",2.5,267
"three_prime_UTR","CpG","Control","13",7.5,13
"three_prime_UTR","CpG","Control","13",12.5,3
"three_prime_UTR","CpG","Control","13",17.5,1
"three_prime_UTR","CpG","Control","13",22.5,1
"three_prime_UTR","CpG","Control","13",27.5,5
"three_prime_UTR","CpG","Control","13",32.5,6
"three_prime_UTR","CpG","Control","13",37.5,2
"three_prime_UTR","CpG","Control","13",42.5,1
"three_prime_UTR","CpG","Control","13",47.5,1
"three_prime_UTR","CpG","Control","13",52.5,1
"three_prime_UTR","CpG","Control","13",57.5,2
"three_prime_UTR","CpG","Control","13",62.5,1
"three_prime_UTR","CpG","Control","13",67.5,1
"three_prime_UTR","CpG","Control","13",72.5,0
"three_prime_UTR","CpG","Control","13",77.5,5
"three_prime_UTR","CpG","Control","13",82.5,2
"three_prime_UTR","CpG","Control","13",87.5,4
"three_prime_UTR","CpG","Control","13",92.5,3
"three_prime_UTR","CpG","Control","13",97.5,5
"three_prime_UTR","CpG","Control","15",2.5,0
"three_prime_UTR","CpG","Control","15",7.5,0
"three_prime_UTR","CpG","Control","15",12.5,0
"three_prime_UTR","CpG","Control","15",17.5,0
"three_prime_UTR","CpG","Control","15",22.5,0
"three_prime_UTR","CpG","Control","15",27.5,0
"three_prime_UTR","CpG","Control","15",32.5,0
"three_prime_UTR","CpG","Control","15",37.5,0
"three_prime_UTR","CpG","Control","15",42.5,0
"three_prime_UTR","CpG","Control","15",47.5,0
"three_prime_UTR","CpG","Control","15",52.5,0
"three_prime_UTR","CpG","Control","15",57.5,0
"three_prime_UTR","CpG","Control","15",62.5,0
"three_prime_UTR","CpG","Control","15",67.5,0
"three_prime_UTR","CpG","Control","15",72.5,0
"three_prime_UTR","CpG","Control","15",77.5,0
"three_prime_UTR","CpG","Control","15",82.5,0
"three_prime_UTR","CpG","Control","15",87.5,0
"three_prime_UTR","CpG","Control","15",92.5,0
"three_prime_UTR","CpG","Control","15",97.5,0
"three_prime_UTR","CpG","Control","16",2.5,127
"three_prime_UTR","CpG","Control","16",7.5,1
"three_prime_UTR","CpG","Control","16",12.5,3
"three_prime_UTR","CpG","Control","16",17.5,3
"three_prime_UTR","CpG","Control","16",22.5,4
"three_prime_UTR","CpG","Control","16",27.5,0
"three_prime_UTR","CpG","Control","16",32.5,0
"three_prime_UTR","CpG","Control","16",37.5,1
"three_prime_UTR","CpG","Control","16",42.5,0
"three_prime_UTR","CpG","Control","16",47.5,1
"three_prime_UTR","CpG","Control","16",52.5,2
"three_prime_UTR","CpG","Control","16",57.5,1
"three_prime_UTR","CpG","Control","16",62.5,0
"three_prime_UTR","CpG","Control","16",67.5,2
"three_prime_UTR","CpG","Control","16",72.5,0
"three_prime_UTR","CpG","Control","16",77.5,0
"three_prime_UTR","CpG","Control","16",82.5,1
"three_prime_UTR","CpG","Control","16",87.5,1
"three_prime_UTR","CpG","Control","16",92.5,0
"three_prime_UTR","CpG","Control","16",97.5,6
"three_prime_UTR","CpG","Control","22",2.5,0
"three_prime_UTR","CpG","Control","22",7.5,0
"three_prime_UTR","CpG","Control","22",12.5,0
"three_prime_UTR","CpG","Control","22",17.5,0
"three_prime_UTR","CpG","Control","22",22.5,0
"three_prime_UTR","CpG","Control","22",27.5,0
"three_prime_UTR","CpG","Control","22",32.5,0
"three_prime_UTR","CpG","Control","22",37.5,0
"three_prime_UTR","CpG","Control","22",42.5,0
"three_prime_UTR","CpG","Control","22",47.5,0
"three_prime_UTR","CpG","Control","22",52.5,0
"three_prime_UTR","CpG","Control","22",57.5,0
"three_prime_UTR","CpG","Control","22",62.5,0
"three_prime_UTR","CpG","Control","22",67.5,0
"three_prime_UTR","CpG","Control","22",72.5,0
"three_prime_UTR","CpG","Control","22",77.5,0
"three_prime_UTR","CpG","Control","22",82.5,0
"three_prime_UTR","CpG","Control","22",87.5,0
"three_prime_UTR","CpG","Control","22",92.5,0
"three_prime_UTR","CpG","Control","22",97.5,0
"three_prime_UTR","CpG","Control","27",2.5,0
"three_prime_UTR","CpG","Control","27",7.5,0
"three_prime_UTR","CpG","Control","27",12.5,0
"three_prime_UTR","CpG","Control","27",17.5,0
"three_prime_UTR","CpG","Control","27",22.5,0
"three_prime_UTR","CpG","Control","27",27.5,0
"three_prime_UTR","CpG","Control","27",32.5,0
"three_prime_UTR","CpG","Control","27",37.5,0
"three_prime_UTR","CpG","Control","27",42.5,0
"three_prime_UTR","CpG","Control","27",47.5,0
"three_prime_UTR","CpG","Control","27",52.5,0
"three_prime_UTR","CpG","Control","27",57.5,0
"three_prime_UTR","CpG","Control","27",62.5,0
"three_prime_UTR","CpG","Control","27",67.5,0
"three_prime_UTR","CpG","Control","27",72.5,0
"three_prime_UTR","CpG","Control","27",77.5,0
"three_prime_UTR","CpG","Control","27",82.5,0
"three_prime_UTR","CpG","Control","27",87.5,0
"three_prime_UTR","CpG","Control","27",92.5,0
"three_prime_UTR","CpG","Control","27",97.5,0
"three_prime_UTR","CpG","Treatment","9",2.5,0
"three_prime_UTR","CpG","Treatment","9",7.5,0
"three_prime_UTR","CpG","Treatment","9",12.5,0
"three_prime_UTR","CpG","Treatment","9",17.5,0
"three_prime_UTR","CpG","Treatment","9",22.5,0
"three_prime_UTR","CpG","Treatment","9",27.5,0
"three_prime_UTR","CpG","Treatment","9",32.5,0
"three_prime_UTR","CpG","Treatment","9",37.5,0
"three_prime_UTR","CpG","Treatment","9",42.5,0
"three_prime_UTR","CpG","Treatment","9",47.5,0
"three_prime_UTR","CpG","Treatment","9",52.5,0
"three_prime_UTR","CpG","Treatment","9",57.5,0
"three_prime_UTR","CpG","Treatment","9",62.5,0
"three_prime_UTR","CpG","Treatment","9",67.5,0
"three_prime_UTR","CpG","Treatment","9",72.5,0
"three_prime_UTR","CpG","Treatment","9",77.5,0
"three_prime_UTR","CpG","Treatment","9",82.5,0
"three_prime_UTR","CpG","Treatment","9",87.5,0
"three_prime_UTR","CpG","Treatment","9",92.5,0
"three_prime_UTR","CpG","Treatment","9",97.5,0
"three_prime_UTR","CpG","Treatment","13",2.5,0
"three_prime_UTR","CpG","Treatment","13",7.5,0
"three_prime_UTR","CpG","Treatment","13",12.5,0
"three_prime_UTR","CpG","Treatment","13",17.5,0
"three_prime_UTR","CpG","Treatment","13",22.5,0
"three_prime_UTR","CpG","Treatment","13",27.5,0
"three_prime_UTR","CpG","Treatment","13",32.5,0
"three_prime_UTR","CpG","Treatment","13",37.5,0
"three_prime_UTR","CpG","Treatment","13",42.5,0
"three_prime_UTR","CpG","Treatment","13",47.5,0
"three_prime_UTR","CpG","Treatment","13",52.5,0
"three_prime_UTR","CpG","Treatment","13",57.5,0
"three_prime_UTR","CpG","Treatment","13",62.5,0
"three_prime_UTR","CpG","Treatment","13",67.5,0
"three_prime_UTR","CpG","Treatment","13",72.5,0
"three_prime_UTR","CpG","Treatment","13",77.5,0
"three_prime_UTR","CpG","Treatment","13",82.5,0
"three_prime_UTR","CpG","Treatment","13",87.5,0
"three_prime_UTR","CpG","Treatment","13",92.5,0
"three_prime_UTR","CpG","Treatment","13",97.5,0
"three_prime_UTR","CpG","Treatment","15",2.5,146
"three_prime_UTR","CpG","Treatment","15",7.5,7
"three_prime_UTR","CpG","Treatment","15",12.5,0
"three_prime_UTR","CpG","Treatment","15",17.5,2
"three_prime_UTR","CpG","Treatment","15",22.5,2
"three_prime_UTR","CpG","Treatment","15",27.5,2
"three_prime_UTR","CpG","Treatment","15",32.5,1
"three_prime_UTR","CpG","Treatment","15",37.5,2
"three_prime_UTR","CpG","Treatment","15",42.5,2
"three_prime_UTR","CpG","Treatment","15",47.5,3
"three_prime_UTR","CpG","Treatment","15",52.5,2
"three_prime_UTR","CpG","Treatment","15",57.5,0
"three_prime_UTR","CpG","Treatment","15",62.5,0
"three_prime_UTR","CpG","Treatment","15",67.5,0
"three_prime_UTR","CpG","Treatment","15",72.5,0
"three_prime_UTR","CpG","Treatment","15",77.5,2
"three_prime_UTR","CpG","Treatment","15",82.5,0
"three_prime_UTR","CpG","Treatment","15",87.5,2
"three_prime_UTR","CpG","Treatment","15",92.5,0
"three_prime_UTR","CpG","Treatment","15",97.5,3
"three_prime_UTR","CpG","Treatment","16",2.5,0
"three_prime_UTR","CpG","Treatment","16",7.5,0
"three_prime_UTR","CpG","Treatment","16",12.5,0
"three_prime_UTR","CpG","Treatment","16",17.5,0
"three_prime_UTR","CpG","Treatment","16",22.5,0
"three_prime_UTR","CpG","Treatment","16",27.5,0
"three_prime_UTR","CpG","Treatment","16",32.5,0
"three_prime_UTR","CpG","Treatment","16",37.5,0
"three_prime_UTR","CpG","Treatment","16",42.5,0
"three_prime_UTR","CpG","Treatment","16",47.5,0
"three_prime_UTR","CpG","Treatment","16",52.5,0
"three_prime_UTR","CpG","Treatment","16",57.5,0
"three_prime_UTR","CpG","Treatment","16",62.5,0
"three_prime_UTR","CpG","Treatment","16",67.5,0
"three_prime_UTR","CpG","Treatment","16",72.5,0
"three_prime_UTR","CpG","Treatment","16",77.5,0
"three_prime_UTR","CpG","Treatment","16",82.5,0
"three_prime_UTR","CpG","Treatment","16",87.5,0
"three_prime_UTR","CpG","Treatment","16",92.5,0
"three_prime_UTR","CpG","Treatment","16",97.5,0
"three_prime_UTR","CpG","Treatment","22",2.5,71
"three_prime_UTR","CpG","Treatment","22",7.5,7
"three_prime_UTR","CpG","Treatment","22",12.5,2
"three_prime_UTR","CpG","Treatment","22",17.5,0
"three_prime_UTR","CpG","Treatment","22",22.5,1
"three_prime_UTR","CpG","Treatment","22",27.5,1
"three_prime_UTR","CpG","Treatment","22",32.5,0
"three_prime_UTR","CpG","Treatment","22",37.5,0
"three_prime_UTR","CpG","Treatment","22",42.5,0
"three_prime_UTR","CpG","Treatment","22",47.5,3
"three_prime_UTR","CpG","Treatment","22",52.5,0
"three_prime_UTR","CpG","Treatment","22",57.5,0
"three_prime_UTR","CpG","Treatment","22",62.5,1
"three_prime_UTR","CpG","Treatment","22",67.5,3
"three_prime_UTR","CpG","Treatment","22",72.5,0
"three_prime_UTR","CpG","Treatment","22",77.5,0
"three_prime_UTR","CpG","Treatment","22",82.5,0
"three_prime_UTR","CpG","Treatment","22",87.5,0
"three_prime_UTR","CpG","Treatment","22",92.5,0
"three_prime_UTR","CpG","Treatment","22",97.5,5
"three_prime_UTR","CpG","Treatment","27",2.5,49
"three_prime_UTR","CpG","Treatment","27",7.5,3
"three_prime_UTR","CpG","Treatment","27",12.5,1
"three_prime_UTR","CpG","Treatment","27",17.5,1
"three_prime_UTR","CpG","Treatment","27",22.5,1
"three_prime_UTR","CpG","Treatment","27",27.5,1
"three_prime_UTR","CpG","Treatment","27",32.5,0
"three_prime_UTR","CpG","Treatment","27",37.5,0
"three_prime_UTR","CpG","Treatment","27",42.5,0
"three_prime_UTR","CpG","Treatment","27",47.5,1
"three_prime_UTR","CpG","Treatment","27",52.5,1
"three_prime_UTR","CpG","Treatment","27",57.5,0
"three_prime_UTR","CpG","Treatment","27",62.5,3
"three_prime_UTR","CpG","Treatment","27",67.5,0
"three_prime_UTR","CpG","Treatment","27",72.5,0
"three_prime_UTR","CpG","Treatment","27",77.5,1
"three_prime_UTR","CpG","Treatment","27",82.5,0
"three_prime_UTR","CpG","Treatment","27",87.5,2
"three_prime_UTR","CpG","Treatment","27",92.5,5
"three_prime_UTR","CpG","Treatment","27",97.5,3
"three_prime_UTR","CHG","Control","9",2.5,343
"three_prime_UTR","CHG","Control","9",7.5,7
"three_prime_UTR","CHG","Control","9",12.5,0
"three_prime_UTR","CHG","Control","9",17.5,1
"three_prime_UTR","CHG","Control","9",22.5,0
"three_prime_UTR","CHG","Control","9",27.5,0
"three_prime_UTR","CHG","Control","9",32.5,0
"three_prime_UTR","CHG","Control","9",37.5,0
"three_prime_UTR","CHG","Control","9",42.5,0
"three_prime_UTR","CHG","Control","9",47.5,0
"three_prime_UTR","CHG","Control","9",52.5,0
"three_prime_UTR","CHG","Control","9",57.5,0
"three_prime_UTR","CHG","Control","9",62.5,0
"three_prime_UTR","CHG","Control","9",67.5,0
"three_prime_UTR","CHG","Control","9",72.5,0
"three_prime_UTR","CHG","Control","9",77.5,0
"three_prime_UTR","CHG","Control","9",82.5,0
"three_prime_UTR","CHG","Control","9",87.5,0
"three_prime_UTR","CHG","Control","9",92.5,0
"three_prime_UTR","CHG","Control","9",97.5,0
"three_prime_UTR","CHG","Control","13",2.5,379
"three_prime_UTR","CHG","Control","13",7.5,10
"three_prime_UTR","CHG","Control","13",12.5,0
"three_prime_UTR","CHG","Control","13",17.5,0
"three_prime_UTR","CHG","Control","13",22.5,0
"three_prime_UTR","CHG","Control","13",27.5,0
"three_prime_UTR","CHG","Control","13",32.5,0
"three_prime_UTR","CHG","Control","13",37.5,0
"three_prime_UTR","CHG","Control","13",42.5,0
"three_prime_UTR","CHG","Control","13",47.5,0
"three_prime_UTR","CHG","Control","13",52.5,0
"three_prime_UTR","CHG","Control","13",57.5,0
"three_prime_UTR","CHG","Control","13",62.5,0
"three_prime_UTR","CHG","Control","13",67.5,0
"three_prime_UTR","CHG","Control","13",72.5,0
"three_prime_UTR","CHG","Control","13",77.5,0
"three_prime_UTR","CHG","Control","13",82.5,0
"three_prime_UTR","CHG","Control","13",87.5,0
"three_prime_UTR","CHG","Control","13",92.5,0
"three_prime_UTR","CHG","Control","13",97.5,0
"three_prime_UTR","CHG","Control","15",2.5,0
"three_prime_UTR","CHG","Control","15",7.5,0
"three_prime_UTR","CHG","Control","15",12.5,0
"three_prime_UTR","CHG","Control","15",17.5,0
"three_prime_UTR","CHG","Control","15",22.5,0
"three_prime_UTR","CHG","Control","15",27.5,0
"three_prime_UTR","CHG","Control","15",32.5,0
"three_prime_UTR","CHG","Control","15",37.5,0
"three_prime_UTR","CHG","Control","15",42.5,0
"three_prime_UTR","CHG","Control","15",47.5,0
"three_prime_UTR","CHG","Control","15",52.5,0
"three_prime_UTR","CHG","Control","15",57.5,0
"three_prime_UTR","CHG","Control","15",62.5,0
"three_prime_UTR","CHG","Control","15",67.5,0
"three_prime_UTR","CHG","Control","15",72.5,0
"three_prime_UTR","CHG","Control","15",77.5,0
"three_prime_UTR","CHG","Control","15",82.5,0
"three_prime_UTR","CHG","Control","15",87.5,0
"three_prime_UTR","CHG","Control","15",92.5,0
"three_prime_UTR","CHG","Control","15",97.5,0
"three_prime_UTR","CHG","Control","16",2.5,187
"three_prime_UTR","CHG","Control","16",7.5,1
"three_prime_UTR","CHG","Control","16",12.5,0
"three_prime_UTR","CHG","Control","16",17.5,0
"three_prime_UTR","CHG","Control","16",22.5,0
"three_prime_UTR","CHG","Control","16",27.5,0
"three_prime_UTR","CHG","Control","16",32.5,0
"three_prime_UTR","CHG","Control","16",37.5,0
"three_prime_UTR","CHG","Control","16",42.5,0
"three_prime_UTR","CHG","Control","16",47.5,0
"three_prime_UTR","CHG","Control","16",52.5,0
"three_prime_UTR","CHG","Control","16",57.5,0
"three_prime_UTR","CHG","Control","16",62.5,0
"three_prime_UTR","CHG","Control","16",67.5,0
"three_prime_UTR","CHG","Control","16",72.5,0
"three_prime_UTR","CHG","Control","16",77.5,0
"three_prime_UTR","CHG","Control","16",82.5,0
"three_prime_UTR","CHG","Control","16",87.5,0
"three_prime_UTR","CHG","Control","16",92.5,0
"three_prime_UTR","CHG","Control","16",97.5,0
"three_prime_UTR","CHG","Control","22",2.5,0
"three_prime_UTR","CHG","Control","22",7.5,0
"three_prime_UTR","CHG","Control","22",12.5,0
"three_prime_UTR","CHG","Control","22",17.5,0
"three_prime_UTR","CHG","Control","22",22.5,0
"three_prime_UTR","CHG","Control","22",27.5,0
"three_prime_UTR","CHG","Control","22",32.5,0
"three_prime_UTR","CHG","Control","22",37.5,0
"three_prime_UTR","CHG","Control","22",42.5,0
"three_prime_UTR","CHG","Control","22",47.5,0
"three_prime_UTR","CHG","Control","22",52.5,0
"three_prime_UTR","CHG","Control","22",57.5,0
"three_prime_UTR","CHG","Control","22",62.5,0
"three_prime_UTR","CHG","Control","22",67.5,0
"three_prime_UTR","CHG","Control","22",72.5,0
"three_prime_UTR","CHG","Control","22",77.5,0
"three_prime_UTR","CHG","Control","22",82.5,0
"three_prime_UTR","CHG","Control","22",87.5,0
"three_prime_UTR","CHG","Control","22",92.5,0
"three_prime_UTR","CHG","Control","22",97.5,0
"three_prime_UTR","CHG","Control","27",2.5,0
"three_prime_UTR","CHG","Control","27",7.5,0
"three_prime_UTR","CHG","Control","27",12.5,0
"three_prime_UTR","CHG","Control","27",17.5,0
"three_prime_UTR","CHG","Control","27",22.5,0
"three_prime_UTR","CHG","Control","27",27.5,0
"three_prime_UTR","CHG","Control","27",32.5,0
"three_prime_UTR","CHG","Control","27",37.5,0
"three_prime_UTR","CHG","Control","27",42.5,0
"three_prime_UTR","CHG","Control","27",47.5,0
"three_prime_UTR","CHG","Control","27",52.5,0
"three_prime_UTR","CHG","Control","27",57.5,0
"three_prime_UTR","CHG","Control","27",62.5,0
"three_prime_UTR","CHG","Control","27",67.5,0
"three_prime_UTR","CHG","Control","27",72.5,0
"three_prime_UTR","CHG","Control","27",77.5,0
"three_prime_UTR","CHG","Control","27",82.5,0
"three_prime_UTR","CHG","Control","27",87.5,0
"three_prime_UTR","CHG","Control","27",92.5,0
"three_prime_UTR","CHG","Control","27",97.5,0
"three_prime_UTR","CHG","Treatment","9",2.5,0
"three_prime_UTR","CHG","Treatment","9",7.5,0
"three_prime_UTR","CHG","Treatment","9",12.5,0
"three_prime_UTR","CHG","Treatment","9",17.5,0
"three_prime_UTR","CHG","Treatment","9",22.5,0
"three_prime_UTR","CHG","Treatment","9",27.5,0
"three_prime_UTR","CHG","Treatment","9",32.5,0
"three_prime_UTR","CHG","Treatment","9",37.5,0
"three_prime_UTR","CHG","Treatment","9",42.5,0
"three_prime_UTR","CHG","Treatment","9",47.5,0
"three_prime_UTR","CHG","Treatment","9",52.5,0
"three_prime_UTR","CHG","Treatment","9",57.5,0
"three_prime_UTR","CHG","Treatment","9",62.5,0
"three_prime_UTR","CHG","Treatment","9",67.5,0
"three_prime_UTR","CHG","Treatment","9",72.5,0
"three_prime_UTR","CHG","Treatment","9",77.5,0
"three_prime_UTR","CHG","Treatment","9",82.5,0
"three_prime_UTR","CHG","Treatment","9",87.5,0
"three_prime_UTR","CHG","Treatment","9",92.5,0
"three_prime_UTR","CHG","Treatment","9",97.5,0
"three_prime_UTR","CHG","Treatment","13",2.5,0
"three_prime_UTR","CHG","Treatment","13",7.5,0
"three_prime_UTR","CHG","Treatment","13",12.5,0
"three_prime_UTR","CHG","Treatment","13",17.5,0
"three_prime_UTR","CHG","Treatment","13",22.5,0
"three_prime_UTR","CHG","Treatment","13",27.5,0
"three_prime_UTR","CHG","Treatment","13",32.5,0
"three_prime_UTR","CHG","Treatment","13",37.5,0
"three_prime_UTR","CHG","Treatment","13",42.5,0
"three_prime_UTR","CHG","Treatment","13",47.5,0
"three_prime_UTR","CHG","Treatment","13",52.5,0
"three_prime_UTR","CHG","Treatment","13",57.5,0
"three_prime_UTR","CHG","Treatment","13",62.5,0
"three_prime_UTR","CHG","Treatment","13",67.5,0
"three_prime_UTR","CHG","Treatment","13",72.5,0
"three_prime_UTR","CHG","Treatment","13",77.5,0
"three_prime_UTR","CHG","Treatment","13",82.5,0
"three_prime_UTR","CHG","Treatment","13",87.5,0
"three_prime_UTR","CHG","Treatment","13",92.5,0
"three_prime_UTR","CHG","Treatment","13",97.5,0
"three_prime_UTR","CHG","Treatment","15",2.5,229
"three_prime_UTR","CHG","Treatment","15",7.5,11
"three_prime_UTR","CHG","Treatment","15",12.5,0
"three_prime_UTR","CHG","Treatment","15",17.5,0
"three_prime_UTR","CHG","Treatment","15",22.5,0
"three_prime_UTR","CHG","Treatment","15",27.5,0
"three_prime_UTR","CHG","Treatment","15",32.5,0
"three_prime_UTR","CHG","Treatment","15",37.5,0
"three_prime_UTR","CHG","Treatment","15",42.5,0
"three_prime_UTR","CHG","Treatment","15",47.5,0
"three_prime_UTR","CHG","Treatment","15",52.5,0
"three_prime_UTR","CHG","Treatment","15",57.5,0
"three_prime_UTR","CHG","Treatment","15",62.5,0
"three_prime_UTR","CHG","Treatment","15",67.5,0
"three_prime_UTR","CHG","Treatment","15",72.5,0
"three_prime_UTR","CHG","Treatment","15",77.5,0
"three_prime_UTR","CHG","Treatment","15",82.5,0
"three_prime_UTR","CHG","Treatment","15",87.5,0
"three_prime_UTR","CHG","Treatment","15",92.5,0
"three_prime_UTR","CHG","Treatment","15",97.5,0
"three_prime_UTR","CHG","Treatment","16",2.5,0
"three_prime_UTR","CHG","Treatment","16",7.5,0
"three_prime_UTR","CHG","Treatment","16",12.5,0
"three_prime_UTR","CHG","Treatment","16",17.5,0
"three_prime_UTR","CHG","Treatment","16",22.5,0
"three_prime_UTR","CHG","Treatment","16",27.5,0
"three_prime_UTR","CHG","Treatment","16",32.5,0
"three_prime_UTR","CHG","Treatment","16",37.5,0
"three_prime_UTR","CHG","Treatment","16",42.5,0
"three_prime_UTR","CHG","Treatment","16",47.5,0
"three_prime_UTR","CHG","Treatment","16",52.5,0
"three_prime_UTR","CHG","Treatment","16",57.5,0
"three_prime_UTR","CHG","Treatment","16",62.5,0
"three_prime_UTR","CHG","Treatment","16",67.5,0
"three_prime_UTR","CHG","Treatment","16",72.5,0
"three_prime_UTR","CHG","Treatment","16",77.5,0
"three_prime_UTR","CHG","Treatment","16",82.5,0
"three_prime_UTR","CHG","Treatment","16",87.5,0
"three_prime_UTR","CHG","Treatment","16",92.5,0
"three_prime_UTR","CHG","Treatment","16",97.5,0
"three_prime_UTR","CHG","Treatment","22",2.5,101
"three_prime_UTR","CHG","Treatment","22",7.5,9
"three_prime_UTR","CHG","Treatment","22",12.5,0
"three_prime_UTR","CHG","Treatment","22",17.5,0
"three_prime_UTR","CHG","Treatment","22",22.5,0
"three_prime_UTR","CHG","Treatment","22",27.5,0
"three_prime_UTR","CHG","Treatment","22",32.5,0
"three_prime_UTR","CHG","Treatment","22",37.5,0
"three_prime_UTR","CHG","Treatment","22",42.5,0
"three_prime_UTR","CHG","Treatment","22",47.5,0
"three_prime_UTR","CHG","Treatment","22",52.5,0
"three_prime_UTR","CHG","Treatment","22",57.5,0
"three_prime_UTR","CHG","Treatment","22",62.5,0
"three_prime_UTR","CHG","Treatment","22",67.5,0
"three_prime_UTR","CHG","Treatment","22",72.5,0
"three_prime_UTR","CHG","Treatment","22",77.5,0
"three_prime_UTR","CHG","Treatment","22",82.5,0
"three_prime_UTR","CHG","Treatment","22",87.5,0
"three_prime_UTR","CHG","Treatment","22",92.5,0
"three_prime_UTR","CHG","Treatment","22",97.5,0
"three_prime_UTR","CHG","Treatment","27",2.5,93
"three_prime_UTR","CHG","Treatment","27",7.5,2
"three_prime_UTR","CHG","Treatment","27",12.5,0
"three_prime_UTR","CHG","Treatment","27",17.5,0
"three_prime_UTR","CHG","Treatment","27",22.5,0
"three_prime_UTR","CHG","Treatment","27",27.5,0
"three_prime_UTR","CHG","Treatment","27",32.5,0
"three_prime_UTR","CHG","Treatment","27",37.5,0
"three_prime_UTR","CHG","Treatment","27",42.5,0
"three_prime_UTR","CHG","Treatment","27",47.5,0
"three_prime_UTR","CHG","Treatment","27",52.5,0
"three_prime_UTR","CHG","Treatment","27",57.5,0
"three_prime_UTR","CHG","Treatment","27",62.5,0
"three_prime_UTR","CHG","Treatment","27",67.5,0
"three_prime_UTR","CHG","Treatment","27",72.5,0
"three_prime_UTR","CHG","Treatment","27",77.5,0
"three_prime_UTR","CHG","Treatment","27",82.5,0
"three_prime_UTR","CHG","Treatment","27",87.5,0
"three_prime_UTR","CHG","Treatment","27",92.5,0
"three_prime_UTR","CHG","Treatment","27",97.5,0
"three_prime_UTR","CHH","Control","9",2.5,495
"three_prime_UTR","CHH","Control","9",7.5,4
"three_prime_UTR","CHH","Control","9",12.5,4
"three_prime_UTR","CHH","Control","9",17.5,4
"three_prime_UTR","CHH","Control","9",22.5,0
"three_prime_UTR","CHH","Control","9",27.5,0
"three_prime_UTR","CHH","Control","9",32.5,1
"three_prime_UTR","CHH","Control","9",37.5,0
"three_prime_UTR","CHH","Control","9",42.5,0
"three_prime_UTR","CHH","Control","9",47.5,0
"three_prime_UTR","CHH","Control","9",52.5,0
"three_prime_UTR","CHH","Control","9",57.5,0
"three_prime_UTR","CHH","Control","9",62.5,0
"three_prime_UTR","CHH","Control","9",67.5,0
"three_prime_UTR","CHH","Control","9",72.5,0
"three_prime_UTR","CHH","Control","9",77.5,0
"three_prime_UTR","CHH","Control","9",82.5,0
"three_prime_UTR","CHH","Control","9",87.5,0
"three_prime_UTR","CHH","Control","9",92.5,0
"three_prime_UTR","CHH","Control","9",97.5,0
"three_prime_UTR","CHH","Control","13",2.5,572
"three_prime_UTR","CHH","Control","13",7.5,16
"three_prime_UTR","CHH","Control","13",12.5,0
"three_prime_UTR","CHH","Control","13",17.5,0
"three_prime_UTR","CHH","Control","13",22.5,0
"three_prime_UTR","CHH","Control","13",27.5,0
"three_prime_UTR","CHH","Control","13",32.5,0
"three_prime_UTR","CHH","Control","13",37.5,0
"three_prime_UTR","CHH","Control","13",42.5,0
"three_prime_UTR","CHH","Control","13",47.5,0
"three_prime_UTR","CHH","Control","13",52.5,0
"three_prime_UTR","CHH","Control","13",57.5,0
"three_prime_UTR","CHH","Control","13",62.5,0
"three_prime_UTR","CHH","Control","13",67.5,0
"three_prime_UTR","CHH","Control","13",72.5,0
"three_prime_UTR","CHH","Control","13",77.5,0
"three_prime_UTR","CHH","Control","13",82.5,0
"three_prime_UTR","CHH","Control","13",87.5,0
"three_prime_UTR","CHH","Control","13",92.5,0
"three_prime_UTR","CHH","Control","13",97.5,0
"three_prime_UTR","CHH","Control","15",2.5,0
"three_prime_UTR","CHH","Control","15",7.5,0
"three_prime_UTR","CHH","Control","15",12.5,0
"three_prime_UTR","CHH","Control","15",17.5,0
"three_prime_UTR","CHH","Control","15",22.5,0
"three_prime_UTR","CHH","Control","15",27.5,0
"three_prime_UTR","CHH","Control","15",32.5,0
"three_prime_UTR","CHH","Control","15",37.5,0
"three_prime_UTR","CHH","Control","15",42.5,0
"three_prime_UTR","CHH","Control","15",47.5,0
"three_prime_UTR","CHH","Control","15",52.5,0
"three_prime_UTR","CHH","Control","15",57.5,0
"three_prime_UTR","CHH","Control","15",62.5,0
"three_prime_UTR","CHH","Control","15",67.5,0
"three_prime_UTR","CHH","Control","15",72.5,0
"three_prime_UTR","CHH","Control","15",77.5,0
"three_prime_UTR","CHH","Control","15",82.5,0
"three_prime_UTR","CHH","Control","15",87.5,0
"three_prime_UTR","CHH","Control","15",92.5,0
"three_prime_UTR","CHH","Control","15",97.5,0
"three_prime_UTR","CHH","Control","16",2.5,260
"three_prime_UTR","CHH","Control","16",7.5,3
"three_prime_UTR","CHH","Control","16",12.5,0
"three_prime_UTR","CHH","Control","16",17.5,0
"three_prime_UTR","CHH","Control","16",22.5,0
"three_prime_UTR","CHH","Control","16",27.5,0
"three_prime_UTR","CHH","Control","16",32.5,0
"three_prime_UTR","CHH","Control","16",37.5,0
"three_prime_UTR","CHH","Control","16",42.5,0
"three_prime_UTR","CHH","Control","16",47.5,0
"three_prime_UTR","CHH","Control","16",52.5,0
"three_prime_UTR","CHH","Control","16",57.5,0
"three_prime_UTR","CHH","Control","16",62.5,0
"three_prime_UTR","CHH","Control","16",67.5,0
"three_prime_UTR","CHH","Control","16",72.5,0
"three_prime_UTR","CHH","Control","16",77.5,0
"three_prime_UTR","CHH","Control","16",82.5,0
"three_prime_UTR","CHH","Control","16",87.5,0
"three_prime_UTR","CHH","Control","16",92.5,0
"three_prime_UTR","CHH","Control","16",97.5,0
"three_prime_UTR","CHH","Control","22",2.5,0
"three_prime_UTR","CHH","Control","22",7.5,0
"three_prime_UTR","CHH","Control","22",12.5,0
"three_prime_UTR","CHH","Control","22",17.5,0
"three_prime_UTR","CHH","Control","22",22.5,0
"three_prime_UTR","CHH","Control","22",27.5,0
"three_prime_UTR","CHH","Control","22",32.5,0
"three_prime_UTR","CHH","Control","22",37.5,0
"three_prime_UTR","CHH","Control","22",42.5,0
"three_prime_UTR","CHH","Control","22",47.5,0
"three_prime_UTR","CHH","Control","22",52.5,0
"three_prime_UTR","CHH","Control","22",57.5,0
"three_prime_UTR","CHH","Control","22",62.5,0
"three_prime_UTR","CHH","Control","22",67.5,0
"three_prime_UTR","CHH","Control","22",72.5,0
"three_prime_UTR","CHH","Control","22",77.5,0
"three_prime_UTR","CHH","Control","22",82.5,0
"three_prime_UTR","CHH","Control","22",87.5,0
"three_prime_UTR","CHH","Control","22",92.5,0
"three_prime_UTR","CHH","Control","22",97.5,0
"three_prime_UTR","CHH","Control","27",2.5,0
"three_prime_UTR","CHH","Control","27",7.5,0
"three_prime_UTR","CHH","Control","27",12.5,0
"three_prime_UTR","CHH","Control","27",17.5,0
"three_prime_UTR","CHH","Control","27",22.5,0
"three_prime_UTR","CHH","Control","27",27.5,0
"three_prime_UTR","CHH","Control","27",32.5,0
"three_prime_UTR","CHH","Control","27",37.5,0
"three_prime_UTR","CHH","Control","27",42.5,0
"three_prime_UTR","CHH","Control","27",47.5,0
"three_prime_UTR","CHH","Control","27",52.5,0
"three_prime_UTR","CHH","Control","27",57.5,0
"three_prime_UTR","CHH","Control","27",62.5,0
"three_prime_UTR","CHH","Control","27",67.5,0
"three_prime_UTR","CHH","Control","27",72.5,0
"three_prime_UTR","CHH","Control","27",77.5,0
"three_prime_UTR","CHH","Control","27",82.5,0
"three_prime_UTR","CHH","Control","27",87.5,0
"three_prime_UTR","CHH","Control","27",92.5,0
"three_prime_UTR","CHH","Control","27",97.5,0
"three_prime_UTR","CHH","Treatment","9",2.5,0
"three_prime_UTR","CHH","Treatment","9",7.5,0
"three_prime_UTR","CHH","Treatment","9",12.5,0
"three_prime_UTR","CHH","Treatment","9",17.5,0
"three_prime_UTR","CHH","Treatment","9",22.5,0
"three_prime_UTR","CHH","Treatment","9",27.5,0
"three_prime_UTR","CHH","Treatment","9",32.5,0
"three_prime_UTR","CHH","Treatment","9",37.5,0
"three_prime_UTR","CHH","Treatment","9",42.5,0
"three_prime_UTR","CHH","Treatment","9",47.5,0
"three_prime_UTR","CHH","Treatment","9",52.5,0
"three_prime_UTR","CHH","Treatment","9",57.5,0
"three_prime_UTR","CHH","Treatment","9",62.5,0
"three_prime_UTR","CHH","Treatment","9",67.5,0
"three_prime_UTR","CHH","Treatment","9",72.5,0
"three_prime_UTR","CHH","Treatment","9",77.5,0
"three_prime_UTR","CHH","Treatment","9",82.5,0
"three_prime_UTR","CHH","Treatment","9",87.5,0
"three_prime_UTR","CHH","Treatment","9",92.5,0
"three_prime_UTR","CHH","Treatment","9",97.5,0
"three_prime_UTR","CHH","Treatment","13",2.5,0
"three_prime_UTR","CHH","Treatment","13",7.5,0
"three_prime_UTR","CHH","Treatment","13",12.5,0
"three_prime_UTR","CHH","Treatment","13",17.5,0
"three_prime_UTR","CHH","Treatment","13",22.5,0
"three_prime_UTR","CHH","Treatment","13",27.5,0
"three_prime_UTR","CHH","Treatment","13",32.5,0
"three_prime_UTR","CHH","Treatment","13",37.5,0
"three_prime_UTR","CHH","Treatment","13",42.5,0
"three_prime_UTR","CHH","Treatment","13",47.5,0
"three_prime_UTR","CHH","Treatment","13",52.5,0
"three_prime_UTR","CHH","Treatment","13",57.5,0
"three_prime_UTR","CHH","Treatment","13",62.5,0
"three_prime_UTR","CHH","Treatment","13",67.5,0
"three_prime_UTR","CHH","Treatment","13",72.5,0
"three_prime_UTR","CHH","Treatment","13",77.5,0
"three_prime_UTR","CHH","Treatment","13",82.5,0
"three_prime_UTR","CHH","Treatment","13",87.5,0
"three_prime_UTR","CHH","Treatment","13",92.5,0
"three_prime_UTR","CHH","Treatment","13",97.5,0
"three_prime_UTR","CHH","Treatment","15",2.5,335
"three_prime_UTR","CHH","Treatment","15",7.5,6
"three_prime_UTR","CHH","Treatment","15",12.5,0
"three_prime_UTR","CHH","Treatment","15",17.5,0
"three_prime_UTR","CHH","Treatment","15",22.5,0
"three_prime_UTR","CHH","Treatment","15",27.5,0
"three_prime_UTR","CHH","Treatment","15",32.5,0
"three_prime_UTR","CHH","Treatment","15",37.5,0
"three_prime_UTR","CHH","Treatment","15",42.5,0
"three_prime_UTR","CHH","Treatment","15",47.5,0
"three_prime_UTR","CHH","Treatment","15",52.5,0
"three_prime_UTR","CHH","Treatment","15",57.5,0
"three_prime_UTR","CHH","Treatment","15",62.5,0
"three_prime_UTR","CHH","Treatment","15",67.5,0
"three_prime_UTR","CHH","Treatment","15",72.5,0
"three_prime_UTR","CHH","Treatment","15",77.5,0
"three_prime_UTR","CHH","Treatment","15",82.5,0
"three_prime_UTR","CHH","Treatment","15",87.5,0
"three_prime_UTR","CHH","Treatment","15",92.5,0
"three_prime_UTR","CHH","Treatment","15",97.5,0
"three_prime_UTR","CHH","Treatment","16",2.5,0
"three_prime_UTR","CHH","Treatment","16",7.5,0
"three_prime_UTR","CHH","Treatment","16",12.5,0
"three_prime_UTR","CHH","Treatment","16",17.5,0
"three_prime_UTR","CHH","Treatment","16",22.5,0
"three_prime_UTR","CHH","Treatment","16",27.5,0
"three_prime_UTR","CHH","Treatment","16",32.5,0
"three_prime_UTR","CHH","Treatment","16",37.5,0
"three_prime_UTR","CHH","Treatment","16",42.5,0
"three_prime_UTR","CHH","Treatment","16",47.5,0
"three_prime_UTR","CHH","Treatment","16",52.5,0
"three_prime_UTR","CHH","Treatment","16",57.5,0
"three_prime_UTR","CHH","Treatment","16",62.5,0
"three_prime_UTR","CHH","Treatment","16",67.5,0
"three_prime_UTR","CHH","Treatment","16",72.5,0
"three_prime_UTR","CHH","Treatment","16",77.5,0
"three_prime_UTR","CHH","Treatment","16",82.5,0
"three_prime_UTR","CHH","Treatment","16",87.5,0
"three_prime_UTR","CHH","Treatment","16",92.5,0
"three_prime_UTR","CHH","Treatment","16",97.5,0
"three_prime_UTR","CHH","Treatment","22",2.5,153
"three_prime_UTR","CHH","Treatment","22",7.5,5
"three_prime_UTR","CHH","Treatment","22",12.5,0
"three_prime_UTR","CHH","Treatment","22",17.5,0
"three_prime_UTR","CHH","Treatment","22",22.5,0
"three_prime_UTR","CHH","Treatment","22",27.5,0
"three_prime_UTR","CHH","Treatment","22",32.5,0
"three_prime_UTR","CHH","Treatment","22",37.5,0
"three_prime_UTR","CHH","Treatment","22",42.5,0
"three_prime_UTR","CHH","Treatment","22",47.5,0
"three_prime_UTR","CHH","Treatment","22",52.5,0
"three_prime_UTR","CHH","Treatment","22",57.5,0
"three_prime_UTR","CHH","Treatment","22",62.5,0
"three_prime_UTR","CHH","Treatment","22",67.5,0
"three_prime_UTR","CHH","Treatment","22",72.5,0
"three_prime_UTR","CHH","Treatment","22",77.5,0
"three_prime_UTR","CHH","Treatment","22",82.5,0
"three_prime_UTR","CHH","Treatment","22",87.5,0
"three_prime_UTR","CHH","Treatment","22",92.5,0
"three_prime_UTR","CHH","Treatment","22",97.5,0
"three_prime_UTR","CHH","Treatment","27",2.5,138
"three_prime_UTR","CHH","Treatment","27",7.5,3
"three_prime_UTR","CHH","Treatment","27",12.5,0
"three_prime_UTR","CHH","Treatment","27",17.5,0
"three_prime_UTR","CHH","Treatment","27",22.5,0
"three_prime_UTR","CHH","Treatment","27",27.5,0
"three_prime_UTR","CHH","Treatment","27",32.5,0
"three_prime_UTR","CHH","Treatment","27",37.5,0
"three_prime_UTR","CHH","Treatment","27",42.5,0
"three_prime_UTR","CHH","Treatment","27",47.5,0
"three_prime_UTR","CHH","Treatment","27",52.5,0
"three_prime_UTR","CHH","Treatment","27",57.5,0
"three_prime_UTR","CHH","Treatment","27",62.5,0
"three_prime_UTR","CHH","Treatment","27",67.5,0
"three_prime_UTR","CHH","Treatment","27",72.5,0
"three_prime_UTR","CHH","Treatment","27",77.5,0
"three_prime_UTR","CHH","Treatment","27",82.5,0
"three_prime_UTR","CHH","Treatment","27",87.5,0
"three_prime_UTR","CHH","Treatment","27",92.5,0
"three_prime_UTR","CHH","Treatment","27",97.5,0
