"region","context","group","sample_id","bin_mid","count"
"dispersed_repeat","CpG","Control","6",2.5,8324
"dispersed_repeat","CpG","Control","6",7.5,361
"dispersed_repeat","CpG","Control","6",12.5,98
"dispersed_repeat","CpG","Control","6",17.5,149
"dispersed_repeat","CpG","Control","6",22.5,73
"dispersed_repeat","CpG","Control","6",27.5,94
"dispersed_repeat","CpG","Control","6",32.5,45
"dispersed_repeat","CpG","Control","6",37.5,75
"dispersed_repeat","CpG","Control","6",42.5,36
"dispersed_repeat","CpG","Control","6",47.5,49
"dispersed_repeat","CpG","Control","6",52.5,29
"dispersed_repeat","CpG","Control","6",57.5,53
"dispersed_repeat","CpG","Control","6",62.5,31
"dispersed_repeat","CpG","Control","6",67.5,50
"dispersed_repeat","CpG","Control","6",72.5,26
"dispersed_repeat","CpG","Control","6",77.5,39
"dispersed_repeat","CpG","Control","6",82.5,35
"dispersed_repeat","CpG","Control","6",87.5,46
"dispersed_repeat","CpG","Control","6",92.5,38
"dispersed_repeat","CpG","Control","6",97.5,157
"dispersed_repeat","CpG","Control","7",2.5,12772
"dispersed_repeat","CpG","Control","7",7.5,496
"dispersed_repeat","CpG","Control","7",12.5,141
"dispersed_repeat","CpG","Control","7",17.5,202
"dispersed_repeat","CpG","Control","7",22.5,92
"dispersed_repeat","CpG","Control","7",27.5,121
"dispersed_repeat","CpG","Control","7",32.5,57
"dispersed_repeat","CpG","Control","7",37.5,115
"dispersed_repeat","CpG","Control","7",42.5,46
"dispersed_repeat","CpG","Control","7",47.5,96
"dispersed_repeat","CpG","Control","7",52.5,32
"dispersed_repeat","CpG","Control","7",57.5,70
"dispersed_repeat","CpG","Control","7",62.5,38
"dispersed_repeat","CpG","Control","7",67.5,71
"dispersed_repeat","CpG","Control","7",72.5,47
"dispersed_repeat","CpG","Control","7",77.5,79
"dispersed_repeat","CpG","Control","7",82.5,57
"dispersed_repeat","CpG","Control","7",87.5,105
"dispersed_repeat","CpG","Control","7",92.5,82
"dispersed_repeat","CpG","Control","7",97.5,318
"dispersed_repeat","CpG","Control","10",2.5,4877
"dispersed_repeat","CpG","Control","10",7.5,236
"dispersed_repeat","CpG","Control","10",12.5,76
"dispersed_repeat","CpG","Control","10",17.5,70
"dispersed_repeat","CpG","Control","10",22.5,31
"dispersed_repeat","CpG","Control","10",27.5,60
"dispersed_repeat","CpG","Control","10",32.5,28
"dispersed_repeat","CpG","Control","10",37.5,36
"dispersed_repeat","CpG","Control","10",42.5,27
"dispersed_repeat","CpG","Control","10",47.5,40
"dispersed_repeat","CpG","Control","10",52.5,17
"dispersed_repeat","CpG","Control","10",57.5,22
"dispersed_repeat","CpG","Control","10",62.5,19
"dispersed_repeat","CpG","Control","10",67.5,24
"dispersed_repeat","CpG","Control","10",72.5,20
"dispersed_repeat","CpG","Control","10",77.5,20
"dispersed_repeat","CpG","Control","10",82.5,20
"dispersed_repeat","CpG","Control","10",87.5,27
"dispersed_repeat","CpG","Control","10",92.5,23
"dispersed_repeat","CpG","Control","10",97.5,54
"dispersed_repeat","CpG","Control","14",2.5,0
"dispersed_repeat","CpG","Control","14",7.5,0
"dispersed_repeat","CpG","Control","14",12.5,0
"dispersed_repeat","CpG","Control","14",17.5,0
"dispersed_repeat","CpG","Control","14",22.5,0
"dispersed_repeat","CpG","Control","14",27.5,0
"dispersed_repeat","CpG","Control","14",32.5,0
"dispersed_repeat","CpG","Control","14",37.5,0
"dispersed_repeat","CpG","Control","14",42.5,0
"dispersed_repeat","CpG","Control","14",47.5,0
"dispersed_repeat","CpG","Control","14",52.5,0
"dispersed_repeat","CpG","Control","14",57.5,0
"dispersed_repeat","CpG","Control","14",62.5,0
"dispersed_repeat","CpG","Control","14",67.5,0
"dispersed_repeat","CpG","Control","14",72.5,0
"dispersed_repeat","CpG","Control","14",77.5,0
"dispersed_repeat","CpG","Control","14",82.5,0
"dispersed_repeat","CpG","Control","14",87.5,0
"dispersed_repeat","CpG","Control","14",92.5,0
"dispersed_repeat","CpG","Control","14",97.5,0
"dispersed_repeat","CpG","Control","20",2.5,0
"dispersed_repeat","CpG","Control","20",7.5,0
"dispersed_repeat","CpG","Control","20",12.5,0
"dispersed_repeat","CpG","Control","20",17.5,0
"dispersed_repeat","CpG","Control","20",22.5,0
"dispersed_repeat","CpG","Control","20",27.5,0
"dispersed_repeat","CpG","Control","20",32.5,0
"dispersed_repeat","CpG","Control","20",37.5,0
"dispersed_repeat","CpG","Control","20",42.5,0
"dispersed_repeat","CpG","Control","20",47.5,0
"dispersed_repeat","CpG","Control","20",52.5,0
"dispersed_repeat","CpG","Control","20",57.5,0
"dispersed_repeat","CpG","Control","20",62.5,0
"dispersed_repeat","CpG","Control","20",67.5,0
"dispersed_repeat","CpG","Control","20",72.5,0
"dispersed_repeat","CpG","Control","20",77.5,0
"dispersed_repeat","CpG","Control","20",82.5,0
"dispersed_repeat","CpG","Control","20",87.5,0
"dispersed_repeat","CpG","Control","20",92.5,0
"dispersed_repeat","CpG","Control","20",97.5,0
"dispersed_repeat","CpG","Control","21",2.5,0
"dispersed_repeat","CpG","Control","21",7.5,0
"dispersed_repeat","CpG","Control","21",12.5,0
"dispersed_repeat","CpG","Control","21",17.5,0
"dispersed_repeat","CpG","Control","21",22.5,0
"dispersed_repeat","CpG","Control","21",27.5,0
"dispersed_repeat","CpG","Control","21",32.5,0
"dispersed_repeat","CpG","Control","21",37.5,0
"dispersed_repeat","CpG","Control","21",42.5,0
"dispersed_repeat","CpG","Control","21",47.5,0
"dispersed_repeat","CpG","Control","21",52.5,0
"dispersed_repeat","CpG","Control","21",57.5,0
"dispersed_repeat","CpG","Control","21",62.5,0
"dispersed_repeat","CpG","Control","21",67.5,0
"dispersed_repeat","CpG","Control","21",72.5,0
"dispersed_repeat","CpG","Control","21",77.5,0
"dispersed_repeat","CpG","Control","21",82.5,0
"dispersed_repeat","CpG","Control","21",87.5,0
"dispersed_repeat","CpG","Control","21",92.5,0
"dispersed_repeat","CpG","Control","21",97.5,0
"dispersed_repeat","CpG","Control","11",2.5,5871
"dispersed_repeat","CpG","Control","11",7.5,279
"dispersed_repeat","CpG","Control","11",12.5,78
"dispersed_repeat","CpG","Control","11",17.5,95
"dispersed_repeat","CpG","Control","11",22.5,47
"dispersed_repeat","CpG","Control","11",27.5,78
"dispersed_repeat","CpG","Control","11",32.5,35
"dispersed_repeat","CpG","Control","11",37.5,66
"dispersed_repeat","CpG","Control","11",42.5,22
"dispersed_repeat","CpG","Control","11",47.5,42
"dispersed_repeat","CpG","Control","11",52.5,25
"dispersed_repeat","CpG","Control","11",57.5,31
"dispersed_repeat","CpG","Control","11",62.5,18
"dispersed_repeat","CpG","Control","11",67.5,31
"dispersed_repeat","CpG","Control","11",72.5,19
"dispersed_repeat","CpG","Control","11",77.5,27
"dispersed_repeat","CpG","Control","11",82.5,18
"dispersed_repeat","CpG","Control","11",87.5,30
"dispersed_repeat","CpG","Control","11",92.5,20
"dispersed_repeat","CpG","Control","11",97.5,83
"dispersed_repeat","CpG","Control","2",2.5,0
"dispersed_repeat","CpG","Control","2",7.5,0
"dispersed_repeat","CpG","Control","2",12.5,0
"dispersed_repeat","CpG","Control","2",17.5,0
"dispersed_repeat","CpG","Control","2",22.5,0
"dispersed_repeat","CpG","Control","2",27.5,0
"dispersed_repeat","CpG","Control","2",32.5,0
"dispersed_repeat","CpG","Control","2",37.5,0
"dispersed_repeat","CpG","Control","2",42.5,0
"dispersed_repeat","CpG","Control","2",47.5,0
"dispersed_repeat","CpG","Control","2",52.5,0
"dispersed_repeat","CpG","Control","2",57.5,0
"dispersed_repeat","CpG","Control","2",62.5,0
"dispersed_repeat","CpG","Control","2",67.5,0
"dispersed_repeat","CpG","Control","2",72.5,0
"dispersed_repeat","CpG","Control","2",77.5,0
"dispersed_repeat","CpG","Control","2",82.5,0
"dispersed_repeat","CpG","Control","2",87.5,0
"dispersed_repeat","CpG","Control","2",92.5,0
"dispersed_repeat","CpG","Control","2",97.5,0
"dispersed_repeat","CpG","Treatment","6",2.5,0
"dispersed_repeat","CpG","Treatment","6",7.5,0
"dispersed_repeat","CpG","Treatment","6",12.5,0
"dispersed_repeat","CpG","Treatment","6",17.5,0
"dispersed_repeat","CpG","Treatment","6",22.5,0
"dispersed_repeat","CpG","Treatment","6",27.5,0
"dispersed_repeat","CpG","Treatment","6",32.5,0
"dispersed_repeat","CpG","Treatment","6",37.5,0
"dispersed_repeat","CpG","Treatment","6",42.5,0
"dispersed_repeat","CpG","Treatment","6",47.5,0
"dispersed_repeat","CpG","Treatment","6",52.5,0
"dispersed_repeat","CpG","Treatment","6",57.5,0
"dispersed_repeat","CpG","Treatment","6",62.5,0
"dispersed_repeat","CpG","Treatment","6",67.5,0
"dispersed_repeat","CpG","Treatment","6",72.5,0
"dispersed_repeat","CpG","Treatment","6",77.5,0
"dispersed_repeat","CpG","Treatment","6",82.5,0
"dispersed_repeat","CpG","Treatment","6",87.5,0
"dispersed_repeat","CpG","Treatment","6",92.5,0
"dispersed_repeat","CpG","Treatment","6",97.5,0
"dispersed_repeat","CpG","Treatment","7",2.5,0
"dispersed_repeat","CpG","Treatment","7",7.5,0
"dispersed_repeat","CpG","Treatment","7",12.5,0
"dispersed_repeat","CpG","Treatment","7",17.5,0
"dispersed_repeat","CpG","Treatment","7",22.5,0
"dispersed_repeat","CpG","Treatment","7",27.5,0
"dispersed_repeat","CpG","Treatment","7",32.5,0
"dispersed_repeat","CpG","Treatment","7",37.5,0
"dispersed_repeat","CpG","Treatment","7",42.5,0
"dispersed_repeat","CpG","Treatment","7",47.5,0
"dispersed_repeat","CpG","Treatment","7",52.5,0
"dispersed_repeat","CpG","Treatment","7",57.5,0
"dispersed_repeat","CpG","Treatment","7",62.5,0
"dispersed_repeat","CpG","Treatment","7",67.5,0
"dispersed_repeat","CpG","Treatment","7",72.5,0
"dispersed_repeat","CpG","Treatment","7",77.5,0
"dispersed_repeat","CpG","Treatment","7",82.5,0
"dispersed_repeat","CpG","Treatment","7",87.5,0
"dispersed_repeat","CpG","Treatment","7",92.5,0
"dispersed_repeat","CpG","Treatment","7",97.5,0
"dispersed_repeat","CpG","Treatment","10",2.5,0
"dispersed_repeat","CpG","Treatment","10",7.5,0
"dispersed_repeat","CpG","Treatment","10",12.5,0
"dispersed_repeat","CpG","Treatment","10",17.5,0
"dispersed_repeat","CpG","Treatment","10",22.5,0
"dispersed_repeat","CpG","Treatment","10",27.5,0
"dispersed_repeat","CpG","Treatment","10",32.5,0
"dispersed_repeat","CpG","Treatment","10",37.5,0
"dispersed_repeat","CpG","Treatment","10",42.5,0
"dispersed_repeat","CpG","Treatment","10",47.5,0
"dispersed_repeat","CpG","Treatment","10",52.5,0
"dispersed_repeat","CpG","Treatment","10",57.5,0
"dispersed_repeat","CpG","Treatment","10",62.5,0
"dispersed_repeat","CpG","Treatment","10",67.5,0
"dispersed_repeat","CpG","Treatment","10",72.5,0
"dispersed_repeat","CpG","Treatment","10",77.5,0
"dispersed_repeat","CpG","Treatment","10",82.5,0
"dispersed_repeat","CpG","Treatment","10",87.5,0
"dispersed_repeat","CpG","Treatment","10",92.5,0
"dispersed_repeat","CpG","Treatment","10",97.5,0
"dispersed_repeat","CpG","Treatment","14",2.5,5263
"dispersed_repeat","CpG","Treatment","14",7.5,258
"dispersed_repeat","CpG","Treatment","14",12.5,70
"dispersed_repeat","CpG","Treatment","14",17.5,88
"dispersed_repeat","CpG","Treatment","14",22.5,44
"dispersed_repeat","CpG","Treatment","14",27.5,64
"dispersed_repeat","CpG","Treatment","14",32.5,26
"dispersed_repeat","CpG","Treatment","14",37.5,71
"dispersed_repeat","CpG","Treatment","14",42.5,18
"dispersed_repeat","CpG","Treatment","14",47.5,55
"dispersed_repeat","CpG","Treatment","14",52.5,29
"dispersed_repeat","CpG","Treatment","14",57.5,48
"dispersed_repeat","CpG","Treatment","14",62.5,29
"dispersed_repeat","CpG","Treatment","14",67.5,16
"dispersed_repeat","CpG","Treatment","14",72.5,28
"dispersed_repeat","CpG","Treatment","14",77.5,20
"dispersed_repeat","CpG","Treatment","14",82.5,25
"dispersed_repeat","CpG","Treatment","14",87.5,28
"dispersed_repeat","CpG","Treatment","14",92.5,22
"dispersed_repeat","CpG","Treatment","14",97.5,79
"dispersed_repeat","CpG","Treatment","20",2.5,3616
"dispersed_repeat","CpG","Treatment","20",7.5,155
"dispersed_repeat","CpG","Treatment","20",12.5,60
"dispersed_repeat","CpG","Treatment","20",17.5,62
"dispersed_repeat","CpG","Treatment","20",22.5,44
"dispersed_repeat","CpG","Treatment","20",27.5,50
"dispersed_repeat","CpG","Treatment","20",32.5,26
"dispersed_repeat","CpG","Treatment","20",37.5,33
"dispersed_repeat","CpG","Treatment","20",42.5,24
"dispersed_repeat","CpG","Treatment","20",47.5,39
"dispersed_repeat","CpG","Treatment","20",52.5,12
"dispersed_repeat","CpG","Treatment","20",57.5,35
"dispersed_repeat","CpG","Treatment","20",62.5,19
"dispersed_repeat","CpG","Treatment","20",67.5,17
"dispersed_repeat","CpG","Treatment","20",72.5,20
"dispersed_repeat","CpG","Treatment","20",77.5,25
"dispersed_repeat","CpG","Treatment","20",82.5,14
"dispersed_repeat","CpG","Treatment","20",87.5,27
"dispersed_repeat","CpG","Treatment","20",92.5,18
"dispersed_repeat","CpG","Treatment","20",97.5,42
"dispersed_repeat","CpG","Treatment","21",2.5,4247
"dispersed_repeat","CpG","Treatment","21",7.5,212
"dispersed_repeat","CpG","Treatment","21",12.5,44
"dispersed_repeat","CpG","Treatment","21",17.5,78
"dispersed_repeat","CpG","Treatment","21",22.5,44
"dispersed_repeat","CpG","Treatment","21",27.5,47
"dispersed_repeat","CpG","Treatment","21",32.5,33
"dispersed_repeat","CpG","Treatment","21",37.5,56
"dispersed_repeat","CpG","Treatment","21",42.5,24
"dispersed_repeat","CpG","Treatment","21",47.5,48
"dispersed_repeat","CpG","Treatment","21",52.5,14
"dispersed_repeat","CpG","Treatment","21",57.5,27
"dispersed_repeat","CpG","Treatment","21",62.5,20
"dispersed_repeat","CpG","Treatment","21",67.5,17
"dispersed_repeat","CpG","Treatment","21",72.5,21
"dispersed_repeat","CpG","Treatment","21",77.5,25
"dispersed_repeat","CpG","Treatment","21",82.5,14
"dispersed_repeat","CpG","Treatment","21",87.5,25
"dispersed_repeat","CpG","Treatment","21",92.5,17
"dispersed_repeat","CpG","Treatment","21",97.5,62
"dispersed_repeat","CpG","Treatment","11",2.5,0
"dispersed_repeat","CpG","Treatment","11",7.5,0
"dispersed_repeat","CpG","Treatment","11",12.5,0
"dispersed_repeat","CpG","Treatment","11",17.5,0
"dispersed_repeat","CpG","Treatment","11",22.5,0
"dispersed_repeat","CpG","Treatment","11",27.5,0
"dispersed_repeat","CpG","Treatment","11",32.5,0
"dispersed_repeat","CpG","Treatment","11",37.5,0
"dispersed_repeat","CpG","Treatment","11",42.5,0
"dispersed_repeat","CpG","Treatment","11",47.5,0
"dispersed_repeat","CpG","Treatment","11",52.5,0
"dispersed_repeat","CpG","Treatment","11",57.5,0
"dispersed_repeat","CpG","Treatment","11",62.5,0
"dispersed_repeat","CpG","Treatment","11",67.5,0
"dispersed_repeat","CpG","Treatment","11",72.5,0
"dispersed_repeat","CpG","Treatment","11",77.5,0
"dispersed_repeat","CpG","Treatment","11",82.5,0
"dispersed_repeat","CpG","Treatment","11",87.5,0
"dispersed_repeat","CpG","Treatment","11",92.5,0
"dispersed_repeat","CpG","Treatment","11",97.5,0
"dispersed_repeat","CpG","Treatment","2",2.5,9362
"dispersed_repeat","CpG","Treatment","2",7.5,467
"dispersed_repeat","CpG","Treatment","2",12.5,122
"dispersed_repeat","CpG","Treatment","2",17.5,122
"dispersed_repeat","CpG","Treatment","2",22.5,80
"dispersed_repeat","CpG","Treatment","2",27.5,111
"dispersed_repeat","CpG","Treatment","2",32.5,62
"dispersed_repeat","CpG","Treatment","2",37.5,80
"dispersed_repeat","CpG","Treatment","2",42.5,37
"dispersed_repeat","CpG","Treatment","2",47.5,73
"dispersed_repeat","CpG","Treatment","2",52.5,31
"dispersed_repeat","CpG","Treatment","2",57.5,61
"dispersed_repeat","CpG","Treatment","2",62.5,39
"dispersed_repeat","CpG","Treatment","2",67.5,59
"dispersed_repeat","CpG","Treatment","2",72.5,29
"dispersed_repeat","CpG","Treatment","2",77.5,66
"dispersed_repeat","CpG","Treatment","2",82.5,36
"dispersed_repeat","CpG","Treatment","2",87.5,72
"dispersed_repeat","CpG","Treatment","2",92.5,41
"dispersed_repeat","CpG","Treatment","2",97.5,220
"dispersed_repeat","CHG","Control","6",2.5,10064
"dispersed_repeat","CHG","Control","6",7.5,196
"dispersed_repeat","CHG","Control","6",12.5,14
"dispersed_repeat","CHG","Control","6",17.5,13
"dispersed_repeat","CHG","Control","6",22.5,1
"dispersed_repeat","CHG","Control","6",27.5,0
"dispersed_repeat","CHG","Control","6",32.5,0
"dispersed_repeat","CHG","Control","6",37.5,2
"dispersed_repeat","CHG","Control","6",42.5,0
"dispersed_repeat","CHG","Control","6",47.5,3
"dispersed_repeat","CHG","Control","6",52.5,0
"dispersed_repeat","CHG","Control","6",57.5,1
"dispersed_repeat","CHG","Control","6",62.5,0
"dispersed_repeat","CHG","Control","6",67.5,0
"dispersed_repeat","CHG","Control","6",72.5,0
"dispersed_repeat","CHG","Control","6",77.5,0
"dispersed_repeat","CHG","Control","6",82.5,0
"dispersed_repeat","CHG","Control","6",87.5,0
"dispersed_repeat","CHG","Control","6",92.5,0
"dispersed_repeat","CHG","Control","6",97.5,0
"dispersed_repeat","CHG","Control","7",2.5,15520
"dispersed_repeat","CHG","Control","7",7.5,250
"dispersed_repeat","CHG","Control","7",12.5,22
"dispersed_repeat","CHG","Control","7",17.5,28
"dispersed_repeat","CHG","Control","7",22.5,6
"dispersed_repeat","CHG","Control","7",27.5,4
"dispersed_repeat","CHG","Control","7",32.5,1
"dispersed_repeat","CHG","Control","7",37.5,1
"dispersed_repeat","CHG","Control","7",42.5,2
"dispersed_repeat","CHG","Control","7",47.5,1
"dispersed_repeat","CHG","Control","7",52.5,0
"dispersed_repeat","CHG","Control","7",57.5,0
"dispersed_repeat","CHG","Control","7",62.5,0
"dispersed_repeat","CHG","Control","7",67.5,0
"dispersed_repeat","CHG","Control","7",72.5,0
"dispersed_repeat","CHG","Control","7",77.5,0
"dispersed_repeat","CHG","Control","7",82.5,0
"dispersed_repeat","CHG","Control","7",87.5,0
"dispersed_repeat","CHG","Control","7",92.5,0
"dispersed_repeat","CHG","Control","7",97.5,0
"dispersed_repeat","CHG","Control","10",2.5,5869
"dispersed_repeat","CHG","Control","10",7.5,120
"dispersed_repeat","CHG","Control","10",12.5,10
"dispersed_repeat","CHG","Control","10",17.5,5
"dispersed_repeat","CHG","Control","10",22.5,6
"dispersed_repeat","CHG","Control","10",27.5,0
"dispersed_repeat","CHG","Control","10",32.5,0
"dispersed_repeat","CHG","Control","10",37.5,1
"dispersed_repeat","CHG","Control","10",42.5,0
"dispersed_repeat","CHG","Control","10",47.5,0
"dispersed_repeat","CHG","Control","10",52.5,0
"dispersed_repeat","CHG","Control","10",57.5,0
"dispersed_repeat","CHG","Control","10",62.5,0
"dispersed_repeat","CHG","Control","10",67.5,0
"dispersed_repeat","CHG","Control","10",72.5,0
"dispersed_repeat","CHG","Control","10",77.5,0
"dispersed_repeat","CHG","Control","10",82.5,0
"dispersed_repeat","CHG","Control","10",87.5,0
"dispersed_repeat","CHG","Control","10",92.5,0
"dispersed_repeat","CHG","Control","10",97.5,0
"dispersed_repeat","CHG","Control","14",2.5,0
"dispersed_repeat","CHG","Control","14",7.5,0
"dispersed_repeat","CHG","Control","14",12.5,0
"dispersed_repeat","CHG","Control","14",17.5,0
"dispersed_repeat","CHG","Control","14",22.5,0
"dispersed_repeat","CHG","Control","14",27.5,0
"dispersed_repeat","CHG","Control","14",32.5,0
"dispersed_repeat","CHG","Control","14",37.5,0
"dispersed_repeat","CHG","Control","14",42.5,0
"dispersed_repeat","CHG","Control","14",47.5,0
"dispersed_repeat","CHG","Control","14",52.5,0
"dispersed_repeat","CHG","Control","14",57.5,0
"dispersed_repeat","CHG","Control","14",62.5,0
"dispersed_repeat","CHG","Control","14",67.5,0
"dispersed_repeat","CHG","Control","14",72.5,0
"dispersed_repeat","CHG","Control","14",77.5,0
"dispersed_repeat","CHG","Control","14",82.5,0
"dispersed_repeat","CHG","Control","14",87.5,0
"dispersed_repeat","CHG","Control","14",92.5,0
"dispersed_repeat","CHG","Control","14",97.5,0
"dispersed_repeat","CHG","Control","20",2.5,0
"dispersed_repeat","CHG","Control","20",7.5,0
"dispersed_repeat","CHG","Control","20",12.5,0
"dispersed_repeat","CHG","Control","20",17.5,0
"dispersed_repeat","CHG","Control","20",22.5,0
"dispersed_repeat","CHG","Control","20",27.5,0
"dispersed_repeat","CHG","Control","20",32.5,0
"dispersed_repeat","CHG","Control","20",37.5,0
"dispersed_repeat","CHG","Control","20",42.5,0
"dispersed_repeat","CHG","Control","20",47.5,0
"dispersed_repeat","CHG","Control","20",52.5,0
"dispersed_repeat","CHG","Control","20",57.5,0
"dispersed_repeat","CHG","Control","20",62.5,0
"dispersed_repeat","CHG","Control","20",67.5,0
"dispersed_repeat","CHG","Control","20",72.5,0
"dispersed_repeat","CHG","Control","20",77.5,0
"dispersed_repeat","CHG","Control","20",82.5,0
"dispersed_repeat","CHG","Control","20",87.5,0
"dispersed_repeat","CHG","Control","20",92.5,0
"dispersed_repeat","CHG","Control","20",97.5,0
"dispersed_repeat","CHG","Control","21",2.5,0
"dispersed_repeat","CHG","Control","21",7.5,0
"dispersed_repeat","CHG","Control","21",12.5,0
"dispersed_repeat","CHG","Control","21",17.5,0
"dispersed_repeat","CHG","Control","21",22.5,0
"dispersed_repeat","CHG","Control","21",27.5,0
"dispersed_repeat","CHG","Control","21",32.5,0
"dispersed_repeat","CHG","Control","21",37.5,0
"dispersed_repeat","CHG","Control","21",42.5,0
"dispersed_repeat","CHG","Control","21",47.5,0
"dispersed_repeat","CHG","Control","21",52.5,0
"dispersed_repeat","CHG","Control","21",57.5,0
"dispersed_repeat","CHG","Control","21",62.5,0
"dispersed_repeat","CHG","Control","21",67.5,0
"dispersed_repeat","CHG","Control","21",72.5,0
"dispersed_repeat","CHG","Control","21",77.5,0
"dispersed_repeat","CHG","Control","21",82.5,0
"dispersed_repeat","CHG","Control","21",87.5,0
"dispersed_repeat","CHG","Control","21",92.5,0
"dispersed_repeat","CHG","Control","21",97.5,0
"dispersed_repeat","CHG","Control","11",2.5,7048
"dispersed_repeat","CHG","Control","11",7.5,161
"dispersed_repeat","CHG","Control","11",12.5,10
"dispersed_repeat","CHG","Control","11",17.5,7
"dispersed_repeat","CHG","Control","11",22.5,3
"dispersed_repeat","CHG","Control","11",27.5,2
"dispersed_repeat","CHG","Control","11",32.5,2
"dispersed_repeat","CHG","Control","11",37.5,2
"dispersed_repeat","CHG","Control","11",42.5,0
"dispersed_repeat","CHG","Control","11",47.5,1
"dispersed_repeat","CHG","Control","11",52.5,0
"dispersed_repeat","CHG","Control","11",57.5,0
"dispersed_repeat","CHG","Control","11",62.5,0
"dispersed_repeat","CHG","Control","11",67.5,0
"dispersed_repeat","CHG","Control","11",72.5,0
"dispersed_repeat","CHG","Control","11",77.5,0
"dispersed_repeat","CHG","Control","11",82.5,0
"dispersed_repeat","CHG","Control","11",87.5,0
"dispersed_repeat","CHG","Control","11",92.5,0
"dispersed_repeat","CHG","Control","11",97.5,0
"dispersed_repeat","CHG","Control","2",2.5,0
"dispersed_repeat","CHG","Control","2",7.5,0
"dispersed_repeat","CHG","Control","2",12.5,0
"dispersed_repeat","CHG","Control","2",17.5,0
"dispersed_repeat","CHG","Control","2",22.5,0
"dispersed_repeat","CHG","Control","2",27.5,0
"dispersed_repeat","CHG","Control","2",32.5,0
"dispersed_repeat","CHG","Control","2",37.5,0
"dispersed_repeat","CHG","Control","2",42.5,0
"dispersed_repeat","CHG","Control","2",47.5,0
"dispersed_repeat","CHG","Control","2",52.5,0
"dispersed_repeat","CHG","Control","2",57.5,0
"dispersed_repeat","CHG","Control","2",62.5,0
"dispersed_repeat","CHG","Control","2",67.5,0
"dispersed_repeat","CHG","Control","2",72.5,0
"dispersed_repeat","CHG","Control","2",77.5,0
"dispersed_repeat","CHG","Control","2",82.5,0
"dispersed_repeat","CHG","Control","2",87.5,0
"dispersed_repeat","CHG","Control","2",92.5,0
"dispersed_repeat","CHG","Control","2",97.5,0
"dispersed_repeat","CHG","Treatment","6",2.5,0
"dispersed_repeat","CHG","Treatment","6",7.5,0
"dispersed_repeat","CHG","Treatment","6",12.5,0
"dispersed_repeat","CHG","Treatment","6",17.5,0
"dispersed_repeat","CHG","Treatment","6",22.5,0
"dispersed_repeat","CHG","Treatment","6",27.5,0
"dispersed_repeat","CHG","Treatment","6",32.5,0
"dispersed_repeat","CHG","Treatment","6",37.5,0
"dispersed_repeat","CHG","Treatment","6",42.5,0
"dispersed_repeat","CHG","Treatment","6",47.5,0
"dispersed_repeat","CHG","Treatment","6",52.5,0
"dispersed_repeat","CHG","Treatment","6",57.5,0
"dispersed_repeat","CHG","Treatment","6",62.5,0
"dispersed_repeat","CHG","Treatment","6",67.5,0
"dispersed_repeat","CHG","Treatment","6",72.5,0
"dispersed_repeat","CHG","Treatment","6",77.5,0
"dispersed_repeat","CHG","Treatment","6",82.5,0
"dispersed_repeat","CHG","Treatment","6",87.5,0
"dispersed_repeat","CHG","Treatment","6",92.5,0
"dispersed_repeat","CHG","Treatment","6",97.5,0
"dispersed_repeat","CHG","Treatment","7",2.5,0
"dispersed_repeat","CHG","Treatment","7",7.5,0
"dispersed_repeat","CHG","Treatment","7",12.5,0
"dispersed_repeat","CHG","Treatment","7",17.5,0
"dispersed_repeat","CHG","Treatment","7",22.5,0
"dispersed_repeat","CHG","Treatment","7",27.5,0
"dispersed_repeat","CHG","Treatment","7",32.5,0
"dispersed_repeat","CHG","Treatment","7",37.5,0
"dispersed_repeat","CHG","Treatment","7",42.5,0
"dispersed_repeat","CHG","Treatment","7",47.5,0
"dispersed_repeat","CHG","Treatment","7",52.5,0
"dispersed_repeat","CHG","Treatment","7",57.5,0
"dispersed_repeat","CHG","Treatment","7",62.5,0
"dispersed_repeat","CHG","Treatment","7",67.5,0
"dispersed_repeat","CHG","Treatment","7",72.5,0
"dispersed_repeat","CHG","Treatment","7",77.5,0
"dispersed_repeat","CHG","Treatment","7",82.5,0
"dispersed_repeat","CHG","Treatment","7",87.5,0
"dispersed_repeat","CHG","Treatment","7",92.5,0
"dispersed_repeat","CHG","Treatment","7",97.5,0
"dispersed_repeat","CHG","Treatment","10",2.5,0
"dispersed_repeat","CHG","Treatment","10",7.5,0
"dispersed_repeat","CHG","Treatment","10",12.5,0
"dispersed_repeat","CHG","Treatment","10",17.5,0
"dispersed_repeat","CHG","Treatment","10",22.5,0
"dispersed_repeat","CHG","Treatment","10",27.5,0
"dispersed_repeat","CHG","Treatment","10",32.5,0
"dispersed_repeat","CHG","Treatment","10",37.5,0
"dispersed_repeat","CHG","Treatment","10",42.5,0
"dispersed_repeat","CHG","Treatment","10",47.5,0
"dispersed_repeat","CHG","Treatment","10",52.5,0
"dispersed_repeat","CHG","Treatment","10",57.5,0
"dispersed_repeat","CHG","Treatment","10",62.5,0
"dispersed_repeat","CHG","Treatment","10",67.5,0
"dispersed_repeat","CHG","Treatment","10",72.5,0
"dispersed_repeat","CHG","Treatment","10",77.5,0
"dispersed_repeat","CHG","Treatment","10",82.5,0
"dispersed_repeat","CHG","Treatment","10",87.5,0
"dispersed_repeat","CHG","Treatment","10",92.5,0
"dispersed_repeat","CHG","Treatment","10",97.5,0
"dispersed_repeat","CHG","Treatment","14",2.5,6363
"dispersed_repeat","CHG","Treatment","14",7.5,116
"dispersed_repeat","CHG","Treatment","14",12.5,14
"dispersed_repeat","CHG","Treatment","14",17.5,10
"dispersed_repeat","CHG","Treatment","14",22.5,0
"dispersed_repeat","CHG","Treatment","14",27.5,4
"dispersed_repeat","CHG","Treatment","14",32.5,0
"dispersed_repeat","CHG","Treatment","14",37.5,0
"dispersed_repeat","CHG","Treatment","14",42.5,0
"dispersed_repeat","CHG","Treatment","14",47.5,1
"dispersed_repeat","CHG","Treatment","14",52.5,0
"dispersed_repeat","CHG","Treatment","14",57.5,0
"dispersed_repeat","CHG","Treatment","14",62.5,0
"dispersed_repeat","CHG","Treatment","14",67.5,0
"dispersed_repeat","CHG","Treatment","14",72.5,0
"dispersed_repeat","CHG","Treatment","14",77.5,0
"dispersed_repeat","CHG","Treatment","14",82.5,0
"dispersed_repeat","CHG","Treatment","14",87.5,0
"dispersed_repeat","CHG","Treatment","14",92.5,0
"dispersed_repeat","CHG","Treatment","14",97.5,0
"dispersed_repeat","CHG","Treatment","20",2.5,4451
"dispersed_repeat","CHG","Treatment","20",7.5,86
"dispersed_repeat","CHG","Treatment","20",12.5,9
"dispersed_repeat","CHG","Treatment","20",17.5,4
"dispersed_repeat","CHG","Treatment","20",22.5,3
"dispersed_repeat","CHG","Treatment","20",27.5,1
"dispersed_repeat","CHG","Treatment","20",32.5,0
"dispersed_repeat","CHG","Treatment","20",37.5,2
"dispersed_repeat","CHG","Treatment","20",42.5,0
"dispersed_repeat","CHG","Treatment","20",47.5,1
"dispersed_repeat","CHG","Treatment","20",52.5,0
"dispersed_repeat","CHG","Treatment","20",57.5,1
"dispersed_repeat","CHG","Treatment","20",62.5,0
"dispersed_repeat","CHG","Treatment","20",67.5,1
"dispersed_repeat","CHG","Treatment","20",72.5,0
"dispersed_repeat","CHG","Treatment","20",77.5,0
"dispersed_repeat","CHG","Treatment","20",82.5,0
"dispersed_repeat","CHG","Treatment","20",87.5,0
"dispersed_repeat","CHG","Treatment","20",92.5,0
"dispersed_repeat","CHG","Treatment","20",97.5,0
"dispersed_repeat","CHG","Treatment","21",2.5,5201
"dispersed_repeat","CHG","Treatment","21",7.5,106
"dispersed_repeat","CHG","Treatment","21",12.5,8
"dispersed_repeat","CHG","Treatment","21",17.5,7
"dispersed_repeat","CHG","Treatment","21",22.5,1
"dispersed_repeat","CHG","Treatment","21",27.5,0
"dispersed_repeat","CHG","Treatment","21",32.5,0
"dispersed_repeat","CHG","Treatment","21",37.5,0
"dispersed_repeat","CHG","Treatment","21",42.5,0
"dispersed_repeat","CHG","Treatment","21",47.5,0
"dispersed_repeat","CHG","Treatment","21",52.5,2
"dispersed_repeat","CHG","Treatment","21",57.5,0
"dispersed_repeat","CHG","Treatment","21",62.5,0
"dispersed_repeat","CHG","Treatment","21",67.5,0
"dispersed_repeat","CHG","Treatment","21",72.5,0
"dispersed_repeat","CHG","Treatment","21",77.5,0
"dispersed_repeat","CHG","Treatment","21",82.5,0
"dispersed_repeat","CHG","Treatment","21",87.5,0
"dispersed_repeat","CHG","Treatment","21",92.5,0
"dispersed_repeat","CHG","Treatment","21",97.5,0
"dispersed_repeat","CHG","Treatment","11",2.5,0
"dispersed_repeat","CHG","Treatment","11",7.5,0
"dispersed_repeat","CHG","Treatment","11",12.5,0
"dispersed_repeat","CHG","Treatment","11",17.5,0
"dispersed_repeat","CHG","Treatment","11",22.5,0
"dispersed_repeat","CHG","Treatment","11",27.5,0
"dispersed_repeat","CHG","Treatment","11",32.5,0
"dispersed_repeat","CHG","Treatment","11",37.5,0
"dispersed_repeat","CHG","Treatment","11",42.5,0
"dispersed_repeat","CHG","Treatment","11",47.5,0
"dispersed_repeat","CHG","Treatment","11",52.5,0
"dispersed_repeat","CHG","Treatment","11",57.5,0
"dispersed_repeat","CHG","Treatment","11",62.5,0
"dispersed_repeat","CHG","Treatment","11",67.5,0
"dispersed_repeat","CHG","Treatment","11",72.5,0
"dispersed_repeat","CHG","Treatment","11",77.5,0
"dispersed_repeat","CHG","Treatment","11",82.5,0
"dispersed_repeat","CHG","Treatment","11",87.5,0
"dispersed_repeat","CHG","Treatment","11",92.5,0
"dispersed_repeat","CHG","Treatment","11",97.5,0
"dispersed_repeat","CHG","Treatment","2",2.5,11324
"dispersed_repeat","CHG","Treatment","2",7.5,311
"dispersed_repeat","CHG","Treatment","2",12.5,20
"dispersed_repeat","CHG","Treatment","2",17.5,21
"dispersed_repeat","CHG","Treatment","2",22.5,4
"dispersed_repeat","CHG","Treatment","2",27.5,8
"dispersed_repeat","CHG","Treatment","2",32.5,1
"dispersed_repeat","CHG","Treatment","2",37.5,3
"dispersed_repeat","CHG","Treatment","2",42.5,1
"dispersed_repeat","CHG","Treatment","2",47.5,3
"dispersed_repeat","CHG","Treatment","2",52.5,0
"dispersed_repeat","CHG","Treatment","2",57.5,2
"dispersed_repeat","CHG","Treatment","2",62.5,0
"dispersed_repeat","CHG","Treatment","2",67.5,2
"dispersed_repeat","CHG","Treatment","2",72.5,0
"dispersed_repeat","CHG","Treatment","2",77.5,0
"dispersed_repeat","CHG","Treatment","2",82.5,0
"dispersed_repeat","CHG","Treatment","2",87.5,2
"dispersed_repeat","CHG","Treatment","2",92.5,0
"dispersed_repeat","CHG","Treatment","2",97.5,0
"dispersed_repeat","CHH","Control","6",2.5,13530
"dispersed_repeat","CHH","Control","6",7.5,268
"dispersed_repeat","CHH","Control","6",12.5,18
"dispersed_repeat","CHH","Control","6",17.5,16
"dispersed_repeat","CHH","Control","6",22.5,1
"dispersed_repeat","CHH","Control","6",27.5,0
"dispersed_repeat","CHH","Control","6",32.5,0
"dispersed_repeat","CHH","Control","6",37.5,4
"dispersed_repeat","CHH","Control","6",42.5,0
"dispersed_repeat","CHH","Control","6",47.5,1
"dispersed_repeat","CHH","Control","6",52.5,0
"dispersed_repeat","CHH","Control","6",57.5,0
"dispersed_repeat","CHH","Control","6",62.5,1
"dispersed_repeat","CHH","Control","6",67.5,0
"dispersed_repeat","CHH","Control","6",72.5,0
"dispersed_repeat","CHH","Control","6",77.5,0
"dispersed_repeat","CHH","Control","6",82.5,0
"dispersed_repeat","CHH","Control","6",87.5,0
"dispersed_repeat","CHH","Control","6",92.5,0
"dispersed_repeat","CHH","Control","6",97.5,0
"dispersed_repeat","CHH","Control","7",2.5,21121
"dispersed_repeat","CHH","Control","7",7.5,379
"dispersed_repeat","CHH","Control","7",12.5,26
"dispersed_repeat","CHH","Control","7",17.5,29
"dispersed_repeat","CHH","Control","7",22.5,6
"dispersed_repeat","CHH","Control","7",27.5,5
"dispersed_repeat","CHH","Control","7",32.5,1
"dispersed_repeat","CHH","Control","7",37.5,0
"dispersed_repeat","CHH","Control","7",42.5,0
"dispersed_repeat","CHH","Control","7",47.5,1
"dispersed_repeat","CHH","Control","7",52.5,2
"dispersed_repeat","CHH","Control","7",57.5,0
"dispersed_repeat","CHH","Control","7",62.5,0
"dispersed_repeat","CHH","Control","7",67.5,0
"dispersed_repeat","CHH","Control","7",72.5,0
"dispersed_repeat","CHH","Control","7",77.5,0
"dispersed_repeat","CHH","Control","7",82.5,0
"dispersed_repeat","CHH","Control","7",87.5,0
"dispersed_repeat","CHH","Control","7",92.5,0
"dispersed_repeat","CHH","Control","7",97.5,0
"dispersed_repeat","CHH","Control","10",2.5,7633
"dispersed_repeat","CHH","Control","10",7.5,174
"dispersed_repeat","CHH","Control","10",12.5,10
"dispersed_repeat","CHH","Control","10",17.5,11
"dispersed_repeat","CHH","Control","10",22.5,2
"dispersed_repeat","CHH","Control","10",27.5,0
"dispersed_repeat","CHH","Control","10",32.5,0
"dispersed_repeat","CHH","Control","10",37.5,1
"dispersed_repeat","CHH","Control","10",42.5,0
"dispersed_repeat","CHH","Control","10",47.5,0
"dispersed_repeat","CHH","Control","10",52.5,0
"dispersed_repeat","CHH","Control","10",57.5,0
"dispersed_repeat","CHH","Control","10",62.5,0
"dispersed_repeat","CHH","Control","10",67.5,0
"dispersed_repeat","CHH","Control","10",72.5,0
"dispersed_repeat","CHH","Control","10",77.5,0
"dispersed_repeat","CHH","Control","10",82.5,0
"dispersed_repeat","CHH","Control","10",87.5,0
"dispersed_repeat","CHH","Control","10",92.5,0
"dispersed_repeat","CHH","Control","10",97.5,0
"dispersed_repeat","CHH","Control","14",2.5,0
"dispersed_repeat","CHH","Control","14",7.5,0
"dispersed_repeat","CHH","Control","14",12.5,0
"dispersed_repeat","CHH","Control","14",17.5,0
"dispersed_repeat","CHH","Control","14",22.5,0
"dispersed_repeat","CHH","Control","14",27.5,0
"dispersed_repeat","CHH","Control","14",32.5,0
"dispersed_repeat","CHH","Control","14",37.5,0
"dispersed_repeat","CHH","Control","14",42.5,0
"dispersed_repeat","CHH","Control","14",47.5,0
"dispersed_repeat","CHH","Control","14",52.5,0
"dispersed_repeat","CHH","Control","14",57.5,0
"dispersed_repeat","CHH","Control","14",62.5,0
"dispersed_repeat","CHH","Control","14",67.5,0
"dispersed_repeat","CHH","Control","14",72.5,0
"dispersed_repeat","CHH","Control","14",77.5,0
"dispersed_repeat","CHH","Control","14",82.5,0
"dispersed_repeat","CHH","Control","14",87.5,0
"dispersed_repeat","CHH","Control","14",92.5,0
"dispersed_repeat","CHH","Control","14",97.5,0
"dispersed_repeat","CHH","Control","20",2.5,0
"dispersed_repeat","CHH","Control","20",7.5,0
"dispersed_repeat","CHH","Control","20",12.5,0
"dispersed_repeat","CHH","Control","20",17.5,0
"dispersed_repeat","CHH","Control","20",22.5,0
"dispersed_repeat","CHH","Control","20",27.5,0
"dispersed_repeat","CHH","Control","20",32.5,0
"dispersed_repeat","CHH","Control","20",37.5,0
"dispersed_repeat","CHH","Control","20",42.5,0
"dispersed_repeat","CHH","Control","20",47.5,0
"dispersed_repeat","CHH","Control","20",52.5,0
"dispersed_repeat","CHH","Control","20",57.5,0
"dispersed_repeat","CHH","Control","20",62.5,0
"dispersed_repeat","CHH","Control","20",67.5,0
"dispersed_repeat","CHH","Control","20",72.5,0
"dispersed_repeat","CHH","Control","20",77.5,0
"dispersed_repeat","CHH","Control","20",82.5,0
"dispersed_repeat","CHH","Control","20",87.5,0
"dispersed_repeat","CHH","Control","20",92.5,0
"dispersed_repeat","CHH","Control","20",97.5,0
"dispersed_repeat","CHH","Control","21",2.5,0
"dispersed_repeat","CHH","Control","21",7.5,0
"dispersed_repeat","CHH","Control","21",12.5,0
"dispersed_repeat","CHH","Control","21",17.5,0
"dispersed_repeat","CHH","Control","21",22.5,0
"dispersed_repeat","CHH","Control","21",27.5,0
"dispersed_repeat","CHH","Control","21",32.5,0
"dispersed_repeat","CHH","Control","21",37.5,0
"dispersed_repeat","CHH","Control","21",42.5,0
"dispersed_repeat","CHH","Control","21",47.5,0
"dispersed_repeat","CHH","Control","21",52.5,0
"dispersed_repeat","CHH","Control","21",57.5,0
"dispersed_repeat","CHH","Control","21",62.5,0
"dispersed_repeat","CHH","Control","21",67.5,0
"dispersed_repeat","CHH","Control","21",72.5,0
"dispersed_repeat","CHH","Control","21",77.5,0
"dispersed_repeat","CHH","Control","21",82.5,0
"dispersed_repeat","CHH","Control","21",87.5,0
"dispersed_repeat","CHH","Control","21",92.5,0
"dispersed_repeat","CHH","Control","21",97.5,0
"dispersed_repeat","CHH","Control","11",2.5,9363
"dispersed_repeat","CHH","Control","11",7.5,214
"dispersed_repeat","CHH","Control","11",12.5,16
"dispersed_repeat","CHH","Control","11",17.5,4
"dispersed_repeat","CHH","Control","11",22.5,5
"dispersed_repeat","CHH","Control","11",27.5,2
"dispersed_repeat","CHH","Control","11",32.5,0
"dispersed_repeat","CHH","Control","11",37.5,0
"dispersed_repeat","CHH","Control","11",42.5,0
"dispersed_repeat","CHH","Control","11",47.5,1
"dispersed_repeat","CHH","Control","11",52.5,0
"dispersed_repeat","CHH","Control","11",57.5,0
"dispersed_repeat","CHH","Control","11",62.5,0
"dispersed_repeat","CHH","Control","11",67.5,0
"dispersed_repeat","CHH","Control","11",72.5,0
"dispersed_repeat","CHH","Control","11",77.5,0
"dispersed_repeat","CHH","Control","11",82.5,0
"dispersed_repeat","CHH","Control","11",87.5,0
"dispersed_repeat","CHH","Control","11",92.5,0
"dispersed_repeat","CHH","Control","11",97.5,0
"dispersed_repeat","CHH","Control","2",2.5,0
"dispersed_repeat","CHH","Control","2",7.5,0
"dispersed_repeat","CHH","Control","2",12.5,0
"dispersed_repeat","CHH","Control","2",17.5,0
"dispersed_repeat","CHH","Control","2",22.5,0
"dispersed_repeat","CHH","Control","2",27.5,0
"dispersed_repeat","CHH","Control","2",32.5,0
"dispersed_repeat","CHH","Control","2",37.5,0
"dispersed_repeat","CHH","Control","2",42.5,0
"dispersed_repeat","CHH","Control","2",47.5,0
"dispersed_repeat","CHH","Control","2",52.5,0
"dispersed_repeat","CHH","Control","2",57.5,0
"dispersed_repeat","CHH","Control","2",62.5,0
"dispersed_repeat","CHH","Control","2",67.5,0
"dispersed_repeat","CHH","Control","2",72.5,0
"dispersed_repeat","CHH","Control","2",77.5,0
"dispersed_repeat","CHH","Control","2",82.5,0
"dispersed_repeat","CHH","Control","2",87.5,0
"dispersed_repeat","CHH","Control","2",92.5,0
"dispersed_repeat","CHH","Control","2",97.5,0
"dispersed_repeat","CHH","Treatment","6",2.5,0
"dispersed_repeat","CHH","Treatment","6",7.5,0
"dispersed_repeat","CHH","Treatment","6",12.5,0
"dispersed_repeat","CHH","Treatment","6",17.5,0
"dispersed_repeat","CHH","Treatment","6",22.5,0
"dispersed_repeat","CHH","Treatment","6",27.5,0
"dispersed_repeat","CHH","Treatment","6",32.5,0
"dispersed_repeat","CHH","Treatment","6",37.5,0
"dispersed_repeat","CHH","Treatment","6",42.5,0
"dispersed_repeat","CHH","Treatment","6",47.5,0
"dispersed_repeat","CHH","Treatment","6",52.5,0
"dispersed_repeat","CHH","Treatment","6",57.5,0
"dispersed_repeat","CHH","Treatment","6",62.5,0
"dispersed_repeat","CHH","Treatment","6",67.5,0
"dispersed_repeat","CHH","Treatment","6",72.5,0
"dispersed_repeat","CHH","Treatment","6",77.5,0
"dispersed_repeat","CHH","Treatment","6",82.5,0
"dispersed_repeat","CHH","Treatment","6",87.5,0
"dispersed_repeat","CHH","Treatment","6",92.5,0
"dispersed_repeat","CHH","Treatment","6",97.5,0
"dispersed_repeat","CHH","Treatment","7",2.5,0
"dispersed_repeat","CHH","Treatment","7",7.5,0
"dispersed_repeat","CHH","Treatment","7",12.5,0
"dispersed_repeat","CHH","Treatment","7",17.5,0
"dispersed_repeat","CHH","Treatment","7",22.5,0
"dispersed_repeat","CHH","Treatment","7",27.5,0
"dispersed_repeat","CHH","Treatment","7",32.5,0
"dispersed_repeat","CHH","Treatment","7",37.5,0
"dispersed_repeat","CHH","Treatment","7",42.5,0
"dispersed_repeat","CHH","Treatment","7",47.5,0
"dispersed_repeat","CHH","Treatment","7",52.5,0
"dispersed_repeat","CHH","Treatment","7",57.5,0
"dispersed_repeat","CHH","Treatment","7",62.5,0
"dispersed_repeat","CHH","Treatment","7",67.5,0
"dispersed_repeat","CHH","Treatment","7",72.5,0
"dispersed_repeat","CHH","Treatment","7",77.5,0
"dispersed_repeat","CHH","Treatment","7",82.5,0
"dispersed_repeat","CHH","Treatment","7",87.5,0
"dispersed_repeat","CHH","Treatment","7",92.5,0
"dispersed_repeat","CHH","Treatment","7",97.5,0
"dispersed_repeat","CHH","Treatment","10",2.5,0
"dispersed_repeat","CHH","Treatment","10",7.5,0
"dispersed_repeat","CHH","Treatment","10",12.5,0
"dispersed_repeat","CHH","Treatment","10",17.5,0
"dispersed_repeat","CHH","Treatment","10",22.5,0
"dispersed_repeat","CHH","Treatment","10",27.5,0
"dispersed_repeat","CHH","Treatment","10",32.5,0
"dispersed_repeat","CHH","Treatment","10",37.5,0
"dispersed_repeat","CHH","Treatment","10",42.5,0
"dispersed_repeat","CHH","Treatment","10",47.5,0
"dispersed_repeat","CHH","Treatment","10",52.5,0
"dispersed_repeat","CHH","Treatment","10",57.5,0
"dispersed_repeat","CHH","Treatment","10",62.5,0
"dispersed_repeat","CHH","Treatment","10",67.5,0
"dispersed_repeat","CHH","Treatment","10",72.5,0
"dispersed_repeat","CHH","Treatment","10",77.5,0
"dispersed_repeat","CHH","Treatment","10",82.5,0
"dispersed_repeat","CHH","Treatment","10",87.5,0
"dispersed_repeat","CHH","Treatment","10",92.5,0
"dispersed_repeat","CHH","Treatment","10",97.5,0
"dispersed_repeat","CHH","Treatment","14",2.5,8569
"dispersed_repeat","CHH","Treatment","14",7.5,186
"dispersed_repeat","CHH","Treatment","14",12.5,15
"dispersed_repeat","CHH","Treatment","14",17.5,12
"dispersed_repeat","CHH","Treatment","14",22.5,1
"dispersed_repeat","CHH","Treatment","14",27.5,4
"dispersed_repeat","CHH","Treatment","14",32.5,2
"dispersed_repeat","CHH","Treatment","14",37.5,1
"dispersed_repeat","CHH","Treatment","14",42.5,0
"dispersed_repeat","CHH","Treatment","14",47.5,3
"dispersed_repeat","CHH","Treatment","14",52.5,2
"dispersed_repeat","CHH","Treatment","14",57.5,0
"dispersed_repeat","CHH","Treatment","14",62.5,0
"dispersed_repeat","CHH","Treatment","14",67.5,0
"dispersed_repeat","CHH","Treatment","14",72.5,0
"dispersed_repeat","CHH","Treatment","14",77.5,0
"dispersed_repeat","CHH","Treatment","14",82.5,0
"dispersed_repeat","CHH","Treatment","14",87.5,0
"dispersed_repeat","CHH","Treatment","14",92.5,0
"dispersed_repeat","CHH","Treatment","14",97.5,0
"dispersed_repeat","CHH","Treatment","20",2.5,6080
"dispersed_repeat","CHH","Treatment","20",7.5,149
"dispersed_repeat","CHH","Treatment","20",12.5,14
"dispersed_repeat","CHH","Treatment","20",17.5,12
"dispersed_repeat","CHH","Treatment","20",22.5,4
"dispersed_repeat","CHH","Treatment","20",27.5,1
"dispersed_repeat","CHH","Treatment","20",32.5,1
"dispersed_repeat","CHH","Treatment","20",37.5,2
"dispersed_repeat","CHH","Treatment","20",42.5,0
"dispersed_repeat","CHH","Treatment","20",47.5,0
"dispersed_repeat","CHH","Treatment","20",52.5,0
"dispersed_repeat","CHH","Treatment","20",57.5,0
"dispersed_repeat","CHH","Treatment","20",62.5,0
"dispersed_repeat","CHH","Treatment","20",67.5,1
"dispersed_repeat","CHH","Treatment","20",72.5,0
"dispersed_repeat","CHH","Treatment","20",77.5,0
"dispersed_repeat","CHH","Treatment","20",82.5,0
"dispersed_repeat","CHH","Treatment","20",87.5,0
"dispersed_repeat","CHH","Treatment","20",92.5,0
"dispersed_repeat","CHH","Treatment","20",97.5,0
"dispersed_repeat","CHH","Treatment","21",2.5,7094
"dispersed_repeat","CHH","Treatment","21",7.5,165
"dispersed_repeat","CHH","Treatment","21",12.5,6
"dispersed_repeat","CHH","Treatment","21",17.5,11
"dispersed_repeat","CHH","Treatment","21",22.5,4
"dispersed_repeat","CHH","Treatment","21",27.5,0
"dispersed_repeat","CHH","Treatment","21",32.5,0
"dispersed_repeat","CHH","Treatment","21",37.5,1
"dispersed_repeat","CHH","Treatment","21",42.5,0
"dispersed_repeat","CHH","Treatment","21",47.5,1
"dispersed_repeat","CHH","Treatment","21",52.5,0
"dispersed_repeat","CHH","Treatment","21",57.5,0
"dispersed_repeat","CHH","Treatment","21",62.5,0
"dispersed_repeat","CHH","Treatment","21",67.5,0
"dispersed_repeat","CHH","Treatment","21",72.5,0
"dispersed_repeat","CHH","Treatment","21",77.5,0
"dispersed_repeat","CHH","Treatment","21",82.5,0
"dispersed_repeat","CHH","Treatment","21",87.5,0
"dispersed_repeat","CHH","Treatment","21",92.5,0
"dispersed_repeat","CHH","Treatment","21",97.5,0
"dispersed_repeat","CHH","Treatment","11",2.5,0
"dispersed_repeat","CHH","Treatment","11",7.5,0
"dispersed_repeat","CHH","Treatment","11",12.5,0
"dispersed_repeat","CHH","Treatment","11",17.5,0
"dispersed_repeat","CHH","Treatment","11",22.5,0
"dispersed_repeat","CHH","Treatment","11",27.5,0
"dispersed_repeat","CHH","Treatment","11",32.5,0
"dispersed_repeat","CHH","Treatment","11",37.5,0
"dispersed_repeat","CHH","Treatment","11",42.5,0
"dispersed_repeat","CHH","Treatment","11",47.5,0
"dispersed_repeat","CHH","Treatment","11",52.5,0
"dispersed_repeat","CHH","Treatment","11",57.5,0
"dispersed_repeat","CHH","Treatment","11",62.5,0
"dispersed_repeat","CHH","Treatment","11",67.5,0
"dispersed_repeat","CHH","Treatment","11",72.5,0
"dispersed_repeat","CHH","Treatment","11",77.5,0
"dispersed_repeat","CHH","Treatment","11",82.5,0
"dispersed_repeat","CHH","Treatment","11",87.5,0
"dispersed_repeat","CHH","Treatment","11",92.5,0
"dispersed_repeat","CHH","Treatment","11",97.5,0
"dispersed_repeat","CHH","Treatment","2",2.5,15485
"dispersed_repeat","CHH","Treatment","2",7.5,407
"dispersed_repeat","CHH","Treatment","2",12.5,42
"dispersed_repeat","CHH","Treatment","2",17.5,26
"dispersed_repeat","CHH","Treatment","2",22.5,3
"dispersed_repeat","CHH","Treatment","2",27.5,10
"dispersed_repeat","CHH","Treatment","2",32.5,3
"dispersed_repeat","CHH","Treatment","2",37.5,11
"dispersed_repeat","CHH","Treatment","2",42.5,0
"dispersed_repeat","CHH","Treatment","2",47.5,2
"dispersed_repeat","CHH","Treatment","2",52.5,0
"dispersed_repeat","CHH","Treatment","2",57.5,0
"dispersed_repeat","CHH","Treatment","2",62.5,0
"dispersed_repeat","CHH","Treatment","2",67.5,1
"dispersed_repeat","CHH","Treatment","2",72.5,0
"dispersed_repeat","CHH","Treatment","2",77.5,0
"dispersed_repeat","CHH","Treatment","2",82.5,0
"dispersed_repeat","CHH","Treatment","2",87.5,0
"dispersed_repeat","CHH","Treatment","2",92.5,0
"dispersed_repeat","CHH","Treatment","2",97.5,0
"downstream_region","CpG","Control","6",2.5,1373
"downstream_region","CpG","Control","6",7.5,52
"downstream_region","CpG","Control","6",12.5,12
"downstream_region","CpG","Control","6",17.5,21
"downstream_region","CpG","Control","6",22.5,15
"downstream_region","CpG","Control","6",27.5,22
"downstream_region","CpG","Control","6",32.5,15
"downstream_region","CpG","Control","6",37.5,14
"downstream_region","CpG","Control","6",42.5,4
"downstream_region","CpG","Control","6",47.5,6
"downstream_region","CpG","Control","6",52.5,10
"downstream_region","CpG","Control","6",57.5,11
"downstream_region","CpG","Control","6",62.5,2
"downstream_region","CpG","Control","6",67.5,5
"downstream_region","CpG","Control","6",72.5,9
"downstream_region","CpG","Control","6",77.5,8
"downstream_region","CpG","Control","6",82.5,7
"downstream_region","CpG","Control","6",87.5,15
"downstream_region","CpG","Control","6",92.5,1
"downstream_region","CpG","Control","6",97.5,25
"downstream_region","CpG","Control","7",2.5,2330
"downstream_region","CpG","Control","7",7.5,74
"downstream_region","CpG","Control","7",12.5,24
"downstream_region","CpG","Control","7",17.5,34
"downstream_region","CpG","Control","7",22.5,17
"downstream_region","CpG","Control","7",27.5,19
"downstream_region","CpG","Control","7",32.5,13
"downstream_region","CpG","Control","7",37.5,23
"downstream_region","CpG","Control","7",42.5,12
"downstream_region","CpG","Control","7",47.5,18
"downstream_region","CpG","Control","7",52.5,6
"downstream_region","CpG","Control","7",57.5,15
"downstream_region","CpG","Control","7",62.5,5
"downstream_region","CpG","Control","7",67.5,12
"downstream_region","CpG","Control","7",72.5,8
"downstream_region","CpG","Control","7",77.5,11
"downstream_region","CpG","Control","7",82.5,14
"downstream_region","CpG","Control","7",87.5,29
"downstream_region","CpG","Control","7",92.5,13
"downstream_region","CpG","Control","7",97.5,51
"downstream_region","CpG","Control","10",2.5,730
"downstream_region","CpG","Control","10",7.5,36
"downstream_region","CpG","Control","10",12.5,7
"downstream_region","CpG","Control","10",17.5,16
"downstream_region","CpG","Control","10",22.5,6
"downstream_region","CpG","Control","10",27.5,15
"downstream_region","CpG","Control","10",32.5,7
"downstream_region","CpG","Control","10",37.5,11
"downstream_region","CpG","Control","10",42.5,2
"downstream_region","CpG","Control","10",47.5,21
"downstream_region","CpG","Control","10",52.5,4
"downstream_region","CpG","Control","10",57.5,5
"downstream_region","CpG","Control","10",62.5,5
"downstream_region","CpG","Control","10",67.5,8
"downstream_region","CpG","Control","10",72.5,5
"downstream_region","CpG","Control","10",77.5,4
"downstream_region","CpG","Control","10",82.5,3
"downstream_region","CpG","Control","10",87.5,1
"downstream_region","CpG","Control","10",92.5,4
"downstream_region","CpG","Control","10",97.5,10
"downstream_region","CpG","Control","14",2.5,0
"downstream_region","CpG","Control","14",7.5,0
"downstream_region","CpG","Control","14",12.5,0
"downstream_region","CpG","Control","14",17.5,0
"downstream_region","CpG","Control","14",22.5,0
"downstream_region","CpG","Control","14",27.5,0
"downstream_region","CpG","Control","14",32.5,0
"downstream_region","CpG","Control","14",37.5,0
"downstream_region","CpG","Control","14",42.5,0
"downstream_region","CpG","Control","14",47.5,0
"downstream_region","CpG","Control","14",52.5,0
"downstream_region","CpG","Control","14",57.5,0
"downstream_region","CpG","Control","14",62.5,0
"downstream_region","CpG","Control","14",67.5,0
"downstream_region","CpG","Control","14",72.5,0
"downstream_region","CpG","Control","14",77.5,0
"downstream_region","CpG","Control","14",82.5,0
"downstream_region","CpG","Control","14",87.5,0
"downstream_region","CpG","Control","14",92.5,0
"downstream_region","CpG","Control","14",97.5,0
"downstream_region","CpG","Control","20",2.5,0
"downstream_region","CpG","Control","20",7.5,0
"downstream_region","CpG","Control","20",12.5,0
"downstream_region","CpG","Control","20",17.5,0
"downstream_region","CpG","Control","20",22.5,0
"downstream_region","CpG","Control","20",27.5,0
"downstream_region","CpG","Control","20",32.5,0
"downstream_region","CpG","Control","20",37.5,0
"downstream_region","CpG","Control","20",42.5,0
"downstream_region","CpG","Control","20",47.5,0
"downstream_region","CpG","Control","20",52.5,0
"downstream_region","CpG","Control","20",57.5,0
"downstream_region","CpG","Control","20",62.5,0
"downstream_region","CpG","Control","20",67.5,0
"downstream_region","CpG","Control","20",72.5,0
"downstream_region","CpG","Control","20",77.5,0
"downstream_region","CpG","Control","20",82.5,0
"downstream_region","CpG","Control","20",87.5,0
"downstream_region","CpG","Control","20",92.5,0
"downstream_region","CpG","Control","20",97.5,0
"downstream_region","CpG","Control","21",2.5,0
"downstream_region","CpG","Control","21",7.5,0
"downstream_region","CpG","Control","21",12.5,0
"downstream_region","CpG","Control","21",17.5,0
"downstream_region","CpG","Control","21",22.5,0
"downstream_region","CpG","Control","21",27.5,0
"downstream_region","CpG","Control","21",32.5,0
"downstream_region","CpG","Control","21",37.5,0
"downstream_region","CpG","Control","21",42.5,0
"downstream_region","CpG","Control","21",47.5,0
"downstream_region","CpG","Control","21",52.5,0
"downstream_region","CpG","Control","21",57.5,0
"downstream_region","CpG","Control","21",62.5,0
"downstream_region","CpG","Control","21",67.5,0
"downstream_region","CpG","Control","21",72.5,0
"downstream_region","CpG","Control","21",77.5,0
"downstream_region","CpG","Control","21",82.5,0
"downstream_region","CpG","Control","21",87.5,0
"downstream_region","CpG","Control","21",92.5,0
"downstream_region","CpG","Control","21",97.5,0
"downstream_region","CpG","Control","11",2.5,930
"downstream_region","CpG","Control","11",7.5,53
"downstream_region","CpG","Control","11",12.5,21
"downstream_region","CpG","Control","11",17.5,11
"downstream_region","CpG","Control","11",22.5,16
"downstream_region","CpG","Control","11",27.5,17
"downstream_region","CpG","Control","11",32.5,8
"downstream_region","CpG","Control","11",37.5,3
"downstream_region","CpG","Control","11",42.5,12
"downstream_region","CpG","Control","11",47.5,9
"downstream_region","CpG","Control","11",52.5,2
"downstream_region","CpG","Control","11",57.5,3
"downstream_region","CpG","Control","11",62.5,4
"downstream_region","CpG","Control","11",67.5,10
"downstream_region","CpG","Control","11",72.5,4
"downstream_region","CpG","Control","11",77.5,7
"downstream_region","CpG","Control","11",82.5,3
"downstream_region","CpG","Control","11",87.5,5
"downstream_region","CpG","Control","11",92.5,2
"downstream_region","CpG","Control","11",97.5,12
"downstream_region","CpG","Control","2",2.5,0
"downstream_region","CpG","Control","2",7.5,0
"downstream_region","CpG","Control","2",12.5,0
"downstream_region","CpG","Control","2",17.5,0
"downstream_region","CpG","Control","2",22.5,0
"downstream_region","CpG","Control","2",27.5,0
"downstream_region","CpG","Control","2",32.5,0
"downstream_region","CpG","Control","2",37.5,0
"downstream_region","CpG","Control","2",42.5,0
"downstream_region","CpG","Control","2",47.5,0
"downstream_region","CpG","Control","2",52.5,0
"downstream_region","CpG","Control","2",57.5,0
"downstream_region","CpG","Control","2",62.5,0
"downstream_region","CpG","Control","2",67.5,0
"downstream_region","CpG","Control","2",72.5,0
"downstream_region","CpG","Control","2",77.5,0
"downstream_region","CpG","Control","2",82.5,0
"downstream_region","CpG","Control","2",87.5,0
"downstream_region","CpG","Control","2",92.5,0
"downstream_region","CpG","Control","2",97.5,0
"downstream_region","CpG","Treatment","6",2.5,0
"downstream_region","CpG","Treatment","6",7.5,0
"downstream_region","CpG","Treatment","6",12.5,0
"downstream_region","CpG","Treatment","6",17.5,0
"downstream_region","CpG","Treatment","6",22.5,0
"downstream_region","CpG","Treatment","6",27.5,0
"downstream_region","CpG","Treatment","6",32.5,0
"downstream_region","CpG","Treatment","6",37.5,0
"downstream_region","CpG","Treatment","6",42.5,0
"downstream_region","CpG","Treatment","6",47.5,0
"downstream_region","CpG","Treatment","6",52.5,0
"downstream_region","CpG","Treatment","6",57.5,0
"downstream_region","CpG","Treatment","6",62.5,0
"downstream_region","CpG","Treatment","6",67.5,0
"downstream_region","CpG","Treatment","6",72.5,0
"downstream_region","CpG","Treatment","6",77.5,0
"downstream_region","CpG","Treatment","6",82.5,0
"downstream_region","CpG","Treatment","6",87.5,0
"downstream_region","CpG","Treatment","6",92.5,0
"downstream_region","CpG","Treatment","6",97.5,0
"downstream_region","CpG","Treatment","7",2.5,0
"downstream_region","CpG","Treatment","7",7.5,0
"downstream_region","CpG","Treatment","7",12.5,0
"downstream_region","CpG","Treatment","7",17.5,0
"downstream_region","CpG","Treatment","7",22.5,0
"downstream_region","CpG","Treatment","7",27.5,0
"downstream_region","CpG","Treatment","7",32.5,0
"downstream_region","CpG","Treatment","7",37.5,0
"downstream_region","CpG","Treatment","7",42.5,0
"downstream_region","CpG","Treatment","7",47.5,0
"downstream_region","CpG","Treatment","7",52.5,0
"downstream_region","CpG","Treatment","7",57.5,0
"downstream_region","CpG","Treatment","7",62.5,0
"downstream_region","CpG","Treatment","7",67.5,0
"downstream_region","CpG","Treatment","7",72.5,0
"downstream_region","CpG","Treatment","7",77.5,0
"downstream_region","CpG","Treatment","7",82.5,0
"downstream_region","CpG","Treatment","7",87.5,0
"downstream_region","CpG","Treatment","7",92.5,0
"downstream_region","CpG","Treatment","7",97.5,0
"downstream_region","CpG","Treatment","10",2.5,0
"downstream_region","CpG","Treatment","10",7.5,0
"downstream_region","CpG","Treatment","10",12.5,0
"downstream_region","CpG","Treatment","10",17.5,0
"downstream_region","CpG","Treatment","10",22.5,0
"downstream_region","CpG","Treatment","10",27.5,0
"downstream_region","CpG","Treatment","10",32.5,0
"downstream_region","CpG","Treatment","10",37.5,0
"downstream_region","CpG","Treatment","10",42.5,0
"downstream_region","CpG","Treatment","10",47.5,0
"downstream_region","CpG","Treatment","10",52.5,0
"downstream_region","CpG","Treatment","10",57.5,0
"downstream_region","CpG","Treatment","10",62.5,0
"downstream_region","CpG","Treatment","10",67.5,0
"downstream_region","CpG","Treatment","10",72.5,0
"downstream_region","CpG","Treatment","10",77.5,0
"downstream_region","CpG","Treatment","10",82.5,0
"downstream_region","CpG","Treatment","10",87.5,0
"downstream_region","CpG","Treatment","10",92.5,0
"downstream_region","CpG","Treatment","10",97.5,0
"downstream_region","CpG","Treatment","14",2.5,807
"downstream_region","CpG","Treatment","14",7.5,32
"downstream_region","CpG","Treatment","14",12.5,15
"downstream_region","CpG","Treatment","14",17.5,16
"downstream_region","CpG","Treatment","14",22.5,12
"downstream_region","CpG","Treatment","14",27.5,10
"downstream_region","CpG","Treatment","14",32.5,4
"downstream_region","CpG","Treatment","14",37.5,7
"downstream_region","CpG","Treatment","14",42.5,6
"downstream_region","CpG","Treatment","14",47.5,10
"downstream_region","CpG","Treatment","14",52.5,6
"downstream_region","CpG","Treatment","14",57.5,4
"downstream_region","CpG","Treatment","14",62.5,5
"downstream_region","CpG","Treatment","14",67.5,4
"downstream_region","CpG","Treatment","14",72.5,4
"downstream_region","CpG","Treatment","14",77.5,9
"downstream_region","CpG","Treatment","14",82.5,8
"downstream_region","CpG","Treatment","14",87.5,6
"downstream_region","CpG","Treatment","14",92.5,6
"downstream_region","CpG","Treatment","14",97.5,12
"downstream_region","CpG","Treatment","20",2.5,524
"downstream_region","CpG","Treatment","20",7.5,31
"downstream_region","CpG","Treatment","20",12.5,8
"downstream_region","CpG","Treatment","20",17.5,19
"downstream_region","CpG","Treatment","20",22.5,7
"downstream_region","CpG","Treatment","20",27.5,13
"downstream_region","CpG","Treatment","20",32.5,7
"downstream_region","CpG","Treatment","20",37.5,8
"downstream_region","CpG","Treatment","20",42.5,3
"downstream_region","CpG","Treatment","20",47.5,6
"downstream_region","CpG","Treatment","20",52.5,7
"downstream_region","CpG","Treatment","20",57.5,2
"downstream_region","CpG","Treatment","20",62.5,3
"downstream_region","CpG","Treatment","20",67.5,6
"downstream_region","CpG","Treatment","20",72.5,3
"downstream_region","CpG","Treatment","20",77.5,6
"downstream_region","CpG","Treatment","20",82.5,4
"downstream_region","CpG","Treatment","20",87.5,7
"downstream_region","CpG","Treatment","20",92.5,2
"downstream_region","CpG","Treatment","20",97.5,9
"downstream_region","CpG","Treatment","21",2.5,650
"downstream_region","CpG","Treatment","21",7.5,46
"downstream_region","CpG","Treatment","21",12.5,13
"downstream_region","CpG","Treatment","21",17.5,16
"downstream_region","CpG","Treatment","21",22.5,7
"downstream_region","CpG","Treatment","21",27.5,6
"downstream_region","CpG","Treatment","21",32.5,7
"downstream_region","CpG","Treatment","21",37.5,10
"downstream_region","CpG","Treatment","21",42.5,2
"downstream_region","CpG","Treatment","21",47.5,5
"downstream_region","CpG","Treatment","21",52.5,6
"downstream_region","CpG","Treatment","21",57.5,4
"downstream_region","CpG","Treatment","21",62.5,0
"downstream_region","CpG","Treatment","21",67.5,5
"downstream_region","CpG","Treatment","21",72.5,8
"downstream_region","CpG","Treatment","21",77.5,3
"downstream_region","CpG","Treatment","21",82.5,5
"downstream_region","CpG","Treatment","21",87.5,7
"downstream_region","CpG","Treatment","21",92.5,6
"downstream_region","CpG","Treatment","21",97.5,12
"downstream_region","CpG","Treatment","11",2.5,0
"downstream_region","CpG","Treatment","11",7.5,0
"downstream_region","CpG","Treatment","11",12.5,0
"downstream_region","CpG","Treatment","11",17.5,0
"downstream_region","CpG","Treatment","11",22.5,0
"downstream_region","CpG","Treatment","11",27.5,0
"downstream_region","CpG","Treatment","11",32.5,0
"downstream_region","CpG","Treatment","11",37.5,0
"downstream_region","CpG","Treatment","11",42.5,0
"downstream_region","CpG","Treatment","11",47.5,0
"downstream_region","CpG","Treatment","11",52.5,0
"downstream_region","CpG","Treatment","11",57.5,0
"downstream_region","CpG","Treatment","11",62.5,0
"downstream_region","CpG","Treatment","11",67.5,0
"downstream_region","CpG","Treatment","11",72.5,0
"downstream_region","CpG","Treatment","11",77.5,0
"downstream_region","CpG","Treatment","11",82.5,0
"downstream_region","CpG","Treatment","11",87.5,0
"downstream_region","CpG","Treatment","11",92.5,0
"downstream_region","CpG","Treatment","11",97.5,0
"downstream_region","CpG","Treatment","2",2.5,1577
"downstream_region","CpG","Treatment","2",7.5,84
"downstream_region","CpG","Treatment","2",12.5,16
"downstream_region","CpG","Treatment","2",17.5,33
"downstream_region","CpG","Treatment","2",22.5,17
"downstream_region","CpG","Treatment","2",27.5,15
"downstream_region","CpG","Treatment","2",32.5,9
"downstream_region","CpG","Treatment","2",37.5,14
"downstream_region","CpG","Treatment","2",42.5,11
"downstream_region","CpG","Treatment","2",47.5,14
"downstream_region","CpG","Treatment","2",52.5,4
"downstream_region","CpG","Treatment","2",57.5,7
"downstream_region","CpG","Treatment","2",62.5,10
"downstream_region","CpG","Treatment","2",67.5,6
"downstream_region","CpG","Treatment","2",72.5,7
"downstream_region","CpG","Treatment","2",77.5,16
"downstream_region","CpG","Treatment","2",82.5,9
"downstream_region","CpG","Treatment","2",87.5,19
"downstream_region","CpG","Treatment","2",92.5,8
"downstream_region","CpG","Treatment","2",97.5,30
"downstream_region","CHG","Control","6",2.5,1745
"downstream_region","CHG","Control","6",7.5,43
"downstream_region","CHG","Control","6",12.5,0
"downstream_region","CHG","Control","6",17.5,0
"downstream_region","CHG","Control","6",22.5,0
"downstream_region","CHG","Control","6",27.5,0
"downstream_region","CHG","Control","6",32.5,0
"downstream_region","CHG","Control","6",37.5,0
"downstream_region","CHG","Control","6",42.5,0
"downstream_region","CHG","Control","6",47.5,0
"downstream_region","CHG","Control","6",52.5,0
"downstream_region","CHG","Control","6",57.5,0
"downstream_region","CHG","Control","6",62.5,0
"downstream_region","CHG","Control","6",67.5,0
"downstream_region","CHG","Control","6",72.5,0
"downstream_region","CHG","Control","6",77.5,0
"downstream_region","CHG","Control","6",82.5,0
"downstream_region","CHG","Control","6",87.5,0
"downstream_region","CHG","Control","6",92.5,0
"downstream_region","CHG","Control","6",97.5,0
"downstream_region","CHG","Control","7",2.5,2947
"downstream_region","CHG","Control","7",7.5,41
"downstream_region","CHG","Control","7",12.5,1
"downstream_region","CHG","Control","7",17.5,3
"downstream_region","CHG","Control","7",22.5,1
"downstream_region","CHG","Control","7",27.5,0
"downstream_region","CHG","Control","7",32.5,0
"downstream_region","CHG","Control","7",37.5,0
"downstream_region","CHG","Control","7",42.5,0
"downstream_region","CHG","Control","7",47.5,0
"downstream_region","CHG","Control","7",52.5,0
"downstream_region","CHG","Control","7",57.5,0
"downstream_region","CHG","Control","7",62.5,0
"downstream_region","CHG","Control","7",67.5,0
"downstream_region","CHG","Control","7",72.5,0
"downstream_region","CHG","Control","7",77.5,0
"downstream_region","CHG","Control","7",82.5,0
"downstream_region","CHG","Control","7",87.5,0
"downstream_region","CHG","Control","7",92.5,0
"downstream_region","CHG","Control","7",97.5,0
"downstream_region","CHG","Control","10",2.5,960
"downstream_region","CHG","Control","10",7.5,11
"downstream_region","CHG","Control","10",12.5,1
"downstream_region","CHG","Control","10",17.5,1
"downstream_region","CHG","Control","10",22.5,0
"downstream_region","CHG","Control","10",27.5,0
"downstream_region","CHG","Control","10",32.5,0
"downstream_region","CHG","Control","10",37.5,1
"downstream_region","CHG","Control","10",42.5,0
"downstream_region","CHG","Control","10",47.5,0
"downstream_region","CHG","Control","10",52.5,0
"downstream_region","CHG","Control","10",57.5,0
"downstream_region","CHG","Control","10",62.5,0
"downstream_region","CHG","Control","10",67.5,0
"downstream_region","CHG","Control","10",72.5,0
"downstream_region","CHG","Control","10",77.5,0
"downstream_region","CHG","Control","10",82.5,0
"downstream_region","CHG","Control","10",87.5,0
"downstream_region","CHG","Control","10",92.5,0
"downstream_region","CHG","Control","10",97.5,0
"downstream_region","CHG","Control","14",2.5,0
"downstream_region","CHG","Control","14",7.5,0
"downstream_region","CHG","Control","14",12.5,0
"downstream_region","CHG","Control","14",17.5,0
"downstream_region","CHG","Control","14",22.5,0
"downstream_region","CHG","Control","14",27.5,0
"downstream_region","CHG","Control","14",32.5,0
"downstream_region","CHG","Control","14",37.5,0
"downstream_region","CHG","Control","14",42.5,0
"downstream_region","CHG","Control","14",47.5,0
"downstream_region","CHG","Control","14",52.5,0
"downstream_region","CHG","Control","14",57.5,0
"downstream_region","CHG","Control","14",62.5,0
"downstream_region","CHG","Control","14",67.5,0
"downstream_region","CHG","Control","14",72.5,0
"downstream_region","CHG","Control","14",77.5,0
"downstream_region","CHG","Control","14",82.5,0
"downstream_region","CHG","Control","14",87.5,0
"downstream_region","CHG","Control","14",92.5,0
"downstream_region","CHG","Control","14",97.5,0
"downstream_region","CHG","Control","20",2.5,0
"downstream_region","CHG","Control","20",7.5,0
"downstream_region","CHG","Control","20",12.5,0
"downstream_region","CHG","Control","20",17.5,0
"downstream_region","CHG","Control","20",22.5,0
"downstream_region","CHG","Control","20",27.5,0
"downstream_region","CHG","Control","20",32.5,0
"downstream_region","CHG","Control","20",37.5,0
"downstream_region","CHG","Control","20",42.5,0
"downstream_region","CHG","Control","20",47.5,0
"downstream_region","CHG","Control","20",52.5,0
"downstream_region","CHG","Control","20",57.5,0
"downstream_region","CHG","Control","20",62.5,0
"downstream_region","CHG","Control","20",67.5,0
"downstream_region","CHG","Control","20",72.5,0
"downstream_region","CHG","Control","20",77.5,0
"downstream_region","CHG","Control","20",82.5,0
"downstream_region","CHG","Control","20",87.5,0
"downstream_region","CHG","Control","20",92.5,0
"downstream_region","CHG","Control","20",97.5,0
"downstream_region","CHG","Control","21",2.5,0
"downstream_region","CHG","Control","21",7.5,0
"downstream_region","CHG","Control","21",12.5,0
"downstream_region","CHG","Control","21",17.5,0
"downstream_region","CHG","Control","21",22.5,0
"downstream_region","CHG","Control","21",27.5,0
"downstream_region","CHG","Control","21",32.5,0
"downstream_region","CHG","Control","21",37.5,0
"downstream_region","CHG","Control","21",42.5,0
"downstream_region","CHG","Control","21",47.5,0
"downstream_region","CHG","Control","21",52.5,0
"downstream_region","CHG","Control","21",57.5,0
"downstream_region","CHG","Control","21",62.5,0
"downstream_region","CHG","Control","21",67.5,0
"downstream_region","CHG","Control","21",72.5,0
"downstream_region","CHG","Control","21",77.5,0
"downstream_region","CHG","Control","21",82.5,0
"downstream_region","CHG","Control","21",87.5,0
"downstream_region","CHG","Control","21",92.5,0
"downstream_region","CHG","Control","21",97.5,0
"downstream_region","CHG","Control","11",2.5,1186
"downstream_region","CHG","Control","11",7.5,26
"downstream_region","CHG","Control","11",12.5,0
"downstream_region","CHG","Control","11",17.5,0
"downstream_region","CHG","Control","11",22.5,1
"downstream_region","CHG","Control","11",27.5,0
"downstream_region","CHG","Control","11",32.5,1
"downstream_region","CHG","Control","11",37.5,0
"downstream_region","CHG","Control","11",42.5,0
"downstream_region","CHG","Control","11",47.5,0
"downstream_region","CHG","Control","11",52.5,0
"downstream_region","CHG","Control","11",57.5,0
"downstream_region","CHG","Control","11",62.5,0
"downstream_region","CHG","Control","11",67.5,0
"downstream_region","CHG","Control","11",72.5,0
"downstream_region","CHG","Control","11",77.5,0
"downstream_region","CHG","Control","11",82.5,0
"downstream_region","CHG","Control","11",87.5,0
"downstream_region","CHG","Control","11",92.5,0
"downstream_region","CHG","Control","11",97.5,0
"downstream_region","CHG","Control","2",2.5,0
"downstream_region","CHG","Control","2",7.5,0
"downstream_region","CHG","Control","2",12.5,0
"downstream_region","CHG","Control","2",17.5,0
"downstream_region","CHG","Control","2",22.5,0
"downstream_region","CHG","Control","2",27.5,0
"downstream_region","CHG","Control","2",32.5,0
"downstream_region","CHG","Control","2",37.5,0
"downstream_region","CHG","Control","2",42.5,0
"downstream_region","CHG","Control","2",47.5,0
"downstream_region","CHG","Control","2",52.5,0
"downstream_region","CHG","Control","2",57.5,0
"downstream_region","CHG","Control","2",62.5,0
"downstream_region","CHG","Control","2",67.5,0
"downstream_region","CHG","Control","2",72.5,0
"downstream_region","CHG","Control","2",77.5,0
"downstream_region","CHG","Control","2",82.5,0
"downstream_region","CHG","Control","2",87.5,0
"downstream_region","CHG","Control","2",92.5,0
"downstream_region","CHG","Control","2",97.5,0
"downstream_region","CHG","Treatment","6",2.5,0
"downstream_region","CHG","Treatment","6",7.5,0
"downstream_region","CHG","Treatment","6",12.5,0
"downstream_region","CHG","Treatment","6",17.5,0
"downstream_region","CHG","Treatment","6",22.5,0
"downstream_region","CHG","Treatment","6",27.5,0
"downstream_region","CHG","Treatment","6",32.5,0
"downstream_region","CHG","Treatment","6",37.5,0
"downstream_region","CHG","Treatment","6",42.5,0
"downstream_region","CHG","Treatment","6",47.5,0
"downstream_region","CHG","Treatment","6",52.5,0
"downstream_region","CHG","Treatment","6",57.5,0
"downstream_region","CHG","Treatment","6",62.5,0
"downstream_region","CHG","Treatment","6",67.5,0
"downstream_region","CHG","Treatment","6",72.5,0
"downstream_region","CHG","Treatment","6",77.5,0
"downstream_region","CHG","Treatment","6",82.5,0
"downstream_region","CHG","Treatment","6",87.5,0
"downstream_region","CHG","Treatment","6",92.5,0
"downstream_region","CHG","Treatment","6",97.5,0
"downstream_region","CHG","Treatment","7",2.5,0
"downstream_region","CHG","Treatment","7",7.5,0
"downstream_region","CHG","Treatment","7",12.5,0
"downstream_region","CHG","Treatment","7",17.5,0
"downstream_region","CHG","Treatment","7",22.5,0
"downstream_region","CHG","Treatment","7",27.5,0
"downstream_region","CHG","Treatment","7",32.5,0
"downstream_region","CHG","Treatment","7",37.5,0
"downstream_region","CHG","Treatment","7",42.5,0
"downstream_region","CHG","Treatment","7",47.5,0
"downstream_region","CHG","Treatment","7",52.5,0
"downstream_region","CHG","Treatment","7",57.5,0
"downstream_region","CHG","Treatment","7",62.5,0
"downstream_region","CHG","Treatment","7",67.5,0
"downstream_region","CHG","Treatment","7",72.5,0
"downstream_region","CHG","Treatment","7",77.5,0
"downstream_region","CHG","Treatment","7",82.5,0
"downstream_region","CHG","Treatment","7",87.5,0
"downstream_region","CHG","Treatment","7",92.5,0
"downstream_region","CHG","Treatment","7",97.5,0
"downstream_region","CHG","Treatment","10",2.5,0
"downstream_region","CHG","Treatment","10",7.5,0
"downstream_region","CHG","Treatment","10",12.5,0
"downstream_region","CHG","Treatment","10",17.5,0
"downstream_region","CHG","Treatment","10",22.5,0
"downstream_region","CHG","Treatment","10",27.5,0
"downstream_region","CHG","Treatment","10",32.5,0
"downstream_region","CHG","Treatment","10",37.5,0
"downstream_region","CHG","Treatment","10",42.5,0
"downstream_region","CHG","Treatment","10",47.5,0
"downstream_region","CHG","Treatment","10",52.5,0
"downstream_region","CHG","Treatment","10",57.5,0
"downstream_region","CHG","Treatment","10",62.5,0
"downstream_region","CHG","Treatment","10",67.5,0
"downstream_region","CHG","Treatment","10",72.5,0
"downstream_region","CHG","Treatment","10",77.5,0
"downstream_region","CHG","Treatment","10",82.5,0
"downstream_region","CHG","Treatment","10",87.5,0
"downstream_region","CHG","Treatment","10",92.5,0
"downstream_region","CHG","Treatment","10",97.5,0
"downstream_region","CHG","Treatment","14",2.5,1064
"downstream_region","CHG","Treatment","14",7.5,11
"downstream_region","CHG","Treatment","14",12.5,0
"downstream_region","CHG","Treatment","14",17.5,2
"downstream_region","CHG","Treatment","14",22.5,0
"downstream_region","CHG","Treatment","14",27.5,0
"downstream_region","CHG","Treatment","14",32.5,0
"downstream_region","CHG","Treatment","14",37.5,0
"downstream_region","CHG","Treatment","14",42.5,0
"downstream_region","CHG","Treatment","14",47.5,0
"downstream_region","CHG","Treatment","14",52.5,0
"downstream_region","CHG","Treatment","14",57.5,0
"downstream_region","CHG","Treatment","14",62.5,0
"downstream_region","CHG","Treatment","14",67.5,0
"downstream_region","CHG","Treatment","14",72.5,0
"downstream_region","CHG","Treatment","14",77.5,0
"downstream_region","CHG","Treatment","14",82.5,0
"downstream_region","CHG","Treatment","14",87.5,0
"downstream_region","CHG","Treatment","14",92.5,0
"downstream_region","CHG","Treatment","14",97.5,0
"downstream_region","CHG","Treatment","20",2.5,688
"downstream_region","CHG","Treatment","20",7.5,16
"downstream_region","CHG","Treatment","20",12.5,2
"downstream_region","CHG","Treatment","20",17.5,1
"downstream_region","CHG","Treatment","20",22.5,0
"downstream_region","CHG","Treatment","20",27.5,0
"downstream_region","CHG","Treatment","20",32.5,0
"downstream_region","CHG","Treatment","20",37.5,0
"downstream_region","CHG","Treatment","20",42.5,0
"downstream_region","CHG","Treatment","20",47.5,0
"downstream_region","CHG","Treatment","20",52.5,0
"downstream_region","CHG","Treatment","20",57.5,0
"downstream_region","CHG","Treatment","20",62.5,0
"downstream_region","CHG","Treatment","20",67.5,0
"downstream_region","CHG","Treatment","20",72.5,0
"downstream_region","CHG","Treatment","20",77.5,0
"downstream_region","CHG","Treatment","20",82.5,0
"downstream_region","CHG","Treatment","20",87.5,0
"downstream_region","CHG","Treatment","20",92.5,0
"downstream_region","CHG","Treatment","20",97.5,0
"downstream_region","CHG","Treatment","21",2.5,899
"downstream_region","CHG","Treatment","21",7.5,17
"downstream_region","CHG","Treatment","21",12.5,1
"downstream_region","CHG","Treatment","21",17.5,0
"downstream_region","CHG","Treatment","21",22.5,0
"downstream_region","CHG","Treatment","21",27.5,0
"downstream_region","CHG","Treatment","21",32.5,0
"downstream_region","CHG","Treatment","21",37.5,0
"downstream_region","CHG","Treatment","21",42.5,0
"downstream_region","CHG","Treatment","21",47.5,0
"downstream_region","CHG","Treatment","21",52.5,0
"downstream_region","CHG","Treatment","21",57.5,0
"downstream_region","CHG","Treatment","21",62.5,0
"downstream_region","CHG","Treatment","21",67.5,0
"downstream_region","CHG","Treatment","21",72.5,0
"downstream_region","CHG","Treatment","21",77.5,0
"downstream_region","CHG","Treatment","21",82.5,0
"downstream_region","CHG","Treatment","21",87.5,0
"downstream_region","CHG","Treatment","21",92.5,0
"downstream_region","CHG","Treatment","21",97.5,0
"downstream_region","CHG","Treatment","11",2.5,0
"downstream_region","CHG","Treatment","11",7.5,0
"downstream_region","CHG","Treatment","11",12.5,0
"downstream_region","CHG","Treatment","11",17.5,0
"downstream_region","CHG","Treatment","11",22.5,0
"downstream_region","CHG","Treatment","11",27.5,0
"downstream_region","CHG","Treatment","11",32.5,0
"downstream_region","CHG","Treatment","11",37.5,0
"downstream_region","CHG","Treatment","11",42.5,0
"downstream_region","CHG","Treatment","11",47.5,0
"downstream_region","CHG","Treatment","11",52.5,0
"downstream_region","CHG","Treatment","11",57.5,0
"downstream_region","CHG","Treatment","11",62.5,0
"downstream_region","CHG","Treatment","11",67.5,0
"downstream_region","CHG","Treatment","11",72.5,0
"downstream_region","CHG","Treatment","11",77.5,0
"downstream_region","CHG","Treatment","11",82.5,0
"downstream_region","CHG","Treatment","11",87.5,0
"downstream_region","CHG","Treatment","11",92.5,0
"downstream_region","CHG","Treatment","11",97.5,0
"downstream_region","CHG","Treatment","2",2.5,2043
"downstream_region","CHG","Treatment","2",7.5,53
"downstream_region","CHG","Treatment","2",12.5,0
"downstream_region","CHG","Treatment","2",17.5,1
"downstream_region","CHG","Treatment","2",22.5,0
"downstream_region","CHG","Treatment","2",27.5,2
"downstream_region","CHG","Treatment","2",32.5,0
"downstream_region","CHG","Treatment","2",37.5,0
"downstream_region","CHG","Treatment","2",42.5,0
"downstream_region","CHG","Treatment","2",47.5,0
"downstream_region","CHG","Treatment","2",52.5,0
"downstream_region","CHG","Treatment","2",57.5,0
"downstream_region","CHG","Treatment","2",62.5,0
"downstream_region","CHG","Treatment","2",67.5,0
"downstream_region","CHG","Treatment","2",72.5,0
"downstream_region","CHG","Treatment","2",77.5,0
"downstream_region","CHG","Treatment","2",82.5,0
"downstream_region","CHG","Treatment","2",87.5,0
"downstream_region","CHG","Treatment","2",92.5,0
"downstream_region","CHG","Treatment","2",97.5,0
"downstream_region","CHH","Control","6",2.5,2301
"downstream_region","CHH","Control","6",7.5,48
"downstream_region","CHH","Control","6",12.5,2
"downstream_region","CHH","Control","6",17.5,0
"downstream_region","CHH","Control","6",22.5,0
"downstream_region","CHH","Control","6",27.5,1
"downstream_region","CHH","Control","6",32.5,0
"downstream_region","CHH","Control","6",37.5,0
"downstream_region","CHH","Control","6",42.5,0
"downstream_region","CHH","Control","6",47.5,0
"downstream_region","CHH","Control","6",52.5,0
"downstream_region","CHH","Control","6",57.5,0
"downstream_region","CHH","Control","6",62.5,0
"downstream_region","CHH","Control","6",67.5,0
"downstream_region","CHH","Control","6",72.5,0
"downstream_region","CHH","Control","6",77.5,0
"downstream_region","CHH","Control","6",82.5,0
"downstream_region","CHH","Control","6",87.5,0
"downstream_region","CHH","Control","6",92.5,0
"downstream_region","CHH","Control","6",97.5,0
"downstream_region","CHH","Control","7",2.5,3895
"downstream_region","CHH","Control","7",7.5,60
"downstream_region","CHH","Control","7",12.5,0
"downstream_region","CHH","Control","7",17.5,0
"downstream_region","CHH","Control","7",22.5,0
"downstream_region","CHH","Control","7",27.5,1
"downstream_region","CHH","Control","7",32.5,0
"downstream_region","CHH","Control","7",37.5,0
"downstream_region","CHH","Control","7",42.5,0
"downstream_region","CHH","Control","7",47.5,0
"downstream_region","CHH","Control","7",52.5,0
"downstream_region","CHH","Control","7",57.5,0
"downstream_region","CHH","Control","7",62.5,0
"downstream_region","CHH","Control","7",67.5,0
"downstream_region","CHH","Control","7",72.5,0
"downstream_region","CHH","Control","7",77.5,0
"downstream_region","CHH","Control","7",82.5,0
"downstream_region","CHH","Control","7",87.5,0
"downstream_region","CHH","Control","7",92.5,0
"downstream_region","CHH","Control","7",97.5,0
"downstream_region","CHH","Control","10",2.5,1224
"downstream_region","CHH","Control","10",7.5,11
"downstream_region","CHH","Control","10",12.5,2
"downstream_region","CHH","Control","10",17.5,1
"downstream_region","CHH","Control","10",22.5,0
"downstream_region","CHH","Control","10",27.5,0
"downstream_region","CHH","Control","10",32.5,0
"downstream_region","CHH","Control","10",37.5,0
"downstream_region","CHH","Control","10",42.5,0
"downstream_region","CHH","Control","10",47.5,0
"downstream_region","CHH","Control","10",52.5,0
"downstream_region","CHH","Control","10",57.5,0
"downstream_region","CHH","Control","10",62.5,0
"downstream_region","CHH","Control","10",67.5,0
"downstream_region","CHH","Control","10",72.5,0
"downstream_region","CHH","Control","10",77.5,0
"downstream_region","CHH","Control","10",82.5,0
"downstream_region","CHH","Control","10",87.5,0
"downstream_region","CHH","Control","10",92.5,0
"downstream_region","CHH","Control","10",97.5,0
"downstream_region","CHH","Control","14",2.5,0
"downstream_region","CHH","Control","14",7.5,0
"downstream_region","CHH","Control","14",12.5,0
"downstream_region","CHH","Control","14",17.5,0
"downstream_region","CHH","Control","14",22.5,0
"downstream_region","CHH","Control","14",27.5,0
"downstream_region","CHH","Control","14",32.5,0
"downstream_region","CHH","Control","14",37.5,0
"downstream_region","CHH","Control","14",42.5,0
"downstream_region","CHH","Control","14",47.5,0
"downstream_region","CHH","Control","14",52.5,0
"downstream_region","CHH","Control","14",57.5,0
"downstream_region","CHH","Control","14",62.5,0
"downstream_region","CHH","Control","14",67.5,0
"downstream_region","CHH","Control","14",72.5,0
"downstream_region","CHH","Control","14",77.5,0
"downstream_region","CHH","Control","14",82.5,0
"downstream_region","CHH","Control","14",87.5,0
"downstream_region","CHH","Control","14",92.5,0
"downstream_region","CHH","Control","14",97.5,0
"downstream_region","CHH","Control","20",2.5,0
"downstream_region","CHH","Control","20",7.5,0
"downstream_region","CHH","Control","20",12.5,0
"downstream_region","CHH","Control","20",17.5,0
"downstream_region","CHH","Control","20",22.5,0
"downstream_region","CHH","Control","20",27.5,0
"downstream_region","CHH","Control","20",32.5,0
"downstream_region","CHH","Control","20",37.5,0
"downstream_region","CHH","Control","20",42.5,0
"downstream_region","CHH","Control","20",47.5,0
"downstream_region","CHH","Control","20",52.5,0
"downstream_region","CHH","Control","20",57.5,0
"downstream_region","CHH","Control","20",62.5,0
"downstream_region","CHH","Control","20",67.5,0
"downstream_region","CHH","Control","20",72.5,0
"downstream_region","CHH","Control","20",77.5,0
"downstream_region","CHH","Control","20",82.5,0
"downstream_region","CHH","Control","20",87.5,0
"downstream_region","CHH","Control","20",92.5,0
"downstream_region","CHH","Control","20",97.5,0
"downstream_region","CHH","Control","21",2.5,0
"downstream_region","CHH","Control","21",7.5,0
"downstream_region","CHH","Control","21",12.5,0
"downstream_region","CHH","Control","21",17.5,0
"downstream_region","CHH","Control","21",22.5,0
"downstream_region","CHH","Control","21",27.5,0
"downstream_region","CHH","Control","21",32.5,0
"downstream_region","CHH","Control","21",37.5,0
"downstream_region","CHH","Control","21",42.5,0
"downstream_region","CHH","Control","21",47.5,0
"downstream_region","CHH","Control","21",52.5,0
"downstream_region","CHH","Control","21",57.5,0
"downstream_region","CHH","Control","21",62.5,0
"downstream_region","CHH","Control","21",67.5,0
"downstream_region","CHH","Control","21",72.5,0
"downstream_region","CHH","Control","21",77.5,0
"downstream_region","CHH","Control","21",82.5,0
"downstream_region","CHH","Control","21",87.5,0
"downstream_region","CHH","Control","21",92.5,0
"downstream_region","CHH","Control","21",97.5,0
"downstream_region","CHH","Control","11",2.5,1564
"downstream_region","CHH","Control","11",7.5,30
"downstream_region","CHH","Control","11",12.5,0
"downstream_region","CHH","Control","11",17.5,0
"downstream_region","CHH","Control","11",22.5,0
"downstream_region","CHH","Control","11",27.5,0
"downstream_region","CHH","Control","11",32.5,0
"downstream_region","CHH","Control","11",37.5,0
"downstream_region","CHH","Control","11",42.5,0
"downstream_region","CHH","Control","11",47.5,0
"downstream_region","CHH","Control","11",52.5,0
"downstream_region","CHH","Control","11",57.5,0
"downstream_region","CHH","Control","11",62.5,0
"downstream_region","CHH","Control","11",67.5,0
"downstream_region","CHH","Control","11",72.5,0
"downstream_region","CHH","Control","11",77.5,0
"downstream_region","CHH","Control","11",82.5,0
"downstream_region","CHH","Control","11",87.5,0
"downstream_region","CHH","Control","11",92.5,0
"downstream_region","CHH","Control","11",97.5,0
"downstream_region","CHH","Control","2",2.5,0
"downstream_region","CHH","Control","2",7.5,0
"downstream_region","CHH","Control","2",12.5,0
"downstream_region","CHH","Control","2",17.5,0
"downstream_region","CHH","Control","2",22.5,0
"downstream_region","CHH","Control","2",27.5,0
"downstream_region","CHH","Control","2",32.5,0
"downstream_region","CHH","Control","2",37.5,0
"downstream_region","CHH","Control","2",42.5,0
"downstream_region","CHH","Control","2",47.5,0
"downstream_region","CHH","Control","2",52.5,0
"downstream_region","CHH","Control","2",57.5,0
"downstream_region","CHH","Control","2",62.5,0
"downstream_region","CHH","Control","2",67.5,0
"downstream_region","CHH","Control","2",72.5,0
"downstream_region","CHH","Control","2",77.5,0
"downstream_region","CHH","Control","2",82.5,0
"downstream_region","CHH","Control","2",87.5,0
"downstream_region","CHH","Control","2",92.5,0
"downstream_region","CHH","Control","2",97.5,0
"downstream_region","CHH","Treatment","6",2.5,0
"downstream_region","CHH","Treatment","6",7.5,0
"downstream_region","CHH","Treatment","6",12.5,0
"downstream_region","CHH","Treatment","6",17.5,0
"downstream_region","CHH","Treatment","6",22.5,0
"downstream_region","CHH","Treatment","6",27.5,0
"downstream_region","CHH","Treatment","6",32.5,0
"downstream_region","CHH","Treatment","6",37.5,0
"downstream_region","CHH","Treatment","6",42.5,0
"downstream_region","CHH","Treatment","6",47.5,0
"downstream_region","CHH","Treatment","6",52.5,0
"downstream_region","CHH","Treatment","6",57.5,0
"downstream_region","CHH","Treatment","6",62.5,0
"downstream_region","CHH","Treatment","6",67.5,0
"downstream_region","CHH","Treatment","6",72.5,0
"downstream_region","CHH","Treatment","6",77.5,0
"downstream_region","CHH","Treatment","6",82.5,0
"downstream_region","CHH","Treatment","6",87.5,0
"downstream_region","CHH","Treatment","6",92.5,0
"downstream_region","CHH","Treatment","6",97.5,0
"downstream_region","CHH","Treatment","7",2.5,0
"downstream_region","CHH","Treatment","7",7.5,0
"downstream_region","CHH","Treatment","7",12.5,0
"downstream_region","CHH","Treatment","7",17.5,0
"downstream_region","CHH","Treatment","7",22.5,0
"downstream_region","CHH","Treatment","7",27.5,0
"downstream_region","CHH","Treatment","7",32.5,0
"downstream_region","CHH","Treatment","7",37.5,0
"downstream_region","CHH","Treatment","7",42.5,0
"downstream_region","CHH","Treatment","7",47.5,0
"downstream_region","CHH","Treatment","7",52.5,0
"downstream_region","CHH","Treatment","7",57.5,0
"downstream_region","CHH","Treatment","7",62.5,0
"downstream_region","CHH","Treatment","7",67.5,0
"downstream_region","CHH","Treatment","7",72.5,0
"downstream_region","CHH","Treatment","7",77.5,0
"downstream_region","CHH","Treatment","7",82.5,0
"downstream_region","CHH","Treatment","7",87.5,0
"downstream_region","CHH","Treatment","7",92.5,0
"downstream_region","CHH","Treatment","7",97.5,0
"downstream_region","CHH","Treatment","10",2.5,0
"downstream_region","CHH","Treatment","10",7.5,0
"downstream_region","CHH","Treatment","10",12.5,0
"downstream_region","CHH","Treatment","10",17.5,0
"downstream_region","CHH","Treatment","10",22.5,0
"downstream_region","CHH","Treatment","10",27.5,0
"downstream_region","CHH","Treatment","10",32.5,0
"downstream_region","CHH","Treatment","10",37.5,0
"downstream_region","CHH","Treatment","10",42.5,0
"downstream_region","CHH","Treatment","10",47.5,0
"downstream_region","CHH","Treatment","10",52.5,0
"downstream_region","CHH","Treatment","10",57.5,0
"downstream_region","CHH","Treatment","10",62.5,0
"downstream_region","CHH","Treatment","10",67.5,0
"downstream_region","CHH","Treatment","10",72.5,0
"downstream_region","CHH","Treatment","10",77.5,0
"downstream_region","CHH","Treatment","10",82.5,0
"downstream_region","CHH","Treatment","10",87.5,0
"downstream_region","CHH","Treatment","10",92.5,0
"downstream_region","CHH","Treatment","10",97.5,0
"downstream_region","CHH","Treatment","14",2.5,1380
"downstream_region","CHH","Treatment","14",7.5,24
"downstream_region","CHH","Treatment","14",12.5,4
"downstream_region","CHH","Treatment","14",17.5,0
"downstream_region","CHH","Treatment","14",22.5,0
"downstream_region","CHH","Treatment","14",27.5,0
"downstream_region","CHH","Treatment","14",32.5,0
"downstream_region","CHH","Treatment","14",37.5,0
"downstream_region","CHH","Treatment","14",42.5,0
"downstream_region","CHH","Treatment","14",47.5,0
"downstream_region","CHH","Treatment","14",52.5,0
"downstream_region","CHH","Treatment","14",57.5,0
"downstream_region","CHH","Treatment","14",62.5,0
"downstream_region","CHH","Treatment","14",67.5,0
"downstream_region","CHH","Treatment","14",72.5,0
"downstream_region","CHH","Treatment","14",77.5,0
"downstream_region","CHH","Treatment","14",82.5,0
"downstream_region","CHH","Treatment","14",87.5,0
"downstream_region","CHH","Treatment","14",92.5,0
"downstream_region","CHH","Treatment","14",97.5,0
"downstream_region","CHH","Treatment","20",2.5,928
"downstream_region","CHH","Treatment","20",7.5,21
"downstream_region","CHH","Treatment","20",12.5,0
"downstream_region","CHH","Treatment","20",17.5,0
"downstream_region","CHH","Treatment","20",22.5,0
"downstream_region","CHH","Treatment","20",27.5,0
"downstream_region","CHH","Treatment","20",32.5,0
"downstream_region","CHH","Treatment","20",37.5,0
"downstream_region","CHH","Treatment","20",42.5,0
"downstream_region","CHH","Treatment","20",47.5,0
"downstream_region","CHH","Treatment","20",52.5,0
"downstream_region","CHH","Treatment","20",57.5,0
"downstream_region","CHH","Treatment","20",62.5,0
"downstream_region","CHH","Treatment","20",67.5,0
"downstream_region","CHH","Treatment","20",72.5,0
"downstream_region","CHH","Treatment","20",77.5,0
"downstream_region","CHH","Treatment","20",82.5,0
"downstream_region","CHH","Treatment","20",87.5,0
"downstream_region","CHH","Treatment","20",92.5,0
"downstream_region","CHH","Treatment","20",97.5,0
"downstream_region","CHH","Treatment","21",2.5,1168
"downstream_region","CHH","Treatment","21",7.5,26
"downstream_region","CHH","Treatment","21",12.5,0
"downstream_region","CHH","Treatment","21",17.5,2
"downstream_region","CHH","Treatment","21",22.5,1
"downstream_region","CHH","Treatment","21",27.5,0
"downstream_region","CHH","Treatment","21",32.5,0
"downstream_region","CHH","Treatment","21",37.5,0
"downstream_region","CHH","Treatment","21",42.5,0
"downstream_region","CHH","Treatment","21",47.5,0
"downstream_region","CHH","Treatment","21",52.5,0
"downstream_region","CHH","Treatment","21",57.5,0
"downstream_region","CHH","Treatment","21",62.5,0
"downstream_region","CHH","Treatment","21",67.5,0
"downstream_region","CHH","Treatment","21",72.5,0
"downstream_region","CHH","Treatment","21",77.5,0
"downstream_region","CHH","Treatment","21",82.5,0
"downstream_region","CHH","Treatment","21",87.5,0
"downstream_region","CHH","Treatment","21",92.5,0
"downstream_region","CHH","Treatment","21",97.5,0
"downstream_region","CHH","Treatment","11",2.5,0
"downstream_region","CHH","Treatment","11",7.5,0
"downstream_region","CHH","Treatment","11",12.5,0
"downstream_region","CHH","Treatment","11",17.5,0
"downstream_region","CHH","Treatment","11",22.5,0
"downstream_region","CHH","Treatment","11",27.5,0
"downstream_region","CHH","Treatment","11",32.5,0
"downstream_region","CHH","Treatment","11",37.5,0
"downstream_region","CHH","Treatment","11",42.5,0
"downstream_region","CHH","Treatment","11",47.5,0
"downstream_region","CHH","Treatment","11",52.5,0
"downstream_region","CHH","Treatment","11",57.5,0
"downstream_region","CHH","Treatment","11",62.5,0
"downstream_region","CHH","Treatment","11",67.5,0
"downstream_region","CHH","Treatment","11",72.5,0
"downstream_region","CHH","Treatment","11",77.5,0
"downstream_region","CHH","Treatment","11",82.5,0
"downstream_region","CHH","Treatment","11",87.5,0
"downstream_region","CHH","Treatment","11",92.5,0
"downstream_region","CHH","Treatment","11",97.5,0
"downstream_region","CHH","Treatment","2",2.5,2759
"downstream_region","CHH","Treatment","2",7.5,63
"downstream_region","CHH","Treatment","2",12.5,3
"downstream_region","CHH","Treatment","2",17.5,2
"downstream_region","CHH","Treatment","2",22.5,1
"downstream_region","CHH","Treatment","2",27.5,0
"downstream_region","CHH","Treatment","2",32.5,0
"downstream_region","CHH","Treatment","2",37.5,1
"downstream_region","CHH","Treatment","2",42.5,0
"downstream_region","CHH","Treatment","2",47.5,0
"downstream_region","CHH","Treatment","2",52.5,0
"downstream_region","CHH","Treatment","2",57.5,0
"downstream_region","CHH","Treatment","2",62.5,0
"downstream_region","CHH","Treatment","2",67.5,0
"downstream_region","CHH","Treatment","2",72.5,0
"downstream_region","CHH","Treatment","2",77.5,0
"downstream_region","CHH","Treatment","2",82.5,0
"downstream_region","CHH","Treatment","2",87.5,0
"downstream_region","CHH","Treatment","2",92.5,0
"downstream_region","CHH","Treatment","2",97.5,0
"exon","CpG","Control","6",2.5,3937
"exon","CpG","Control","6",7.5,113
"exon","CpG","Control","6",12.5,24
"exon","CpG","Control","6",17.5,50
"exon","CpG","Control","6",22.5,24
"exon","CpG","Control","6",27.5,33
"exon","CpG","Control","6",32.5,29
"exon","CpG","Control","6",37.5,26
"exon","CpG","Control","6",42.5,8
"exon","CpG","Control","6",47.5,42
"exon","CpG","Control","6",52.5,13
"exon","CpG","Control","6",57.5,18
"exon","CpG","Control","6",62.5,23
"exon","CpG","Control","6",67.5,20
"exon","CpG","Control","6",72.5,17
"exon","CpG","Control","6",77.5,36
"exon","CpG","Control","6",82.5,17
"exon","CpG","Control","6",87.5,56
"exon","CpG","Control","6",92.5,26
"exon","CpG","Control","6",97.5,135
"exon","CpG","Control","7",2.5,6698
"exon","CpG","Control","7",7.5,229
"exon","CpG","Control","7",12.5,31
"exon","CpG","Control","7",17.5,66
"exon","CpG","Control","7",22.5,45
"exon","CpG","Control","7",27.5,42
"exon","CpG","Control","7",32.5,17
"exon","CpG","Control","7",37.5,38
"exon","CpG","Control","7",42.5,22
"exon","CpG","Control","7",47.5,49
"exon","CpG","Control","7",52.5,23
"exon","CpG","Control","7",57.5,46
"exon","CpG","Control","7",62.5,23
"exon","CpG","Control","7",67.5,45
"exon","CpG","Control","7",72.5,31
"exon","CpG","Control","7",77.5,72
"exon","CpG","Control","7",82.5,52
"exon","CpG","Control","7",87.5,108
"exon","CpG","Control","7",92.5,75
"exon","CpG","Control","7",97.5,369
"exon","CpG","Control","10",2.5,1946
"exon","CpG","Control","10",7.5,85
"exon","CpG","Control","10",12.5,19
"exon","CpG","Control","10",17.5,34
"exon","CpG","Control","10",22.5,12
"exon","CpG","Control","10",27.5,15
"exon","CpG","Control","10",32.5,15
"exon","CpG","Control","10",37.5,25
"exon","CpG","Control","10",42.5,9
"exon","CpG","Control","10",47.5,21
"exon","CpG","Control","10",52.5,13
"exon","CpG","Control","10",57.5,14
"exon","CpG","Control","10",62.5,8
"exon","CpG","Control","10",67.5,19
"exon","CpG","Control","10",72.5,8
"exon","CpG","Control","10",77.5,13
"exon","CpG","Control","10",82.5,21
"exon","CpG","Control","10",87.5,18
"exon","CpG","Control","10",92.5,19
"exon","CpG","Control","10",97.5,66
"exon","CpG","Control","14",2.5,0
"exon","CpG","Control","14",7.5,0
"exon","CpG","Control","14",12.5,0
"exon","CpG","Control","14",17.5,0
"exon","CpG","Control","14",22.5,0
"exon","CpG","Control","14",27.5,0
"exon","CpG","Control","14",32.5,0
"exon","CpG","Control","14",37.5,0
"exon","CpG","Control","14",42.5,0
"exon","CpG","Control","14",47.5,0
"exon","CpG","Control","14",52.5,0
"exon","CpG","Control","14",57.5,0
"exon","CpG","Control","14",62.5,0
"exon","CpG","Control","14",67.5,0
"exon","CpG","Control","14",72.5,0
"exon","CpG","Control","14",77.5,0
"exon","CpG","Control","14",82.5,0
"exon","CpG","Control","14",87.5,0
"exon","CpG","Control","14",92.5,0
"exon","CpG","Control","14",97.5,0
"exon","CpG","Control","20",2.5,0
"exon","CpG","Control","20",7.5,0
"exon","CpG","Control","20",12.5,0
"exon","CpG","Control","20",17.5,0
"exon","CpG","Control","20",22.5,0
"exon","CpG","Control","20",27.5,0
"exon","CpG","Control","20",32.5,0
"exon","CpG","Control","20",37.5,0
"exon","CpG","Control","20",42.5,0
"exon","CpG","Control","20",47.5,0
"exon","CpG","Control","20",52.5,0
"exon","CpG","Control","20",57.5,0
"exon","CpG","Control","20",62.5,0
"exon","CpG","Control","20",67.5,0
"exon","CpG","Control","20",72.5,0
"exon","CpG","Control","20",77.5,0
"exon","CpG","Control","20",82.5,0
"exon","CpG","Control","20",87.5,0
"exon","CpG","Control","20",92.5,0
"exon","CpG","Control","20",97.5,0
"exon","CpG","Control","21",2.5,0
"exon","CpG","Control","21",7.5,0
"exon","CpG","Control","21",12.5,0
"exon","CpG","Control","21",17.5,0
"exon","CpG","Control","21",22.5,0
"exon","CpG","Control","21",27.5,0
"exon","CpG","Control","21",32.5,0
"exon","CpG","Control","21",37.5,0
"exon","CpG","Control","21",42.5,0
"exon","CpG","Control","21",47.5,0
"exon","CpG","Control","21",52.5,0
"exon","CpG","Control","21",57.5,0
"exon","CpG","Control","21",62.5,0
"exon","CpG","Control","21",67.5,0
"exon","CpG","Control","21",72.5,0
"exon","CpG","Control","21",77.5,0
"exon","CpG","Control","21",82.5,0
"exon","CpG","Control","21",87.5,0
"exon","CpG","Control","21",92.5,0
"exon","CpG","Control","21",97.5,0
"exon","CpG","Control","11",2.5,2424
"exon","CpG","Control","11",7.5,117
"exon","CpG","Control","11",12.5,21
"exon","CpG","Control","11",17.5,42
"exon","CpG","Control","11",22.5,12
"exon","CpG","Control","11",27.5,24
"exon","CpG","Control","11",32.5,13
"exon","CpG","Control","11",37.5,25
"exon","CpG","Control","11",42.5,10
"exon","CpG","Control","11",47.5,19
"exon","CpG","Control","11",52.5,17
"exon","CpG","Control","11",57.5,12
"exon","CpG","Control","11",62.5,8
"exon","CpG","Control","11",67.5,24
"exon","CpG","Control","11",72.5,12
"exon","CpG","Control","11",77.5,19
"exon","CpG","Control","11",82.5,11
"exon","CpG","Control","11",87.5,25
"exon","CpG","Control","11",92.5,35
"exon","CpG","Control","11",97.5,94
"exon","CpG","Control","2",2.5,0
"exon","CpG","Control","2",7.5,0
"exon","CpG","Control","2",12.5,0
"exon","CpG","Control","2",17.5,0
"exon","CpG","Control","2",22.5,0
"exon","CpG","Control","2",27.5,0
"exon","CpG","Control","2",32.5,0
"exon","CpG","Control","2",37.5,0
"exon","CpG","Control","2",42.5,0
"exon","CpG","Control","2",47.5,0
"exon","CpG","Control","2",52.5,0
"exon","CpG","Control","2",57.5,0
"exon","CpG","Control","2",62.5,0
"exon","CpG","Control","2",67.5,0
"exon","CpG","Control","2",72.5,0
"exon","CpG","Control","2",77.5,0
"exon","CpG","Control","2",82.5,0
"exon","CpG","Control","2",87.5,0
"exon","CpG","Control","2",92.5,0
"exon","CpG","Control","2",97.5,0
"exon","CpG","Treatment","6",2.5,0
"exon","CpG","Treatment","6",7.5,0
"exon","CpG","Treatment","6",12.5,0
"exon","CpG","Treatment","6",17.5,0
"exon","CpG","Treatment","6",22.5,0
"exon","CpG","Treatment","6",27.5,0
"exon","CpG","Treatment","6",32.5,0
"exon","CpG","Treatment","6",37.5,0
"exon","CpG","Treatment","6",42.5,0
"exon","CpG","Treatment","6",47.5,0
"exon","CpG","Treatment","6",52.5,0
"exon","CpG","Treatment","6",57.5,0
"exon","CpG","Treatment","6",62.5,0
"exon","CpG","Treatment","6",67.5,0
"exon","CpG","Treatment","6",72.5,0
"exon","CpG","Treatment","6",77.5,0
"exon","CpG","Treatment","6",82.5,0
"exon","CpG","Treatment","6",87.5,0
"exon","CpG","Treatment","6",92.5,0
"exon","CpG","Treatment","6",97.5,0
"exon","CpG","Treatment","7",2.5,0
"exon","CpG","Treatment","7",7.5,0
"exon","CpG","Treatment","7",12.5,0
"exon","CpG","Treatment","7",17.5,0
"exon","CpG","Treatment","7",22.5,0
"exon","CpG","Treatment","7",27.5,0
"exon","CpG","Treatment","7",32.5,0
"exon","CpG","Treatment","7",37.5,0
"exon","CpG","Treatment","7",42.5,0
"exon","CpG","Treatment","7",47.5,0
"exon","CpG","Treatment","7",52.5,0
"exon","CpG","Treatment","7",57.5,0
"exon","CpG","Treatment","7",62.5,0
"exon","CpG","Treatment","7",67.5,0
"exon","CpG","Treatment","7",72.5,0
"exon","CpG","Treatment","7",77.5,0
"exon","CpG","Treatment","7",82.5,0
"exon","CpG","Treatment","7",87.5,0
"exon","CpG","Treatment","7",92.5,0
"exon","CpG","Treatment","7",97.5,0
"exon","CpG","Treatment","10",2.5,0
"exon","CpG","Treatment","10",7.5,0
"exon","CpG","Treatment","10",12.5,0
"exon","CpG","Treatment","10",17.5,0
"exon","CpG","Treatment","10",22.5,0
"exon","CpG","Treatment","10",27.5,0
"exon","CpG","Treatment","10",32.5,0
"exon","CpG","Treatment","10",37.5,0
"exon","CpG","Treatment","10",42.5,0
"exon","CpG","Treatment","10",47.5,0
"exon","CpG","Treatment","10",52.5,0
"exon","CpG","Treatment","10",57.5,0
"exon","CpG","Treatment","10",62.5,0
"exon","CpG","Treatment","10",67.5,0
"exon","CpG","Treatment","10",72.5,0
"exon","CpG","Treatment","10",77.5,0
"exon","CpG","Treatment","10",82.5,0
"exon","CpG","Treatment","10",87.5,0
"exon","CpG","Treatment","10",92.5,0
"exon","CpG","Treatment","10",97.5,0
"exon","CpG","Treatment","14",2.5,2055
"exon","CpG","Treatment","14",7.5,72
"exon","CpG","Treatment","14",12.5,28
"exon","CpG","Treatment","14",17.5,27
"exon","CpG","Treatment","14",22.5,14
"exon","CpG","Treatment","14",27.5,17
"exon","CpG","Treatment","14",32.5,11
"exon","CpG","Treatment","14",37.5,20
"exon","CpG","Treatment","14",42.5,12
"exon","CpG","Treatment","14",47.5,15
"exon","CpG","Treatment","14",52.5,5
"exon","CpG","Treatment","14",57.5,16
"exon","CpG","Treatment","14",62.5,11
"exon","CpG","Treatment","14",67.5,13
"exon","CpG","Treatment","14",72.5,9
"exon","CpG","Treatment","14",77.5,14
"exon","CpG","Treatment","14",82.5,11
"exon","CpG","Treatment","14",87.5,24
"exon","CpG","Treatment","14",92.5,23
"exon","CpG","Treatment","14",97.5,102
"exon","CpG","Treatment","20",2.5,1240
"exon","CpG","Treatment","20",7.5,44
"exon","CpG","Treatment","20",12.5,18
"exon","CpG","Treatment","20",17.5,19
"exon","CpG","Treatment","20",22.5,9
"exon","CpG","Treatment","20",27.5,21
"exon","CpG","Treatment","20",32.5,9
"exon","CpG","Treatment","20",37.5,13
"exon","CpG","Treatment","20",42.5,4
"exon","CpG","Treatment","20",47.5,11
"exon","CpG","Treatment","20",52.5,7
"exon","CpG","Treatment","20",57.5,10
"exon","CpG","Treatment","20",62.5,4
"exon","CpG","Treatment","20",67.5,16
"exon","CpG","Treatment","20",72.5,8
"exon","CpG","Treatment","20",77.5,9
"exon","CpG","Treatment","20",82.5,2
"exon","CpG","Treatment","20",87.5,17
"exon","CpG","Treatment","20",92.5,20
"exon","CpG","Treatment","20",97.5,39
"exon","CpG","Treatment","21",2.5,1491
"exon","CpG","Treatment","21",7.5,75
"exon","CpG","Treatment","21",12.5,16
"exon","CpG","Treatment","21",17.5,19
"exon","CpG","Treatment","21",22.5,13
"exon","CpG","Treatment","21",27.5,24
"exon","CpG","Treatment","21",32.5,8
"exon","CpG","Treatment","21",37.5,16
"exon","CpG","Treatment","21",42.5,6
"exon","CpG","Treatment","21",47.5,18
"exon","CpG","Treatment","21",52.5,8
"exon","CpG","Treatment","21",57.5,6
"exon","CpG","Treatment","21",62.5,6
"exon","CpG","Treatment","21",67.5,14
"exon","CpG","Treatment","21",72.5,8
"exon","CpG","Treatment","21",77.5,17
"exon","CpG","Treatment","21",82.5,9
"exon","CpG","Treatment","21",87.5,24
"exon","CpG","Treatment","21",92.5,21
"exon","CpG","Treatment","21",97.5,61
"exon","CpG","Treatment","11",2.5,0
"exon","CpG","Treatment","11",7.5,0
"exon","CpG","Treatment","11",12.5,0
"exon","CpG","Treatment","11",17.5,0
"exon","CpG","Treatment","11",22.5,0
"exon","CpG","Treatment","11",27.5,0
"exon","CpG","Treatment","11",32.5,0
"exon","CpG","Treatment","11",37.5,0
"exon","CpG","Treatment","11",42.5,0
"exon","CpG","Treatment","11",47.5,0
"exon","CpG","Treatment","11",52.5,0
"exon","CpG","Treatment","11",57.5,0
"exon","CpG","Treatment","11",62.5,0
"exon","CpG","Treatment","11",67.5,0
"exon","CpG","Treatment","11",72.5,0
"exon","CpG","Treatment","11",77.5,0
"exon","CpG","Treatment","11",82.5,0
"exon","CpG","Treatment","11",87.5,0
"exon","CpG","Treatment","11",92.5,0
"exon","CpG","Treatment","11",97.5,0
"exon","CpG","Treatment","2",2.5,4836
"exon","CpG","Treatment","2",7.5,172
"exon","CpG","Treatment","2",12.5,20
"exon","CpG","Treatment","2",17.5,48
"exon","CpG","Treatment","2",22.5,25
"exon","CpG","Treatment","2",27.5,36
"exon","CpG","Treatment","2",32.5,28
"exon","CpG","Treatment","2",37.5,36
"exon","CpG","Treatment","2",42.5,21
"exon","CpG","Treatment","2",47.5,52
"exon","CpG","Treatment","2",52.5,8
"exon","CpG","Treatment","2",57.5,18
"exon","CpG","Treatment","2",62.5,16
"exon","CpG","Treatment","2",67.5,37
"exon","CpG","Treatment","2",72.5,20
"exon","CpG","Treatment","2",77.5,35
"exon","CpG","Treatment","2",82.5,19
"exon","CpG","Treatment","2",87.5,70
"exon","CpG","Treatment","2",92.5,40
"exon","CpG","Treatment","2",97.5,238
"exon","CHG","Control","6",2.5,5320
"exon","CHG","Control","6",7.5,76
"exon","CHG","Control","6",12.5,4
"exon","CHG","Control","6",17.5,2
"exon","CHG","Control","6",22.5,0
"exon","CHG","Control","6",27.5,0
"exon","CHG","Control","6",32.5,0
"exon","CHG","Control","6",37.5,0
"exon","CHG","Control","6",42.5,0
"exon","CHG","Control","6",47.5,0
"exon","CHG","Control","6",52.5,0
"exon","CHG","Control","6",57.5,0
"exon","CHG","Control","6",62.5,0
"exon","CHG","Control","6",67.5,0
"exon","CHG","Control","6",72.5,0
"exon","CHG","Control","6",77.5,0
"exon","CHG","Control","6",82.5,0
"exon","CHG","Control","6",87.5,0
"exon","CHG","Control","6",92.5,0
"exon","CHG","Control","6",97.5,0
"exon","CHG","Control","7",2.5,9440
"exon","CHG","Control","7",7.5,161
"exon","CHG","Control","7",12.5,3
"exon","CHG","Control","7",17.5,6
"exon","CHG","Control","7",22.5,2
"exon","CHG","Control","7",27.5,0
"exon","CHG","Control","7",32.5,0
"exon","CHG","Control","7",37.5,0
"exon","CHG","Control","7",42.5,0
"exon","CHG","Control","7",47.5,0
"exon","CHG","Control","7",52.5,0
"exon","CHG","Control","7",57.5,0
"exon","CHG","Control","7",62.5,0
"exon","CHG","Control","7",67.5,0
"exon","CHG","Control","7",72.5,0
"exon","CHG","Control","7",77.5,0
"exon","CHG","Control","7",82.5,0
"exon","CHG","Control","7",87.5,0
"exon","CHG","Control","7",92.5,0
"exon","CHG","Control","7",97.5,0
"exon","CHG","Control","10",2.5,2684
"exon","CHG","Control","10",7.5,34
"exon","CHG","Control","10",12.5,2
"exon","CHG","Control","10",17.5,2
"exon","CHG","Control","10",22.5,0
"exon","CHG","Control","10",27.5,0
"exon","CHG","Control","10",32.5,0
"exon","CHG","Control","10",37.5,0
"exon","CHG","Control","10",42.5,0
"exon","CHG","Control","10",47.5,0
"exon","CHG","Control","10",52.5,0
"exon","CHG","Control","10",57.5,0
"exon","CHG","Control","10",62.5,0
"exon","CHG","Control","10",67.5,0
"exon","CHG","Control","10",72.5,0
"exon","CHG","Control","10",77.5,0
"exon","CHG","Control","10",82.5,0
"exon","CHG","Control","10",87.5,0
"exon","CHG","Control","10",92.5,0
"exon","CHG","Control","10",97.5,0
"exon","CHG","Control","14",2.5,0
"exon","CHG","Control","14",7.5,0
"exon","CHG","Control","14",12.5,0
"exon","CHG","Control","14",17.5,0
"exon","CHG","Control","14",22.5,0
"exon","CHG","Control","14",27.5,0
"exon","CHG","Control","14",32.5,0
"exon","CHG","Control","14",37.5,0
"exon","CHG","Control","14",42.5,0
"exon","CHG","Control","14",47.5,0
"exon","CHG","Control","14",52.5,0
"exon","CHG","Control","14",57.5,0
"exon","CHG","Control","14",62.5,0
"exon","CHG","Control","14",67.5,0
"exon","CHG","Control","14",72.5,0
"exon","CHG","Control","14",77.5,0
"exon","CHG","Control","14",82.5,0
"exon","CHG","Control","14",87.5,0
"exon","CHG","Control","14",92.5,0
"exon","CHG","Control","14",97.5,0
"exon","CHG","Control","20",2.5,0
"exon","CHG","Control","20",7.5,0
"exon","CHG","Control","20",12.5,0
"exon","CHG","Control","20",17.5,0
"exon","CHG","Control","20",22.5,0
"exon","CHG","Control","20",27.5,0
"exon","CHG","Control","20",32.5,0
"exon","CHG","Control","20",37.5,0
"exon","CHG","Control","20",42.5,0
"exon","CHG","Control","20",47.5,0
"exon","CHG","Control","20",52.5,0
"exon","CHG","Control","20",57.5,0
"exon","CHG","Control","20",62.5,0
"exon","CHG","Control","20",67.5,0
"exon","CHG","Control","20",72.5,0
"exon","CHG","Control","20",77.5,0
"exon","CHG","Control","20",82.5,0
"exon","CHG","Control","20",87.5,0
"exon","CHG","Control","20",92.5,0
"exon","CHG","Control","20",97.5,0
"exon","CHG","Control","21",2.5,0
"exon","CHG","Control","21",7.5,0
"exon","CHG","Control","21",12.5,0
"exon","CHG","Control","21",17.5,0
"exon","CHG","Control","21",22.5,0
"exon","CHG","Control","21",27.5,0
"exon","CHG","Control","21",32.5,0
"exon","CHG","Control","21",37.5,0
"exon","CHG","Control","21",42.5,0
"exon","CHG","Control","21",47.5,0
"exon","CHG","Control","21",52.5,0
"exon","CHG","Control","21",57.5,0
"exon","CHG","Control","21",62.5,0
"exon","CHG","Control","21",67.5,0
"exon","CHG","Control","21",72.5,0
"exon","CHG","Control","21",77.5,0
"exon","CHG","Control","21",82.5,0
"exon","CHG","Control","21",87.5,0
"exon","CHG","Control","21",92.5,0
"exon","CHG","Control","21",97.5,0
"exon","CHG","Control","11",2.5,3354
"exon","CHG","Control","11",7.5,92
"exon","CHG","Control","11",12.5,2
"exon","CHG","Control","11",17.5,1
"exon","CHG","Control","11",22.5,0
"exon","CHG","Control","11",27.5,3
"exon","CHG","Control","11",32.5,0
"exon","CHG","Control","11",37.5,0
"exon","CHG","Control","11",42.5,0
"exon","CHG","Control","11",47.5,0
"exon","CHG","Control","11",52.5,0
"exon","CHG","Control","11",57.5,0
"exon","CHG","Control","11",62.5,0
"exon","CHG","Control","11",67.5,0
"exon","CHG","Control","11",72.5,0
"exon","CHG","Control","11",77.5,0
"exon","CHG","Control","11",82.5,0
"exon","CHG","Control","11",87.5,0
"exon","CHG","Control","11",92.5,0
"exon","CHG","Control","11",97.5,0
"exon","CHG","Control","2",2.5,0
"exon","CHG","Control","2",7.5,0
"exon","CHG","Control","2",12.5,0
"exon","CHG","Control","2",17.5,0
"exon","CHG","Control","2",22.5,0
"exon","CHG","Control","2",27.5,0
"exon","CHG","Control","2",32.5,0
"exon","CHG","Control","2",37.5,0
"exon","CHG","Control","2",42.5,0
"exon","CHG","Control","2",47.5,0
"exon","CHG","Control","2",52.5,0
"exon","CHG","Control","2",57.5,0
"exon","CHG","Control","2",62.5,0
"exon","CHG","Control","2",67.5,0
"exon","CHG","Control","2",72.5,0
"exon","CHG","Control","2",77.5,0
"exon","CHG","Control","2",82.5,0
"exon","CHG","Control","2",87.5,0
"exon","CHG","Control","2",92.5,0
"exon","CHG","Control","2",97.5,0
"exon","CHG","Treatment","6",2.5,0
"exon","CHG","Treatment","6",7.5,0
"exon","CHG","Treatment","6",12.5,0
"exon","CHG","Treatment","6",17.5,0
"exon","CHG","Treatment","6",22.5,0
"exon","CHG","Treatment","6",27.5,0
"exon","CHG","Treatment","6",32.5,0
"exon","CHG","Treatment","6",37.5,0
"exon","CHG","Treatment","6",42.5,0
"exon","CHG","Treatment","6",47.5,0
"exon","CHG","Treatment","6",52.5,0
"exon","CHG","Treatment","6",57.5,0
"exon","CHG","Treatment","6",62.5,0
"exon","CHG","Treatment","6",67.5,0
"exon","CHG","Treatment","6",72.5,0
"exon","CHG","Treatment","6",77.5,0
"exon","CHG","Treatment","6",82.5,0
"exon","CHG","Treatment","6",87.5,0
"exon","CHG","Treatment","6",92.5,0
"exon","CHG","Treatment","6",97.5,0
"exon","CHG","Treatment","7",2.5,0
"exon","CHG","Treatment","7",7.5,0
"exon","CHG","Treatment","7",12.5,0
"exon","CHG","Treatment","7",17.5,0
"exon","CHG","Treatment","7",22.5,0
"exon","CHG","Treatment","7",27.5,0
"exon","CHG","Treatment","7",32.5,0
"exon","CHG","Treatment","7",37.5,0
"exon","CHG","Treatment","7",42.5,0
"exon","CHG","Treatment","7",47.5,0
"exon","CHG","Treatment","7",52.5,0
"exon","CHG","Treatment","7",57.5,0
"exon","CHG","Treatment","7",62.5,0
"exon","CHG","Treatment","7",67.5,0
"exon","CHG","Treatment","7",72.5,0
"exon","CHG","Treatment","7",77.5,0
"exon","CHG","Treatment","7",82.5,0
"exon","CHG","Treatment","7",87.5,0
"exon","CHG","Treatment","7",92.5,0
"exon","CHG","Treatment","7",97.5,0
"exon","CHG","Treatment","10",2.5,0
"exon","CHG","Treatment","10",7.5,0
"exon","CHG","Treatment","10",12.5,0
"exon","CHG","Treatment","10",17.5,0
"exon","CHG","Treatment","10",22.5,0
"exon","CHG","Treatment","10",27.5,0
"exon","CHG","Treatment","10",32.5,0
"exon","CHG","Treatment","10",37.5,0
"exon","CHG","Treatment","10",42.5,0
"exon","CHG","Treatment","10",47.5,0
"exon","CHG","Treatment","10",52.5,0
"exon","CHG","Treatment","10",57.5,0
"exon","CHG","Treatment","10",62.5,0
"exon","CHG","Treatment","10",67.5,0
"exon","CHG","Treatment","10",72.5,0
"exon","CHG","Treatment","10",77.5,0
"exon","CHG","Treatment","10",82.5,0
"exon","CHG","Treatment","10",87.5,0
"exon","CHG","Treatment","10",92.5,0
"exon","CHG","Treatment","10",97.5,0
"exon","CHG","Treatment","14",2.5,2880
"exon","CHG","Treatment","14",7.5,47
"exon","CHG","Treatment","14",12.5,4
"exon","CHG","Treatment","14",17.5,0
"exon","CHG","Treatment","14",22.5,0
"exon","CHG","Treatment","14",27.5,1
"exon","CHG","Treatment","14",32.5,0
"exon","CHG","Treatment","14",37.5,0
"exon","CHG","Treatment","14",42.5,0
"exon","CHG","Treatment","14",47.5,0
"exon","CHG","Treatment","14",52.5,0
"exon","CHG","Treatment","14",57.5,0
"exon","CHG","Treatment","14",62.5,0
"exon","CHG","Treatment","14",67.5,0
"exon","CHG","Treatment","14",72.5,0
"exon","CHG","Treatment","14",77.5,0
"exon","CHG","Treatment","14",82.5,0
"exon","CHG","Treatment","14",87.5,0
"exon","CHG","Treatment","14",92.5,0
"exon","CHG","Treatment","14",97.5,0
"exon","CHG","Treatment","20",2.5,1760
"exon","CHG","Treatment","20",7.5,29
"exon","CHG","Treatment","20",12.5,3
"exon","CHG","Treatment","20",17.5,6
"exon","CHG","Treatment","20",22.5,0
"exon","CHG","Treatment","20",27.5,0
"exon","CHG","Treatment","20",32.5,0
"exon","CHG","Treatment","20",37.5,1
"exon","CHG","Treatment","20",42.5,0
"exon","CHG","Treatment","20",47.5,0
"exon","CHG","Treatment","20",52.5,0
"exon","CHG","Treatment","20",57.5,0
"exon","CHG","Treatment","20",62.5,0
"exon","CHG","Treatment","20",67.5,0
"exon","CHG","Treatment","20",72.5,0
"exon","CHG","Treatment","20",77.5,0
"exon","CHG","Treatment","20",82.5,0
"exon","CHG","Treatment","20",87.5,0
"exon","CHG","Treatment","20",92.5,0
"exon","CHG","Treatment","20",97.5,0
"exon","CHG","Treatment","21",2.5,2177
"exon","CHG","Treatment","21",7.5,56
"exon","CHG","Treatment","21",12.5,2
"exon","CHG","Treatment","21",17.5,0
"exon","CHG","Treatment","21",22.5,0
"exon","CHG","Treatment","21",27.5,0
"exon","CHG","Treatment","21",32.5,0
"exon","CHG","Treatment","21",37.5,0
"exon","CHG","Treatment","21",42.5,0
"exon","CHG","Treatment","21",47.5,0
"exon","CHG","Treatment","21",52.5,0
"exon","CHG","Treatment","21",57.5,0
"exon","CHG","Treatment","21",62.5,0
"exon","CHG","Treatment","21",67.5,0
"exon","CHG","Treatment","21",72.5,0
"exon","CHG","Treatment","21",77.5,0
"exon","CHG","Treatment","21",82.5,0
"exon","CHG","Treatment","21",87.5,0
"exon","CHG","Treatment","21",92.5,0
"exon","CHG","Treatment","21",97.5,0
"exon","CHG","Treatment","11",2.5,0
"exon","CHG","Treatment","11",7.5,0
"exon","CHG","Treatment","11",12.5,0
"exon","CHG","Treatment","11",17.5,0
"exon","CHG","Treatment","11",22.5,0
"exon","CHG","Treatment","11",27.5,0
"exon","CHG","Treatment","11",32.5,0
"exon","CHG","Treatment","11",37.5,0
"exon","CHG","Treatment","11",42.5,0
"exon","CHG","Treatment","11",47.5,0
"exon","CHG","Treatment","11",52.5,0
"exon","CHG","Treatment","11",57.5,0
"exon","CHG","Treatment","11",62.5,0
"exon","CHG","Treatment","11",67.5,0
"exon","CHG","Treatment","11",72.5,0
"exon","CHG","Treatment","11",77.5,0
"exon","CHG","Treatment","11",82.5,0
"exon","CHG","Treatment","11",87.5,0
"exon","CHG","Treatment","11",92.5,0
"exon","CHG","Treatment","11",97.5,0
"exon","CHG","Treatment","2",2.5,6545
"exon","CHG","Treatment","2",7.5,150
"exon","CHG","Treatment","2",12.5,4
"exon","CHG","Treatment","2",17.5,3
"exon","CHG","Treatment","2",22.5,0
"exon","CHG","Treatment","2",27.5,0
"exon","CHG","Treatment","2",32.5,1
"exon","CHG","Treatment","2",37.5,1
"exon","CHG","Treatment","2",42.5,0
"exon","CHG","Treatment","2",47.5,0
"exon","CHG","Treatment","2",52.5,0
"exon","CHG","Treatment","2",57.5,0
"exon","CHG","Treatment","2",62.5,0
"exon","CHG","Treatment","2",67.5,0
"exon","CHG","Treatment","2",72.5,0
"exon","CHG","Treatment","2",77.5,0
"exon","CHG","Treatment","2",82.5,0
"exon","CHG","Treatment","2",87.5,0
"exon","CHG","Treatment","2",92.5,0
"exon","CHG","Treatment","2",97.5,0
"exon","CHH","Control","6",2.5,6636
"exon","CHH","Control","6",7.5,97
"exon","CHH","Control","6",12.5,2
"exon","CHH","Control","6",17.5,3
"exon","CHH","Control","6",22.5,0
"exon","CHH","Control","6",27.5,0
"exon","CHH","Control","6",32.5,0
"exon","CHH","Control","6",37.5,0
"exon","CHH","Control","6",42.5,0
"exon","CHH","Control","6",47.5,0
"exon","CHH","Control","6",52.5,0
"exon","CHH","Control","6",57.5,0
"exon","CHH","Control","6",62.5,0
"exon","CHH","Control","6",67.5,0
"exon","CHH","Control","6",72.5,0
"exon","CHH","Control","6",77.5,0
"exon","CHH","Control","6",82.5,0
"exon","CHH","Control","6",87.5,0
"exon","CHH","Control","6",92.5,0
"exon","CHH","Control","6",97.5,0
"exon","CHH","Control","7",2.5,11941
"exon","CHH","Control","7",7.5,190
"exon","CHH","Control","7",12.5,5
"exon","CHH","Control","7",17.5,6
"exon","CHH","Control","7",22.5,1
"exon","CHH","Control","7",27.5,0
"exon","CHH","Control","7",32.5,0
"exon","CHH","Control","7",37.5,0
"exon","CHH","Control","7",42.5,0
"exon","CHH","Control","7",47.5,0
"exon","CHH","Control","7",52.5,0
"exon","CHH","Control","7",57.5,0
"exon","CHH","Control","7",62.5,0
"exon","CHH","Control","7",67.5,0
"exon","CHH","Control","7",72.5,0
"exon","CHH","Control","7",77.5,0
"exon","CHH","Control","7",82.5,0
"exon","CHH","Control","7",87.5,0
"exon","CHH","Control","7",92.5,0
"exon","CHH","Control","7",97.5,0
"exon","CHH","Control","10",2.5,3378
"exon","CHH","Control","10",7.5,50
"exon","CHH","Control","10",12.5,2
"exon","CHH","Control","10",17.5,3
"exon","CHH","Control","10",22.5,0
"exon","CHH","Control","10",27.5,0
"exon","CHH","Control","10",32.5,0
"exon","CHH","Control","10",37.5,0
"exon","CHH","Control","10",42.5,0
"exon","CHH","Control","10",47.5,0
"exon","CHH","Control","10",52.5,0
"exon","CHH","Control","10",57.5,0
"exon","CHH","Control","10",62.5,0
"exon","CHH","Control","10",67.5,0
"exon","CHH","Control","10",72.5,0
"exon","CHH","Control","10",77.5,0
"exon","CHH","Control","10",82.5,0
"exon","CHH","Control","10",87.5,0
"exon","CHH","Control","10",92.5,0
"exon","CHH","Control","10",97.5,0
"exon","CHH","Control","14",2.5,0
"exon","CHH","Control","14",7.5,0
"exon","CHH","Control","14",12.5,0
"exon","CHH","Control","14",17.5,0
"exon","CHH","Control","14",22.5,0
"exon","CHH","Control","14",27.5,0
"exon","CHH","Control","14",32.5,0
"exon","CHH","Control","14",37.5,0
"exon","CHH","Control","14",42.5,0
"exon","CHH","Control","14",47.5,0
"exon","CHH","Control","14",52.5,0
"exon","CHH","Control","14",57.5,0
"exon","CHH","Control","14",62.5,0
"exon","CHH","Control","14",67.5,0
"exon","CHH","Control","14",72.5,0
"exon","CHH","Control","14",77.5,0
"exon","CHH","Control","14",82.5,0
"exon","CHH","Control","14",87.5,0
"exon","CHH","Control","14",92.5,0
"exon","CHH","Control","14",97.5,0
"exon","CHH","Control","20",2.5,0
"exon","CHH","Control","20",7.5,0
"exon","CHH","Control","20",12.5,0
"exon","CHH","Control","20",17.5,0
"exon","CHH","Control","20",22.5,0
"exon","CHH","Control","20",27.5,0
"exon","CHH","Control","20",32.5,0
"exon","CHH","Control","20",37.5,0
"exon","CHH","Control","20",42.5,0
"exon","CHH","Control","20",47.5,0
"exon","CHH","Control","20",52.5,0
"exon","CHH","Control","20",57.5,0
"exon","CHH","Control","20",62.5,0
"exon","CHH","Control","20",67.5,0
"exon","CHH","Control","20",72.5,0
"exon","CHH","Control","20",77.5,0
"exon","CHH","Control","20",82.5,0
"exon","CHH","Control","20",87.5,0
"exon","CHH","Control","20",92.5,0
"exon","CHH","Control","20",97.5,0
"exon","CHH","Control","21",2.5,0
"exon","CHH","Control","21",7.5,0
"exon","CHH","Control","21",12.5,0
"exon","CHH","Control","21",17.5,0
"exon","CHH","Control","21",22.5,0
"exon","CHH","Control","21",27.5,0
"exon","CHH","Control","21",32.5,0
"exon","CHH","Control","21",37.5,0
"exon","CHH","Control","21",42.5,0
"exon","CHH","Control","21",47.5,0
"exon","CHH","Control","21",52.5,0
"exon","CHH","Control","21",57.5,0
"exon","CHH","Control","21",62.5,0
"exon","CHH","Control","21",67.5,0
"exon","CHH","Control","21",72.5,0
"exon","CHH","Control","21",77.5,0
"exon","CHH","Control","21",82.5,0
"exon","CHH","Control","21",87.5,0
"exon","CHH","Control","21",92.5,0
"exon","CHH","Control","21",97.5,0
"exon","CHH","Control","11",2.5,4296
"exon","CHH","Control","11",7.5,104
"exon","CHH","Control","11",12.5,2
"exon","CHH","Control","11",17.5,4
"exon","CHH","Control","11",22.5,0
"exon","CHH","Control","11",27.5,0
"exon","CHH","Control","11",32.5,0
"exon","CHH","Control","11",37.5,0
"exon","CHH","Control","11",42.5,0
"exon","CHH","Control","11",47.5,0
"exon","CHH","Control","11",52.5,0
"exon","CHH","Control","11",57.5,0
"exon","CHH","Control","11",62.5,0
"exon","CHH","Control","11",67.5,0
"exon","CHH","Control","11",72.5,0
"exon","CHH","Control","11",77.5,0
"exon","CHH","Control","11",82.5,0
"exon","CHH","Control","11",87.5,0
"exon","CHH","Control","11",92.5,0
"exon","CHH","Control","11",97.5,0
"exon","CHH","Control","2",2.5,0
"exon","CHH","Control","2",7.5,0
"exon","CHH","Control","2",12.5,0
"exon","CHH","Control","2",17.5,0
"exon","CHH","Control","2",22.5,0
"exon","CHH","Control","2",27.5,0
"exon","CHH","Control","2",32.5,0
"exon","CHH","Control","2",37.5,0
"exon","CHH","Control","2",42.5,0
"exon","CHH","Control","2",47.5,0
"exon","CHH","Control","2",52.5,0
"exon","CHH","Control","2",57.5,0
"exon","CHH","Control","2",62.5,0
"exon","CHH","Control","2",67.5,0
"exon","CHH","Control","2",72.5,0
"exon","CHH","Control","2",77.5,0
"exon","CHH","Control","2",82.5,0
"exon","CHH","Control","2",87.5,0
"exon","CHH","Control","2",92.5,0
"exon","CHH","Control","2",97.5,0
"exon","CHH","Treatment","6",2.5,0
"exon","CHH","Treatment","6",7.5,0
"exon","CHH","Treatment","6",12.5,0
"exon","CHH","Treatment","6",17.5,0
"exon","CHH","Treatment","6",22.5,0
"exon","CHH","Treatment","6",27.5,0
"exon","CHH","Treatment","6",32.5,0
"exon","CHH","Treatment","6",37.5,0
"exon","CHH","Treatment","6",42.5,0
"exon","CHH","Treatment","6",47.5,0
"exon","CHH","Treatment","6",52.5,0
"exon","CHH","Treatment","6",57.5,0
"exon","CHH","Treatment","6",62.5,0
"exon","CHH","Treatment","6",67.5,0
"exon","CHH","Treatment","6",72.5,0
"exon","CHH","Treatment","6",77.5,0
"exon","CHH","Treatment","6",82.5,0
"exon","CHH","Treatment","6",87.5,0
"exon","CHH","Treatment","6",92.5,0
"exon","CHH","Treatment","6",97.5,0
"exon","CHH","Treatment","7",2.5,0
"exon","CHH","Treatment","7",7.5,0
"exon","CHH","Treatment","7",12.5,0
"exon","CHH","Treatment","7",17.5,0
"exon","CHH","Treatment","7",22.5,0
"exon","CHH","Treatment","7",27.5,0
"exon","CHH","Treatment","7",32.5,0
"exon","CHH","Treatment","7",37.5,0
"exon","CHH","Treatment","7",42.5,0
"exon","CHH","Treatment","7",47.5,0
"exon","CHH","Treatment","7",52.5,0
"exon","CHH","Treatment","7",57.5,0
"exon","CHH","Treatment","7",62.5,0
"exon","CHH","Treatment","7",67.5,0
"exon","CHH","Treatment","7",72.5,0
"exon","CHH","Treatment","7",77.5,0
"exon","CHH","Treatment","7",82.5,0
"exon","CHH","Treatment","7",87.5,0
"exon","CHH","Treatment","7",92.5,0
"exon","CHH","Treatment","7",97.5,0
"exon","CHH","Treatment","10",2.5,0
"exon","CHH","Treatment","10",7.5,0
"exon","CHH","Treatment","10",12.5,0
"exon","CHH","Treatment","10",17.5,0
"exon","CHH","Treatment","10",22.5,0
"exon","CHH","Treatment","10",27.5,0
"exon","CHH","Treatment","10",32.5,0
"exon","CHH","Treatment","10",37.5,0
"exon","CHH","Treatment","10",42.5,0
"exon","CHH","Treatment","10",47.5,0
"exon","CHH","Treatment","10",52.5,0
"exon","CHH","Treatment","10",57.5,0
"exon","CHH","Treatment","10",62.5,0
"exon","CHH","Treatment","10",67.5,0
"exon","CHH","Treatment","10",72.5,0
"exon","CHH","Treatment","10",77.5,0
"exon","CHH","Treatment","10",82.5,0
"exon","CHH","Treatment","10",87.5,0
"exon","CHH","Treatment","10",92.5,0
"exon","CHH","Treatment","10",97.5,0
"exon","CHH","Treatment","14",2.5,3558
"exon","CHH","Treatment","14",7.5,59
"exon","CHH","Treatment","14",12.5,1
"exon","CHH","Treatment","14",17.5,4
"exon","CHH","Treatment","14",22.5,0
"exon","CHH","Treatment","14",27.5,0
"exon","CHH","Treatment","14",32.5,0
"exon","CHH","Treatment","14",37.5,1
"exon","CHH","Treatment","14",42.5,0
"exon","CHH","Treatment","14",47.5,0
"exon","CHH","Treatment","14",52.5,0
"exon","CHH","Treatment","14",57.5,0
"exon","CHH","Treatment","14",62.5,0
"exon","CHH","Treatment","14",67.5,0
"exon","CHH","Treatment","14",72.5,0
"exon","CHH","Treatment","14",77.5,0
"exon","CHH","Treatment","14",82.5,0
"exon","CHH","Treatment","14",87.5,0
"exon","CHH","Treatment","14",92.5,0
"exon","CHH","Treatment","14",97.5,0
"exon","CHH","Treatment","20",2.5,2232
"exon","CHH","Treatment","20",7.5,43
"exon","CHH","Treatment","20",12.5,1
"exon","CHH","Treatment","20",17.5,5
"exon","CHH","Treatment","20",22.5,0
"exon","CHH","Treatment","20",27.5,0
"exon","CHH","Treatment","20",32.5,0
"exon","CHH","Treatment","20",37.5,0
"exon","CHH","Treatment","20",42.5,0
"exon","CHH","Treatment","20",47.5,0
"exon","CHH","Treatment","20",52.5,0
"exon","CHH","Treatment","20",57.5,0
"exon","CHH","Treatment","20",62.5,0
"exon","CHH","Treatment","20",67.5,0
"exon","CHH","Treatment","20",72.5,0
"exon","CHH","Treatment","20",77.5,0
"exon","CHH","Treatment","20",82.5,0
"exon","CHH","Treatment","20",87.5,0
"exon","CHH","Treatment","20",92.5,0
"exon","CHH","Treatment","20",97.5,0
"exon","CHH","Treatment","21",2.5,2754
"exon","CHH","Treatment","21",7.5,68
"exon","CHH","Treatment","21",12.5,0
"exon","CHH","Treatment","21",17.5,0
"exon","CHH","Treatment","21",22.5,0
"exon","CHH","Treatment","21",27.5,0
"exon","CHH","Treatment","21",32.5,0
"exon","CHH","Treatment","21",37.5,0
"exon","CHH","Treatment","21",42.5,0
"exon","CHH","Treatment","21",47.5,0
"exon","CHH","Treatment","21",52.5,0
"exon","CHH","Treatment","21",57.5,0
"exon","CHH","Treatment","21",62.5,0
"exon","CHH","Treatment","21",67.5,0
"exon","CHH","Treatment","21",72.5,0
"exon","CHH","Treatment","21",77.5,0
"exon","CHH","Treatment","21",82.5,0
"exon","CHH","Treatment","21",87.5,0
"exon","CHH","Treatment","21",92.5,0
"exon","CHH","Treatment","21",97.5,0
"exon","CHH","Treatment","11",2.5,0
"exon","CHH","Treatment","11",7.5,0
"exon","CHH","Treatment","11",12.5,0
"exon","CHH","Treatment","11",17.5,0
"exon","CHH","Treatment","11",22.5,0
"exon","CHH","Treatment","11",27.5,0
"exon","CHH","Treatment","11",32.5,0
"exon","CHH","Treatment","11",37.5,0
"exon","CHH","Treatment","11",42.5,0
"exon","CHH","Treatment","11",47.5,0
"exon","CHH","Treatment","11",52.5,0
"exon","CHH","Treatment","11",57.5,0
"exon","CHH","Treatment","11",62.5,0
"exon","CHH","Treatment","11",67.5,0
"exon","CHH","Treatment","11",72.5,0
"exon","CHH","Treatment","11",77.5,0
"exon","CHH","Treatment","11",82.5,0
"exon","CHH","Treatment","11",87.5,0
"exon","CHH","Treatment","11",92.5,0
"exon","CHH","Treatment","11",97.5,0
"exon","CHH","Treatment","2",2.5,8258
"exon","CHH","Treatment","2",7.5,203
"exon","CHH","Treatment","2",12.5,4
"exon","CHH","Treatment","2",17.5,4
"exon","CHH","Treatment","2",22.5,1
"exon","CHH","Treatment","2",27.5,0
"exon","CHH","Treatment","2",32.5,0
"exon","CHH","Treatment","2",37.5,1
"exon","CHH","Treatment","2",42.5,0
"exon","CHH","Treatment","2",47.5,0
"exon","CHH","Treatment","2",52.5,0
"exon","CHH","Treatment","2",57.5,0
"exon","CHH","Treatment","2",62.5,0
"exon","CHH","Treatment","2",67.5,0
"exon","CHH","Treatment","2",72.5,0
"exon","CHH","Treatment","2",77.5,0
"exon","CHH","Treatment","2",82.5,0
"exon","CHH","Treatment","2",87.5,0
"exon","CHH","Treatment","2",92.5,0
"exon","CHH","Treatment","2",97.5,0
"five_prime_UTR","CpG","Control","6",2.5,189
"five_prime_UTR","CpG","Control","6",7.5,5
"five_prime_UTR","CpG","Control","6",12.5,0
"five_prime_UTR","CpG","Control","6",17.5,2
"five_prime_UTR","CpG","Control","6",22.5,0
"five_prime_UTR","CpG","Control","6",27.5,0
"five_prime_UTR","CpG","Control","6",32.5,2
"five_prime_UTR","CpG","Control","6",37.5,0
"five_prime_UTR","CpG","Control","6",42.5,2
"five_prime_UTR","CpG","Control","6",47.5,1
"five_prime_UTR","CpG","Control","6",52.5,0
"five_prime_UTR","CpG","Control","6",57.5,0
"five_prime_UTR","CpG","Control","6",62.5,1
"five_prime_UTR","CpG","Control","6",67.5,0
"five_prime_UTR","CpG","Control","6",72.5,0
"five_prime_UTR","CpG","Control","6",77.5,0
"five_prime_UTR","CpG","Control","6",82.5,0
"five_prime_UTR","CpG","Control","6",87.5,0
"five_prime_UTR","CpG","Control","6",92.5,0
"five_prime_UTR","CpG","Control","6",97.5,3
"five_prime_UTR","CpG","Control","7",2.5,372
"five_prime_UTR","CpG","Control","7",7.5,7
"five_prime_UTR","CpG","Control","7",12.5,1
"five_prime_UTR","CpG","Control","7",17.5,2
"five_prime_UTR","CpG","Control","7",22.5,2
"five_prime_UTR","CpG","Control","7",27.5,1
"five_prime_UTR","CpG","Control","7",32.5,2
"five_prime_UTR","CpG","Control","7",37.5,2
"five_prime_UTR","CpG","Control","7",42.5,2
"five_prime_UTR","CpG","Control","7",47.5,1
"five_prime_UTR","CpG","Control","7",52.5,0
"five_prime_UTR","CpG","Control","7",57.5,0
"five_prime_UTR","CpG","Control","7",62.5,0
"five_prime_UTR","CpG","Control","7",67.5,0
"five_prime_UTR","CpG","Control","7",72.5,0
"five_prime_UTR","CpG","Control","7",77.5,2
"five_prime_UTR","CpG","Control","7",82.5,0
"five_prime_UTR","CpG","Control","7",87.5,1
"five_prime_UTR","CpG","Control","7",92.5,0
"five_prime_UTR","CpG","Control","7",97.5,5
"five_prime_UTR","CpG","Control","10",2.5,77
"five_prime_UTR","CpG","Control","10",7.5,3
"five_prime_UTR","CpG","Control","10",12.5,0
"five_prime_UTR","CpG","Control","10",17.5,0
"five_prime_UTR","CpG","Control","10",22.5,0
"five_prime_UTR","CpG","Control","10",27.5,0
"five_prime_UTR","CpG","Control","10",32.5,0
"five_prime_UTR","CpG","Control","10",37.5,0
"five_prime_UTR","CpG","Control","10",42.5,0
"five_prime_UTR","CpG","Control","10",47.5,1
"five_prime_UTR","CpG","Control","10",52.5,1
"five_prime_UTR","CpG","Control","10",57.5,0
"five_prime_UTR","CpG","Control","10",62.5,0
"five_prime_UTR","CpG","Control","10",67.5,0
"five_prime_UTR","CpG","Control","10",72.5,0
"five_prime_UTR","CpG","Control","10",77.5,0
"five_prime_UTR","CpG","Control","10",82.5,2
"five_prime_UTR","CpG","Control","10",87.5,0
"five_prime_UTR","CpG","Control","10",92.5,0
"five_prime_UTR","CpG","Control","10",97.5,0
"five_prime_UTR","CpG","Control","14",2.5,0
"five_prime_UTR","CpG","Control","14",7.5,0
"five_prime_UTR","CpG","Control","14",12.5,0
"five_prime_UTR","CpG","Control","14",17.5,0
"five_prime_UTR","CpG","Control","14",22.5,0
"five_prime_UTR","CpG","Control","14",27.5,0
"five_prime_UTR","CpG","Control","14",32.5,0
"five_prime_UTR","CpG","Control","14",37.5,0
"five_prime_UTR","CpG","Control","14",42.5,0
"five_prime_UTR","CpG","Control","14",47.5,0
"five_prime_UTR","CpG","Control","14",52.5,0
"five_prime_UTR","CpG","Control","14",57.5,0
"five_prime_UTR","CpG","Control","14",62.5,0
"five_prime_UTR","CpG","Control","14",67.5,0
"five_prime_UTR","CpG","Control","14",72.5,0
"five_prime_UTR","CpG","Control","14",77.5,0
"five_prime_UTR","CpG","Control","14",82.5,0
"five_prime_UTR","CpG","Control","14",87.5,0
"five_prime_UTR","CpG","Control","14",92.5,0
"five_prime_UTR","CpG","Control","14",97.5,0
"five_prime_UTR","CpG","Control","20",2.5,0
"five_prime_UTR","CpG","Control","20",7.5,0
"five_prime_UTR","CpG","Control","20",12.5,0
"five_prime_UTR","CpG","Control","20",17.5,0
"five_prime_UTR","CpG","Control","20",22.5,0
"five_prime_UTR","CpG","Control","20",27.5,0
"five_prime_UTR","CpG","Control","20",32.5,0
"five_prime_UTR","CpG","Control","20",37.5,0
"five_prime_UTR","CpG","Control","20",42.5,0
"five_prime_UTR","CpG","Control","20",47.5,0
"five_prime_UTR","CpG","Control","20",52.5,0
"five_prime_UTR","CpG","Control","20",57.5,0
"five_prime_UTR","CpG","Control","20",62.5,0
"five_prime_UTR","CpG","Control","20",67.5,0
"five_prime_UTR","CpG","Control","20",72.5,0
"five_prime_UTR","CpG","Control","20",77.5,0
"five_prime_UTR","CpG","Control","20",82.5,0
"five_prime_UTR","CpG","Control","20",87.5,0
"five_prime_UTR","CpG","Control","20",92.5,0
"five_prime_UTR","CpG","Control","20",97.5,0
"five_prime_UTR","CpG","Control","21",2.5,0
"five_prime_UTR","CpG","Control","21",7.5,0
"five_prime_UTR","CpG","Control","21",12.5,0
"five_prime_UTR","CpG","Control","21",17.5,0
"five_prime_UTR","CpG","Control","21",22.5,0
"five_prime_UTR","CpG","Control","21",27.5,0
"five_prime_UTR","CpG","Control","21",32.5,0
"five_prime_UTR","CpG","Control","21",37.5,0
"five_prime_UTR","CpG","Control","21",42.5,0
"five_prime_UTR","CpG","Control","21",47.5,0
"five_prime_UTR","CpG","Control","21",52.5,0
"five_prime_UTR","CpG","Control","21",57.5,0
"five_prime_UTR","CpG","Control","21",62.5,0
"five_prime_UTR","CpG","Control","21",67.5,0
"five_prime_UTR","CpG","Control","21",72.5,0
"five_prime_UTR","CpG","Control","21",77.5,0
"five_prime_UTR","CpG","Control","21",82.5,0
"five_prime_UTR","CpG","Control","21",87.5,0
"five_prime_UTR","CpG","Control","21",92.5,0
"five_prime_UTR","CpG","Control","21",97.5,0
"five_prime_UTR","CpG","Control","11",2.5,123
"five_prime_UTR","CpG","Control","11",7.5,3
"five_prime_UTR","CpG","Control","11",12.5,0
"five_prime_UTR","CpG","Control","11",17.5,2
"five_prime_UTR","CpG","Control","11",22.5,0
"five_prime_UTR","CpG","Control","11",27.5,0
"five_prime_UTR","CpG","Control","11",32.5,1
"five_prime_UTR","CpG","Control","11",37.5,0
"five_prime_UTR","CpG","Control","11",42.5,1
"five_prime_UTR","CpG","Control","11",47.5,0
"five_prime_UTR","CpG","Control","11",52.5,0
"five_prime_UTR","CpG","Control","11",57.5,0
"five_prime_UTR","CpG","Control","11",62.5,0
"five_prime_UTR","CpG","Control","11",67.5,0
"five_prime_UTR","CpG","Control","11",72.5,0
"five_prime_UTR","CpG","Control","11",77.5,1
"five_prime_UTR","CpG","Control","11",82.5,0
"five_prime_UTR","CpG","Control","11",87.5,1
"five_prime_UTR","CpG","Control","11",92.5,0
"five_prime_UTR","CpG","Control","11",97.5,2
"five_prime_UTR","CpG","Control","2",2.5,0
"five_prime_UTR","CpG","Control","2",7.5,0
"five_prime_UTR","CpG","Control","2",12.5,0
"five_prime_UTR","CpG","Control","2",17.5,0
"five_prime_UTR","CpG","Control","2",22.5,0
"five_prime_UTR","CpG","Control","2",27.5,0
"five_prime_UTR","CpG","Control","2",32.5,0
"five_prime_UTR","CpG","Control","2",37.5,0
"five_prime_UTR","CpG","Control","2",42.5,0
"five_prime_UTR","CpG","Control","2",47.5,0
"five_prime_UTR","CpG","Control","2",52.5,0
"five_prime_UTR","CpG","Control","2",57.5,0
"five_prime_UTR","CpG","Control","2",62.5,0
"five_prime_UTR","CpG","Control","2",67.5,0
"five_prime_UTR","CpG","Control","2",72.5,0
"five_prime_UTR","CpG","Control","2",77.5,0
"five_prime_UTR","CpG","Control","2",82.5,0
"five_prime_UTR","CpG","Control","2",87.5,0
"five_prime_UTR","CpG","Control","2",92.5,0
"five_prime_UTR","CpG","Control","2",97.5,0
"five_prime_UTR","CpG","Treatment","6",2.5,0
"five_prime_UTR","CpG","Treatment","6",7.5,0
"five_prime_UTR","CpG","Treatment","6",12.5,0
"five_prime_UTR","CpG","Treatment","6",17.5,0
"five_prime_UTR","CpG","Treatment","6",22.5,0
"five_prime_UTR","CpG","Treatment","6",27.5,0
"five_prime_UTR","CpG","Treatment","6",32.5,0
"five_prime_UTR","CpG","Treatment","6",37.5,0
"five_prime_UTR","CpG","Treatment","6",42.5,0
"five_prime_UTR","CpG","Treatment","6",47.5,0
"five_prime_UTR","CpG","Treatment","6",52.5,0
"five_prime_UTR","CpG","Treatment","6",57.5,0
"five_prime_UTR","CpG","Treatment","6",62.5,0
"five_prime_UTR","CpG","Treatment","6",67.5,0
"five_prime_UTR","CpG","Treatment","6",72.5,0
"five_prime_UTR","CpG","Treatment","6",77.5,0
"five_prime_UTR","CpG","Treatment","6",82.5,0
"five_prime_UTR","CpG","Treatment","6",87.5,0
"five_prime_UTR","CpG","Treatment","6",92.5,0
"five_prime_UTR","CpG","Treatment","6",97.5,0
"five_prime_UTR","CpG","Treatment","7",2.5,0
"five_prime_UTR","CpG","Treatment","7",7.5,0
"five_prime_UTR","CpG","Treatment","7",12.5,0
"five_prime_UTR","CpG","Treatment","7",17.5,0
"five_prime_UTR","CpG","Treatment","7",22.5,0
"five_prime_UTR","CpG","Treatment","7",27.5,0
"five_prime_UTR","CpG","Treatment","7",32.5,0
"five_prime_UTR","CpG","Treatment","7",37.5,0
"five_prime_UTR","CpG","Treatment","7",42.5,0
"five_prime_UTR","CpG","Treatment","7",47.5,0
"five_prime_UTR","CpG","Treatment","7",52.5,0
"five_prime_UTR","CpG","Treatment","7",57.5,0
"five_prime_UTR","CpG","Treatment","7",62.5,0
"five_prime_UTR","CpG","Treatment","7",67.5,0
"five_prime_UTR","CpG","Treatment","7",72.5,0
"five_prime_UTR","CpG","Treatment","7",77.5,0
"five_prime_UTR","CpG","Treatment","7",82.5,0
"five_prime_UTR","CpG","Treatment","7",87.5,0
"five_prime_UTR","CpG","Treatment","7",92.5,0
"five_prime_UTR","CpG","Treatment","7",97.5,0
"five_prime_UTR","CpG","Treatment","10",2.5,0
"five_prime_UTR","CpG","Treatment","10",7.5,0
"five_prime_UTR","CpG","Treatment","10",12.5,0
"five_prime_UTR","CpG","Treatment","10",17.5,0
"five_prime_UTR","CpG","Treatment","10",22.5,0
"five_prime_UTR","CpG","Treatment","10",27.5,0
"five_prime_UTR","CpG","Treatment","10",32.5,0
"five_prime_UTR","CpG","Treatment","10",37.5,0
"five_prime_UTR","CpG","Treatment","10",42.5,0
"five_prime_UTR","CpG","Treatment","10",47.5,0
"five_prime_UTR","CpG","Treatment","10",52.5,0
"five_prime_UTR","CpG","Treatment","10",57.5,0
"five_prime_UTR","CpG","Treatment","10",62.5,0
"five_prime_UTR","CpG","Treatment","10",67.5,0
"five_prime_UTR","CpG","Treatment","10",72.5,0
"five_prime_UTR","CpG","Treatment","10",77.5,0
"five_prime_UTR","CpG","Treatment","10",82.5,0
"five_prime_UTR","CpG","Treatment","10",87.5,0
"five_prime_UTR","CpG","Treatment","10",92.5,0
"five_prime_UTR","CpG","Treatment","10",97.5,0
"five_prime_UTR","CpG","Treatment","14",2.5,112
"five_prime_UTR","CpG","Treatment","14",7.5,1
"five_prime_UTR","CpG","Treatment","14",12.5,0
"five_prime_UTR","CpG","Treatment","14",17.5,0
"five_prime_UTR","CpG","Treatment","14",22.5,1
"five_prime_UTR","CpG","Treatment","14",27.5,0
"five_prime_UTR","CpG","Treatment","14",32.5,0
"five_prime_UTR","CpG","Treatment","14",37.5,0
"five_prime_UTR","CpG","Treatment","14",42.5,0
"five_prime_UTR","CpG","Treatment","14",47.5,0
"five_prime_UTR","CpG","Treatment","14",52.5,1
"five_prime_UTR","CpG","Treatment","14",57.5,0
"five_prime_UTR","CpG","Treatment","14",62.5,0
"five_prime_UTR","CpG","Treatment","14",67.5,0
"five_prime_UTR","CpG","Treatment","14",72.5,0
"five_prime_UTR","CpG","Treatment","14",77.5,1
"five_prime_UTR","CpG","Treatment","14",82.5,0
"five_prime_UTR","CpG","Treatment","14",87.5,0
"five_prime_UTR","CpG","Treatment","14",92.5,0
"five_prime_UTR","CpG","Treatment","14",97.5,4
"five_prime_UTR","CpG","Treatment","20",2.5,45
"five_prime_UTR","CpG","Treatment","20",7.5,1
"five_prime_UTR","CpG","Treatment","20",12.5,0
"five_prime_UTR","CpG","Treatment","20",17.5,1
"five_prime_UTR","CpG","Treatment","20",22.5,0
"five_prime_UTR","CpG","Treatment","20",27.5,0
"five_prime_UTR","CpG","Treatment","20",32.5,0
"five_prime_UTR","CpG","Treatment","20",37.5,0
"five_prime_UTR","CpG","Treatment","20",42.5,0
"five_prime_UTR","CpG","Treatment","20",47.5,0
"five_prime_UTR","CpG","Treatment","20",52.5,0
"five_prime_UTR","CpG","Treatment","20",57.5,0
"five_prime_UTR","CpG","Treatment","20",62.5,0
"five_prime_UTR","CpG","Treatment","20",67.5,2
"five_prime_UTR","CpG","Treatment","20",72.5,0
"five_prime_UTR","CpG","Treatment","20",77.5,0
"five_prime_UTR","CpG","Treatment","20",82.5,0
"five_prime_UTR","CpG","Treatment","20",87.5,0
"five_prime_UTR","CpG","Treatment","20",92.5,0
"five_prime_UTR","CpG","Treatment","20",97.5,1
"five_prime_UTR","CpG","Treatment","21",2.5,63
"five_prime_UTR","CpG","Treatment","21",7.5,1
"five_prime_UTR","CpG","Treatment","21",12.5,0
"five_prime_UTR","CpG","Treatment","21",17.5,0
"five_prime_UTR","CpG","Treatment","21",22.5,0
"five_prime_UTR","CpG","Treatment","21",27.5,0
"five_prime_UTR","CpG","Treatment","21",32.5,0
"five_prime_UTR","CpG","Treatment","21",37.5,0
"five_prime_UTR","CpG","Treatment","21",42.5,0
"five_prime_UTR","CpG","Treatment","21",47.5,1
"five_prime_UTR","CpG","Treatment","21",52.5,0
"five_prime_UTR","CpG","Treatment","21",57.5,0
"five_prime_UTR","CpG","Treatment","21",62.5,0
"five_prime_UTR","CpG","Treatment","21",67.5,0
"five_prime_UTR","CpG","Treatment","21",72.5,0
"five_prime_UTR","CpG","Treatment","21",77.5,0
"five_prime_UTR","CpG","Treatment","21",82.5,0
"five_prime_UTR","CpG","Treatment","21",87.5,0
"five_prime_UTR","CpG","Treatment","21",92.5,0
"five_prime_UTR","CpG","Treatment","21",97.5,3
"five_prime_UTR","CpG","Treatment","11",2.5,0
"five_prime_UTR","CpG","Treatment","11",7.5,0
"five_prime_UTR","CpG","Treatment","11",12.5,0
"five_prime_UTR","CpG","Treatment","11",17.5,0
"five_prime_UTR","CpG","Treatment","11",22.5,0
"five_prime_UTR","CpG","Treatment","11",27.5,0
"five_prime_UTR","CpG","Treatment","11",32.5,0
"five_prime_UTR","CpG","Treatment","11",37.5,0
"five_prime_UTR","CpG","Treatment","11",42.5,0
"five_prime_UTR","CpG","Treatment","11",47.5,0
"five_prime_UTR","CpG","Treatment","11",52.5,0
"five_prime_UTR","CpG","Treatment","11",57.5,0
"five_prime_UTR","CpG","Treatment","11",62.5,0
"five_prime_UTR","CpG","Treatment","11",67.5,0
"five_prime_UTR","CpG","Treatment","11",72.5,0
"five_prime_UTR","CpG","Treatment","11",77.5,0
"five_prime_UTR","CpG","Treatment","11",82.5,0
"five_prime_UTR","CpG","Treatment","11",87.5,0
"five_prime_UTR","CpG","Treatment","11",92.5,0
"five_prime_UTR","CpG","Treatment","11",97.5,0
"five_prime_UTR","CpG","Treatment","2",2.5,267
"five_prime_UTR","CpG","Treatment","2",7.5,9
"five_prime_UTR","CpG","Treatment","2",12.5,0
"five_prime_UTR","CpG","Treatment","2",17.5,1
"five_prime_UTR","CpG","Treatment","2",22.5,0
"five_prime_UTR","CpG","Treatment","2",27.5,1
"five_prime_UTR","CpG","Treatment","2",32.5,0
"five_prime_UTR","CpG","Treatment","2",37.5,1
"five_prime_UTR","CpG","Treatment","2",42.5,0
"five_prime_UTR","CpG","Treatment","2",47.5,1
"five_prime_UTR","CpG","Treatment","2",52.5,0
"five_prime_UTR","CpG","Treatment","2",57.5,1
"five_prime_UTR","CpG","Treatment","2",62.5,1
"five_prime_UTR","CpG","Treatment","2",67.5,2
"five_prime_UTR","CpG","Treatment","2",72.5,3
"five_prime_UTR","CpG","Treatment","2",77.5,1
"five_prime_UTR","CpG","Treatment","2",82.5,0
"five_prime_UTR","CpG","Treatment","2",87.5,4
"five_prime_UTR","CpG","Treatment","2",92.5,0
"five_prime_UTR","CpG","Treatment","2",97.5,2
"five_prime_UTR","CHG","Control","6",2.5,203
"five_prime_UTR","CHG","Control","6",7.5,4
"five_prime_UTR","CHG","Control","6",12.5,0
"five_prime_UTR","CHG","Control","6",17.5,0
"five_prime_UTR","CHG","Control","6",22.5,0
"five_prime_UTR","CHG","Control","6",27.5,0
"five_prime_UTR","CHG","Control","6",32.5,0
"five_prime_UTR","CHG","Control","6",37.5,0
"five_prime_UTR","CHG","Control","6",42.5,0
"five_prime_UTR","CHG","Control","6",47.5,0
"five_prime_UTR","CHG","Control","6",52.5,0
"five_prime_UTR","CHG","Control","6",57.5,0
"five_prime_UTR","CHG","Control","6",62.5,0
"five_prime_UTR","CHG","Control","6",67.5,0
"five_prime_UTR","CHG","Control","6",72.5,0
"five_prime_UTR","CHG","Control","6",77.5,0
"five_prime_UTR","CHG","Control","6",82.5,0
"five_prime_UTR","CHG","Control","6",87.5,0
"five_prime_UTR","CHG","Control","6",92.5,0
"five_prime_UTR","CHG","Control","6",97.5,0
"five_prime_UTR","CHG","Control","7",2.5,423
"five_prime_UTR","CHG","Control","7",7.5,10
"five_prime_UTR","CHG","Control","7",12.5,0
"five_prime_UTR","CHG","Control","7",17.5,0
"five_prime_UTR","CHG","Control","7",22.5,0
"five_prime_UTR","CHG","Control","7",27.5,0
"five_prime_UTR","CHG","Control","7",32.5,0
"five_prime_UTR","CHG","Control","7",37.5,0
"five_prime_UTR","CHG","Control","7",42.5,0
"five_prime_UTR","CHG","Control","7",47.5,0
"five_prime_UTR","CHG","Control","7",52.5,0
"five_prime_UTR","CHG","Control","7",57.5,0
"five_prime_UTR","CHG","Control","7",62.5,0
"five_prime_UTR","CHG","Control","7",67.5,0
"five_prime_UTR","CHG","Control","7",72.5,0
"five_prime_UTR","CHG","Control","7",77.5,0
"five_prime_UTR","CHG","Control","7",82.5,0
"five_prime_UTR","CHG","Control","7",87.5,0
"five_prime_UTR","CHG","Control","7",92.5,0
"five_prime_UTR","CHG","Control","7",97.5,0
"five_prime_UTR","CHG","Control","10",2.5,75
"five_prime_UTR","CHG","Control","10",7.5,4
"five_prime_UTR","CHG","Control","10",12.5,0
"five_prime_UTR","CHG","Control","10",17.5,0
"five_prime_UTR","CHG","Control","10",22.5,0
"five_prime_UTR","CHG","Control","10",27.5,0
"five_prime_UTR","CHG","Control","10",32.5,0
"five_prime_UTR","CHG","Control","10",37.5,0
"five_prime_UTR","CHG","Control","10",42.5,0
"five_prime_UTR","CHG","Control","10",47.5,0
"five_prime_UTR","CHG","Control","10",52.5,0
"five_prime_UTR","CHG","Control","10",57.5,0
"five_prime_UTR","CHG","Control","10",62.5,0
"five_prime_UTR","CHG","Control","10",67.5,0
"five_prime_UTR","CHG","Control","10",72.5,0
"five_prime_UTR","CHG","Control","10",77.5,0
"five_prime_UTR","CHG","Control","10",82.5,0
"five_prime_UTR","CHG","Control","10",87.5,0
"five_prime_UTR","CHG","Control","10",92.5,0
"five_prime_UTR","CHG","Control","10",97.5,0
"five_prime_UTR","CHG","Control","14",2.5,0
"five_prime_UTR","CHG","Control","14",7.5,0
"five_prime_UTR","CHG","Control","14",12.5,0
"five_prime_UTR","CHG","Control","14",17.5,0
"five_prime_UTR","CHG","Control","14",22.5,0
"five_prime_UTR","CHG","Control","14",27.5,0
"five_prime_UTR","CHG","Control","14",32.5,0
"five_prime_UTR","CHG","Control","14",37.5,0
"five_prime_UTR","CHG","Control","14",42.5,0
"five_prime_UTR","CHG","Control","14",47.5,0
"five_prime_UTR","CHG","Control","14",52.5,0
"five_prime_UTR","CHG","Control","14",57.5,0
"five_prime_UTR","CHG","Control","14",62.5,0
"five_prime_UTR","CHG","Control","14",67.5,0
"five_prime_UTR","CHG","Control","14",72.5,0
"five_prime_UTR","CHG","Control","14",77.5,0
"five_prime_UTR","CHG","Control","14",82.5,0
"five_prime_UTR","CHG","Control","14",87.5,0
"five_prime_UTR","CHG","Control","14",92.5,0
"five_prime_UTR","CHG","Control","14",97.5,0
"five_prime_UTR","CHG","Control","20",2.5,0
"five_prime_UTR","CHG","Control","20",7.5,0
"five_prime_UTR","CHG","Control","20",12.5,0
"five_prime_UTR","CHG","Control","20",17.5,0
"five_prime_UTR","CHG","Control","20",22.5,0
"five_prime_UTR","CHG","Control","20",27.5,0
"five_prime_UTR","CHG","Control","20",32.5,0
"five_prime_UTR","CHG","Control","20",37.5,0
"five_prime_UTR","CHG","Control","20",42.5,0
"five_prime_UTR","CHG","Control","20",47.5,0
"five_prime_UTR","CHG","Control","20",52.5,0
"five_prime_UTR","CHG","Control","20",57.5,0
"five_prime_UTR","CHG","Control","20",62.5,0
"five_prime_UTR","CHG","Control","20",67.5,0
"five_prime_UTR","CHG","Control","20",72.5,0
"five_prime_UTR","CHG","Control","20",77.5,0
"five_prime_UTR","CHG","Control","20",82.5,0
"five_prime_UTR","CHG","Control","20",87.5,0
"five_prime_UTR","CHG","Control","20",92.5,0
"five_prime_UTR","CHG","Control","20",97.5,0
"five_prime_UTR","CHG","Control","21",2.5,0
"five_prime_UTR","CHG","Control","21",7.5,0
"five_prime_UTR","CHG","Control","21",12.5,0
"five_prime_UTR","CHG","Control","21",17.5,0
"five_prime_UTR","CHG","Control","21",22.5,0
"five_prime_UTR","CHG","Control","21",27.5,0
"five_prime_UTR","CHG","Control","21",32.5,0
"five_prime_UTR","CHG","Control","21",37.5,0
"five_prime_UTR","CHG","Control","21",42.5,0
"five_prime_UTR","CHG","Control","21",47.5,0
"five_prime_UTR","CHG","Control","21",52.5,0
"five_prime_UTR","CHG","Control","21",57.5,0
"five_prime_UTR","CHG","Control","21",62.5,0
"five_prime_UTR","CHG","Control","21",67.5,0
"five_prime_UTR","CHG","Control","21",72.5,0
"five_prime_UTR","CHG","Control","21",77.5,0
"five_prime_UTR","CHG","Control","21",82.5,0
"five_prime_UTR","CHG","Control","21",87.5,0
"five_prime_UTR","CHG","Control","21",92.5,0
"five_prime_UTR","CHG","Control","21",97.5,0
"five_prime_UTR","CHG","Control","11",2.5,128
"five_prime_UTR","CHG","Control","11",7.5,0
"five_prime_UTR","CHG","Control","11",12.5,0
"five_prime_UTR","CHG","Control","11",17.5,0
"five_prime_UTR","CHG","Control","11",22.5,0
"five_prime_UTR","CHG","Control","11",27.5,0
"five_prime_UTR","CHG","Control","11",32.5,0
"five_prime_UTR","CHG","Control","11",37.5,0
"five_prime_UTR","CHG","Control","11",42.5,0
"five_prime_UTR","CHG","Control","11",47.5,0
"five_prime_UTR","CHG","Control","11",52.5,0
"five_prime_UTR","CHG","Control","11",57.5,0
"five_prime_UTR","CHG","Control","11",62.5,0
"five_prime_UTR","CHG","Control","11",67.5,0
"five_prime_UTR","CHG","Control","11",72.5,0
"five_prime_UTR","CHG","Control","11",77.5,0
"five_prime_UTR","CHG","Control","11",82.5,0
"five_prime_UTR","CHG","Control","11",87.5,0
"five_prime_UTR","CHG","Control","11",92.5,0
"five_prime_UTR","CHG","Control","11",97.5,0
"five_prime_UTR","CHG","Control","2",2.5,0
"five_prime_UTR","CHG","Control","2",7.5,0
"five_prime_UTR","CHG","Control","2",12.5,0
"five_prime_UTR","CHG","Control","2",17.5,0
"five_prime_UTR","CHG","Control","2",22.5,0
"five_prime_UTR","CHG","Control","2",27.5,0
"five_prime_UTR","CHG","Control","2",32.5,0
"five_prime_UTR","CHG","Control","2",37.5,0
"five_prime_UTR","CHG","Control","2",42.5,0
"five_prime_UTR","CHG","Control","2",47.5,0
"five_prime_UTR","CHG","Control","2",52.5,0
"five_prime_UTR","CHG","Control","2",57.5,0
"five_prime_UTR","CHG","Control","2",62.5,0
"five_prime_UTR","CHG","Control","2",67.5,0
"five_prime_UTR","CHG","Control","2",72.5,0
"five_prime_UTR","CHG","Control","2",77.5,0
"five_prime_UTR","CHG","Control","2",82.5,0
"five_prime_UTR","CHG","Control","2",87.5,0
"five_prime_UTR","CHG","Control","2",92.5,0
"five_prime_UTR","CHG","Control","2",97.5,0
"five_prime_UTR","CHG","Treatment","6",2.5,0
"five_prime_UTR","CHG","Treatment","6",7.5,0
"five_prime_UTR","CHG","Treatment","6",12.5,0
"five_prime_UTR","CHG","Treatment","6",17.5,0
"five_prime_UTR","CHG","Treatment","6",22.5,0
"five_prime_UTR","CHG","Treatment","6",27.5,0
"five_prime_UTR","CHG","Treatment","6",32.5,0
"five_prime_UTR","CHG","Treatment","6",37.5,0
"five_prime_UTR","CHG","Treatment","6",42.5,0
"five_prime_UTR","CHG","Treatment","6",47.5,0
"five_prime_UTR","CHG","Treatment","6",52.5,0
"five_prime_UTR","CHG","Treatment","6",57.5,0
"five_prime_UTR","CHG","Treatment","6",62.5,0
"five_prime_UTR","CHG","Treatment","6",67.5,0
"five_prime_UTR","CHG","Treatment","6",72.5,0
"five_prime_UTR","CHG","Treatment","6",77.5,0
"five_prime_UTR","CHG","Treatment","6",82.5,0
"five_prime_UTR","CHG","Treatment","6",87.5,0
"five_prime_UTR","CHG","Treatment","6",92.5,0
"five_prime_UTR","CHG","Treatment","6",97.5,0
"five_prime_UTR","CHG","Treatment","7",2.5,0
"five_prime_UTR","CHG","Treatment","7",7.5,0
"five_prime_UTR","CHG","Treatment","7",12.5,0
"five_prime_UTR","CHG","Treatment","7",17.5,0
"five_prime_UTR","CHG","Treatment","7",22.5,0
"five_prime_UTR","CHG","Treatment","7",27.5,0
"five_prime_UTR","CHG","Treatment","7",32.5,0
"five_prime_UTR","CHG","Treatment","7",37.5,0
"five_prime_UTR","CHG","Treatment","7",42.5,0
"five_prime_UTR","CHG","Treatment","7",47.5,0
"five_prime_UTR","CHG","Treatment","7",52.5,0
"five_prime_UTR","CHG","Treatment","7",57.5,0
"five_prime_UTR","CHG","Treatment","7",62.5,0
"five_prime_UTR","CHG","Treatment","7",67.5,0
"five_prime_UTR","CHG","Treatment","7",72.5,0
"five_prime_UTR","CHG","Treatment","7",77.5,0
"five_prime_UTR","CHG","Treatment","7",82.5,0
"five_prime_UTR","CHG","Treatment","7",87.5,0
"five_prime_UTR","CHG","Treatment","7",92.5,0
"five_prime_UTR","CHG","Treatment","7",97.5,0
"five_prime_UTR","CHG","Treatment","10",2.5,0
"five_prime_UTR","CHG","Treatment","10",7.5,0
"five_prime_UTR","CHG","Treatment","10",12.5,0
"five_prime_UTR","CHG","Treatment","10",17.5,0
"five_prime_UTR","CHG","Treatment","10",22.5,0
"five_prime_UTR","CHG","Treatment","10",27.5,0
"five_prime_UTR","CHG","Treatment","10",32.5,0
"five_prime_UTR","CHG","Treatment","10",37.5,0
"five_prime_UTR","CHG","Treatment","10",42.5,0
"five_prime_UTR","CHG","Treatment","10",47.5,0
"five_prime_UTR","CHG","Treatment","10",52.5,0
"five_prime_UTR","CHG","Treatment","10",57.5,0
"five_prime_UTR","CHG","Treatment","10",62.5,0
"five_prime_UTR","CHG","Treatment","10",67.5,0
"five_prime_UTR","CHG","Treatment","10",72.5,0
"five_prime_UTR","CHG","Treatment","10",77.5,0
"five_prime_UTR","CHG","Treatment","10",82.5,0
"five_prime_UTR","CHG","Treatment","10",87.5,0
"five_prime_UTR","CHG","Treatment","10",92.5,0
"five_prime_UTR","CHG","Treatment","10",97.5,0
"five_prime_UTR","CHG","Treatment","14",2.5,115
"five_prime_UTR","CHG","Treatment","14",7.5,3
"five_prime_UTR","CHG","Treatment","14",12.5,0
"five_prime_UTR","CHG","Treatment","14",17.5,0
"five_prime_UTR","CHG","Treatment","14",22.5,0
"five_prime_UTR","CHG","Treatment","14",27.5,0
"five_prime_UTR","CHG","Treatment","14",32.5,0
"five_prime_UTR","CHG","Treatment","14",37.5,0
"five_prime_UTR","CHG","Treatment","14",42.5,0
"five_prime_UTR","CHG","Treatment","14",47.5,0
"five_prime_UTR","CHG","Treatment","14",52.5,0
"five_prime_UTR","CHG","Treatment","14",57.5,0
"five_prime_UTR","CHG","Treatment","14",62.5,0
"five_prime_UTR","CHG","Treatment","14",67.5,0
"five_prime_UTR","CHG","Treatment","14",72.5,0
"five_prime_UTR","CHG","Treatment","14",77.5,0
"five_prime_UTR","CHG","Treatment","14",82.5,0
"five_prime_UTR","CHG","Treatment","14",87.5,0
"five_prime_UTR","CHG","Treatment","14",92.5,0
"five_prime_UTR","CHG","Treatment","14",97.5,0
"five_prime_UTR","CHG","Treatment","20",2.5,53
"five_prime_UTR","CHG","Treatment","20",7.5,0
"five_prime_UTR","CHG","Treatment","20",12.5,0
"five_prime_UTR","CHG","Treatment","20",17.5,0
"five_prime_UTR","CHG","Treatment","20",22.5,0
"five_prime_UTR","CHG","Treatment","20",27.5,0
"five_prime_UTR","CHG","Treatment","20",32.5,0
"five_prime_UTR","CHG","Treatment","20",37.5,0
"five_prime_UTR","CHG","Treatment","20",42.5,0
"five_prime_UTR","CHG","Treatment","20",47.5,0
"five_prime_UTR","CHG","Treatment","20",52.5,0
"five_prime_UTR","CHG","Treatment","20",57.5,0
"five_prime_UTR","CHG","Treatment","20",62.5,0
"five_prime_UTR","CHG","Treatment","20",67.5,0
"five_prime_UTR","CHG","Treatment","20",72.5,0
"five_prime_UTR","CHG","Treatment","20",77.5,0
"five_prime_UTR","CHG","Treatment","20",82.5,0
"five_prime_UTR","CHG","Treatment","20",87.5,0
"five_prime_UTR","CHG","Treatment","20",92.5,0
"five_prime_UTR","CHG","Treatment","20",97.5,0
"five_prime_UTR","CHG","Treatment","21",2.5,77
"five_prime_UTR","CHG","Treatment","21",7.5,1
"five_prime_UTR","CHG","Treatment","21",12.5,0
"five_prime_UTR","CHG","Treatment","21",17.5,0
"five_prime_UTR","CHG","Treatment","21",22.5,0
"five_prime_UTR","CHG","Treatment","21",27.5,0
"five_prime_UTR","CHG","Treatment","21",32.5,0
"five_prime_UTR","CHG","Treatment","21",37.5,0
"five_prime_UTR","CHG","Treatment","21",42.5,0
"five_prime_UTR","CHG","Treatment","21",47.5,0
"five_prime_UTR","CHG","Treatment","21",52.5,0
"five_prime_UTR","CHG","Treatment","21",57.5,0
"five_prime_UTR","CHG","Treatment","21",62.5,0
"five_prime_UTR","CHG","Treatment","21",67.5,0
"five_prime_UTR","CHG","Treatment","21",72.5,0
"five_prime_UTR","CHG","Treatment","21",77.5,0
"five_prime_UTR","CHG","Treatment","21",82.5,0
"five_prime_UTR","CHG","Treatment","21",87.5,0
"five_prime_UTR","CHG","Treatment","21",92.5,0
"five_prime_UTR","CHG","Treatment","21",97.5,0
"five_prime_UTR","CHG","Treatment","11",2.5,0
"five_prime_UTR","CHG","Treatment","11",7.5,0
"five_prime_UTR","CHG","Treatment","11",12.5,0
"five_prime_UTR","CHG","Treatment","11",17.5,0
"five_prime_UTR","CHG","Treatment","11",22.5,0
"five_prime_UTR","CHG","Treatment","11",27.5,0
"five_prime_UTR","CHG","Treatment","11",32.5,0
"five_prime_UTR","CHG","Treatment","11",37.5,0
"five_prime_UTR","CHG","Treatment","11",42.5,0
"five_prime_UTR","CHG","Treatment","11",47.5,0
"five_prime_UTR","CHG","Treatment","11",52.5,0
"five_prime_UTR","CHG","Treatment","11",57.5,0
"five_prime_UTR","CHG","Treatment","11",62.5,0
"five_prime_UTR","CHG","Treatment","11",67.5,0
"five_prime_UTR","CHG","Treatment","11",72.5,0
"five_prime_UTR","CHG","Treatment","11",77.5,0
"five_prime_UTR","CHG","Treatment","11",82.5,0
"five_prime_UTR","CHG","Treatment","11",87.5,0
"five_prime_UTR","CHG","Treatment","11",92.5,0
"five_prime_UTR","CHG","Treatment","11",97.5,0
"five_prime_UTR","CHG","Treatment","2",2.5,288
"five_prime_UTR","CHG","Treatment","2",7.5,8
"five_prime_UTR","CHG","Treatment","2",12.5,1
"five_prime_UTR","CHG","Treatment","2",17.5,0
"five_prime_UTR","CHG","Treatment","2",22.5,0
"five_prime_UTR","CHG","Treatment","2",27.5,0
"five_prime_UTR","CHG","Treatment","2",32.5,0
"five_prime_UTR","CHG","Treatment","2",37.5,0
"five_prime_UTR","CHG","Treatment","2",42.5,0
"five_prime_UTR","CHG","Treatment","2",47.5,0
"five_prime_UTR","CHG","Treatment","2",52.5,0
"five_prime_UTR","CHG","Treatment","2",57.5,0
"five_prime_UTR","CHG","Treatment","2",62.5,0
"five_prime_UTR","CHG","Treatment","2",67.5,0
"five_prime_UTR","CHG","Treatment","2",72.5,0
"five_prime_UTR","CHG","Treatment","2",77.5,0
"five_prime_UTR","CHG","Treatment","2",82.5,0
"five_prime_UTR","CHG","Treatment","2",87.5,0
"five_prime_UTR","CHG","Treatment","2",92.5,0
"five_prime_UTR","CHG","Treatment","2",97.5,0
"five_prime_UTR","CHH","Control","6",2.5,286
"five_prime_UTR","CHH","Control","6",7.5,6
"five_prime_UTR","CHH","Control","6",12.5,0
"five_prime_UTR","CHH","Control","6",17.5,0
"five_prime_UTR","CHH","Control","6",22.5,0
"five_prime_UTR","CHH","Control","6",27.5,0
"five_prime_UTR","CHH","Control","6",32.5,0
"five_prime_UTR","CHH","Control","6",37.5,0
"five_prime_UTR","CHH","Control","6",42.5,0
"five_prime_UTR","CHH","Control","6",47.5,0
"five_prime_UTR","CHH","Control","6",52.5,0
"five_prime_UTR","CHH","Control","6",57.5,0
"five_prime_UTR","CHH","Control","6",62.5,0
"five_prime_UTR","CHH","Control","6",67.5,0
"five_prime_UTR","CHH","Control","6",72.5,0
"five_prime_UTR","CHH","Control","6",77.5,0
"five_prime_UTR","CHH","Control","6",82.5,0
"five_prime_UTR","CHH","Control","6",87.5,0
"five_prime_UTR","CHH","Control","6",92.5,0
"five_prime_UTR","CHH","Control","6",97.5,0
"five_prime_UTR","CHH","Control","7",2.5,567
"five_prime_UTR","CHH","Control","7",7.5,18
"five_prime_UTR","CHH","Control","7",12.5,0
"five_prime_UTR","CHH","Control","7",17.5,0
"five_prime_UTR","CHH","Control","7",22.5,0
"five_prime_UTR","CHH","Control","7",27.5,0
"five_prime_UTR","CHH","Control","7",32.5,0
"five_prime_UTR","CHH","Control","7",37.5,0
"five_prime_UTR","CHH","Control","7",42.5,0
"five_prime_UTR","CHH","Control","7",47.5,0
"five_prime_UTR","CHH","Control","7",52.5,0
"five_prime_UTR","CHH","Control","7",57.5,0
"five_prime_UTR","CHH","Control","7",62.5,0
"five_prime_UTR","CHH","Control","7",67.5,0
"five_prime_UTR","CHH","Control","7",72.5,0
"five_prime_UTR","CHH","Control","7",77.5,0
"five_prime_UTR","CHH","Control","7",82.5,0
"five_prime_UTR","CHH","Control","7",87.5,0
"five_prime_UTR","CHH","Control","7",92.5,0
"five_prime_UTR","CHH","Control","7",97.5,0
"five_prime_UTR","CHH","Control","10",2.5,144
"five_prime_UTR","CHH","Control","10",7.5,5
"five_prime_UTR","CHH","Control","10",12.5,0
"five_prime_UTR","CHH","Control","10",17.5,0
"five_prime_UTR","CHH","Control","10",22.5,0
"five_prime_UTR","CHH","Control","10",27.5,0
"five_prime_UTR","CHH","Control","10",32.5,0
"five_prime_UTR","CHH","Control","10",37.5,0
"five_prime_UTR","CHH","Control","10",42.5,0
"five_prime_UTR","CHH","Control","10",47.5,0
"five_prime_UTR","CHH","Control","10",52.5,0
"five_prime_UTR","CHH","Control","10",57.5,0
"five_prime_UTR","CHH","Control","10",62.5,0
"five_prime_UTR","CHH","Control","10",67.5,0
"five_prime_UTR","CHH","Control","10",72.5,0
"five_prime_UTR","CHH","Control","10",77.5,0
"five_prime_UTR","CHH","Control","10",82.5,0
"five_prime_UTR","CHH","Control","10",87.5,0
"five_prime_UTR","CHH","Control","10",92.5,0
"five_prime_UTR","CHH","Control","10",97.5,0
"five_prime_UTR","CHH","Control","14",2.5,0
"five_prime_UTR","CHH","Control","14",7.5,0
"five_prime_UTR","CHH","Control","14",12.5,0
"five_prime_UTR","CHH","Control","14",17.5,0
"five_prime_UTR","CHH","Control","14",22.5,0
"five_prime_UTR","CHH","Control","14",27.5,0
"five_prime_UTR","CHH","Control","14",32.5,0
"five_prime_UTR","CHH","Control","14",37.5,0
"five_prime_UTR","CHH","Control","14",42.5,0
"five_prime_UTR","CHH","Control","14",47.5,0
"five_prime_UTR","CHH","Control","14",52.5,0
"five_prime_UTR","CHH","Control","14",57.5,0
"five_prime_UTR","CHH","Control","14",62.5,0
"five_prime_UTR","CHH","Control","14",67.5,0
"five_prime_UTR","CHH","Control","14",72.5,0
"five_prime_UTR","CHH","Control","14",77.5,0
"five_prime_UTR","CHH","Control","14",82.5,0
"five_prime_UTR","CHH","Control","14",87.5,0
"five_prime_UTR","CHH","Control","14",92.5,0
"five_prime_UTR","CHH","Control","14",97.5,0
"five_prime_UTR","CHH","Control","20",2.5,0
"five_prime_UTR","CHH","Control","20",7.5,0
"five_prime_UTR","CHH","Control","20",12.5,0
"five_prime_UTR","CHH","Control","20",17.5,0
"five_prime_UTR","CHH","Control","20",22.5,0
"five_prime_UTR","CHH","Control","20",27.5,0
"five_prime_UTR","CHH","Control","20",32.5,0
"five_prime_UTR","CHH","Control","20",37.5,0
"five_prime_UTR","CHH","Control","20",42.5,0
"five_prime_UTR","CHH","Control","20",47.5,0
"five_prime_UTR","CHH","Control","20",52.5,0
"five_prime_UTR","CHH","Control","20",57.5,0
"five_prime_UTR","CHH","Control","20",62.5,0
"five_prime_UTR","CHH","Control","20",67.5,0
"five_prime_UTR","CHH","Control","20",72.5,0
"five_prime_UTR","CHH","Control","20",77.5,0
"five_prime_UTR","CHH","Control","20",82.5,0
"five_prime_UTR","CHH","Control","20",87.5,0
"five_prime_UTR","CHH","Control","20",92.5,0
"five_prime_UTR","CHH","Control","20",97.5,0
"five_prime_UTR","CHH","Control","21",2.5,0
"five_prime_UTR","CHH","Control","21",7.5,0
"five_prime_UTR","CHH","Control","21",12.5,0
"five_prime_UTR","CHH","Control","21",17.5,0
"five_prime_UTR","CHH","Control","21",22.5,0
"five_prime_UTR","CHH","Control","21",27.5,0
"five_prime_UTR","CHH","Control","21",32.5,0
"five_prime_UTR","CHH","Control","21",37.5,0
"five_prime_UTR","CHH","Control","21",42.5,0
"five_prime_UTR","CHH","Control","21",47.5,0
"five_prime_UTR","CHH","Control","21",52.5,0
"five_prime_UTR","CHH","Control","21",57.5,0
"five_prime_UTR","CHH","Control","21",62.5,0
"five_prime_UTR","CHH","Control","21",67.5,0
"five_prime_UTR","CHH","Control","21",72.5,0
"five_prime_UTR","CHH","Control","21",77.5,0
"five_prime_UTR","CHH","Control","21",82.5,0
"five_prime_UTR","CHH","Control","21",87.5,0
"five_prime_UTR","CHH","Control","21",92.5,0
"five_prime_UTR","CHH","Control","21",97.5,0
"five_prime_UTR","CHH","Control","11",2.5,186
"five_prime_UTR","CHH","Control","11",7.5,8
"five_prime_UTR","CHH","Control","11",12.5,0
"five_prime_UTR","CHH","Control","11",17.5,0
"five_prime_UTR","CHH","Control","11",22.5,0
"five_prime_UTR","CHH","Control","11",27.5,0
"five_prime_UTR","CHH","Control","11",32.5,0
"five_prime_UTR","CHH","Control","11",37.5,0
"five_prime_UTR","CHH","Control","11",42.5,0
"five_prime_UTR","CHH","Control","11",47.5,0
"five_prime_UTR","CHH","Control","11",52.5,0
"five_prime_UTR","CHH","Control","11",57.5,0
"five_prime_UTR","CHH","Control","11",62.5,0
"five_prime_UTR","CHH","Control","11",67.5,0
"five_prime_UTR","CHH","Control","11",72.5,0
"five_prime_UTR","CHH","Control","11",77.5,0
"five_prime_UTR","CHH","Control","11",82.5,0
"five_prime_UTR","CHH","Control","11",87.5,0
"five_prime_UTR","CHH","Control","11",92.5,0
"five_prime_UTR","CHH","Control","11",97.5,0
"five_prime_UTR","CHH","Control","2",2.5,0
"five_prime_UTR","CHH","Control","2",7.5,0
"five_prime_UTR","CHH","Control","2",12.5,0
"five_prime_UTR","CHH","Control","2",17.5,0
"five_prime_UTR","CHH","Control","2",22.5,0
"five_prime_UTR","CHH","Control","2",27.5,0
"five_prime_UTR","CHH","Control","2",32.5,0
"five_prime_UTR","CHH","Control","2",37.5,0
"five_prime_UTR","CHH","Control","2",42.5,0
"five_prime_UTR","CHH","Control","2",47.5,0
"five_prime_UTR","CHH","Control","2",52.5,0
"five_prime_UTR","CHH","Control","2",57.5,0
"five_prime_UTR","CHH","Control","2",62.5,0
"five_prime_UTR","CHH","Control","2",67.5,0
"five_prime_UTR","CHH","Control","2",72.5,0
"five_prime_UTR","CHH","Control","2",77.5,0
"five_prime_UTR","CHH","Control","2",82.5,0
"five_prime_UTR","CHH","Control","2",87.5,0
"five_prime_UTR","CHH","Control","2",92.5,0
"five_prime_UTR","CHH","Control","2",97.5,0
"five_prime_UTR","CHH","Treatment","6",2.5,0
"five_prime_UTR","CHH","Treatment","6",7.5,0
"five_prime_UTR","CHH","Treatment","6",12.5,0
"five_prime_UTR","CHH","Treatment","6",17.5,0
"five_prime_UTR","CHH","Treatment","6",22.5,0
"five_prime_UTR","CHH","Treatment","6",27.5,0
"five_prime_UTR","CHH","Treatment","6",32.5,0
"five_prime_UTR","CHH","Treatment","6",37.5,0
"five_prime_UTR","CHH","Treatment","6",42.5,0
"five_prime_UTR","CHH","Treatment","6",47.5,0
"five_prime_UTR","CHH","Treatment","6",52.5,0
"five_prime_UTR","CHH","Treatment","6",57.5,0
"five_prime_UTR","CHH","Treatment","6",62.5,0
"five_prime_UTR","CHH","Treatment","6",67.5,0
"five_prime_UTR","CHH","Treatment","6",72.5,0
"five_prime_UTR","CHH","Treatment","6",77.5,0
"five_prime_UTR","CHH","Treatment","6",82.5,0
"five_prime_UTR","CHH","Treatment","6",87.5,0
"five_prime_UTR","CHH","Treatment","6",92.5,0
"five_prime_UTR","CHH","Treatment","6",97.5,0
"five_prime_UTR","CHH","Treatment","7",2.5,0
"five_prime_UTR","CHH","Treatment","7",7.5,0
"five_prime_UTR","CHH","Treatment","7",12.5,0
"five_prime_UTR","CHH","Treatment","7",17.5,0
"five_prime_UTR","CHH","Treatment","7",22.5,0
"five_prime_UTR","CHH","Treatment","7",27.5,0
"five_prime_UTR","CHH","Treatment","7",32.5,0
"five_prime_UTR","CHH","Treatment","7",37.5,0
"five_prime_UTR","CHH","Treatment","7",42.5,0
"five_prime_UTR","CHH","Treatment","7",47.5,0
"five_prime_UTR","CHH","Treatment","7",52.5,0
"five_prime_UTR","CHH","Treatment","7",57.5,0
"five_prime_UTR","CHH","Treatment","7",62.5,0
"five_prime_UTR","CHH","Treatment","7",67.5,0
"five_prime_UTR","CHH","Treatment","7",72.5,0
"five_prime_UTR","CHH","Treatment","7",77.5,0
"five_prime_UTR","CHH","Treatment","7",82.5,0
"five_prime_UTR","CHH","Treatment","7",87.5,0
"five_prime_UTR","CHH","Treatment","7",92.5,0
"five_prime_UTR","CHH","Treatment","7",97.5,0
"five_prime_UTR","CHH","Treatment","10",2.5,0
"five_prime_UTR","CHH","Treatment","10",7.5,0
"five_prime_UTR","CHH","Treatment","10",12.5,0
"five_prime_UTR","CHH","Treatment","10",17.5,0
"five_prime_UTR","CHH","Treatment","10",22.5,0
"five_prime_UTR","CHH","Treatment","10",27.5,0
"five_prime_UTR","CHH","Treatment","10",32.5,0
"five_prime_UTR","CHH","Treatment","10",37.5,0
"five_prime_UTR","CHH","Treatment","10",42.5,0
"five_prime_UTR","CHH","Treatment","10",47.5,0
"five_prime_UTR","CHH","Treatment","10",52.5,0
"five_prime_UTR","CHH","Treatment","10",57.5,0
"five_prime_UTR","CHH","Treatment","10",62.5,0
"five_prime_UTR","CHH","Treatment","10",67.5,0
"five_prime_UTR","CHH","Treatment","10",72.5,0
"five_prime_UTR","CHH","Treatment","10",77.5,0
"five_prime_UTR","CHH","Treatment","10",82.5,0
"five_prime_UTR","CHH","Treatment","10",87.5,0
"five_prime_UTR","CHH","Treatment","10",92.5,0
"five_prime_UTR","CHH","Treatment","10",97.5,0
"five_prime_UTR","CHH","Treatment","14",2.5,160
"five_prime_UTR","CHH","Treatment","14",7.5,3
"five_prime_UTR","CHH","Treatment","14",12.5,0
"five_prime_UTR","CHH","Treatment","14",17.5,0
"five_prime_UTR","CHH","Treatment","14",22.5,0
"five_prime_UTR","CHH","Treatment","14",27.5,0
"five_prime_UTR","CHH","Treatment","14",32.5,0
"five_prime_UTR","CHH","Treatment","14",37.5,0
"five_prime_UTR","CHH","Treatment","14",42.5,0
"five_prime_UTR","CHH","Treatment","14",47.5,0
"five_prime_UTR","CHH","Treatment","14",52.5,0
"five_prime_UTR","CHH","Treatment","14",57.5,0
"five_prime_UTR","CHH","Treatment","14",62.5,0
"five_prime_UTR","CHH","Treatment","14",67.5,0
"five_prime_UTR","CHH","Treatment","14",72.5,0
"five_prime_UTR","CHH","Treatment","14",77.5,0
"five_prime_UTR","CHH","Treatment","14",82.5,0
"five_prime_UTR","CHH","Treatment","14",87.5,0
"five_prime_UTR","CHH","Treatment","14",92.5,0
"five_prime_UTR","CHH","Treatment","14",97.5,0
"five_prime_UTR","CHH","Treatment","20",2.5,75
"five_prime_UTR","CHH","Treatment","20",7.5,1
"five_prime_UTR","CHH","Treatment","20",12.5,0
"five_prime_UTR","CHH","Treatment","20",17.5,0
"five_prime_UTR","CHH","Treatment","20",22.5,0
"five_prime_UTR","CHH","Treatment","20",27.5,0
"five_prime_UTR","CHH","Treatment","20",32.5,0
"five_prime_UTR","CHH","Treatment","20",37.5,0
"five_prime_UTR","CHH","Treatment","20",42.5,0
"five_prime_UTR","CHH","Treatment","20",47.5,0
"five_prime_UTR","CHH","Treatment","20",52.5,0
"five_prime_UTR","CHH","Treatment","20",57.5,0
"five_prime_UTR","CHH","Treatment","20",62.5,0
"five_prime_UTR","CHH","Treatment","20",67.5,0
"five_prime_UTR","CHH","Treatment","20",72.5,0
"five_prime_UTR","CHH","Treatment","20",77.5,0
"five_prime_UTR","CHH","Treatment","20",82.5,0
"five_prime_UTR","CHH","Treatment","20",87.5,0
"five_prime_UTR","CHH","Treatment","20",92.5,0
"five_prime_UTR","CHH","Treatment","20",97.5,0
"five_prime_UTR","CHH","Treatment","21",2.5,88
"five_prime_UTR","CHH","Treatment","21",7.5,1
"five_prime_UTR","CHH","Treatment","21",12.5,0
"five_prime_UTR","CHH","Treatment","21",17.5,0
"five_prime_UTR","CHH","Treatment","21",22.5,0
"five_prime_UTR","CHH","Treatment","21",27.5,0
"five_prime_UTR","CHH","Treatment","21",32.5,0
"five_prime_UTR","CHH","Treatment","21",37.5,0
"five_prime_UTR","CHH","Treatment","21",42.5,0
"five_prime_UTR","CHH","Treatment","21",47.5,0
"five_prime_UTR","CHH","Treatment","21",52.5,0
"five_prime_UTR","CHH","Treatment","21",57.5,0
"five_prime_UTR","CHH","Treatment","21",62.5,0
"five_prime_UTR","CHH","Treatment","21",67.5,0
"five_prime_UTR","CHH","Treatment","21",72.5,0
"five_prime_UTR","CHH","Treatment","21",77.5,0
"five_prime_UTR","CHH","Treatment","21",82.5,0
"five_prime_UTR","CHH","Treatment","21",87.5,0
"five_prime_UTR","CHH","Treatment","21",92.5,0
"five_prime_UTR","CHH","Treatment","21",97.5,0
"five_prime_UTR","CHH","Treatment","11",2.5,0
"five_prime_UTR","CHH","Treatment","11",7.5,0
"five_prime_UTR","CHH","Treatment","11",12.5,0
"five_prime_UTR","CHH","Treatment","11",17.5,0
"five_prime_UTR","CHH","Treatment","11",22.5,0
"five_prime_UTR","CHH","Treatment","11",27.5,0
"five_prime_UTR","CHH","Treatment","11",32.5,0
"five_prime_UTR","CHH","Treatment","11",37.5,0
"five_prime_UTR","CHH","Treatment","11",42.5,0
"five_prime_UTR","CHH","Treatment","11",47.5,0
"five_prime_UTR","CHH","Treatment","11",52.5,0
"five_prime_UTR","CHH","Treatment","11",57.5,0
"five_prime_UTR","CHH","Treatment","11",62.5,0
"five_prime_UTR","CHH","Treatment","11",67.5,0
"five_prime_UTR","CHH","Treatment","11",72.5,0
"five_prime_UTR","CHH","Treatment","11",77.5,0
"five_prime_UTR","CHH","Treatment","11",82.5,0
"five_prime_UTR","CHH","Treatment","11",87.5,0
"five_prime_UTR","CHH","Treatment","11",92.5,0
"five_prime_UTR","CHH","Treatment","11",97.5,0
"five_prime_UTR","CHH","Treatment","2",2.5,412
"five_prime_UTR","CHH","Treatment","2",7.5,8
"five_prime_UTR","CHH","Treatment","2",12.5,1
"five_prime_UTR","CHH","Treatment","2",17.5,0
"five_prime_UTR","CHH","Treatment","2",22.5,0
"five_prime_UTR","CHH","Treatment","2",27.5,0
"five_prime_UTR","CHH","Treatment","2",32.5,0
"five_prime_UTR","CHH","Treatment","2",37.5,0
"five_prime_UTR","CHH","Treatment","2",42.5,0
"five_prime_UTR","CHH","Treatment","2",47.5,0
"five_prime_UTR","CHH","Treatment","2",52.5,0
"five_prime_UTR","CHH","Treatment","2",57.5,0
"five_prime_UTR","CHH","Treatment","2",62.5,0
"five_prime_UTR","CHH","Treatment","2",67.5,0
"five_prime_UTR","CHH","Treatment","2",72.5,0
"five_prime_UTR","CHH","Treatment","2",77.5,0
"five_prime_UTR","CHH","Treatment","2",82.5,0
"five_prime_UTR","CHH","Treatment","2",87.5,0
"five_prime_UTR","CHH","Treatment","2",92.5,0
"five_prime_UTR","CHH","Treatment","2",97.5,0
"gene","CpG","Control","6",2.5,4115
"gene","CpG","Control","6",7.5,150
"gene","CpG","Control","6",12.5,55
"gene","CpG","Control","6",17.5,82
"gene","CpG","Control","6",22.5,47
"gene","CpG","Control","6",27.5,45
"gene","CpG","Control","6",32.5,27
"gene","CpG","Control","6",37.5,52
"gene","CpG","Control","6",42.5,22
"gene","CpG","Control","6",47.5,47
"gene","CpG","Control","6",52.5,25
"gene","CpG","Control","6",57.5,30
"gene","CpG","Control","6",62.5,25
"gene","CpG","Control","6",67.5,21
"gene","CpG","Control","6",72.5,12
"gene","CpG","Control","6",77.5,37
"gene","CpG","Control","6",82.5,20
"gene","CpG","Control","6",87.5,58
"gene","CpG","Control","6",92.5,31
"gene","CpG","Control","6",97.5,164
"gene","CpG","Control","7",2.5,6656
"gene","CpG","Control","7",7.5,254
"gene","CpG","Control","7",12.5,115
"gene","CpG","Control","7",17.5,103
"gene","CpG","Control","7",22.5,66
"gene","CpG","Control","7",27.5,64
"gene","CpG","Control","7",32.5,53
"gene","CpG","Control","7",37.5,80
"gene","CpG","Control","7",42.5,37
"gene","CpG","Control","7",47.5,75
"gene","CpG","Control","7",52.5,32
"gene","CpG","Control","7",57.5,48
"gene","CpG","Control","7",62.5,31
"gene","CpG","Control","7",67.5,66
"gene","CpG","Control","7",72.5,38
"gene","CpG","Control","7",77.5,70
"gene","CpG","Control","7",82.5,43
"gene","CpG","Control","7",87.5,107
"gene","CpG","Control","7",92.5,84
"gene","CpG","Control","7",97.5,358
"gene","CpG","Control","10",2.5,2112
"gene","CpG","Control","10",7.5,114
"gene","CpG","Control","10",12.5,35
"gene","CpG","Control","10",17.5,46
"gene","CpG","Control","10",22.5,29
"gene","CpG","Control","10",27.5,25
"gene","CpG","Control","10",32.5,22
"gene","CpG","Control","10",37.5,31
"gene","CpG","Control","10",42.5,8
"gene","CpG","Control","10",47.5,25
"gene","CpG","Control","10",52.5,12
"gene","CpG","Control","10",57.5,20
"gene","CpG","Control","10",62.5,10
"gene","CpG","Control","10",67.5,22
"gene","CpG","Control","10",72.5,13
"gene","CpG","Control","10",77.5,15
"gene","CpG","Control","10",82.5,8
"gene","CpG","Control","10",87.5,22
"gene","CpG","Control","10",92.5,17
"gene","CpG","Control","10",97.5,54
"gene","CpG","Control","14",2.5,0
"gene","CpG","Control","14",7.5,0
"gene","CpG","Control","14",12.5,0
"gene","CpG","Control","14",17.5,0
"gene","CpG","Control","14",22.5,0
"gene","CpG","Control","14",27.5,0
"gene","CpG","Control","14",32.5,0
"gene","CpG","Control","14",37.5,0
"gene","CpG","Control","14",42.5,0
"gene","CpG","Control","14",47.5,0
"gene","CpG","Control","14",52.5,0
"gene","CpG","Control","14",57.5,0
"gene","CpG","Control","14",62.5,0
"gene","CpG","Control","14",67.5,0
"gene","CpG","Control","14",72.5,0
"gene","CpG","Control","14",77.5,0
"gene","CpG","Control","14",82.5,0
"gene","CpG","Control","14",87.5,0
"gene","CpG","Control","14",92.5,0
"gene","CpG","Control","14",97.5,0
"gene","CpG","Control","20",2.5,0
"gene","CpG","Control","20",7.5,0
"gene","CpG","Control","20",12.5,0
"gene","CpG","Control","20",17.5,0
"gene","CpG","Control","20",22.5,0
"gene","CpG","Control","20",27.5,0
"gene","CpG","Control","20",32.5,0
"gene","CpG","Control","20",37.5,0
"gene","CpG","Control","20",42.5,0
"gene","CpG","Control","20",47.5,0
"gene","CpG","Control","20",52.5,0
"gene","CpG","Control","20",57.5,0
"gene","CpG","Control","20",62.5,0
"gene","CpG","Control","20",67.5,0
"gene","CpG","Control","20",72.5,0
"gene","CpG","Control","20",77.5,0
"gene","CpG","Control","20",82.5,0
"gene","CpG","Control","20",87.5,0
"gene","CpG","Control","20",92.5,0
"gene","CpG","Control","20",97.5,0
"gene","CpG","Control","21",2.5,0
"gene","CpG","Control","21",7.5,0
"gene","CpG","Control","21",12.5,0
"gene","CpG","Control","21",17.5,0
"gene","CpG","Control","21",22.5,0
"gene","CpG","Control","21",27.5,0
"gene","CpG","Control","21",32.5,0
"gene","CpG","Control","21",37.5,0
"gene","CpG","Control","21",42.5,0
"gene","CpG","Control","21",47.5,0
"gene","CpG","Control","21",52.5,0
"gene","CpG","Control","21",57.5,0
"gene","CpG","Control","21",62.5,0
"gene","CpG","Control","21",67.5,0
"gene","CpG","Control","21",72.5,0
"gene","CpG","Control","21",77.5,0
"gene","CpG","Control","21",82.5,0
"gene","CpG","Control","21",87.5,0
"gene","CpG","Control","21",92.5,0
"gene","CpG","Control","21",97.5,0
"gene","CpG","Control","11",2.5,2682
"gene","CpG","Control","11",7.5,131
"gene","CpG","Control","11",12.5,44
"gene","CpG","Control","11",17.5,53
"gene","CpG","Control","11",22.5,41
"gene","CpG","Control","11",27.5,41
"gene","CpG","Control","11",32.5,31
"gene","CpG","Control","11",37.5,37
"gene","CpG","Control","11",42.5,21
"gene","CpG","Control","11",47.5,36
"gene","CpG","Control","11",52.5,10
"gene","CpG","Control","11",57.5,16
"gene","CpG","Control","11",62.5,4
"gene","CpG","Control","11",67.5,23
"gene","CpG","Control","11",72.5,14
"gene","CpG","Control","11",77.5,16
"gene","CpG","Control","11",82.5,15
"gene","CpG","Control","11",87.5,36
"gene","CpG","Control","11",92.5,19
"gene","CpG","Control","11",97.5,99
"gene","CpG","Control","2",2.5,0
"gene","CpG","Control","2",7.5,0
"gene","CpG","Control","2",12.5,0
"gene","CpG","Control","2",17.5,0
"gene","CpG","Control","2",22.5,0
"gene","CpG","Control","2",27.5,0
"gene","CpG","Control","2",32.5,0
"gene","CpG","Control","2",37.5,0
"gene","CpG","Control","2",42.5,0
"gene","CpG","Control","2",47.5,0
"gene","CpG","Control","2",52.5,0
"gene","CpG","Control","2",57.5,0
"gene","CpG","Control","2",62.5,0
"gene","CpG","Control","2",67.5,0
"gene","CpG","Control","2",72.5,0
"gene","CpG","Control","2",77.5,0
"gene","CpG","Control","2",82.5,0
"gene","CpG","Control","2",87.5,0
"gene","CpG","Control","2",92.5,0
"gene","CpG","Control","2",97.5,0
"gene","CpG","Treatment","6",2.5,0
"gene","CpG","Treatment","6",7.5,0
"gene","CpG","Treatment","6",12.5,0
"gene","CpG","Treatment","6",17.5,0
"gene","CpG","Treatment","6",22.5,0
"gene","CpG","Treatment","6",27.5,0
"gene","CpG","Treatment","6",32.5,0
"gene","CpG","Treatment","6",37.5,0
"gene","CpG","Treatment","6",42.5,0
"gene","CpG","Treatment","6",47.5,0
"gene","CpG","Treatment","6",52.5,0
"gene","CpG","Treatment","6",57.5,0
"gene","CpG","Treatment","6",62.5,0
"gene","CpG","Treatment","6",67.5,0
"gene","CpG","Treatment","6",72.5,0
"gene","CpG","Treatment","6",77.5,0
"gene","CpG","Treatment","6",82.5,0
"gene","CpG","Treatment","6",87.5,0
"gene","CpG","Treatment","6",92.5,0
"gene","CpG","Treatment","6",97.5,0
"gene","CpG","Treatment","7",2.5,0
"gene","CpG","Treatment","7",7.5,0
"gene","CpG","Treatment","7",12.5,0
"gene","CpG","Treatment","7",17.5,0
"gene","CpG","Treatment","7",22.5,0
"gene","CpG","Treatment","7",27.5,0
"gene","CpG","Treatment","7",32.5,0
"gene","CpG","Treatment","7",37.5,0
"gene","CpG","Treatment","7",42.5,0
"gene","CpG","Treatment","7",47.5,0
"gene","CpG","Treatment","7",52.5,0
"gene","CpG","Treatment","7",57.5,0
"gene","CpG","Treatment","7",62.5,0
"gene","CpG","Treatment","7",67.5,0
"gene","CpG","Treatment","7",72.5,0
"gene","CpG","Treatment","7",77.5,0
"gene","CpG","Treatment","7",82.5,0
"gene","CpG","Treatment","7",87.5,0
"gene","CpG","Treatment","7",92.5,0
"gene","CpG","Treatment","7",97.5,0
"gene","CpG","Treatment","10",2.5,0
"gene","CpG","Treatment","10",7.5,0
"gene","CpG","Treatment","10",12.5,0
"gene","CpG","Treatment","10",17.5,0
"gene","CpG","Treatment","10",22.5,0
"gene","CpG","Treatment","10",27.5,0
"gene","CpG","Treatment","10",32.5,0
"gene","CpG","Treatment","10",37.5,0
"gene","CpG","Treatment","10",42.5,0
"gene","CpG","Treatment","10",47.5,0
"gene","CpG","Treatment","10",52.5,0
"gene","CpG","Treatment","10",57.5,0
"gene","CpG","Treatment","10",62.5,0
"gene","CpG","Treatment","10",67.5,0
"gene","CpG","Treatment","10",72.5,0
"gene","CpG","Treatment","10",77.5,0
"gene","CpG","Treatment","10",82.5,0
"gene","CpG","Treatment","10",87.5,0
"gene","CpG","Treatment","10",92.5,0
"gene","CpG","Treatment","10",97.5,0
"gene","CpG","Treatment","14",2.5,2269
"gene","CpG","Treatment","14",7.5,118
"gene","CpG","Treatment","14",12.5,37
"gene","CpG","Treatment","14",17.5,35
"gene","CpG","Treatment","14",22.5,42
"gene","CpG","Treatment","14",27.5,35
"gene","CpG","Treatment","14",32.5,13
"gene","CpG","Treatment","14",37.5,31
"gene","CpG","Treatment","14",42.5,13
"gene","CpG","Treatment","14",47.5,41
"gene","CpG","Treatment","14",52.5,15
"gene","CpG","Treatment","14",57.5,27
"gene","CpG","Treatment","14",62.5,9
"gene","CpG","Treatment","14",67.5,7
"gene","CpG","Treatment","14",72.5,16
"gene","CpG","Treatment","14",77.5,19
"gene","CpG","Treatment","14",82.5,15
"gene","CpG","Treatment","14",87.5,25
"gene","CpG","Treatment","14",92.5,21
"gene","CpG","Treatment","14",97.5,86
"gene","CpG","Treatment","20",2.5,1463
"gene","CpG","Treatment","20",7.5,67
"gene","CpG","Treatment","20",12.5,26
"gene","CpG","Treatment","20",17.5,37
"gene","CpG","Treatment","20",22.5,21
"gene","CpG","Treatment","20",27.5,28
"gene","CpG","Treatment","20",32.5,16
"gene","CpG","Treatment","20",37.5,19
"gene","CpG","Treatment","20",42.5,12
"gene","CpG","Treatment","20",47.5,18
"gene","CpG","Treatment","20",52.5,11
"gene","CpG","Treatment","20",57.5,12
"gene","CpG","Treatment","20",62.5,10
"gene","CpG","Treatment","20",67.5,7
"gene","CpG","Treatment","20",72.5,8
"gene","CpG","Treatment","20",77.5,12
"gene","CpG","Treatment","20",82.5,2
"gene","CpG","Treatment","20",87.5,23
"gene","CpG","Treatment","20",92.5,14
"gene","CpG","Treatment","20",97.5,44
"gene","CpG","Treatment","21",2.5,1763
"gene","CpG","Treatment","21",7.5,97
"gene","CpG","Treatment","21",12.5,31
"gene","CpG","Treatment","21",17.5,32
"gene","CpG","Treatment","21",22.5,21
"gene","CpG","Treatment","21",27.5,32
"gene","CpG","Treatment","21",32.5,19
"gene","CpG","Treatment","21",37.5,32
"gene","CpG","Treatment","21",42.5,12
"gene","CpG","Treatment","21",47.5,23
"gene","CpG","Treatment","21",52.5,10
"gene","CpG","Treatment","21",57.5,18
"gene","CpG","Treatment","21",62.5,4
"gene","CpG","Treatment","21",67.5,16
"gene","CpG","Treatment","21",72.5,14
"gene","CpG","Treatment","21",77.5,14
"gene","CpG","Treatment","21",82.5,8
"gene","CpG","Treatment","21",87.5,18
"gene","CpG","Treatment","21",92.5,15
"gene","CpG","Treatment","21",97.5,67
"gene","CpG","Treatment","11",2.5,0
"gene","CpG","Treatment","11",7.5,0
"gene","CpG","Treatment","11",12.5,0
"gene","CpG","Treatment","11",17.5,0
"gene","CpG","Treatment","11",22.5,0
"gene","CpG","Treatment","11",27.5,0
"gene","CpG","Treatment","11",32.5,0
"gene","CpG","Treatment","11",37.5,0
"gene","CpG","Treatment","11",42.5,0
"gene","CpG","Treatment","11",47.5,0
"gene","CpG","Treatment","11",52.5,0
"gene","CpG","Treatment","11",57.5,0
"gene","CpG","Treatment","11",62.5,0
"gene","CpG","Treatment","11",67.5,0
"gene","CpG","Treatment","11",72.5,0
"gene","CpG","Treatment","11",77.5,0
"gene","CpG","Treatment","11",82.5,0
"gene","CpG","Treatment","11",87.5,0
"gene","CpG","Treatment","11",92.5,0
"gene","CpG","Treatment","11",97.5,0
"gene","CpG","Treatment","2",2.5,4893
"gene","CpG","Treatment","2",7.5,211
"gene","CpG","Treatment","2",12.5,64
"gene","CpG","Treatment","2",17.5,78
"gene","CpG","Treatment","2",22.5,56
"gene","CpG","Treatment","2",27.5,53
"gene","CpG","Treatment","2",32.5,51
"gene","CpG","Treatment","2",37.5,61
"gene","CpG","Treatment","2",42.5,32
"gene","CpG","Treatment","2",47.5,60
"gene","CpG","Treatment","2",52.5,24
"gene","CpG","Treatment","2",57.5,24
"gene","CpG","Treatment","2",62.5,22
"gene","CpG","Treatment","2",67.5,42
"gene","CpG","Treatment","2",72.5,24
"gene","CpG","Treatment","2",77.5,55
"gene","CpG","Treatment","2",82.5,31
"gene","CpG","Treatment","2",87.5,63
"gene","CpG","Treatment","2",92.5,39
"gene","CpG","Treatment","2",97.5,235
"gene","CHG","Control","6",2.5,5595
"gene","CHG","Control","6",7.5,80
"gene","CHG","Control","6",12.5,2
"gene","CHG","Control","6",17.5,3
"gene","CHG","Control","6",22.5,0
"gene","CHG","Control","6",27.5,0
"gene","CHG","Control","6",32.5,0
"gene","CHG","Control","6",37.5,0
"gene","CHG","Control","6",42.5,0
"gene","CHG","Control","6",47.5,2
"gene","CHG","Control","6",52.5,0
"gene","CHG","Control","6",57.5,0
"gene","CHG","Control","6",62.5,0
"gene","CHG","Control","6",67.5,0
"gene","CHG","Control","6",72.5,0
"gene","CHG","Control","6",77.5,0
"gene","CHG","Control","6",82.5,0
"gene","CHG","Control","6",87.5,0
"gene","CHG","Control","6",92.5,0
"gene","CHG","Control","6",97.5,0
"gene","CHG","Control","7",2.5,9225
"gene","CHG","Control","7",7.5,118
"gene","CHG","Control","7",12.5,9
"gene","CHG","Control","7",17.5,7
"gene","CHG","Control","7",22.5,0
"gene","CHG","Control","7",27.5,2
"gene","CHG","Control","7",32.5,0
"gene","CHG","Control","7",37.5,1
"gene","CHG","Control","7",42.5,0
"gene","CHG","Control","7",47.5,0
"gene","CHG","Control","7",52.5,0
"gene","CHG","Control","7",57.5,0
"gene","CHG","Control","7",62.5,0
"gene","CHG","Control","7",67.5,0
"gene","CHG","Control","7",72.5,0
"gene","CHG","Control","7",77.5,0
"gene","CHG","Control","7",82.5,0
"gene","CHG","Control","7",87.5,0
"gene","CHG","Control","7",92.5,0
"gene","CHG","Control","7",97.5,0
"gene","CHG","Control","10",2.5,2893
"gene","CHG","Control","10",7.5,55
"gene","CHG","Control","10",12.5,1
"gene","CHG","Control","10",17.5,1
"gene","CHG","Control","10",22.5,0
"gene","CHG","Control","10",27.5,0
"gene","CHG","Control","10",32.5,0
"gene","CHG","Control","10",37.5,0
"gene","CHG","Control","10",42.5,0
"gene","CHG","Control","10",47.5,0
"gene","CHG","Control","10",52.5,0
"gene","CHG","Control","10",57.5,0
"gene","CHG","Control","10",62.5,0
"gene","CHG","Control","10",67.5,0
"gene","CHG","Control","10",72.5,0
"gene","CHG","Control","10",77.5,0
"gene","CHG","Control","10",82.5,0
"gene","CHG","Control","10",87.5,0
"gene","CHG","Control","10",92.5,0
"gene","CHG","Control","10",97.5,0
"gene","CHG","Control","14",2.5,0
"gene","CHG","Control","14",7.5,0
"gene","CHG","Control","14",12.5,0
"gene","CHG","Control","14",17.5,0
"gene","CHG","Control","14",22.5,0
"gene","CHG","Control","14",27.5,0
"gene","CHG","Control","14",32.5,0
"gene","CHG","Control","14",37.5,0
"gene","CHG","Control","14",42.5,0
"gene","CHG","Control","14",47.5,0
"gene","CHG","Control","14",52.5,0
"gene","CHG","Control","14",57.5,0
"gene","CHG","Control","14",62.5,0
"gene","CHG","Control","14",67.5,0
"gene","CHG","Control","14",72.5,0
"gene","CHG","Control","14",77.5,0
"gene","CHG","Control","14",82.5,0
"gene","CHG","Control","14",87.5,0
"gene","CHG","Control","14",92.5,0
"gene","CHG","Control","14",97.5,0
"gene","CHG","Control","20",2.5,0
"gene","CHG","Control","20",7.5,0
"gene","CHG","Control","20",12.5,0
"gene","CHG","Control","20",17.5,0
"gene","CHG","Control","20",22.5,0
"gene","CHG","Control","20",27.5,0
"gene","CHG","Control","20",32.5,0
"gene","CHG","Control","20",37.5,0
"gene","CHG","Control","20",42.5,0
"gene","CHG","Control","20",47.5,0
"gene","CHG","Control","20",52.5,0
"gene","CHG","Control","20",57.5,0
"gene","CHG","Control","20",62.5,0
"gene","CHG","Control","20",67.5,0
"gene","CHG","Control","20",72.5,0
"gene","CHG","Control","20",77.5,0
"gene","CHG","Control","20",82.5,0
"gene","CHG","Control","20",87.5,0
"gene","CHG","Control","20",92.5,0
"gene","CHG","Control","20",97.5,0
"gene","CHG","Control","21",2.5,0
"gene","CHG","Control","21",7.5,0
"gene","CHG","Control","21",12.5,0
"gene","CHG","Control","21",17.5,0
"gene","CHG","Control","21",22.5,0
"gene","CHG","Control","21",27.5,0
"gene","CHG","Control","21",32.5,0
"gene","CHG","Control","21",37.5,0
"gene","CHG","Control","21",42.5,0
"gene","CHG","Control","21",47.5,0
"gene","CHG","Control","21",52.5,0
"gene","CHG","Control","21",57.5,0
"gene","CHG","Control","21",62.5,0
"gene","CHG","Control","21",67.5,0
"gene","CHG","Control","21",72.5,0
"gene","CHG","Control","21",77.5,0
"gene","CHG","Control","21",82.5,0
"gene","CHG","Control","21",87.5,0
"gene","CHG","Control","21",92.5,0
"gene","CHG","Control","21",97.5,0
"gene","CHG","Control","11",2.5,3699
"gene","CHG","Control","11",7.5,81
"gene","CHG","Control","11",12.5,1
"gene","CHG","Control","11",17.5,5
"gene","CHG","Control","11",22.5,1
"gene","CHG","Control","11",27.5,2
"gene","CHG","Control","11",32.5,0
"gene","CHG","Control","11",37.5,0
"gene","CHG","Control","11",42.5,0
"gene","CHG","Control","11",47.5,0
"gene","CHG","Control","11",52.5,0
"gene","CHG","Control","11",57.5,0
"gene","CHG","Control","11",62.5,0
"gene","CHG","Control","11",67.5,0
"gene","CHG","Control","11",72.5,0
"gene","CHG","Control","11",77.5,0
"gene","CHG","Control","11",82.5,0
"gene","CHG","Control","11",87.5,0
"gene","CHG","Control","11",92.5,0
"gene","CHG","Control","11",97.5,0
"gene","CHG","Control","2",2.5,0
"gene","CHG","Control","2",7.5,0
"gene","CHG","Control","2",12.5,0
"gene","CHG","Control","2",17.5,0
"gene","CHG","Control","2",22.5,0
"gene","CHG","Control","2",27.5,0
"gene","CHG","Control","2",32.5,0
"gene","CHG","Control","2",37.5,0
"gene","CHG","Control","2",42.5,0
"gene","CHG","Control","2",47.5,0
"gene","CHG","Control","2",52.5,0
"gene","CHG","Control","2",57.5,0
"gene","CHG","Control","2",62.5,0
"gene","CHG","Control","2",67.5,0
"gene","CHG","Control","2",72.5,0
"gene","CHG","Control","2",77.5,0
"gene","CHG","Control","2",82.5,0
"gene","CHG","Control","2",87.5,0
"gene","CHG","Control","2",92.5,0
"gene","CHG","Control","2",97.5,0
"gene","CHG","Treatment","6",2.5,0
"gene","CHG","Treatment","6",7.5,0
"gene","CHG","Treatment","6",12.5,0
"gene","CHG","Treatment","6",17.5,0
"gene","CHG","Treatment","6",22.5,0
"gene","CHG","Treatment","6",27.5,0
"gene","CHG","Treatment","6",32.5,0
"gene","CHG","Treatment","6",37.5,0
"gene","CHG","Treatment","6",42.5,0
"gene","CHG","Treatment","6",47.5,0
"gene","CHG","Treatment","6",52.5,0
"gene","CHG","Treatment","6",57.5,0
"gene","CHG","Treatment","6",62.5,0
"gene","CHG","Treatment","6",67.5,0
"gene","CHG","Treatment","6",72.5,0
"gene","CHG","Treatment","6",77.5,0
"gene","CHG","Treatment","6",82.5,0
"gene","CHG","Treatment","6",87.5,0
"gene","CHG","Treatment","6",92.5,0
"gene","CHG","Treatment","6",97.5,0
"gene","CHG","Treatment","7",2.5,0
"gene","CHG","Treatment","7",7.5,0
"gene","CHG","Treatment","7",12.5,0
"gene","CHG","Treatment","7",17.5,0
"gene","CHG","Treatment","7",22.5,0
"gene","CHG","Treatment","7",27.5,0
"gene","CHG","Treatment","7",32.5,0
"gene","CHG","Treatment","7",37.5,0
"gene","CHG","Treatment","7",42.5,0
"gene","CHG","Treatment","7",47.5,0
"gene","CHG","Treatment","7",52.5,0
"gene","CHG","Treatment","7",57.5,0
"gene","CHG","Treatment","7",62.5,0
"gene","CHG","Treatment","7",67.5,0
"gene","CHG","Treatment","7",72.5,0
"gene","CHG","Treatment","7",77.5,0
"gene","CHG","Treatment","7",82.5,0
"gene","CHG","Treatment","7",87.5,0
"gene","CHG","Treatment","7",92.5,0
"gene","CHG","Treatment","7",97.5,0
"gene","CHG","Treatment","10",2.5,0
"gene","CHG","Treatment","10",7.5,0
"gene","CHG","Treatment","10",12.5,0
"gene","CHG","Treatment","10",17.5,0
"gene","CHG","Treatment","10",22.5,0
"gene","CHG","Treatment","10",27.5,0
"gene","CHG","Treatment","10",32.5,0
"gene","CHG","Treatment","10",37.5,0
"gene","CHG","Treatment","10",42.5,0
"gene","CHG","Treatment","10",47.5,0
"gene","CHG","Treatment","10",52.5,0
"gene","CHG","Treatment","10",57.5,0
"gene","CHG","Treatment","10",62.5,0
"gene","CHG","Treatment","10",67.5,0
"gene","CHG","Treatment","10",72.5,0
"gene","CHG","Treatment","10",77.5,0
"gene","CHG","Treatment","10",82.5,0
"gene","CHG","Treatment","10",87.5,0
"gene","CHG","Treatment","10",92.5,0
"gene","CHG","Treatment","10",97.5,0
"gene","CHG","Treatment","14",2.5,3116
"gene","CHG","Treatment","14",7.5,51
"gene","CHG","Treatment","14",12.5,2
"gene","CHG","Treatment","14",17.5,0
"gene","CHG","Treatment","14",22.5,0
"gene","CHG","Treatment","14",27.5,2
"gene","CHG","Treatment","14",32.5,0
"gene","CHG","Treatment","14",37.5,0
"gene","CHG","Treatment","14",42.5,0
"gene","CHG","Treatment","14",47.5,0
"gene","CHG","Treatment","14",52.5,0
"gene","CHG","Treatment","14",57.5,0
"gene","CHG","Treatment","14",62.5,0
"gene","CHG","Treatment","14",67.5,0
"gene","CHG","Treatment","14",72.5,0
"gene","CHG","Treatment","14",77.5,0
"gene","CHG","Treatment","14",82.5,0
"gene","CHG","Treatment","14",87.5,0
"gene","CHG","Treatment","14",92.5,0
"gene","CHG","Treatment","14",97.5,0
"gene","CHG","Treatment","20",2.5,2037
"gene","CHG","Treatment","20",7.5,37
"gene","CHG","Treatment","20",12.5,3
"gene","CHG","Treatment","20",17.5,3
"gene","CHG","Treatment","20",22.5,0
"gene","CHG","Treatment","20",27.5,0
"gene","CHG","Treatment","20",32.5,0
"gene","CHG","Treatment","20",37.5,2
"gene","CHG","Treatment","20",42.5,0
"gene","CHG","Treatment","20",47.5,1
"gene","CHG","Treatment","20",52.5,0
"gene","CHG","Treatment","20",57.5,0
"gene","CHG","Treatment","20",62.5,0
"gene","CHG","Treatment","20",67.5,0
"gene","CHG","Treatment","20",72.5,0
"gene","CHG","Treatment","20",77.5,0
"gene","CHG","Treatment","20",82.5,0
"gene","CHG","Treatment","20",87.5,0
"gene","CHG","Treatment","20",92.5,0
"gene","CHG","Treatment","20",97.5,0
"gene","CHG","Treatment","21",2.5,2477
"gene","CHG","Treatment","21",7.5,63
"gene","CHG","Treatment","21",12.5,1
"gene","CHG","Treatment","21",17.5,1
"gene","CHG","Treatment","21",22.5,0
"gene","CHG","Treatment","21",27.5,0
"gene","CHG","Treatment","21",32.5,0
"gene","CHG","Treatment","21",37.5,0
"gene","CHG","Treatment","21",42.5,0
"gene","CHG","Treatment","21",47.5,0
"gene","CHG","Treatment","21",52.5,1
"gene","CHG","Treatment","21",57.5,0
"gene","CHG","Treatment","21",62.5,0
"gene","CHG","Treatment","21",67.5,0
"gene","CHG","Treatment","21",72.5,0
"gene","CHG","Treatment","21",77.5,0
"gene","CHG","Treatment","21",82.5,0
"gene","CHG","Treatment","21",87.5,0
"gene","CHG","Treatment","21",92.5,0
"gene","CHG","Treatment","21",97.5,0
"gene","CHG","Treatment","11",2.5,0
"gene","CHG","Treatment","11",7.5,0
"gene","CHG","Treatment","11",12.5,0
"gene","CHG","Treatment","11",17.5,0
"gene","CHG","Treatment","11",22.5,0
"gene","CHG","Treatment","11",27.5,0
"gene","CHG","Treatment","11",32.5,0
"gene","CHG","Treatment","11",37.5,0
"gene","CHG","Treatment","11",42.5,0
"gene","CHG","Treatment","11",47.5,0
"gene","CHG","Treatment","11",52.5,0
"gene","CHG","Treatment","11",57.5,0
"gene","CHG","Treatment","11",62.5,0
"gene","CHG","Treatment","11",67.5,0
"gene","CHG","Treatment","11",72.5,0
"gene","CHG","Treatment","11",77.5,0
"gene","CHG","Treatment","11",82.5,0
"gene","CHG","Treatment","11",87.5,0
"gene","CHG","Treatment","11",92.5,0
"gene","CHG","Treatment","11",97.5,0
"gene","CHG","Treatment","2",2.5,6745
"gene","CHG","Treatment","2",7.5,153
"gene","CHG","Treatment","2",12.5,3
"gene","CHG","Treatment","2",17.5,6
"gene","CHG","Treatment","2",22.5,1
"gene","CHG","Treatment","2",27.5,1
"gene","CHG","Treatment","2",32.5,2
"gene","CHG","Treatment","2",37.5,2
"gene","CHG","Treatment","2",42.5,0
"gene","CHG","Treatment","2",47.5,1
"gene","CHG","Treatment","2",52.5,0
"gene","CHG","Treatment","2",57.5,0
"gene","CHG","Treatment","2",62.5,0
"gene","CHG","Treatment","2",67.5,0
"gene","CHG","Treatment","2",72.5,0
"gene","CHG","Treatment","2",77.5,0
"gene","CHG","Treatment","2",82.5,0
"gene","CHG","Treatment","2",87.5,0
"gene","CHG","Treatment","2",92.5,0
"gene","CHG","Treatment","2",97.5,1
"gene","CHH","Control","6",2.5,7088
"gene","CHH","Control","6",7.5,108
"gene","CHH","Control","6",12.5,2
"gene","CHH","Control","6",17.5,4
"gene","CHH","Control","6",22.5,0
"gene","CHH","Control","6",27.5,0
"gene","CHH","Control","6",32.5,0
"gene","CHH","Control","6",37.5,0
"gene","CHH","Control","6",42.5,0
"gene","CHH","Control","6",47.5,1
"gene","CHH","Control","6",52.5,0
"gene","CHH","Control","6",57.5,0
"gene","CHH","Control","6",62.5,0
"gene","CHH","Control","6",67.5,0
"gene","CHH","Control","6",72.5,0
"gene","CHH","Control","6",77.5,0
"gene","CHH","Control","6",82.5,0
"gene","CHH","Control","6",87.5,0
"gene","CHH","Control","6",92.5,0
"gene","CHH","Control","6",97.5,0
"gene","CHH","Control","7",2.5,11496
"gene","CHH","Control","7",7.5,188
"gene","CHH","Control","7",12.5,10
"gene","CHH","Control","7",17.5,8
"gene","CHH","Control","7",22.5,2
"gene","CHH","Control","7",27.5,1
"gene","CHH","Control","7",32.5,2
"gene","CHH","Control","7",37.5,0
"gene","CHH","Control","7",42.5,0
"gene","CHH","Control","7",47.5,0
"gene","CHH","Control","7",52.5,0
"gene","CHH","Control","7",57.5,0
"gene","CHH","Control","7",62.5,0
"gene","CHH","Control","7",67.5,0
"gene","CHH","Control","7",72.5,0
"gene","CHH","Control","7",77.5,0
"gene","CHH","Control","7",82.5,0
"gene","CHH","Control","7",87.5,0
"gene","CHH","Control","7",92.5,0
"gene","CHH","Control","7",97.5,0
"gene","CHH","Control","10",2.5,3670
"gene","CHH","Control","10",7.5,67
"gene","CHH","Control","10",12.5,4
"gene","CHH","Control","10",17.5,3
"gene","CHH","Control","10",22.5,1
"gene","CHH","Control","10",27.5,0
"gene","CHH","Control","10",32.5,0
"gene","CHH","Control","10",37.5,0
"gene","CHH","Control","10",42.5,0
"gene","CHH","Control","10",47.5,0
"gene","CHH","Control","10",52.5,0
"gene","CHH","Control","10",57.5,0
"gene","CHH","Control","10",62.5,0
"gene","CHH","Control","10",67.5,0
"gene","CHH","Control","10",72.5,0
"gene","CHH","Control","10",77.5,0
"gene","CHH","Control","10",82.5,0
"gene","CHH","Control","10",87.5,0
"gene","CHH","Control","10",92.5,0
"gene","CHH","Control","10",97.5,0
"gene","CHH","Control","14",2.5,0
"gene","CHH","Control","14",7.5,0
"gene","CHH","Control","14",12.5,0
"gene","CHH","Control","14",17.5,0
"gene","CHH","Control","14",22.5,0
"gene","CHH","Control","14",27.5,0
"gene","CHH","Control","14",32.5,0
"gene","CHH","Control","14",37.5,0
"gene","CHH","Control","14",42.5,0
"gene","CHH","Control","14",47.5,0
"gene","CHH","Control","14",52.5,0
"gene","CHH","Control","14",57.5,0
"gene","CHH","Control","14",62.5,0
"gene","CHH","Control","14",67.5,0
"gene","CHH","Control","14",72.5,0
"gene","CHH","Control","14",77.5,0
"gene","CHH","Control","14",82.5,0
"gene","CHH","Control","14",87.5,0
"gene","CHH","Control","14",92.5,0
"gene","CHH","Control","14",97.5,0
"gene","CHH","Control","20",2.5,0
"gene","CHH","Control","20",7.5,0
"gene","CHH","Control","20",12.5,0
"gene","CHH","Control","20",17.5,0
"gene","CHH","Control","20",22.5,0
"gene","CHH","Control","20",27.5,0
"gene","CHH","Control","20",32.5,0
"gene","CHH","Control","20",37.5,0
"gene","CHH","Control","20",42.5,0
"gene","CHH","Control","20",47.5,0
"gene","CHH","Control","20",52.5,0
"gene","CHH","Control","20",57.5,0
"gene","CHH","Control","20",62.5,0
"gene","CHH","Control","20",67.5,0
"gene","CHH","Control","20",72.5,0
"gene","CHH","Control","20",77.5,0
"gene","CHH","Control","20",82.5,0
"gene","CHH","Control","20",87.5,0
"gene","CHH","Control","20",92.5,0
"gene","CHH","Control","20",97.5,0
"gene","CHH","Control","21",2.5,0
"gene","CHH","Control","21",7.5,0
"gene","CHH","Control","21",12.5,0
"gene","CHH","Control","21",17.5,0
"gene","CHH","Control","21",22.5,0
"gene","CHH","Control","21",27.5,0
"gene","CHH","Control","21",32.5,0
"gene","CHH","Control","21",37.5,0
"gene","CHH","Control","21",42.5,0
"gene","CHH","Control","21",47.5,0
"gene","CHH","Control","21",52.5,0
"gene","CHH","Control","21",57.5,0
"gene","CHH","Control","21",62.5,0
"gene","CHH","Control","21",67.5,0
"gene","CHH","Control","21",72.5,0
"gene","CHH","Control","21",77.5,0
"gene","CHH","Control","21",82.5,0
"gene","CHH","Control","21",87.5,0
"gene","CHH","Control","21",92.5,0
"gene","CHH","Control","21",97.5,0
"gene","CHH","Control","11",2.5,4739
"gene","CHH","Control","11",7.5,85
"gene","CHH","Control","11",12.5,3
"gene","CHH","Control","11",17.5,4
"gene","CHH","Control","11",22.5,2
"gene","CHH","Control","11",27.5,0
"gene","CHH","Control","11",32.5,0
"gene","CHH","Control","11",37.5,0
"gene","CHH","Control","11",42.5,0
"gene","CHH","Control","11",47.5,0
"gene","CHH","Control","11",52.5,0
"gene","CHH","Control","11",57.5,0
"gene","CHH","Control","11",62.5,0
"gene","CHH","Control","11",67.5,0
"gene","CHH","Control","11",72.5,0
"gene","CHH","Control","11",77.5,0
"gene","CHH","Control","11",82.5,0
"gene","CHH","Control","11",87.5,0
"gene","CHH","Control","11",92.5,0
"gene","CHH","Control","11",97.5,0
"gene","CHH","Control","2",2.5,0
"gene","CHH","Control","2",7.5,0
"gene","CHH","Control","2",12.5,0
"gene","CHH","Control","2",17.5,0
"gene","CHH","Control","2",22.5,0
"gene","CHH","Control","2",27.5,0
"gene","CHH","Control","2",32.5,0
"gene","CHH","Control","2",37.5,0
"gene","CHH","Control","2",42.5,0
"gene","CHH","Control","2",47.5,0
"gene","CHH","Control","2",52.5,0
"gene","CHH","Control","2",57.5,0
"gene","CHH","Control","2",62.5,0
"gene","CHH","Control","2",67.5,0
"gene","CHH","Control","2",72.5,0
"gene","CHH","Control","2",77.5,0
"gene","CHH","Control","2",82.5,0
"gene","CHH","Control","2",87.5,0
"gene","CHH","Control","2",92.5,0
"gene","CHH","Control","2",97.5,0
"gene","CHH","Treatment","6",2.5,0
"gene","CHH","Treatment","6",7.5,0
"gene","CHH","Treatment","6",12.5,0
"gene","CHH","Treatment","6",17.5,0
"gene","CHH","Treatment","6",22.5,0
"gene","CHH","Treatment","6",27.5,0
"gene","CHH","Treatment","6",32.5,0
"gene","CHH","Treatment","6",37.5,0
"gene","CHH","Treatment","6",42.5,0
"gene","CHH","Treatment","6",47.5,0
"gene","CHH","Treatment","6",52.5,0
"gene","CHH","Treatment","6",57.5,0
"gene","CHH","Treatment","6",62.5,0
"gene","CHH","Treatment","6",67.5,0
"gene","CHH","Treatment","6",72.5,0
"gene","CHH","Treatment","6",77.5,0
"gene","CHH","Treatment","6",82.5,0
"gene","CHH","Treatment","6",87.5,0
"gene","CHH","Treatment","6",92.5,0
"gene","CHH","Treatment","6",97.5,0
"gene","CHH","Treatment","7",2.5,0
"gene","CHH","Treatment","7",7.5,0
"gene","CHH","Treatment","7",12.5,0
"gene","CHH","Treatment","7",17.5,0
"gene","CHH","Treatment","7",22.5,0
"gene","CHH","Treatment","7",27.5,0
"gene","CHH","Treatment","7",32.5,0
"gene","CHH","Treatment","7",37.5,0
"gene","CHH","Treatment","7",42.5,0
"gene","CHH","Treatment","7",47.5,0
"gene","CHH","Treatment","7",52.5,0
"gene","CHH","Treatment","7",57.5,0
"gene","CHH","Treatment","7",62.5,0
"gene","CHH","Treatment","7",67.5,0
"gene","CHH","Treatment","7",72.5,0
"gene","CHH","Treatment","7",77.5,0
"gene","CHH","Treatment","7",82.5,0
"gene","CHH","Treatment","7",87.5,0
"gene","CHH","Treatment","7",92.5,0
"gene","CHH","Treatment","7",97.5,0
"gene","CHH","Treatment","10",2.5,0
"gene","CHH","Treatment","10",7.5,0
"gene","CHH","Treatment","10",12.5,0
"gene","CHH","Treatment","10",17.5,0
"gene","CHH","Treatment","10",22.5,0
"gene","CHH","Treatment","10",27.5,0
"gene","CHH","Treatment","10",32.5,0
"gene","CHH","Treatment","10",37.5,0
"gene","CHH","Treatment","10",42.5,0
"gene","CHH","Treatment","10",47.5,0
"gene","CHH","Treatment","10",52.5,0
"gene","CHH","Treatment","10",57.5,0
"gene","CHH","Treatment","10",62.5,0
"gene","CHH","Treatment","10",67.5,0
"gene","CHH","Treatment","10",72.5,0
"gene","CHH","Treatment","10",77.5,0
"gene","CHH","Treatment","10",82.5,0
"gene","CHH","Treatment","10",87.5,0
"gene","CHH","Treatment","10",92.5,0
"gene","CHH","Treatment","10",97.5,0
"gene","CHH","Treatment","14",2.5,4051
"gene","CHH","Treatment","14",7.5,70
"gene","CHH","Treatment","14",12.5,4
"gene","CHH","Treatment","14",17.5,2
"gene","CHH","Treatment","14",22.5,0
"gene","CHH","Treatment","14",27.5,1
"gene","CHH","Treatment","14",32.5,0
"gene","CHH","Treatment","14",37.5,0
"gene","CHH","Treatment","14",42.5,0
"gene","CHH","Treatment","14",47.5,0
"gene","CHH","Treatment","14",52.5,0
"gene","CHH","Treatment","14",57.5,0
"gene","CHH","Treatment","14",62.5,0
"gene","CHH","Treatment","14",67.5,0
"gene","CHH","Treatment","14",72.5,0
"gene","CHH","Treatment","14",77.5,0
"gene","CHH","Treatment","14",82.5,0
"gene","CHH","Treatment","14",87.5,0
"gene","CHH","Treatment","14",92.5,0
"gene","CHH","Treatment","14",97.5,0
"gene","CHH","Treatment","20",2.5,2674
"gene","CHH","Treatment","20",7.5,49
"gene","CHH","Treatment","20",12.5,2
"gene","CHH","Treatment","20",17.5,2
"gene","CHH","Treatment","20",22.5,0
"gene","CHH","Treatment","20",27.5,0
"gene","CHH","Treatment","20",32.5,0
"gene","CHH","Treatment","20",37.5,0
"gene","CHH","Treatment","20",42.5,0
"gene","CHH","Treatment","20",47.5,0
"gene","CHH","Treatment","20",52.5,0
"gene","CHH","Treatment","20",57.5,0
"gene","CHH","Treatment","20",62.5,0
"gene","CHH","Treatment","20",67.5,0
"gene","CHH","Treatment","20",72.5,0
"gene","CHH","Treatment","20",77.5,0
"gene","CHH","Treatment","20",82.5,0
"gene","CHH","Treatment","20",87.5,0
"gene","CHH","Treatment","20",92.5,0
"gene","CHH","Treatment","20",97.5,0
"gene","CHH","Treatment","21",2.5,3158
"gene","CHH","Treatment","21",7.5,77
"gene","CHH","Treatment","21",12.5,4
"gene","CHH","Treatment","21",17.5,2
"gene","CHH","Treatment","21",22.5,0
"gene","CHH","Treatment","21",27.5,0
"gene","CHH","Treatment","21",32.5,0
"gene","CHH","Treatment","21",37.5,0
"gene","CHH","Treatment","21",42.5,0
"gene","CHH","Treatment","21",47.5,1
"gene","CHH","Treatment","21",52.5,0
"gene","CHH","Treatment","21",57.5,0
"gene","CHH","Treatment","21",62.5,0
"gene","CHH","Treatment","21",67.5,0
"gene","CHH","Treatment","21",72.5,0
"gene","CHH","Treatment","21",77.5,0
"gene","CHH","Treatment","21",82.5,0
"gene","CHH","Treatment","21",87.5,0
"gene","CHH","Treatment","21",92.5,0
"gene","CHH","Treatment","21",97.5,0
"gene","CHH","Treatment","11",2.5,0
"gene","CHH","Treatment","11",7.5,0
"gene","CHH","Treatment","11",12.5,0
"gene","CHH","Treatment","11",17.5,0
"gene","CHH","Treatment","11",22.5,0
"gene","CHH","Treatment","11",27.5,0
"gene","CHH","Treatment","11",32.5,0
"gene","CHH","Treatment","11",37.5,0
"gene","CHH","Treatment","11",42.5,0
"gene","CHH","Treatment","11",47.5,0
"gene","CHH","Treatment","11",52.5,0
"gene","CHH","Treatment","11",57.5,0
"gene","CHH","Treatment","11",62.5,0
"gene","CHH","Treatment","11",67.5,0
"gene","CHH","Treatment","11",72.5,0
"gene","CHH","Treatment","11",77.5,0
"gene","CHH","Treatment","11",82.5,0
"gene","CHH","Treatment","11",87.5,0
"gene","CHH","Treatment","11",92.5,0
"gene","CHH","Treatment","11",97.5,0
"gene","CHH","Treatment","2",2.5,8584
"gene","CHH","Treatment","2",7.5,190
"gene","CHH","Treatment","2",12.5,7
"gene","CHH","Treatment","2",17.5,4
"gene","CHH","Treatment","2",22.5,3
"gene","CHH","Treatment","2",27.5,2
"gene","CHH","Treatment","2",32.5,0
"gene","CHH","Treatment","2",37.5,2
"gene","CHH","Treatment","2",42.5,0
"gene","CHH","Treatment","2",47.5,0
"gene","CHH","Treatment","2",52.5,0
"gene","CHH","Treatment","2",57.5,0
"gene","CHH","Treatment","2",62.5,0
"gene","CHH","Treatment","2",67.5,0
"gene","CHH","Treatment","2",72.5,0
"gene","CHH","Treatment","2",77.5,0
"gene","CHH","Treatment","2",82.5,0
"gene","CHH","Treatment","2",87.5,0
"gene","CHH","Treatment","2",92.5,0
"gene","CHH","Treatment","2",97.5,0
"ncRNA_gene","CpG","Control","6",2.5,101
"ncRNA_gene","CpG","Control","6",7.5,1
"ncRNA_gene","CpG","Control","6",12.5,0
"ncRNA_gene","CpG","Control","6",17.5,1
"ncRNA_gene","CpG","Control","6",22.5,0
"ncRNA_gene","CpG","Control","6",27.5,0
"ncRNA_gene","CpG","Control","6",32.5,0
"ncRNA_gene","CpG","Control","6",37.5,0
"ncRNA_gene","CpG","Control","6",42.5,0
"ncRNA_gene","CpG","Control","6",47.5,1
"ncRNA_gene","CpG","Control","6",52.5,0
"ncRNA_gene","CpG","Control","6",57.5,0
"ncRNA_gene","CpG","Control","6",62.5,0
"ncRNA_gene","CpG","Control","6",67.5,0
"ncRNA_gene","CpG","Control","6",72.5,0
"ncRNA_gene","CpG","Control","6",77.5,0
"ncRNA_gene","CpG","Control","6",82.5,0
"ncRNA_gene","CpG","Control","6",87.5,1
"ncRNA_gene","CpG","Control","6",92.5,1
"ncRNA_gene","CpG","Control","6",97.5,0
"ncRNA_gene","CpG","Control","7",2.5,128
"ncRNA_gene","CpG","Control","7",7.5,2
"ncRNA_gene","CpG","Control","7",12.5,0
"ncRNA_gene","CpG","Control","7",17.5,1
"ncRNA_gene","CpG","Control","7",22.5,1
"ncRNA_gene","CpG","Control","7",27.5,0
"ncRNA_gene","CpG","Control","7",32.5,0
"ncRNA_gene","CpG","Control","7",37.5,0
"ncRNA_gene","CpG","Control","7",42.5,1
"ncRNA_gene","CpG","Control","7",47.5,0
"ncRNA_gene","CpG","Control","7",52.5,0
"ncRNA_gene","CpG","Control","7",57.5,0
"ncRNA_gene","CpG","Control","7",62.5,0
"ncRNA_gene","CpG","Control","7",67.5,0
"ncRNA_gene","CpG","Control","7",72.5,0
"ncRNA_gene","CpG","Control","7",77.5,0
"ncRNA_gene","CpG","Control","7",82.5,1
"ncRNA_gene","CpG","Control","7",87.5,3
"ncRNA_gene","CpG","Control","7",92.5,1
"ncRNA_gene","CpG","Control","7",97.5,0
"ncRNA_gene","CpG","Control","10",2.5,61
"ncRNA_gene","CpG","Control","10",7.5,1
"ncRNA_gene","CpG","Control","10",12.5,0
"ncRNA_gene","CpG","Control","10",17.5,0
"ncRNA_gene","CpG","Control","10",22.5,0
"ncRNA_gene","CpG","Control","10",27.5,0
"ncRNA_gene","CpG","Control","10",32.5,0
"ncRNA_gene","CpG","Control","10",37.5,0
"ncRNA_gene","CpG","Control","10",42.5,0
"ncRNA_gene","CpG","Control","10",47.5,1
"ncRNA_gene","CpG","Control","10",52.5,0
"ncRNA_gene","CpG","Control","10",57.5,0
"ncRNA_gene","CpG","Control","10",62.5,0
"ncRNA_gene","CpG","Control","10",67.5,0
"ncRNA_gene","CpG","Control","10",72.5,0
"ncRNA_gene","CpG","Control","10",77.5,0
"ncRNA_gene","CpG","Control","10",82.5,0
"ncRNA_gene","CpG","Control","10",87.5,1
"ncRNA_gene","CpG","Control","10",92.5,0
"ncRNA_gene","CpG","Control","10",97.5,0
"ncRNA_gene","CpG","Control","14",2.5,0
"ncRNA_gene","CpG","Control","14",7.5,0
"ncRNA_gene","CpG","Control","14",12.5,0
"ncRNA_gene","CpG","Control","14",17.5,0
"ncRNA_gene","CpG","Control","14",22.5,0
"ncRNA_gene","CpG","Control","14",27.5,0
"ncRNA_gene","CpG","Control","14",32.5,0
"ncRNA_gene","CpG","Control","14",37.5,0
"ncRNA_gene","CpG","Control","14",42.5,0
"ncRNA_gene","CpG","Control","14",47.5,0
"ncRNA_gene","CpG","Control","14",52.5,0
"ncRNA_gene","CpG","Control","14",57.5,0
"ncRNA_gene","CpG","Control","14",62.5,0
"ncRNA_gene","CpG","Control","14",67.5,0
"ncRNA_gene","CpG","Control","14",72.5,0
"ncRNA_gene","CpG","Control","14",77.5,0
"ncRNA_gene","CpG","Control","14",82.5,0
"ncRNA_gene","CpG","Control","14",87.5,0
"ncRNA_gene","CpG","Control","14",92.5,0
"ncRNA_gene","CpG","Control","14",97.5,0
"ncRNA_gene","CpG","Control","20",2.5,0
"ncRNA_gene","CpG","Control","20",7.5,0
"ncRNA_gene","CpG","Control","20",12.5,0
"ncRNA_gene","CpG","Control","20",17.5,0
"ncRNA_gene","CpG","Control","20",22.5,0
"ncRNA_gene","CpG","Control","20",27.5,0
"ncRNA_gene","CpG","Control","20",32.5,0
"ncRNA_gene","CpG","Control","20",37.5,0
"ncRNA_gene","CpG","Control","20",42.5,0
"ncRNA_gene","CpG","Control","20",47.5,0
"ncRNA_gene","CpG","Control","20",52.5,0
"ncRNA_gene","CpG","Control","20",57.5,0
"ncRNA_gene","CpG","Control","20",62.5,0
"ncRNA_gene","CpG","Control","20",67.5,0
"ncRNA_gene","CpG","Control","20",72.5,0
"ncRNA_gene","CpG","Control","20",77.5,0
"ncRNA_gene","CpG","Control","20",82.5,0
"ncRNA_gene","CpG","Control","20",87.5,0
"ncRNA_gene","CpG","Control","20",92.5,0
"ncRNA_gene","CpG","Control","20",97.5,0
"ncRNA_gene","CpG","Control","21",2.5,0
"ncRNA_gene","CpG","Control","21",7.5,0
"ncRNA_gene","CpG","Control","21",12.5,0
"ncRNA_gene","CpG","Control","21",17.5,0
"ncRNA_gene","CpG","Control","21",22.5,0
"ncRNA_gene","CpG","Control","21",27.5,0
"ncRNA_gene","CpG","Control","21",32.5,0
"ncRNA_gene","CpG","Control","21",37.5,0
"ncRNA_gene","CpG","Control","21",42.5,0
"ncRNA_gene","CpG","Control","21",47.5,0
"ncRNA_gene","CpG","Control","21",52.5,0
"ncRNA_gene","CpG","Control","21",57.5,0
"ncRNA_gene","CpG","Control","21",62.5,0
"ncRNA_gene","CpG","Control","21",67.5,0
"ncRNA_gene","CpG","Control","21",72.5,0
"ncRNA_gene","CpG","Control","21",77.5,0
"ncRNA_gene","CpG","Control","21",82.5,0
"ncRNA_gene","CpG","Control","21",87.5,0
"ncRNA_gene","CpG","Control","21",92.5,0
"ncRNA_gene","CpG","Control","21",97.5,0
"ncRNA_gene","CpG","Control","11",2.5,61
"ncRNA_gene","CpG","Control","11",7.5,3
"ncRNA_gene","CpG","Control","11",12.5,0
"ncRNA_gene","CpG","Control","11",17.5,0
"ncRNA_gene","CpG","Control","11",22.5,0
"ncRNA_gene","CpG","Control","11",27.5,0
"ncRNA_gene","CpG","Control","11",32.5,0
"ncRNA_gene","CpG","Control","11",37.5,1
"ncRNA_gene","CpG","Control","11",42.5,0
"ncRNA_gene","CpG","Control","11",47.5,0
"ncRNA_gene","CpG","Control","11",52.5,0
"ncRNA_gene","CpG","Control","11",57.5,0
"ncRNA_gene","CpG","Control","11",62.5,0
"ncRNA_gene","CpG","Control","11",67.5,0
"ncRNA_gene","CpG","Control","11",72.5,0
"ncRNA_gene","CpG","Control","11",77.5,1
"ncRNA_gene","CpG","Control","11",82.5,0
"ncRNA_gene","CpG","Control","11",87.5,1
"ncRNA_gene","CpG","Control","11",92.5,0
"ncRNA_gene","CpG","Control","11",97.5,0
"ncRNA_gene","CpG","Control","2",2.5,0
"ncRNA_gene","CpG","Control","2",7.5,0
"ncRNA_gene","CpG","Control","2",12.5,0
"ncRNA_gene","CpG","Control","2",17.5,0
"ncRNA_gene","CpG","Control","2",22.5,0
"ncRNA_gene","CpG","Control","2",27.5,0
"ncRNA_gene","CpG","Control","2",32.5,0
"ncRNA_gene","CpG","Control","2",37.5,0
"ncRNA_gene","CpG","Control","2",42.5,0
"ncRNA_gene","CpG","Control","2",47.5,0
"ncRNA_gene","CpG","Control","2",52.5,0
"ncRNA_gene","CpG","Control","2",57.5,0
"ncRNA_gene","CpG","Control","2",62.5,0
"ncRNA_gene","CpG","Control","2",67.5,0
"ncRNA_gene","CpG","Control","2",72.5,0
"ncRNA_gene","CpG","Control","2",77.5,0
"ncRNA_gene","CpG","Control","2",82.5,0
"ncRNA_gene","CpG","Control","2",87.5,0
"ncRNA_gene","CpG","Control","2",92.5,0
"ncRNA_gene","CpG","Control","2",97.5,0
"ncRNA_gene","CpG","Treatment","6",2.5,0
"ncRNA_gene","CpG","Treatment","6",7.5,0
"ncRNA_gene","CpG","Treatment","6",12.5,0
"ncRNA_gene","CpG","Treatment","6",17.5,0
"ncRNA_gene","CpG","Treatment","6",22.5,0
"ncRNA_gene","CpG","Treatment","6",27.5,0
"ncRNA_gene","CpG","Treatment","6",32.5,0
"ncRNA_gene","CpG","Treatment","6",37.5,0
"ncRNA_gene","CpG","Treatment","6",42.5,0
"ncRNA_gene","CpG","Treatment","6",47.5,0
"ncRNA_gene","CpG","Treatment","6",52.5,0
"ncRNA_gene","CpG","Treatment","6",57.5,0
"ncRNA_gene","CpG","Treatment","6",62.5,0
"ncRNA_gene","CpG","Treatment","6",67.5,0
"ncRNA_gene","CpG","Treatment","6",72.5,0
"ncRNA_gene","CpG","Treatment","6",77.5,0
"ncRNA_gene","CpG","Treatment","6",82.5,0
"ncRNA_gene","CpG","Treatment","6",87.5,0
"ncRNA_gene","CpG","Treatment","6",92.5,0
"ncRNA_gene","CpG","Treatment","6",97.5,0
"ncRNA_gene","CpG","Treatment","7",2.5,0
"ncRNA_gene","CpG","Treatment","7",7.5,0
"ncRNA_gene","CpG","Treatment","7",12.5,0
"ncRNA_gene","CpG","Treatment","7",17.5,0
"ncRNA_gene","CpG","Treatment","7",22.5,0
"ncRNA_gene","CpG","Treatment","7",27.5,0
"ncRNA_gene","CpG","Treatment","7",32.5,0
"ncRNA_gene","CpG","Treatment","7",37.5,0
"ncRNA_gene","CpG","Treatment","7",42.5,0
"ncRNA_gene","CpG","Treatment","7",47.5,0
"ncRNA_gene","CpG","Treatment","7",52.5,0
"ncRNA_gene","CpG","Treatment","7",57.5,0
"ncRNA_gene","CpG","Treatment","7",62.5,0
"ncRNA_gene","CpG","Treatment","7",67.5,0
"ncRNA_gene","CpG","Treatment","7",72.5,0
"ncRNA_gene","CpG","Treatment","7",77.5,0
"ncRNA_gene","CpG","Treatment","7",82.5,0
"ncRNA_gene","CpG","Treatment","7",87.5,0
"ncRNA_gene","CpG","Treatment","7",92.5,0
"ncRNA_gene","CpG","Treatment","7",97.5,0
"ncRNA_gene","CpG","Treatment","10",2.5,0
"ncRNA_gene","CpG","Treatment","10",7.5,0
"ncRNA_gene","CpG","Treatment","10",12.5,0
"ncRNA_gene","CpG","Treatment","10",17.5,0
"ncRNA_gene","CpG","Treatment","10",22.5,0
"ncRNA_gene","CpG","Treatment","10",27.5,0
"ncRNA_gene","CpG","Treatment","10",32.5,0
"ncRNA_gene","CpG","Treatment","10",37.5,0
"ncRNA_gene","CpG","Treatment","10",42.5,0
"ncRNA_gene","CpG","Treatment","10",47.5,0
"ncRNA_gene","CpG","Treatment","10",52.5,0
"ncRNA_gene","CpG","Treatment","10",57.5,0
"ncRNA_gene","CpG","Treatment","10",62.5,0
"ncRNA_gene","CpG","Treatment","10",67.5,0
"ncRNA_gene","CpG","Treatment","10",72.5,0
"ncRNA_gene","CpG","Treatment","10",77.5,0
"ncRNA_gene","CpG","Treatment","10",82.5,0
"ncRNA_gene","CpG","Treatment","10",87.5,0
"ncRNA_gene","CpG","Treatment","10",92.5,0
"ncRNA_gene","CpG","Treatment","10",97.5,0
"ncRNA_gene","CpG","Treatment","14",2.5,65
"ncRNA_gene","CpG","Treatment","14",7.5,2
"ncRNA_gene","CpG","Treatment","14",12.5,0
"ncRNA_gene","CpG","Treatment","14",17.5,0
"ncRNA_gene","CpG","Treatment","14",22.5,0
"ncRNA_gene","CpG","Treatment","14",27.5,0
"ncRNA_gene","CpG","Treatment","14",32.5,0
"ncRNA_gene","CpG","Treatment","14",37.5,0
"ncRNA_gene","CpG","Treatment","14",42.5,0
"ncRNA_gene","CpG","Treatment","14",47.5,1
"ncRNA_gene","CpG","Treatment","14",52.5,0
"ncRNA_gene","CpG","Treatment","14",57.5,0
"ncRNA_gene","CpG","Treatment","14",62.5,0
"ncRNA_gene","CpG","Treatment","14",67.5,0
"ncRNA_gene","CpG","Treatment","14",72.5,0
"ncRNA_gene","CpG","Treatment","14",77.5,0
"ncRNA_gene","CpG","Treatment","14",82.5,0
"ncRNA_gene","CpG","Treatment","14",87.5,1
"ncRNA_gene","CpG","Treatment","14",92.5,0
"ncRNA_gene","CpG","Treatment","14",97.5,0
"ncRNA_gene","CpG","Treatment","20",2.5,47
"ncRNA_gene","CpG","Treatment","20",7.5,0
"ncRNA_gene","CpG","Treatment","20",12.5,0
"ncRNA_gene","CpG","Treatment","20",17.5,0
"ncRNA_gene","CpG","Treatment","20",22.5,0
"ncRNA_gene","CpG","Treatment","20",27.5,0
"ncRNA_gene","CpG","Treatment","20",32.5,0
"ncRNA_gene","CpG","Treatment","20",37.5,0
"ncRNA_gene","CpG","Treatment","20",42.5,0
"ncRNA_gene","CpG","Treatment","20",47.5,0
"ncRNA_gene","CpG","Treatment","20",52.5,1
"ncRNA_gene","CpG","Treatment","20",57.5,0
"ncRNA_gene","CpG","Treatment","20",62.5,0
"ncRNA_gene","CpG","Treatment","20",67.5,0
"ncRNA_gene","CpG","Treatment","20",72.5,0
"ncRNA_gene","CpG","Treatment","20",77.5,0
"ncRNA_gene","CpG","Treatment","20",82.5,0
"ncRNA_gene","CpG","Treatment","20",87.5,1
"ncRNA_gene","CpG","Treatment","20",92.5,1
"ncRNA_gene","CpG","Treatment","20",97.5,0
"ncRNA_gene","CpG","Treatment","21",2.5,57
"ncRNA_gene","CpG","Treatment","21",7.5,1
"ncRNA_gene","CpG","Treatment","21",12.5,0
"ncRNA_gene","CpG","Treatment","21",17.5,0
"ncRNA_gene","CpG","Treatment","21",22.5,0
"ncRNA_gene","CpG","Treatment","21",27.5,1
"ncRNA_gene","CpG","Treatment","21",32.5,0
"ncRNA_gene","CpG","Treatment","21",37.5,0
"ncRNA_gene","CpG","Treatment","21",42.5,0
"ncRNA_gene","CpG","Treatment","21",47.5,0
"ncRNA_gene","CpG","Treatment","21",52.5,0
"ncRNA_gene","CpG","Treatment","21",57.5,0
"ncRNA_gene","CpG","Treatment","21",62.5,0
"ncRNA_gene","CpG","Treatment","21",67.5,0
"ncRNA_gene","CpG","Treatment","21",72.5,0
"ncRNA_gene","CpG","Treatment","21",77.5,0
"ncRNA_gene","CpG","Treatment","21",82.5,0
"ncRNA_gene","CpG","Treatment","21",87.5,1
"ncRNA_gene","CpG","Treatment","21",92.5,0
"ncRNA_gene","CpG","Treatment","21",97.5,0
"ncRNA_gene","CpG","Treatment","11",2.5,0
"ncRNA_gene","CpG","Treatment","11",7.5,0
"ncRNA_gene","CpG","Treatment","11",12.5,0
"ncRNA_gene","CpG","Treatment","11",17.5,0
"ncRNA_gene","CpG","Treatment","11",22.5,0
"ncRNA_gene","CpG","Treatment","11",27.5,0
"ncRNA_gene","CpG","Treatment","11",32.5,0
"ncRNA_gene","CpG","Treatment","11",37.5,0
"ncRNA_gene","CpG","Treatment","11",42.5,0
"ncRNA_gene","CpG","Treatment","11",47.5,0
"ncRNA_gene","CpG","Treatment","11",52.5,0
"ncRNA_gene","CpG","Treatment","11",57.5,0
"ncRNA_gene","CpG","Treatment","11",62.5,0
"ncRNA_gene","CpG","Treatment","11",67.5,0
"ncRNA_gene","CpG","Treatment","11",72.5,0
"ncRNA_gene","CpG","Treatment","11",77.5,0
"ncRNA_gene","CpG","Treatment","11",82.5,0
"ncRNA_gene","CpG","Treatment","11",87.5,0
"ncRNA_gene","CpG","Treatment","11",92.5,0
"ncRNA_gene","CpG","Treatment","11",97.5,0
"ncRNA_gene","CpG","Treatment","2",2.5,88
"ncRNA_gene","CpG","Treatment","2",7.5,1
"ncRNA_gene","CpG","Treatment","2",12.5,0
"ncRNA_gene","CpG","Treatment","2",17.5,0
"ncRNA_gene","CpG","Treatment","2",22.5,0
"ncRNA_gene","CpG","Treatment","2",27.5,0
"ncRNA_gene","CpG","Treatment","2",32.5,0
"ncRNA_gene","CpG","Treatment","2",37.5,1
"ncRNA_gene","CpG","Treatment","2",42.5,0
"ncRNA_gene","CpG","Treatment","2",47.5,1
"ncRNA_gene","CpG","Treatment","2",52.5,0
"ncRNA_gene","CpG","Treatment","2",57.5,0
"ncRNA_gene","CpG","Treatment","2",62.5,0
"ncRNA_gene","CpG","Treatment","2",67.5,0
"ncRNA_gene","CpG","Treatment","2",72.5,0
"ncRNA_gene","CpG","Treatment","2",77.5,0
"ncRNA_gene","CpG","Treatment","2",82.5,1
"ncRNA_gene","CpG","Treatment","2",87.5,0
"ncRNA_gene","CpG","Treatment","2",92.5,0
"ncRNA_gene","CpG","Treatment","2",97.5,1
"ncRNA_gene","CHG","Control","6",2.5,108
"ncRNA_gene","CHG","Control","6",7.5,0
"ncRNA_gene","CHG","Control","6",12.5,0
"ncRNA_gene","CHG","Control","6",17.5,0
"ncRNA_gene","CHG","Control","6",22.5,0
"ncRNA_gene","CHG","Control","6",27.5,0
"ncRNA_gene","CHG","Control","6",32.5,0
"ncRNA_gene","CHG","Control","6",37.5,0
"ncRNA_gene","CHG","Control","6",42.5,0
"ncRNA_gene","CHG","Control","6",47.5,0
"ncRNA_gene","CHG","Control","6",52.5,0
"ncRNA_gene","CHG","Control","6",57.5,0
"ncRNA_gene","CHG","Control","6",62.5,0
"ncRNA_gene","CHG","Control","6",67.5,0
"ncRNA_gene","CHG","Control","6",72.5,0
"ncRNA_gene","CHG","Control","6",77.5,0
"ncRNA_gene","CHG","Control","6",82.5,0
"ncRNA_gene","CHG","Control","6",87.5,0
"ncRNA_gene","CHG","Control","6",92.5,0
"ncRNA_gene","CHG","Control","6",97.5,0
"ncRNA_gene","CHG","Control","7",2.5,145
"ncRNA_gene","CHG","Control","7",7.5,3
"ncRNA_gene","CHG","Control","7",12.5,0
"ncRNA_gene","CHG","Control","7",17.5,0
"ncRNA_gene","CHG","Control","7",22.5,1
"ncRNA_gene","CHG","Control","7",27.5,0
"ncRNA_gene","CHG","Control","7",32.5,0
"ncRNA_gene","CHG","Control","7",37.5,0
"ncRNA_gene","CHG","Control","7",42.5,0
"ncRNA_gene","CHG","Control","7",47.5,0
"ncRNA_gene","CHG","Control","7",52.5,0
"ncRNA_gene","CHG","Control","7",57.5,0
"ncRNA_gene","CHG","Control","7",62.5,0
"ncRNA_gene","CHG","Control","7",67.5,0
"ncRNA_gene","CHG","Control","7",72.5,0
"ncRNA_gene","CHG","Control","7",77.5,0
"ncRNA_gene","CHG","Control","7",82.5,0
"ncRNA_gene","CHG","Control","7",87.5,0
"ncRNA_gene","CHG","Control","7",92.5,0
"ncRNA_gene","CHG","Control","7",97.5,0
"ncRNA_gene","CHG","Control","10",2.5,72
"ncRNA_gene","CHG","Control","10",7.5,2
"ncRNA_gene","CHG","Control","10",12.5,0
"ncRNA_gene","CHG","Control","10",17.5,0
"ncRNA_gene","CHG","Control","10",22.5,0
"ncRNA_gene","CHG","Control","10",27.5,0
"ncRNA_gene","CHG","Control","10",32.5,0
"ncRNA_gene","CHG","Control","10",37.5,0
"ncRNA_gene","CHG","Control","10",42.5,0
"ncRNA_gene","CHG","Control","10",47.5,0
"ncRNA_gene","CHG","Control","10",52.5,0
"ncRNA_gene","CHG","Control","10",57.5,0
"ncRNA_gene","CHG","Control","10",62.5,0
"ncRNA_gene","CHG","Control","10",67.5,0
"ncRNA_gene","CHG","Control","10",72.5,0
"ncRNA_gene","CHG","Control","10",77.5,0
"ncRNA_gene","CHG","Control","10",82.5,0
"ncRNA_gene","CHG","Control","10",87.5,0
"ncRNA_gene","CHG","Control","10",92.5,0
"ncRNA_gene","CHG","Control","10",97.5,0
"ncRNA_gene","CHG","Control","14",2.5,0
"ncRNA_gene","CHG","Control","14",7.5,0
"ncRNA_gene","CHG","Control","14",12.5,0
"ncRNA_gene","CHG","Control","14",17.5,0
"ncRNA_gene","CHG","Control","14",22.5,0
"ncRNA_gene","CHG","Control","14",27.5,0
"ncRNA_gene","CHG","Control","14",32.5,0
"ncRNA_gene","CHG","Control","14",37.5,0
"ncRNA_gene","CHG","Control","14",42.5,0
"ncRNA_gene","CHG","Control","14",47.5,0
"ncRNA_gene","CHG","Control","14",52.5,0
"ncRNA_gene","CHG","Control","14",57.5,0
"ncRNA_gene","CHG","Control","14",62.5,0
"ncRNA_gene","CHG","Control","14",67.5,0
"ncRNA_gene","CHG","Control","14",72.5,0
"ncRNA_gene","CHG","Control","14",77.5,0
"ncRNA_gene","CHG","Control","14",82.5,0
"ncRNA_gene","CHG","Control","14",87.5,0
"ncRNA_gene","CHG","Control","14",92.5,0
"ncRNA_gene","CHG","Control","14",97.5,0
"ncRNA_gene","CHG","Control","20",2.5,0
"ncRNA_gene","CHG","Control","20",7.5,0
"ncRNA_gene","CHG","Control","20",12.5,0
"ncRNA_gene","CHG","Control","20",17.5,0
"ncRNA_gene","CHG","Control","20",22.5,0
"ncRNA_gene","CHG","Control","20",27.5,0
"ncRNA_gene","CHG","Control","20",32.5,0
"ncRNA_gene","CHG","Control","20",37.5,0
"ncRNA_gene","CHG","Control","20",42.5,0
"ncRNA_gene","CHG","Control","20",47.5,0
"ncRNA_gene","CHG","Control","20",52.5,0
"ncRNA_gene","CHG","Control","20",57.5,0
"ncRNA_gene","CHG","Control","20",62.5,0
"ncRNA_gene","CHG","Control","20",67.5,0
"ncRNA_gene","CHG","Control","20",72.5,0
"ncRNA_gene","CHG","Control","20",77.5,0
"ncRNA_gene","CHG","Control","20",82.5,0
"ncRNA_gene","CHG","Control","20",87.5,0
"ncRNA_gene","CHG","Control","20",92.5,0
"ncRNA_gene","CHG","Control","20",97.5,0
"ncRNA_gene","CHG","Control","21",2.5,0
"ncRNA_gene","CHG","Control","21",7.5,0
"ncRNA_gene","CHG","Control","21",12.5,0
"ncRNA_gene","CHG","Control","21",17.5,0
"ncRNA_gene","CHG","Control","21",22.5,0
"ncRNA_gene","CHG","Control","21",27.5,0
"ncRNA_gene","CHG","Control","21",32.5,0
"ncRNA_gene","CHG","Control","21",37.5,0
"ncRNA_gene","CHG","Control","21",42.5,0
"ncRNA_gene","CHG","Control","21",47.5,0
"ncRNA_gene","CHG","Control","21",52.5,0
"ncRNA_gene","CHG","Control","21",57.5,0
"ncRNA_gene","CHG","Control","21",62.5,0
"ncRNA_gene","CHG","Control","21",67.5,0
"ncRNA_gene","CHG","Control","21",72.5,0
"ncRNA_gene","CHG","Control","21",77.5,0
"ncRNA_gene","CHG","Control","21",82.5,0
"ncRNA_gene","CHG","Control","21",87.5,0
"ncRNA_gene","CHG","Control","21",92.5,0
"ncRNA_gene","CHG","Control","21",97.5,0
"ncRNA_gene","CHG","Control","11",2.5,67
"ncRNA_gene","CHG","Control","11",7.5,2
"ncRNA_gene","CHG","Control","11",12.5,0
"ncRNA_gene","CHG","Control","11",17.5,0
"ncRNA_gene","CHG","Control","11",22.5,0
"ncRNA_gene","CHG","Control","11",27.5,0
"ncRNA_gene","CHG","Control","11",32.5,0
"ncRNA_gene","CHG","Control","11",37.5,0
"ncRNA_gene","CHG","Control","11",42.5,0
"ncRNA_gene","CHG","Control","11",47.5,0
"ncRNA_gene","CHG","Control","11",52.5,0
"ncRNA_gene","CHG","Control","11",57.5,0
"ncRNA_gene","CHG","Control","11",62.5,0
"ncRNA_gene","CHG","Control","11",67.5,0
"ncRNA_gene","CHG","Control","11",72.5,0
"ncRNA_gene","CHG","Control","11",77.5,0
"ncRNA_gene","CHG","Control","11",82.5,0
"ncRNA_gene","CHG","Control","11",87.5,0
"ncRNA_gene","CHG","Control","11",92.5,0
"ncRNA_gene","CHG","Control","11",97.5,0
"ncRNA_gene","CHG","Control","2",2.5,0
"ncRNA_gene","CHG","Control","2",7.5,0
"ncRNA_gene","CHG","Control","2",12.5,0
"ncRNA_gene","CHG","Control","2",17.5,0
"ncRNA_gene","CHG","Control","2",22.5,0
"ncRNA_gene","CHG","Control","2",27.5,0
"ncRNA_gene","CHG","Control","2",32.5,0
"ncRNA_gene","CHG","Control","2",37.5,0
"ncRNA_gene","CHG","Control","2",42.5,0
"ncRNA_gene","CHG","Control","2",47.5,0
"ncRNA_gene","CHG","Control","2",52.5,0
"ncRNA_gene","CHG","Control","2",57.5,0
"ncRNA_gene","CHG","Control","2",62.5,0
"ncRNA_gene","CHG","Control","2",67.5,0
"ncRNA_gene","CHG","Control","2",72.5,0
"ncRNA_gene","CHG","Control","2",77.5,0
"ncRNA_gene","CHG","Control","2",82.5,0
"ncRNA_gene","CHG","Control","2",87.5,0
"ncRNA_gene","CHG","Control","2",92.5,0
"ncRNA_gene","CHG","Control","2",97.5,0
"ncRNA_gene","CHG","Treatment","6",2.5,0
"ncRNA_gene","CHG","Treatment","6",7.5,0
"ncRNA_gene","CHG","Treatment","6",12.5,0
"ncRNA_gene","CHG","Treatment","6",17.5,0
"ncRNA_gene","CHG","Treatment","6",22.5,0
"ncRNA_gene","CHG","Treatment","6",27.5,0
"ncRNA_gene","CHG","Treatment","6",32.5,0
"ncRNA_gene","CHG","Treatment","6",37.5,0
"ncRNA_gene","CHG","Treatment","6",42.5,0
"ncRNA_gene","CHG","Treatment","6",47.5,0
"ncRNA_gene","CHG","Treatment","6",52.5,0
"ncRNA_gene","CHG","Treatment","6",57.5,0
"ncRNA_gene","CHG","Treatment","6",62.5,0
"ncRNA_gene","CHG","Treatment","6",67.5,0
"ncRNA_gene","CHG","Treatment","6",72.5,0
"ncRNA_gene","CHG","Treatment","6",77.5,0
"ncRNA_gene","CHG","Treatment","6",82.5,0
"ncRNA_gene","CHG","Treatment","6",87.5,0
"ncRNA_gene","CHG","Treatment","6",92.5,0
"ncRNA_gene","CHG","Treatment","6",97.5,0
"ncRNA_gene","CHG","Treatment","7",2.5,0
"ncRNA_gene","CHG","Treatment","7",7.5,0
"ncRNA_gene","CHG","Treatment","7",12.5,0
"ncRNA_gene","CHG","Treatment","7",17.5,0
"ncRNA_gene","CHG","Treatment","7",22.5,0
"ncRNA_gene","CHG","Treatment","7",27.5,0
"ncRNA_gene","CHG","Treatment","7",32.5,0
"ncRNA_gene","CHG","Treatment","7",37.5,0
"ncRNA_gene","CHG","Treatment","7",42.5,0
"ncRNA_gene","CHG","Treatment","7",47.5,0
"ncRNA_gene","CHG","Treatment","7",52.5,0
"ncRNA_gene","CHG","Treatment","7",57.5,0
"ncRNA_gene","CHG","Treatment","7",62.5,0
"ncRNA_gene","CHG","Treatment","7",67.5,0
"ncRNA_gene","CHG","Treatment","7",72.5,0
"ncRNA_gene","CHG","Treatment","7",77.5,0
"ncRNA_gene","CHG","Treatment","7",82.5,0
"ncRNA_gene","CHG","Treatment","7",87.5,0
"ncRNA_gene","CHG","Treatment","7",92.5,0
"ncRNA_gene","CHG","Treatment","7",97.5,0
"ncRNA_gene","CHG","Treatment","10",2.5,0
"ncRNA_gene","CHG","Treatment","10",7.5,0
"ncRNA_gene","CHG","Treatment","10",12.5,0
"ncRNA_gene","CHG","Treatment","10",17.5,0
"ncRNA_gene","CHG","Treatment","10",22.5,0
"ncRNA_gene","CHG","Treatment","10",27.5,0
"ncRNA_gene","CHG","Treatment","10",32.5,0
"ncRNA_gene","CHG","Treatment","10",37.5,0
"ncRNA_gene","CHG","Treatment","10",42.5,0
"ncRNA_gene","CHG","Treatment","10",47.5,0
"ncRNA_gene","CHG","Treatment","10",52.5,0
"ncRNA_gene","CHG","Treatment","10",57.5,0
"ncRNA_gene","CHG","Treatment","10",62.5,0
"ncRNA_gene","CHG","Treatment","10",67.5,0
"ncRNA_gene","CHG","Treatment","10",72.5,0
"ncRNA_gene","CHG","Treatment","10",77.5,0
"ncRNA_gene","CHG","Treatment","10",82.5,0
"ncRNA_gene","CHG","Treatment","10",87.5,0
"ncRNA_gene","CHG","Treatment","10",92.5,0
"ncRNA_gene","CHG","Treatment","10",97.5,0
"ncRNA_gene","CHG","Treatment","14",2.5,69
"ncRNA_gene","CHG","Treatment","14",7.5,2
"ncRNA_gene","CHG","Treatment","14",12.5,0
"ncRNA_gene","CHG","Treatment","14",17.5,0
"ncRNA_gene","CHG","Treatment","14",22.5,0
"ncRNA_gene","CHG","Treatment","14",27.5,0
"ncRNA_gene","CHG","Treatment","14",32.5,0
"ncRNA_gene","CHG","Treatment","14",37.5,0
"ncRNA_gene","CHG","Treatment","14",42.5,0
"ncRNA_gene","CHG","Treatment","14",47.5,0
"ncRNA_gene","CHG","Treatment","14",52.5,0
"ncRNA_gene","CHG","Treatment","14",57.5,0
"ncRNA_gene","CHG","Treatment","14",62.5,0
"ncRNA_gene","CHG","Treatment","14",67.5,0
"ncRNA_gene","CHG","Treatment","14",72.5,0
"ncRNA_gene","CHG","Treatment","14",77.5,0
"ncRNA_gene","CHG","Treatment","14",82.5,0
"ncRNA_gene","CHG","Treatment","14",87.5,0
"ncRNA_gene","CHG","Treatment","14",92.5,0
"ncRNA_gene","CHG","Treatment","14",97.5,0
"ncRNA_gene","CHG","Treatment","20",2.5,55
"ncRNA_gene","CHG","Treatment","20",7.5,0
"ncRNA_gene","CHG","Treatment","20",12.5,0
"ncRNA_gene","CHG","Treatment","20",17.5,0
"ncRNA_gene","CHG","Treatment","20",22.5,0
"ncRNA_gene","CHG","Treatment","20",27.5,0
"ncRNA_gene","CHG","Treatment","20",32.5,0
"ncRNA_gene","CHG","Treatment","20",37.5,0
"ncRNA_gene","CHG","Treatment","20",42.5,0
"ncRNA_gene","CHG","Treatment","20",47.5,0
"ncRNA_gene","CHG","Treatment","20",52.5,0
"ncRNA_gene","CHG","Treatment","20",57.5,0
"ncRNA_gene","CHG","Treatment","20",62.5,0
"ncRNA_gene","CHG","Treatment","20",67.5,0
"ncRNA_gene","CHG","Treatment","20",72.5,0
"ncRNA_gene","CHG","Treatment","20",77.5,0
"ncRNA_gene","CHG","Treatment","20",82.5,0
"ncRNA_gene","CHG","Treatment","20",87.5,0
"ncRNA_gene","CHG","Treatment","20",92.5,0
"ncRNA_gene","CHG","Treatment","20",97.5,0
"ncRNA_gene","CHG","Treatment","21",2.5,60
"ncRNA_gene","CHG","Treatment","21",7.5,3
"ncRNA_gene","CHG","Treatment","21",12.5,0
"ncRNA_gene","CHG","Treatment","21",17.5,0
"ncRNA_gene","CHG","Treatment","21",22.5,0
"ncRNA_gene","CHG","Treatment","21",27.5,0
"ncRNA_gene","CHG","Treatment","21",32.5,0
"ncRNA_gene","CHG","Treatment","21",37.5,0
"ncRNA_gene","CHG","Treatment","21",42.5,0
"ncRNA_gene","CHG","Treatment","21",47.5,0
"ncRNA_gene","CHG","Treatment","21",52.5,0
"ncRNA_gene","CHG","Treatment","21",57.5,0
"ncRNA_gene","CHG","Treatment","21",62.5,0
"ncRNA_gene","CHG","Treatment","21",67.5,0
"ncRNA_gene","CHG","Treatment","21",72.5,0
"ncRNA_gene","CHG","Treatment","21",77.5,0
"ncRNA_gene","CHG","Treatment","21",82.5,0
"ncRNA_gene","CHG","Treatment","21",87.5,0
"ncRNA_gene","CHG","Treatment","21",92.5,0
"ncRNA_gene","CHG","Treatment","21",97.5,0
"ncRNA_gene","CHG","Treatment","11",2.5,0
"ncRNA_gene","CHG","Treatment","11",7.5,0
"ncRNA_gene","CHG","Treatment","11",12.5,0
"ncRNA_gene","CHG","Treatment","11",17.5,0
"ncRNA_gene","CHG","Treatment","11",22.5,0
"ncRNA_gene","CHG","Treatment","11",27.5,0
"ncRNA_gene","CHG","Treatment","11",32.5,0
"ncRNA_gene","CHG","Treatment","11",37.5,0
"ncRNA_gene","CHG","Treatment","11",42.5,0
"ncRNA_gene","CHG","Treatment","11",47.5,0
"ncRNA_gene","CHG","Treatment","11",52.5,0
"ncRNA_gene","CHG","Treatment","11",57.5,0
"ncRNA_gene","CHG","Treatment","11",62.5,0
"ncRNA_gene","CHG","Treatment","11",67.5,0
"ncRNA_gene","CHG","Treatment","11",72.5,0
"ncRNA_gene","CHG","Treatment","11",77.5,0
"ncRNA_gene","CHG","Treatment","11",82.5,0
"ncRNA_gene","CHG","Treatment","11",87.5,0
"ncRNA_gene","CHG","Treatment","11",92.5,0
"ncRNA_gene","CHG","Treatment","11",97.5,0
"ncRNA_gene","CHG","Treatment","2",2.5,101
"ncRNA_gene","CHG","Treatment","2",7.5,1
"ncRNA_gene","CHG","Treatment","2",12.5,0
"ncRNA_gene","CHG","Treatment","2",17.5,0
"ncRNA_gene","CHG","Treatment","2",22.5,0
"ncRNA_gene","CHG","Treatment","2",27.5,0
"ncRNA_gene","CHG","Treatment","2",32.5,0
"ncRNA_gene","CHG","Treatment","2",37.5,0
"ncRNA_gene","CHG","Treatment","2",42.5,0
"ncRNA_gene","CHG","Treatment","2",47.5,0
"ncRNA_gene","CHG","Treatment","2",52.5,0
"ncRNA_gene","CHG","Treatment","2",57.5,0
"ncRNA_gene","CHG","Treatment","2",62.5,0
"ncRNA_gene","CHG","Treatment","2",67.5,0
"ncRNA_gene","CHG","Treatment","2",72.5,0
"ncRNA_gene","CHG","Treatment","2",77.5,0
"ncRNA_gene","CHG","Treatment","2",82.5,0
"ncRNA_gene","CHG","Treatment","2",87.5,0
"ncRNA_gene","CHG","Treatment","2",92.5,0
"ncRNA_gene","CHG","Treatment","2",97.5,0
"ncRNA_gene","CHH","Control","6",2.5,109
"ncRNA_gene","CHH","Control","6",7.5,1
"ncRNA_gene","CHH","Control","6",12.5,0
"ncRNA_gene","CHH","Control","6",17.5,0
"ncRNA_gene","CHH","Control","6",22.5,0
"ncRNA_gene","CHH","Control","6",27.5,0
"ncRNA_gene","CHH","Control","6",32.5,0
"ncRNA_gene","CHH","Control","6",37.5,0
"ncRNA_gene","CHH","Control","6",42.5,0
"ncRNA_gene","CHH","Control","6",47.5,0
"ncRNA_gene","CHH","Control","6",52.5,0
"ncRNA_gene","CHH","Control","6",57.5,0
"ncRNA_gene","CHH","Control","6",62.5,0
"ncRNA_gene","CHH","Control","6",67.5,0
"ncRNA_gene","CHH","Control","6",72.5,0
"ncRNA_gene","CHH","Control","6",77.5,0
"ncRNA_gene","CHH","Control","6",82.5,0
"ncRNA_gene","CHH","Control","6",87.5,0
"ncRNA_gene","CHH","Control","6",92.5,0
"ncRNA_gene","CHH","Control","6",97.5,0
"ncRNA_gene","CHH","Control","7",2.5,154
"ncRNA_gene","CHH","Control","7",7.5,2
"ncRNA_gene","CHH","Control","7",12.5,0
"ncRNA_gene","CHH","Control","7",17.5,0
"ncRNA_gene","CHH","Control","7",22.5,0
"ncRNA_gene","CHH","Control","7",27.5,0
"ncRNA_gene","CHH","Control","7",32.5,0
"ncRNA_gene","CHH","Control","7",37.5,0
"ncRNA_gene","CHH","Control","7",42.5,0
"ncRNA_gene","CHH","Control","7",47.5,0
"ncRNA_gene","CHH","Control","7",52.5,0
"ncRNA_gene","CHH","Control","7",57.5,0
"ncRNA_gene","CHH","Control","7",62.5,0
"ncRNA_gene","CHH","Control","7",67.5,0
"ncRNA_gene","CHH","Control","7",72.5,0
"ncRNA_gene","CHH","Control","7",77.5,0
"ncRNA_gene","CHH","Control","7",82.5,0
"ncRNA_gene","CHH","Control","7",87.5,0
"ncRNA_gene","CHH","Control","7",92.5,0
"ncRNA_gene","CHH","Control","7",97.5,0
"ncRNA_gene","CHH","Control","10",2.5,75
"ncRNA_gene","CHH","Control","10",7.5,2
"ncRNA_gene","CHH","Control","10",12.5,0
"ncRNA_gene","CHH","Control","10",17.5,0
"ncRNA_gene","CHH","Control","10",22.5,0
"ncRNA_gene","CHH","Control","10",27.5,0
"ncRNA_gene","CHH","Control","10",32.5,0
"ncRNA_gene","CHH","Control","10",37.5,0
"ncRNA_gene","CHH","Control","10",42.5,0
"ncRNA_gene","CHH","Control","10",47.5,0
"ncRNA_gene","CHH","Control","10",52.5,0
"ncRNA_gene","CHH","Control","10",57.5,0
"ncRNA_gene","CHH","Control","10",62.5,0
"ncRNA_gene","CHH","Control","10",67.5,0
"ncRNA_gene","CHH","Control","10",72.5,0
"ncRNA_gene","CHH","Control","10",77.5,0
"ncRNA_gene","CHH","Control","10",82.5,0
"ncRNA_gene","CHH","Control","10",87.5,0
"ncRNA_gene","CHH","Control","10",92.5,0
"ncRNA_gene","CHH","Control","10",97.5,0
"ncRNA_gene","CHH","Control","14",2.5,0
"ncRNA_gene","CHH","Control","14",7.5,0
"ncRNA_gene","CHH","Control","14",12.5,0
"ncRNA_gene","CHH","Control","14",17.5,0
"ncRNA_gene","CHH","Control","14",22.5,0
"ncRNA_gene","CHH","Control","14",27.5,0
"ncRNA_gene","CHH","Control","14",32.5,0
"ncRNA_gene","CHH","Control","14",37.5,0
"ncRNA_gene","CHH","Control","14",42.5,0
"ncRNA_gene","CHH","Control","14",47.5,0
"ncRNA_gene","CHH","Control","14",52.5,0
"ncRNA_gene","CHH","Control","14",57.5,0
"ncRNA_gene","CHH","Control","14",62.5,0
"ncRNA_gene","CHH","Control","14",67.5,0
"ncRNA_gene","CHH","Control","14",72.5,0
"ncRNA_gene","CHH","Control","14",77.5,0
"ncRNA_gene","CHH","Control","14",82.5,0
"ncRNA_gene","CHH","Control","14",87.5,0
"ncRNA_gene","CHH","Control","14",92.5,0
"ncRNA_gene","CHH","Control","14",97.5,0
"ncRNA_gene","CHH","Control","20",2.5,0
"ncRNA_gene","CHH","Control","20",7.5,0
"ncRNA_gene","CHH","Control","20",12.5,0
"ncRNA_gene","CHH","Control","20",17.5,0
"ncRNA_gene","CHH","Control","20",22.5,0
"ncRNA_gene","CHH","Control","20",27.5,0
"ncRNA_gene","CHH","Control","20",32.5,0
"ncRNA_gene","CHH","Control","20",37.5,0
"ncRNA_gene","CHH","Control","20",42.5,0
"ncRNA_gene","CHH","Control","20",47.5,0
"ncRNA_gene","CHH","Control","20",52.5,0
"ncRNA_gene","CHH","Control","20",57.5,0
"ncRNA_gene","CHH","Control","20",62.5,0
"ncRNA_gene","CHH","Control","20",67.5,0
"ncRNA_gene","CHH","Control","20",72.5,0
"ncRNA_gene","CHH","Control","20",77.5,0
"ncRNA_gene","CHH","Control","20",82.5,0
"ncRNA_gene","CHH","Control","20",87.5,0
"ncRNA_gene","CHH","Control","20",92.5,0
"ncRNA_gene","CHH","Control","20",97.5,0
"ncRNA_gene","CHH","Control","21",2.5,0
"ncRNA_gene","CHH","Control","21",7.5,0
"ncRNA_gene","CHH","Control","21",12.5,0
"ncRNA_gene","CHH","Control","21",17.5,0
"ncRNA_gene","CHH","Control","21",22.5,0
"ncRNA_gene","CHH","Control","21",27.5,0
"ncRNA_gene","CHH","Control","21",32.5,0
"ncRNA_gene","CHH","Control","21",37.5,0
"ncRNA_gene","CHH","Control","21",42.5,0
"ncRNA_gene","CHH","Control","21",47.5,0
"ncRNA_gene","CHH","Control","21",52.5,0
"ncRNA_gene","CHH","Control","21",57.5,0
"ncRNA_gene","CHH","Control","21",62.5,0
"ncRNA_gene","CHH","Control","21",67.5,0
"ncRNA_gene","CHH","Control","21",72.5,0
"ncRNA_gene","CHH","Control","21",77.5,0
"ncRNA_gene","CHH","Control","21",82.5,0
"ncRNA_gene","CHH","Control","21",87.5,0
"ncRNA_gene","CHH","Control","21",92.5,0
"ncRNA_gene","CHH","Control","21",97.5,0
"ncRNA_gene","CHH","Control","11",2.5,75
"ncRNA_gene","CHH","Control","11",7.5,3
"ncRNA_gene","CHH","Control","11",12.5,0
"ncRNA_gene","CHH","Control","11",17.5,0
"ncRNA_gene","CHH","Control","11",22.5,0
"ncRNA_gene","CHH","Control","11",27.5,0
"ncRNA_gene","CHH","Control","11",32.5,0
"ncRNA_gene","CHH","Control","11",37.5,0
"ncRNA_gene","CHH","Control","11",42.5,0
"ncRNA_gene","CHH","Control","11",47.5,0
"ncRNA_gene","CHH","Control","11",52.5,0
"ncRNA_gene","CHH","Control","11",57.5,0
"ncRNA_gene","CHH","Control","11",62.5,0
"ncRNA_gene","CHH","Control","11",67.5,0
"ncRNA_gene","CHH","Control","11",72.5,0
"ncRNA_gene","CHH","Control","11",77.5,0
"ncRNA_gene","CHH","Control","11",82.5,0
"ncRNA_gene","CHH","Control","11",87.5,0
"ncRNA_gene","CHH","Control","11",92.5,0
"ncRNA_gene","CHH","Control","11",97.5,0
"ncRNA_gene","CHH","Control","2",2.5,0
"ncRNA_gene","CHH","Control","2",7.5,0
"ncRNA_gene","CHH","Control","2",12.5,0
"ncRNA_gene","CHH","Control","2",17.5,0
"ncRNA_gene","CHH","Control","2",22.5,0
"ncRNA_gene","CHH","Control","2",27.5,0
"ncRNA_gene","CHH","Control","2",32.5,0
"ncRNA_gene","CHH","Control","2",37.5,0
"ncRNA_gene","CHH","Control","2",42.5,0
"ncRNA_gene","CHH","Control","2",47.5,0
"ncRNA_gene","CHH","Control","2",52.5,0
"ncRNA_gene","CHH","Control","2",57.5,0
"ncRNA_gene","CHH","Control","2",62.5,0
"ncRNA_gene","CHH","Control","2",67.5,0
"ncRNA_gene","CHH","Control","2",72.5,0
"ncRNA_gene","CHH","Control","2",77.5,0
"ncRNA_gene","CHH","Control","2",82.5,0
"ncRNA_gene","CHH","Control","2",87.5,0
"ncRNA_gene","CHH","Control","2",92.5,0
"ncRNA_gene","CHH","Control","2",97.5,0
"ncRNA_gene","CHH","Treatment","6",2.5,0
"ncRNA_gene","CHH","Treatment","6",7.5,0
"ncRNA_gene","CHH","Treatment","6",12.5,0
"ncRNA_gene","CHH","Treatment","6",17.5,0
"ncRNA_gene","CHH","Treatment","6",22.5,0
"ncRNA_gene","CHH","Treatment","6",27.5,0
"ncRNA_gene","CHH","Treatment","6",32.5,0
"ncRNA_gene","CHH","Treatment","6",37.5,0
"ncRNA_gene","CHH","Treatment","6",42.5,0
"ncRNA_gene","CHH","Treatment","6",47.5,0
"ncRNA_gene","CHH","Treatment","6",52.5,0
"ncRNA_gene","CHH","Treatment","6",57.5,0
"ncRNA_gene","CHH","Treatment","6",62.5,0
"ncRNA_gene","CHH","Treatment","6",67.5,0
"ncRNA_gene","CHH","Treatment","6",72.5,0
"ncRNA_gene","CHH","Treatment","6",77.5,0
"ncRNA_gene","CHH","Treatment","6",82.5,0
"ncRNA_gene","CHH","Treatment","6",87.5,0
"ncRNA_gene","CHH","Treatment","6",92.5,0
"ncRNA_gene","CHH","Treatment","6",97.5,0
"ncRNA_gene","CHH","Treatment","7",2.5,0
"ncRNA_gene","CHH","Treatment","7",7.5,0
"ncRNA_gene","CHH","Treatment","7",12.5,0
"ncRNA_gene","CHH","Treatment","7",17.5,0
"ncRNA_gene","CHH","Treatment","7",22.5,0
"ncRNA_gene","CHH","Treatment","7",27.5,0
"ncRNA_gene","CHH","Treatment","7",32.5,0
"ncRNA_gene","CHH","Treatment","7",37.5,0
"ncRNA_gene","CHH","Treatment","7",42.5,0
"ncRNA_gene","CHH","Treatment","7",47.5,0
"ncRNA_gene","CHH","Treatment","7",52.5,0
"ncRNA_gene","CHH","Treatment","7",57.5,0
"ncRNA_gene","CHH","Treatment","7",62.5,0
"ncRNA_gene","CHH","Treatment","7",67.5,0
"ncRNA_gene","CHH","Treatment","7",72.5,0
"ncRNA_gene","CHH","Treatment","7",77.5,0
"ncRNA_gene","CHH","Treatment","7",82.5,0
"ncRNA_gene","CHH","Treatment","7",87.5,0
"ncRNA_gene","CHH","Treatment","7",92.5,0
"ncRNA_gene","CHH","Treatment","7",97.5,0
"ncRNA_gene","CHH","Treatment","10",2.5,0
"ncRNA_gene","CHH","Treatment","10",7.5,0
"ncRNA_gene","CHH","Treatment","10",12.5,0
"ncRNA_gene","CHH","Treatment","10",17.5,0
"ncRNA_gene","CHH","Treatment","10",22.5,0
"ncRNA_gene","CHH","Treatment","10",27.5,0
"ncRNA_gene","CHH","Treatment","10",32.5,0
"ncRNA_gene","CHH","Treatment","10",37.5,0
"ncRNA_gene","CHH","Treatment","10",42.5,0
"ncRNA_gene","CHH","Treatment","10",47.5,0
"ncRNA_gene","CHH","Treatment","10",52.5,0
"ncRNA_gene","CHH","Treatment","10",57.5,0
"ncRNA_gene","CHH","Treatment","10",62.5,0
"ncRNA_gene","CHH","Treatment","10",67.5,0
"ncRNA_gene","CHH","Treatment","10",72.5,0
"ncRNA_gene","CHH","Treatment","10",77.5,0
"ncRNA_gene","CHH","Treatment","10",82.5,0
"ncRNA_gene","CHH","Treatment","10",87.5,0
"ncRNA_gene","CHH","Treatment","10",92.5,0
"ncRNA_gene","CHH","Treatment","10",97.5,0
"ncRNA_gene","CHH","Treatment","14",2.5,67
"ncRNA_gene","CHH","Treatment","14",7.5,4
"ncRNA_gene","CHH","Treatment","14",12.5,0
"ncRNA_gene","CHH","Treatment","14",17.5,0
"ncRNA_gene","CHH","Treatment","14",22.5,0
"ncRNA_gene","CHH","Treatment","14",27.5,0
"ncRNA_gene","CHH","Treatment","14",32.5,0
"ncRNA_gene","CHH","Treatment","14",37.5,0
"ncRNA_gene","CHH","Treatment","14",42.5,0
"ncRNA_gene","CHH","Treatment","14",47.5,0
"ncRNA_gene","CHH","Treatment","14",52.5,0
"ncRNA_gene","CHH","Treatment","14",57.5,0
"ncRNA_gene","CHH","Treatment","14",62.5,0
"ncRNA_gene","CHH","Treatment","14",67.5,0
"ncRNA_gene","CHH","Treatment","14",72.5,0
"ncRNA_gene","CHH","Treatment","14",77.5,0
"ncRNA_gene","CHH","Treatment","14",82.5,0
"ncRNA_gene","CHH","Treatment","14",87.5,0
"ncRNA_gene","CHH","Treatment","14",92.5,0
"ncRNA_gene","CHH","Treatment","14",97.5,0
"ncRNA_gene","CHH","Treatment","20",2.5,57
"ncRNA_gene","CHH","Treatment","20",7.5,0
"ncRNA_gene","CHH","Treatment","20",12.5,0
"ncRNA_gene","CHH","Treatment","20",17.5,0
"ncRNA_gene","CHH","Treatment","20",22.5,0
"ncRNA_gene","CHH","Treatment","20",27.5,0
"ncRNA_gene","CHH","Treatment","20",32.5,0
"ncRNA_gene","CHH","Treatment","20",37.5,0
"ncRNA_gene","CHH","Treatment","20",42.5,0
"ncRNA_gene","CHH","Treatment","20",47.5,0
"ncRNA_gene","CHH","Treatment","20",52.5,0
"ncRNA_gene","CHH","Treatment","20",57.5,0
"ncRNA_gene","CHH","Treatment","20",62.5,0
"ncRNA_gene","CHH","Treatment","20",67.5,0
"ncRNA_gene","CHH","Treatment","20",72.5,0
"ncRNA_gene","CHH","Treatment","20",77.5,0
"ncRNA_gene","CHH","Treatment","20",82.5,0
"ncRNA_gene","CHH","Treatment","20",87.5,0
"ncRNA_gene","CHH","Treatment","20",92.5,0
"ncRNA_gene","CHH","Treatment","20",97.5,0
"ncRNA_gene","CHH","Treatment","21",2.5,63
"ncRNA_gene","CHH","Treatment","21",7.5,2
"ncRNA_gene","CHH","Treatment","21",12.5,0
"ncRNA_gene","CHH","Treatment","21",17.5,0
"ncRNA_gene","CHH","Treatment","21",22.5,0
"ncRNA_gene","CHH","Treatment","21",27.5,0
"ncRNA_gene","CHH","Treatment","21",32.5,0
"ncRNA_gene","CHH","Treatment","21",37.5,0
"ncRNA_gene","CHH","Treatment","21",42.5,0
"ncRNA_gene","CHH","Treatment","21",47.5,0
"ncRNA_gene","CHH","Treatment","21",52.5,0
"ncRNA_gene","CHH","Treatment","21",57.5,0
"ncRNA_gene","CHH","Treatment","21",62.5,0
"ncRNA_gene","CHH","Treatment","21",67.5,0
"ncRNA_gene","CHH","Treatment","21",72.5,0
"ncRNA_gene","CHH","Treatment","21",77.5,0
"ncRNA_gene","CHH","Treatment","21",82.5,0
"ncRNA_gene","CHH","Treatment","21",87.5,0
"ncRNA_gene","CHH","Treatment","21",92.5,0
"ncRNA_gene","CHH","Treatment","21",97.5,0
"ncRNA_gene","CHH","Treatment","11",2.5,0
"ncRNA_gene","CHH","Treatment","11",7.5,0
"ncRNA_gene","CHH","Treatment","11",12.5,0
"ncRNA_gene","CHH","Treatment","11",17.5,0
"ncRNA_gene","CHH","Treatment","11",22.5,0
"ncRNA_gene","CHH","Treatment","11",27.5,0
"ncRNA_gene","CHH","Treatment","11",32.5,0
"ncRNA_gene","CHH","Treatment","11",37.5,0
"ncRNA_gene","CHH","Treatment","11",42.5,0
"ncRNA_gene","CHH","Treatment","11",47.5,0
"ncRNA_gene","CHH","Treatment","11",52.5,0
"ncRNA_gene","CHH","Treatment","11",57.5,0
"ncRNA_gene","CHH","Treatment","11",62.5,0
"ncRNA_gene","CHH","Treatment","11",67.5,0
"ncRNA_gene","CHH","Treatment","11",72.5,0
"ncRNA_gene","CHH","Treatment","11",77.5,0
"ncRNA_gene","CHH","Treatment","11",82.5,0
"ncRNA_gene","CHH","Treatment","11",87.5,0
"ncRNA_gene","CHH","Treatment","11",92.5,0
"ncRNA_gene","CHH","Treatment","11",97.5,0
"ncRNA_gene","CHH","Treatment","2",2.5,106
"ncRNA_gene","CHH","Treatment","2",7.5,0
"ncRNA_gene","CHH","Treatment","2",12.5,1
"ncRNA_gene","CHH","Treatment","2",17.5,0
"ncRNA_gene","CHH","Treatment","2",22.5,0
"ncRNA_gene","CHH","Treatment","2",27.5,0
"ncRNA_gene","CHH","Treatment","2",32.5,0
"ncRNA_gene","CHH","Treatment","2",37.5,0
"ncRNA_gene","CHH","Treatment","2",42.5,0
"ncRNA_gene","CHH","Treatment","2",47.5,0
"ncRNA_gene","CHH","Treatment","2",52.5,0
"ncRNA_gene","CHH","Treatment","2",57.5,0
"ncRNA_gene","CHH","Treatment","2",62.5,0
"ncRNA_gene","CHH","Treatment","2",67.5,0
"ncRNA_gene","CHH","Treatment","2",72.5,0
"ncRNA_gene","CHH","Treatment","2",77.5,0
"ncRNA_gene","CHH","Treatment","2",82.5,0
"ncRNA_gene","CHH","Treatment","2",87.5,0
"ncRNA_gene","CHH","Treatment","2",92.5,0
"ncRNA_gene","CHH","Treatment","2",97.5,0
"promoter","CpG","Control","6",2.5,1547
"promoter","CpG","Control","6",7.5,59
"promoter","CpG","Control","6",12.5,8
"promoter","CpG","Control","6",17.5,19
"promoter","CpG","Control","6",22.5,6
"promoter","CpG","Control","6",27.5,15
"promoter","CpG","Control","6",32.5,4
"promoter","CpG","Control","6",37.5,9
"promoter","CpG","Control","6",42.5,1
"promoter","CpG","Control","6",47.5,9
"promoter","CpG","Control","6",52.5,3
"promoter","CpG","Control","6",57.5,8
"promoter","CpG","Control","6",62.5,4
"promoter","CpG","Control","6",67.5,4
"promoter","CpG","Control","6",72.5,4
"promoter","CpG","Control","6",77.5,7
"promoter","CpG","Control","6",82.5,7
"promoter","CpG","Control","6",87.5,3
"promoter","CpG","Control","6",92.5,3
"promoter","CpG","Control","6",97.5,13
"promoter","CpG","Control","7",2.5,2641
"promoter","CpG","Control","7",7.5,70
"promoter","CpG","Control","7",12.5,26
"promoter","CpG","Control","7",17.5,24
"promoter","CpG","Control","7",22.5,14
"promoter","CpG","Control","7",27.5,17
"promoter","CpG","Control","7",32.5,7
"promoter","CpG","Control","7",37.5,16
"promoter","CpG","Control","7",42.5,5
"promoter","CpG","Control","7",47.5,4
"promoter","CpG","Control","7",52.5,6
"promoter","CpG","Control","7",57.5,6
"promoter","CpG","Control","7",62.5,6
"promoter","CpG","Control","7",67.5,8
"promoter","CpG","Control","7",72.5,3
"promoter","CpG","Control","7",77.5,6
"promoter","CpG","Control","7",82.5,7
"promoter","CpG","Control","7",87.5,9
"promoter","CpG","Control","7",92.5,8
"promoter","CpG","Control","7",97.5,15
"promoter","CpG","Control","10",2.5,810
"promoter","CpG","Control","10",7.5,35
"promoter","CpG","Control","10",12.5,11
"promoter","CpG","Control","10",17.5,14
"promoter","CpG","Control","10",22.5,8
"promoter","CpG","Control","10",27.5,4
"promoter","CpG","Control","10",32.5,1
"promoter","CpG","Control","10",37.5,2
"promoter","CpG","Control","10",42.5,1
"promoter","CpG","Control","10",47.5,7
"promoter","CpG","Control","10",52.5,2
"promoter","CpG","Control","10",57.5,2
"promoter","CpG","Control","10",62.5,1
"promoter","CpG","Control","10",67.5,4
"promoter","CpG","Control","10",72.5,2
"promoter","CpG","Control","10",77.5,2
"promoter","CpG","Control","10",82.5,2
"promoter","CpG","Control","10",87.5,2
"promoter","CpG","Control","10",92.5,2
"promoter","CpG","Control","10",97.5,2
"promoter","CpG","Control","14",2.5,0
"promoter","CpG","Control","14",7.5,0
"promoter","CpG","Control","14",12.5,0
"promoter","CpG","Control","14",17.5,0
"promoter","CpG","Control","14",22.5,0
"promoter","CpG","Control","14",27.5,0
"promoter","CpG","Control","14",32.5,0
"promoter","CpG","Control","14",37.5,0
"promoter","CpG","Control","14",42.5,0
"promoter","CpG","Control","14",47.5,0
"promoter","CpG","Control","14",52.5,0
"promoter","CpG","Control","14",57.5,0
"promoter","CpG","Control","14",62.5,0
"promoter","CpG","Control","14",67.5,0
"promoter","CpG","Control","14",72.5,0
"promoter","CpG","Control","14",77.5,0
"promoter","CpG","Control","14",82.5,0
"promoter","CpG","Control","14",87.5,0
"promoter","CpG","Control","14",92.5,0
"promoter","CpG","Control","14",97.5,0
"promoter","CpG","Control","20",2.5,0
"promoter","CpG","Control","20",7.5,0
"promoter","CpG","Control","20",12.5,0
"promoter","CpG","Control","20",17.5,0
"promoter","CpG","Control","20",22.5,0
"promoter","CpG","Control","20",27.5,0
"promoter","CpG","Control","20",32.5,0
"promoter","CpG","Control","20",37.5,0
"promoter","CpG","Control","20",42.5,0
"promoter","CpG","Control","20",47.5,0
"promoter","CpG","Control","20",52.5,0
"promoter","CpG","Control","20",57.5,0
"promoter","CpG","Control","20",62.5,0
"promoter","CpG","Control","20",67.5,0
"promoter","CpG","Control","20",72.5,0
"promoter","CpG","Control","20",77.5,0
"promoter","CpG","Control","20",82.5,0
"promoter","CpG","Control","20",87.5,0
"promoter","CpG","Control","20",92.5,0
"promoter","CpG","Control","20",97.5,0
"promoter","CpG","Control","21",2.5,0
"promoter","CpG","Control","21",7.5,0
"promoter","CpG","Control","21",12.5,0
"promoter","CpG","Control","21",17.5,0
"promoter","CpG","Control","21",22.5,0
"promoter","CpG","Control","21",27.5,0
"promoter","CpG","Control","21",32.5,0
"promoter","CpG","Control","21",37.5,0
"promoter","CpG","Control","21",42.5,0
"promoter","CpG","Control","21",47.5,0
"promoter","CpG","Control","21",52.5,0
"promoter","CpG","Control","21",57.5,0
"promoter","CpG","Control","21",62.5,0
"promoter","CpG","Control","21",67.5,0
"promoter","CpG","Control","21",72.5,0
"promoter","CpG","Control","21",77.5,0
"promoter","CpG","Control","21",82.5,0
"promoter","CpG","Control","21",87.5,0
"promoter","CpG","Control","21",92.5,0
"promoter","CpG","Control","21",97.5,0
"promoter","CpG","Control","11",2.5,1030
"promoter","CpG","Control","11",7.5,27
"promoter","CpG","Control","11",12.5,12
"promoter","CpG","Control","11",17.5,16
"promoter","CpG","Control","11",22.5,9
"promoter","CpG","Control","11",27.5,3
"promoter","CpG","Control","11",32.5,10
"promoter","CpG","Control","11",37.5,6
"promoter","CpG","Control","11",42.5,2
"promoter","CpG","Control","11",47.5,6
"promoter","CpG","Control","11",52.5,2
"promoter","CpG","Control","11",57.5,3
"promoter","CpG","Control","11",62.5,2
"promoter","CpG","Control","11",67.5,6
"promoter","CpG","Control","11",72.5,1
"promoter","CpG","Control","11",77.5,2
"promoter","CpG","Control","11",82.5,3
"promoter","CpG","Control","11",87.5,2
"promoter","CpG","Control","11",92.5,1
"promoter","CpG","Control","11",97.5,4
"promoter","CpG","Control","2",2.5,0
"promoter","CpG","Control","2",7.5,0
"promoter","CpG","Control","2",12.5,0
"promoter","CpG","Control","2",17.5,0
"promoter","CpG","Control","2",22.5,0
"promoter","CpG","Control","2",27.5,0
"promoter","CpG","Control","2",32.5,0
"promoter","CpG","Control","2",37.5,0
"promoter","CpG","Control","2",42.5,0
"promoter","CpG","Control","2",47.5,0
"promoter","CpG","Control","2",52.5,0
"promoter","CpG","Control","2",57.5,0
"promoter","CpG","Control","2",62.5,0
"promoter","CpG","Control","2",67.5,0
"promoter","CpG","Control","2",72.5,0
"promoter","CpG","Control","2",77.5,0
"promoter","CpG","Control","2",82.5,0
"promoter","CpG","Control","2",87.5,0
"promoter","CpG","Control","2",92.5,0
"promoter","CpG","Control","2",97.5,0
"promoter","CpG","Treatment","6",2.5,0
"promoter","CpG","Treatment","6",7.5,0
"promoter","CpG","Treatment","6",12.5,0
"promoter","CpG","Treatment","6",17.5,0
"promoter","CpG","Treatment","6",22.5,0
"promoter","CpG","Treatment","6",27.5,0
"promoter","CpG","Treatment","6",32.5,0
"promoter","CpG","Treatment","6",37.5,0
"promoter","CpG","Treatment","6",42.5,0
"promoter","CpG","Treatment","6",47.5,0
"promoter","CpG","Treatment","6",52.5,0
"promoter","CpG","Treatment","6",57.5,0
"promoter","CpG","Treatment","6",62.5,0
"promoter","CpG","Treatment","6",67.5,0
"promoter","CpG","Treatment","6",72.5,0
"promoter","CpG","Treatment","6",77.5,0
"promoter","CpG","Treatment","6",82.5,0
"promoter","CpG","Treatment","6",87.5,0
"promoter","CpG","Treatment","6",92.5,0
"promoter","CpG","Treatment","6",97.5,0
"promoter","CpG","Treatment","7",2.5,0
"promoter","CpG","Treatment","7",7.5,0
"promoter","CpG","Treatment","7",12.5,0
"promoter","CpG","Treatment","7",17.5,0
"promoter","CpG","Treatment","7",22.5,0
"promoter","CpG","Treatment","7",27.5,0
"promoter","CpG","Treatment","7",32.5,0
"promoter","CpG","Treatment","7",37.5,0
"promoter","CpG","Treatment","7",42.5,0
"promoter","CpG","Treatment","7",47.5,0
"promoter","CpG","Treatment","7",52.5,0
"promoter","CpG","Treatment","7",57.5,0
"promoter","CpG","Treatment","7",62.5,0
"promoter","CpG","Treatment","7",67.5,0
"promoter","CpG","Treatment","7",72.5,0
"promoter","CpG","Treatment","7",77.5,0
"promoter","CpG","Treatment","7",82.5,0
"promoter","CpG","Treatment","7",87.5,0
"promoter","CpG","Treatment","7",92.5,0
"promoter","CpG","Treatment","7",97.5,0
"promoter","CpG","Treatment","10",2.5,0
"promoter","CpG","Treatment","10",7.5,0
"promoter","CpG","Treatment","10",12.5,0
"promoter","CpG","Treatment","10",17.5,0
"promoter","CpG","Treatment","10",22.5,0
"promoter","CpG","Treatment","10",27.5,0
"promoter","CpG","Treatment","10",32.5,0
"promoter","CpG","Treatment","10",37.5,0
"promoter","CpG","Treatment","10",42.5,0
"promoter","CpG","Treatment","10",47.5,0
"promoter","CpG","Treatment","10",52.5,0
"promoter","CpG","Treatment","10",57.5,0
"promoter","CpG","Treatment","10",62.5,0
"promoter","CpG","Treatment","10",67.5,0
"promoter","CpG","Treatment","10",72.5,0
"promoter","CpG","Treatment","10",77.5,0
"promoter","CpG","Treatment","10",82.5,0
"promoter","CpG","Treatment","10",87.5,0
"promoter","CpG","Treatment","10",92.5,0
"promoter","CpG","Treatment","10",97.5,0
"promoter","CpG","Treatment","14",2.5,879
"promoter","CpG","Treatment","14",7.5,32
"promoter","CpG","Treatment","14",12.5,9
"promoter","CpG","Treatment","14",17.5,12
"promoter","CpG","Treatment","14",22.5,8
"promoter","CpG","Treatment","14",27.5,9
"promoter","CpG","Treatment","14",32.5,3
"promoter","CpG","Treatment","14",37.5,9
"promoter","CpG","Treatment","14",42.5,3
"promoter","CpG","Treatment","14",47.5,9
"promoter","CpG","Treatment","14",52.5,4
"promoter","CpG","Treatment","14",57.5,4
"promoter","CpG","Treatment","14",62.5,3
"promoter","CpG","Treatment","14",67.5,1
"promoter","CpG","Treatment","14",72.5,0
"promoter","CpG","Treatment","14",77.5,2
"promoter","CpG","Treatment","14",82.5,3
"promoter","CpG","Treatment","14",87.5,4
"promoter","CpG","Treatment","14",92.5,3
"promoter","CpG","Treatment","14",97.5,4
"promoter","CpG","Treatment","20",2.5,592
"promoter","CpG","Treatment","20",7.5,21
"promoter","CpG","Treatment","20",12.5,4
"promoter","CpG","Treatment","20",17.5,10
"promoter","CpG","Treatment","20",22.5,5
"promoter","CpG","Treatment","20",27.5,3
"promoter","CpG","Treatment","20",32.5,8
"promoter","CpG","Treatment","20",37.5,3
"promoter","CpG","Treatment","20",42.5,3
"promoter","CpG","Treatment","20",47.5,4
"promoter","CpG","Treatment","20",52.5,3
"promoter","CpG","Treatment","20",57.5,0
"promoter","CpG","Treatment","20",62.5,1
"promoter","CpG","Treatment","20",67.5,0
"promoter","CpG","Treatment","20",72.5,0
"promoter","CpG","Treatment","20",77.5,6
"promoter","CpG","Treatment","20",82.5,0
"promoter","CpG","Treatment","20",87.5,4
"promoter","CpG","Treatment","20",92.5,1
"promoter","CpG","Treatment","20",97.5,2
"promoter","CpG","Treatment","21",2.5,711
"promoter","CpG","Treatment","21",7.5,28
"promoter","CpG","Treatment","21",12.5,8
"promoter","CpG","Treatment","21",17.5,13
"promoter","CpG","Treatment","21",22.5,5
"promoter","CpG","Treatment","21",27.5,8
"promoter","CpG","Treatment","21",32.5,5
"promoter","CpG","Treatment","21",37.5,10
"promoter","CpG","Treatment","21",42.5,3
"promoter","CpG","Treatment","21",47.5,2
"promoter","CpG","Treatment","21",52.5,5
"promoter","CpG","Treatment","21",57.5,2
"promoter","CpG","Treatment","21",62.5,0
"promoter","CpG","Treatment","21",67.5,3
"promoter","CpG","Treatment","21",72.5,2
"promoter","CpG","Treatment","21",77.5,3
"promoter","CpG","Treatment","21",82.5,1
"promoter","CpG","Treatment","21",87.5,2
"promoter","CpG","Treatment","21",92.5,2
"promoter","CpG","Treatment","21",97.5,6
"promoter","CpG","Treatment","11",2.5,0
"promoter","CpG","Treatment","11",7.5,0
"promoter","CpG","Treatment","11",12.5,0
"promoter","CpG","Treatment","11",17.5,0
"promoter","CpG","Treatment","11",22.5,0
"promoter","CpG","Treatment","11",27.5,0
"promoter","CpG","Treatment","11",32.5,0
"promoter","CpG","Treatment","11",37.5,0
"promoter","CpG","Treatment","11",42.5,0
"promoter","CpG","Treatment","11",47.5,0
"promoter","CpG","Treatment","11",52.5,0
"promoter","CpG","Treatment","11",57.5,0
"promoter","CpG","Treatment","11",62.5,0
"promoter","CpG","Treatment","11",67.5,0
"promoter","CpG","Treatment","11",72.5,0
"promoter","CpG","Treatment","11",77.5,0
"promoter","CpG","Treatment","11",82.5,0
"promoter","CpG","Treatment","11",87.5,0
"promoter","CpG","Treatment","11",92.5,0
"promoter","CpG","Treatment","11",97.5,0
"promoter","CpG","Treatment","2",2.5,1847
"promoter","CpG","Treatment","2",7.5,76
"promoter","CpG","Treatment","2",12.5,12
"promoter","CpG","Treatment","2",17.5,26
"promoter","CpG","Treatment","2",22.5,7
"promoter","CpG","Treatment","2",27.5,6
"promoter","CpG","Treatment","2",32.5,5
"promoter","CpG","Treatment","2",37.5,9
"promoter","CpG","Treatment","2",42.5,11
"promoter","CpG","Treatment","2",47.5,14
"promoter","CpG","Treatment","2",52.5,4
"promoter","CpG","Treatment","2",57.5,4
"promoter","CpG","Treatment","2",62.5,2
"promoter","CpG","Treatment","2",67.5,2
"promoter","CpG","Treatment","2",72.5,3
"promoter","CpG","Treatment","2",77.5,8
"promoter","CpG","Treatment","2",82.5,4
"promoter","CpG","Treatment","2",87.5,3
"promoter","CpG","Treatment","2",92.5,2
"promoter","CpG","Treatment","2",97.5,12
"promoter","CHG","Control","6",2.5,1739
"promoter","CHG","Control","6",7.5,37
"promoter","CHG","Control","6",12.5,0
"promoter","CHG","Control","6",17.5,1
"promoter","CHG","Control","6",22.5,0
"promoter","CHG","Control","6",27.5,0
"promoter","CHG","Control","6",32.5,0
"promoter","CHG","Control","6",37.5,0
"promoter","CHG","Control","6",42.5,0
"promoter","CHG","Control","6",47.5,0
"promoter","CHG","Control","6",52.5,0
"promoter","CHG","Control","6",57.5,0
"promoter","CHG","Control","6",62.5,0
"promoter","CHG","Control","6",67.5,0
"promoter","CHG","Control","6",72.5,0
"promoter","CHG","Control","6",77.5,0
"promoter","CHG","Control","6",82.5,0
"promoter","CHG","Control","6",87.5,0
"promoter","CHG","Control","6",92.5,0
"promoter","CHG","Control","6",97.5,0
"promoter","CHG","Control","7",2.5,2930
"promoter","CHG","Control","7",7.5,39
"promoter","CHG","Control","7",12.5,1
"promoter","CHG","Control","7",17.5,2
"promoter","CHG","Control","7",22.5,0
"promoter","CHG","Control","7",27.5,1
"promoter","CHG","Control","7",32.5,0
"promoter","CHG","Control","7",37.5,0
"promoter","CHG","Control","7",42.5,0
"promoter","CHG","Control","7",47.5,0
"promoter","CHG","Control","7",52.5,0
"promoter","CHG","Control","7",57.5,0
"promoter","CHG","Control","7",62.5,0
"promoter","CHG","Control","7",67.5,0
"promoter","CHG","Control","7",72.5,0
"promoter","CHG","Control","7",77.5,0
"promoter","CHG","Control","7",82.5,0
"promoter","CHG","Control","7",87.5,0
"promoter","CHG","Control","7",92.5,0
"promoter","CHG","Control","7",97.5,0
"promoter","CHG","Control","10",2.5,920
"promoter","CHG","Control","10",7.5,12
"promoter","CHG","Control","10",12.5,2
"promoter","CHG","Control","10",17.5,2
"promoter","CHG","Control","10",22.5,0
"promoter","CHG","Control","10",27.5,0
"promoter","CHG","Control","10",32.5,0
"promoter","CHG","Control","10",37.5,0
"promoter","CHG","Control","10",42.5,0
"promoter","CHG","Control","10",47.5,0
"promoter","CHG","Control","10",52.5,0
"promoter","CHG","Control","10",57.5,0
"promoter","CHG","Control","10",62.5,0
"promoter","CHG","Control","10",67.5,0
"promoter","CHG","Control","10",72.5,0
"promoter","CHG","Control","10",77.5,0
"promoter","CHG","Control","10",82.5,0
"promoter","CHG","Control","10",87.5,0
"promoter","CHG","Control","10",92.5,0
"promoter","CHG","Control","10",97.5,0
"promoter","CHG","Control","14",2.5,0
"promoter","CHG","Control","14",7.5,0
"promoter","CHG","Control","14",12.5,0
"promoter","CHG","Control","14",17.5,0
"promoter","CHG","Control","14",22.5,0
"promoter","CHG","Control","14",27.5,0
"promoter","CHG","Control","14",32.5,0
"promoter","CHG","Control","14",37.5,0
"promoter","CHG","Control","14",42.5,0
"promoter","CHG","Control","14",47.5,0
"promoter","CHG","Control","14",52.5,0
"promoter","CHG","Control","14",57.5,0
"promoter","CHG","Control","14",62.5,0
"promoter","CHG","Control","14",67.5,0
"promoter","CHG","Control","14",72.5,0
"promoter","CHG","Control","14",77.5,0
"promoter","CHG","Control","14",82.5,0
"promoter","CHG","Control","14",87.5,0
"promoter","CHG","Control","14",92.5,0
"promoter","CHG","Control","14",97.5,0
"promoter","CHG","Control","20",2.5,0
"promoter","CHG","Control","20",7.5,0
"promoter","CHG","Control","20",12.5,0
"promoter","CHG","Control","20",17.5,0
"promoter","CHG","Control","20",22.5,0
"promoter","CHG","Control","20",27.5,0
"promoter","CHG","Control","20",32.5,0
"promoter","CHG","Control","20",37.5,0
"promoter","CHG","Control","20",42.5,0
"promoter","CHG","Control","20",47.5,0
"promoter","CHG","Control","20",52.5,0
"promoter","CHG","Control","20",57.5,0
"promoter","CHG","Control","20",62.5,0
"promoter","CHG","Control","20",67.5,0
"promoter","CHG","Control","20",72.5,0
"promoter","CHG","Control","20",77.5,0
"promoter","CHG","Control","20",82.5,0
"promoter","CHG","Control","20",87.5,0
"promoter","CHG","Control","20",92.5,0
"promoter","CHG","Control","20",97.5,0
"promoter","CHG","Control","21",2.5,0
"promoter","CHG","Control","21",7.5,0
"promoter","CHG","Control","21",12.5,0
"promoter","CHG","Control","21",17.5,0
"promoter","CHG","Control","21",22.5,0
"promoter","CHG","Control","21",27.5,0
"promoter","CHG","Control","21",32.5,0
"promoter","CHG","Control","21",37.5,0
"promoter","CHG","Control","21",42.5,0
"promoter","CHG","Control","21",47.5,0
"promoter","CHG","Control","21",52.5,0
"promoter","CHG","Control","21",57.5,0
"promoter","CHG","Control","21",62.5,0
"promoter","CHG","Control","21",67.5,0
"promoter","CHG","Control","21",72.5,0
"promoter","CHG","Control","21",77.5,0
"promoter","CHG","Control","21",82.5,0
"promoter","CHG","Control","21",87.5,0
"promoter","CHG","Control","21",92.5,0
"promoter","CHG","Control","21",97.5,0
"promoter","CHG","Control","11",2.5,1173
"promoter","CHG","Control","11",7.5,17
"promoter","CHG","Control","11",12.5,0
"promoter","CHG","Control","11",17.5,2
"promoter","CHG","Control","11",22.5,0
"promoter","CHG","Control","11",27.5,0
"promoter","CHG","Control","11",32.5,1
"promoter","CHG","Control","11",37.5,0
"promoter","CHG","Control","11",42.5,0
"promoter","CHG","Control","11",47.5,0
"promoter","CHG","Control","11",52.5,0
"promoter","CHG","Control","11",57.5,0
"promoter","CHG","Control","11",62.5,0
"promoter","CHG","Control","11",67.5,0
"promoter","CHG","Control","11",72.5,0
"promoter","CHG","Control","11",77.5,0
"promoter","CHG","Control","11",82.5,0
"promoter","CHG","Control","11",87.5,0
"promoter","CHG","Control","11",92.5,0
"promoter","CHG","Control","11",97.5,0
"promoter","CHG","Control","2",2.5,0
"promoter","CHG","Control","2",7.5,0
"promoter","CHG","Control","2",12.5,0
"promoter","CHG","Control","2",17.5,0
"promoter","CHG","Control","2",22.5,0
"promoter","CHG","Control","2",27.5,0
"promoter","CHG","Control","2",32.5,0
"promoter","CHG","Control","2",37.5,0
"promoter","CHG","Control","2",42.5,0
"promoter","CHG","Control","2",47.5,0
"promoter","CHG","Control","2",52.5,0
"promoter","CHG","Control","2",57.5,0
"promoter","CHG","Control","2",62.5,0
"promoter","CHG","Control","2",67.5,0
"promoter","CHG","Control","2",72.5,0
"promoter","CHG","Control","2",77.5,0
"promoter","CHG","Control","2",82.5,0
"promoter","CHG","Control","2",87.5,0
"promoter","CHG","Control","2",92.5,0
"promoter","CHG","Control","2",97.5,0
"promoter","CHG","Treatment","6",2.5,0
"promoter","CHG","Treatment","6",7.5,0
"promoter","CHG","Treatment","6",12.5,0
"promoter","CHG","Treatment","6",17.5,0
"promoter","CHG","Treatment","6",22.5,0
"promoter","CHG","Treatment","6",27.5,0
"promoter","CHG","Treatment","6",32.5,0
"promoter","CHG","Treatment","6",37.5,0
"promoter","CHG","Treatment","6",42.5,0
"promoter","CHG","Treatment","6",47.5,0
"promoter","CHG","Treatment","6",52.5,0
"promoter","CHG","Treatment","6",57.5,0
"promoter","CHG","Treatment","6",62.5,0
"promoter","CHG","Treatment","6",67.5,0
"promoter","CHG","Treatment","6",72.5,0
"promoter","CHG","Treatment","6",77.5,0
"promoter","CHG","Treatment","6",82.5,0
"promoter","CHG","Treatment","6",87.5,0
"promoter","CHG","Treatment","6",92.5,0
"promoter","CHG","Treatment","6",97.5,0
"promoter","CHG","Treatment","7",2.5,0
"promoter","CHG","Treatment","7",7.5,0
"promoter","CHG","Treatment","7",12.5,0
"promoter","CHG","Treatment","7",17.5,0
"promoter","CHG","Treatment","7",22.5,0
"promoter","CHG","Treatment","7",27.5,0
"promoter","CHG","Treatment","7",32.5,0
"promoter","CHG","Treatment","7",37.5,0
"promoter","CHG","Treatment","7",42.5,0
"promoter","CHG","Treatment","7",47.5,0
"promoter","CHG","Treatment","7",52.5,0
"promoter","CHG","Treatment","7",57.5,0
"promoter","CHG","Treatment","7",62.5,0
"promoter","CHG","Treatment","7",67.5,0
"promoter","CHG","Treatment","7",72.5,0
"promoter","CHG","Treatment","7",77.5,0
"promoter","CHG","Treatment","7",82.5,0
"promoter","CHG","Treatment","7",87.5,0
"promoter","CHG","Treatment","7",92.5,0
"promoter","CHG","Treatment","7",97.5,0
"promoter","CHG","Treatment","10",2.5,0
"promoter","CHG","Treatment","10",7.5,0
"promoter","CHG","Treatment","10",12.5,0
"promoter","CHG","Treatment","10",17.5,0
"promoter","CHG","Treatment","10",22.5,0
"promoter","CHG","Treatment","10",27.5,0
"promoter","CHG","Treatment","10",32.5,0
"promoter","CHG","Treatment","10",37.5,0
"promoter","CHG","Treatment","10",42.5,0
"promoter","CHG","Treatment","10",47.5,0
"promoter","CHG","Treatment","10",52.5,0
"promoter","CHG","Treatment","10",57.5,0
"promoter","CHG","Treatment","10",62.5,0
"promoter","CHG","Treatment","10",67.5,0
"promoter","CHG","Treatment","10",72.5,0
"promoter","CHG","Treatment","10",77.5,0
"promoter","CHG","Treatment","10",82.5,0
"promoter","CHG","Treatment","10",87.5,0
"promoter","CHG","Treatment","10",92.5,0
"promoter","CHG","Treatment","10",97.5,0
"promoter","CHG","Treatment","14",2.5,1057
"promoter","CHG","Treatment","14",7.5,16
"promoter","CHG","Treatment","14",12.5,2
"promoter","CHG","Treatment","14",17.5,0
"promoter","CHG","Treatment","14",22.5,0
"promoter","CHG","Treatment","14",27.5,0
"promoter","CHG","Treatment","14",32.5,0
"promoter","CHG","Treatment","14",37.5,0
"promoter","CHG","Treatment","14",42.5,0
"promoter","CHG","Treatment","14",47.5,0
"promoter","CHG","Treatment","14",52.5,0
"promoter","CHG","Treatment","14",57.5,0
"promoter","CHG","Treatment","14",62.5,0
"promoter","CHG","Treatment","14",67.5,0
"promoter","CHG","Treatment","14",72.5,0
"promoter","CHG","Treatment","14",77.5,0
"promoter","CHG","Treatment","14",82.5,0
"promoter","CHG","Treatment","14",87.5,0
"promoter","CHG","Treatment","14",92.5,0
"promoter","CHG","Treatment","14",97.5,0
"promoter","CHG","Treatment","20",2.5,680
"promoter","CHG","Treatment","20",7.5,15
"promoter","CHG","Treatment","20",12.5,1
"promoter","CHG","Treatment","20",17.5,0
"promoter","CHG","Treatment","20",22.5,3
"promoter","CHG","Treatment","20",27.5,0
"promoter","CHG","Treatment","20",32.5,0
"promoter","CHG","Treatment","20",37.5,0
"promoter","CHG","Treatment","20",42.5,0
"promoter","CHG","Treatment","20",47.5,0
"promoter","CHG","Treatment","20",52.5,0
"promoter","CHG","Treatment","20",57.5,0
"promoter","CHG","Treatment","20",62.5,0
"promoter","CHG","Treatment","20",67.5,0
"promoter","CHG","Treatment","20",72.5,0
"promoter","CHG","Treatment","20",77.5,0
"promoter","CHG","Treatment","20",82.5,0
"promoter","CHG","Treatment","20",87.5,0
"promoter","CHG","Treatment","20",92.5,0
"promoter","CHG","Treatment","20",97.5,0
"promoter","CHG","Treatment","21",2.5,831
"promoter","CHG","Treatment","21",7.5,16
"promoter","CHG","Treatment","21",12.5,0
"promoter","CHG","Treatment","21",17.5,1
"promoter","CHG","Treatment","21",22.5,0
"promoter","CHG","Treatment","21",27.5,0
"promoter","CHG","Treatment","21",32.5,0
"promoter","CHG","Treatment","21",37.5,0
"promoter","CHG","Treatment","21",42.5,0
"promoter","CHG","Treatment","21",47.5,0
"promoter","CHG","Treatment","21",52.5,0
"promoter","CHG","Treatment","21",57.5,0
"promoter","CHG","Treatment","21",62.5,0
"promoter","CHG","Treatment","21",67.5,0
"promoter","CHG","Treatment","21",72.5,0
"promoter","CHG","Treatment","21",77.5,0
"promoter","CHG","Treatment","21",82.5,0
"promoter","CHG","Treatment","21",87.5,0
"promoter","CHG","Treatment","21",92.5,0
"promoter","CHG","Treatment","21",97.5,0
"promoter","CHG","Treatment","11",2.5,0
"promoter","CHG","Treatment","11",7.5,0
"promoter","CHG","Treatment","11",12.5,0
"promoter","CHG","Treatment","11",17.5,0
"promoter","CHG","Treatment","11",22.5,0
"promoter","CHG","Treatment","11",27.5,0
"promoter","CHG","Treatment","11",32.5,0
"promoter","CHG","Treatment","11",37.5,0
"promoter","CHG","Treatment","11",42.5,0
"promoter","CHG","Treatment","11",47.5,0
"promoter","CHG","Treatment","11",52.5,0
"promoter","CHG","Treatment","11",57.5,0
"promoter","CHG","Treatment","11",62.5,0
"promoter","CHG","Treatment","11",67.5,0
"promoter","CHG","Treatment","11",72.5,0
"promoter","CHG","Treatment","11",77.5,0
"promoter","CHG","Treatment","11",82.5,0
"promoter","CHG","Treatment","11",87.5,0
"promoter","CHG","Treatment","11",92.5,0
"promoter","CHG","Treatment","11",97.5,0
"promoter","CHG","Treatment","2",2.5,2070
"promoter","CHG","Treatment","2",7.5,58
"promoter","CHG","Treatment","2",12.5,2
"promoter","CHG","Treatment","2",17.5,1
"promoter","CHG","Treatment","2",22.5,0
"promoter","CHG","Treatment","2",27.5,1
"promoter","CHG","Treatment","2",32.5,0
"promoter","CHG","Treatment","2",37.5,0
"promoter","CHG","Treatment","2",42.5,0
"promoter","CHG","Treatment","2",47.5,0
"promoter","CHG","Treatment","2",52.5,0
"promoter","CHG","Treatment","2",57.5,0
"promoter","CHG","Treatment","2",62.5,0
"promoter","CHG","Treatment","2",67.5,0
"promoter","CHG","Treatment","2",72.5,0
"promoter","CHG","Treatment","2",77.5,0
"promoter","CHG","Treatment","2",82.5,0
"promoter","CHG","Treatment","2",87.5,0
"promoter","CHG","Treatment","2",92.5,0
"promoter","CHG","Treatment","2",97.5,0
"promoter","CHH","Control","6",2.5,2252
"promoter","CHH","Control","6",7.5,49
"promoter","CHH","Control","6",12.5,2
"promoter","CHH","Control","6",17.5,0
"promoter","CHH","Control","6",22.5,0
"promoter","CHH","Control","6",27.5,0
"promoter","CHH","Control","6",32.5,0
"promoter","CHH","Control","6",37.5,0
"promoter","CHH","Control","6",42.5,0
"promoter","CHH","Control","6",47.5,0
"promoter","CHH","Control","6",52.5,0
"promoter","CHH","Control","6",57.5,0
"promoter","CHH","Control","6",62.5,0
"promoter","CHH","Control","6",67.5,0
"promoter","CHH","Control","6",72.5,0
"promoter","CHH","Control","6",77.5,0
"promoter","CHH","Control","6",82.5,0
"promoter","CHH","Control","6",87.5,0
"promoter","CHH","Control","6",92.5,0
"promoter","CHH","Control","6",97.5,0
"promoter","CHH","Control","7",2.5,3929
"promoter","CHH","Control","7",7.5,52
"promoter","CHH","Control","7",12.5,2
"promoter","CHH","Control","7",17.5,3
"promoter","CHH","Control","7",22.5,0
"promoter","CHH","Control","7",27.5,0
"promoter","CHH","Control","7",32.5,0
"promoter","CHH","Control","7",37.5,0
"promoter","CHH","Control","7",42.5,0
"promoter","CHH","Control","7",47.5,0
"promoter","CHH","Control","7",52.5,0
"promoter","CHH","Control","7",57.5,0
"promoter","CHH","Control","7",62.5,0
"promoter","CHH","Control","7",67.5,0
"promoter","CHH","Control","7",72.5,0
"promoter","CHH","Control","7",77.5,0
"promoter","CHH","Control","7",82.5,0
"promoter","CHH","Control","7",87.5,0
"promoter","CHH","Control","7",92.5,0
"promoter","CHH","Control","7",97.5,0
"promoter","CHH","Control","10",2.5,1200
"promoter","CHH","Control","10",7.5,21
"promoter","CHH","Control","10",12.5,2
"promoter","CHH","Control","10",17.5,1
"promoter","CHH","Control","10",22.5,0
"promoter","CHH","Control","10",27.5,0
"promoter","CHH","Control","10",32.5,0
"promoter","CHH","Control","10",37.5,0
"promoter","CHH","Control","10",42.5,0
"promoter","CHH","Control","10",47.5,0
"promoter","CHH","Control","10",52.5,0
"promoter","CHH","Control","10",57.5,0
"promoter","CHH","Control","10",62.5,0
"promoter","CHH","Control","10",67.5,0
"promoter","CHH","Control","10",72.5,0
"promoter","CHH","Control","10",77.5,0
"promoter","CHH","Control","10",82.5,0
"promoter","CHH","Control","10",87.5,0
"promoter","CHH","Control","10",92.5,0
"promoter","CHH","Control","10",97.5,0
"promoter","CHH","Control","14",2.5,0
"promoter","CHH","Control","14",7.5,0
"promoter","CHH","Control","14",12.5,0
"promoter","CHH","Control","14",17.5,0
"promoter","CHH","Control","14",22.5,0
"promoter","CHH","Control","14",27.5,0
"promoter","CHH","Control","14",32.5,0
"promoter","CHH","Control","14",37.5,0
"promoter","CHH","Control","14",42.5,0
"promoter","CHH","Control","14",47.5,0
"promoter","CHH","Control","14",52.5,0
"promoter","CHH","Control","14",57.5,0
"promoter","CHH","Control","14",62.5,0
"promoter","CHH","Control","14",67.5,0
"promoter","CHH","Control","14",72.5,0
"promoter","CHH","Control","14",77.5,0
"promoter","CHH","Control","14",82.5,0
"promoter","CHH","Control","14",87.5,0
"promoter","CHH","Control","14",92.5,0
"promoter","CHH","Control","14",97.5,0
"promoter","CHH","Control","20",2.5,0
"promoter","CHH","Control","20",7.5,0
"promoter","CHH","Control","20",12.5,0
"promoter","CHH","Control","20",17.5,0
"promoter","CHH","Control","20",22.5,0
"promoter","CHH","Control","20",27.5,0
"promoter","CHH","Control","20",32.5,0
"promoter","CHH","Control","20",37.5,0
"promoter","CHH","Control","20",42.5,0
"promoter","CHH","Control","20",47.5,0
"promoter","CHH","Control","20",52.5,0
"promoter","CHH","Control","20",57.5,0
"promoter","CHH","Control","20",62.5,0
"promoter","CHH","Control","20",67.5,0
"promoter","CHH","Control","20",72.5,0
"promoter","CHH","Control","20",77.5,0
"promoter","CHH","Control","20",82.5,0
"promoter","CHH","Control","20",87.5,0
"promoter","CHH","Control","20",92.5,0
"promoter","CHH","Control","20",97.5,0
"promoter","CHH","Control","21",2.5,0
"promoter","CHH","Control","21",7.5,0
"promoter","CHH","Control","21",12.5,0
"promoter","CHH","Control","21",17.5,0
"promoter","CHH","Control","21",22.5,0
"promoter","CHH","Control","21",27.5,0
"promoter","CHH","Control","21",32.5,0
"promoter","CHH","Control","21",37.5,0
"promoter","CHH","Control","21",42.5,0
"promoter","CHH","Control","21",47.5,0
"promoter","CHH","Control","21",52.5,0
"promoter","CHH","Control","21",57.5,0
"promoter","CHH","Control","21",62.5,0
"promoter","CHH","Control","21",67.5,0
"promoter","CHH","Control","21",72.5,0
"promoter","CHH","Control","21",77.5,0
"promoter","CHH","Control","21",82.5,0
"promoter","CHH","Control","21",87.5,0
"promoter","CHH","Control","21",92.5,0
"promoter","CHH","Control","21",97.5,0
"promoter","CHH","Control","11",2.5,1546
"promoter","CHH","Control","11",7.5,23
"promoter","CHH","Control","11",12.5,0
"promoter","CHH","Control","11",17.5,3
"promoter","CHH","Control","11",22.5,0
"promoter","CHH","Control","11",27.5,1
"promoter","CHH","Control","11",32.5,0
"promoter","CHH","Control","11",37.5,0
"promoter","CHH","Control","11",42.5,0
"promoter","CHH","Control","11",47.5,0
"promoter","CHH","Control","11",52.5,0
"promoter","CHH","Control","11",57.5,0
"promoter","CHH","Control","11",62.5,0
"promoter","CHH","Control","11",67.5,0
"promoter","CHH","Control","11",72.5,0
"promoter","CHH","Control","11",77.5,0
"promoter","CHH","Control","11",82.5,0
"promoter","CHH","Control","11",87.5,0
"promoter","CHH","Control","11",92.5,0
"promoter","CHH","Control","11",97.5,0
"promoter","CHH","Control","2",2.5,0
"promoter","CHH","Control","2",7.5,0
"promoter","CHH","Control","2",12.5,0
"promoter","CHH","Control","2",17.5,0
"promoter","CHH","Control","2",22.5,0
"promoter","CHH","Control","2",27.5,0
"promoter","CHH","Control","2",32.5,0
"promoter","CHH","Control","2",37.5,0
"promoter","CHH","Control","2",42.5,0
"promoter","CHH","Control","2",47.5,0
"promoter","CHH","Control","2",52.5,0
"promoter","CHH","Control","2",57.5,0
"promoter","CHH","Control","2",62.5,0
"promoter","CHH","Control","2",67.5,0
"promoter","CHH","Control","2",72.5,0
"promoter","CHH","Control","2",77.5,0
"promoter","CHH","Control","2",82.5,0
"promoter","CHH","Control","2",87.5,0
"promoter","CHH","Control","2",92.5,0
"promoter","CHH","Control","2",97.5,0
"promoter","CHH","Treatment","6",2.5,0
"promoter","CHH","Treatment","6",7.5,0
"promoter","CHH","Treatment","6",12.5,0
"promoter","CHH","Treatment","6",17.5,0
"promoter","CHH","Treatment","6",22.5,0
"promoter","CHH","Treatment","6",27.5,0
"promoter","CHH","Treatment","6",32.5,0
"promoter","CHH","Treatment","6",37.5,0
"promoter","CHH","Treatment","6",42.5,0
"promoter","CHH","Treatment","6",47.5,0
"promoter","CHH","Treatment","6",52.5,0
"promoter","CHH","Treatment","6",57.5,0
"promoter","CHH","Treatment","6",62.5,0
"promoter","CHH","Treatment","6",67.5,0
"promoter","CHH","Treatment","6",72.5,0
"promoter","CHH","Treatment","6",77.5,0
"promoter","CHH","Treatment","6",82.5,0
"promoter","CHH","Treatment","6",87.5,0
"promoter","CHH","Treatment","6",92.5,0
"promoter","CHH","Treatment","6",97.5,0
"promoter","CHH","Treatment","7",2.5,0
"promoter","CHH","Treatment","7",7.5,0
"promoter","CHH","Treatment","7",12.5,0
"promoter","CHH","Treatment","7",17.5,0
"promoter","CHH","Treatment","7",22.5,0
"promoter","CHH","Treatment","7",27.5,0
"promoter","CHH","Treatment","7",32.5,0
"promoter","CHH","Treatment","7",37.5,0
"promoter","CHH","Treatment","7",42.5,0
"promoter","CHH","Treatment","7",47.5,0
"promoter","CHH","Treatment","7",52.5,0
"promoter","CHH","Treatment","7",57.5,0
"promoter","CHH","Treatment","7",62.5,0
"promoter","CHH","Treatment","7",67.5,0
"promoter","CHH","Treatment","7",72.5,0
"promoter","CHH","Treatment","7",77.5,0
"promoter","CHH","Treatment","7",82.5,0
"promoter","CHH","Treatment","7",87.5,0
"promoter","CHH","Treatment","7",92.5,0
"promoter","CHH","Treatment","7",97.5,0
"promoter","CHH","Treatment","10",2.5,0
"promoter","CHH","Treatment","10",7.5,0
"promoter","CHH","Treatment","10",12.5,0
"promoter","CHH","Treatment","10",17.5,0
"promoter","CHH","Treatment","10",22.5,0
"promoter","CHH","Treatment","10",27.5,0
"promoter","CHH","Treatment","10",32.5,0
"promoter","CHH","Treatment","10",37.5,0
"promoter","CHH","Treatment","10",42.5,0
"promoter","CHH","Treatment","10",47.5,0
"promoter","CHH","Treatment","10",52.5,0
"promoter","CHH","Treatment","10",57.5,0
"promoter","CHH","Treatment","10",62.5,0
"promoter","CHH","Treatment","10",67.5,0
"promoter","CHH","Treatment","10",72.5,0
"promoter","CHH","Treatment","10",77.5,0
"promoter","CHH","Treatment","10",82.5,0
"promoter","CHH","Treatment","10",87.5,0
"promoter","CHH","Treatment","10",92.5,0
"promoter","CHH","Treatment","10",97.5,0
"promoter","CHH","Treatment","14",2.5,1332
"promoter","CHH","Treatment","14",7.5,23
"promoter","CHH","Treatment","14",12.5,1
"promoter","CHH","Treatment","14",17.5,1
"promoter","CHH","Treatment","14",22.5,0
"promoter","CHH","Treatment","14",27.5,0
"promoter","CHH","Treatment","14",32.5,0
"promoter","CHH","Treatment","14",37.5,0
"promoter","CHH","Treatment","14",42.5,0
"promoter","CHH","Treatment","14",47.5,0
"promoter","CHH","Treatment","14",52.5,0
"promoter","CHH","Treatment","14",57.5,0
"promoter","CHH","Treatment","14",62.5,0
"promoter","CHH","Treatment","14",67.5,0
"promoter","CHH","Treatment","14",72.5,0
"promoter","CHH","Treatment","14",77.5,0
"promoter","CHH","Treatment","14",82.5,0
"promoter","CHH","Treatment","14",87.5,0
"promoter","CHH","Treatment","14",92.5,0
"promoter","CHH","Treatment","14",97.5,0
"promoter","CHH","Treatment","20",2.5,887
"promoter","CHH","Treatment","20",7.5,25
"promoter","CHH","Treatment","20",12.5,1
"promoter","CHH","Treatment","20",17.5,0
"promoter","CHH","Treatment","20",22.5,0
"promoter","CHH","Treatment","20",27.5,0
"promoter","CHH","Treatment","20",32.5,0
"promoter","CHH","Treatment","20",37.5,2
"promoter","CHH","Treatment","20",42.5,0
"promoter","CHH","Treatment","20",47.5,0
"promoter","CHH","Treatment","20",52.5,0
"promoter","CHH","Treatment","20",57.5,0
"promoter","CHH","Treatment","20",62.5,0
"promoter","CHH","Treatment","20",67.5,0
"promoter","CHH","Treatment","20",72.5,0
"promoter","CHH","Treatment","20",77.5,0
"promoter","CHH","Treatment","20",82.5,0
"promoter","CHH","Treatment","20",87.5,0
"promoter","CHH","Treatment","20",92.5,0
"promoter","CHH","Treatment","20",97.5,0
"promoter","CHH","Treatment","21",2.5,1064
"promoter","CHH","Treatment","21",7.5,22
"promoter","CHH","Treatment","21",12.5,0
"promoter","CHH","Treatment","21",17.5,1
"promoter","CHH","Treatment","21",22.5,0
"promoter","CHH","Treatment","21",27.5,0
"promoter","CHH","Treatment","21",32.5,0
"promoter","CHH","Treatment","21",37.5,0
"promoter","CHH","Treatment","21",42.5,0
"promoter","CHH","Treatment","21",47.5,0
"promoter","CHH","Treatment","21",52.5,0
"promoter","CHH","Treatment","21",57.5,0
"promoter","CHH","Treatment","21",62.5,0
"promoter","CHH","Treatment","21",67.5,0
"promoter","CHH","Treatment","21",72.5,0
"promoter","CHH","Treatment","21",77.5,0
"promoter","CHH","Treatment","21",82.5,0
"promoter","CHH","Treatment","21",87.5,0
"promoter","CHH","Treatment","21",92.5,0
"promoter","CHH","Treatment","21",97.5,0
"promoter","CHH","Treatment","11",2.5,0
"promoter","CHH","Treatment","11",7.5,0
"promoter","CHH","Treatment","11",12.5,0
"promoter","CHH","Treatment","11",17.5,0
"promoter","CHH","Treatment","11",22.5,0
"promoter","CHH","Treatment","11",27.5,0
"promoter","CHH","Treatment","11",32.5,0
"promoter","CHH","Treatment","11",37.5,0
"promoter","CHH","Treatment","11",42.5,0
"promoter","CHH","Treatment","11",47.5,0
"promoter","CHH","Treatment","11",52.5,0
"promoter","CHH","Treatment","11",57.5,0
"promoter","CHH","Treatment","11",62.5,0
"promoter","CHH","Treatment","11",67.5,0
"promoter","CHH","Treatment","11",72.5,0
"promoter","CHH","Treatment","11",77.5,0
"promoter","CHH","Treatment","11",82.5,0
"promoter","CHH","Treatment","11",87.5,0
"promoter","CHH","Treatment","11",92.5,0
"promoter","CHH","Treatment","11",97.5,0
"promoter","CHH","Treatment","2",2.5,2782
"promoter","CHH","Treatment","2",7.5,75
"promoter","CHH","Treatment","2",12.5,4
"promoter","CHH","Treatment","2",17.5,3
"promoter","CHH","Treatment","2",22.5,0
"promoter","CHH","Treatment","2",27.5,1
"promoter","CHH","Treatment","2",32.5,0
"promoter","CHH","Treatment","2",37.5,0
"promoter","CHH","Treatment","2",42.5,0
"promoter","CHH","Treatment","2",47.5,0
"promoter","CHH","Treatment","2",52.5,0
"promoter","CHH","Treatment","2",57.5,0
"promoter","CHH","Treatment","2",62.5,0
"promoter","CHH","Treatment","2",67.5,0
"promoter","CHH","Treatment","2",72.5,0
"promoter","CHH","Treatment","2",77.5,0
"promoter","CHH","Treatment","2",82.5,0
"promoter","CHH","Treatment","2",87.5,0
"promoter","CHH","Treatment","2",92.5,0
"promoter","CHH","Treatment","2",97.5,0
"three_prime_UTR","CpG","Control","6",2.5,196
"three_prime_UTR","CpG","Control","6",7.5,3
"three_prime_UTR","CpG","Control","6",12.5,0
"three_prime_UTR","CpG","Control","6",17.5,4
"three_prime_UTR","CpG","Control","6",22.5,2
"three_prime_UTR","CpG","Control","6",27.5,2
"three_prime_UTR","CpG","Control","6",32.5,0
"three_prime_UTR","CpG","Control","6",37.5,1
"three_prime_UTR","CpG","Control","6",42.5,0
"three_prime_UTR","CpG","Control","6",47.5,4
"three_prime_UTR","CpG","Control","6",52.5,0
"three_prime_UTR","CpG","Control","6",57.5,0
"three_prime_UTR","CpG","Control","6",62.5,2
"three_prime_UTR","CpG","Control","6",67.5,2
"three_prime_UTR","CpG","Control","6",72.5,3
"three_prime_UTR","CpG","Control","6",77.5,5
"three_prime_UTR","CpG","Control","6",82.5,2
"three_prime_UTR","CpG","Control","6",87.5,8
"three_prime_UTR","CpG","Control","6",92.5,2
"three_prime_UTR","CpG","Control","6",97.5,10
"three_prime_UTR","CpG","Control","7",2.5,379
"three_prime_UTR","CpG","Control","7",7.5,19
"three_prime_UTR","CpG","Control","7",12.5,1
"three_prime_UTR","CpG","Control","7",17.5,3
"three_prime_UTR","CpG","Control","7",22.5,3
"three_prime_UTR","CpG","Control","7",27.5,1
"three_prime_UTR","CpG","Control","7",32.5,1
"three_prime_UTR","CpG","Control","7",37.5,4
"three_prime_UTR","CpG","Control","7",42.5,0
"three_prime_UTR","CpG","Control","7",47.5,4
"three_prime_UTR","CpG","Control","7",52.5,1
"three_prime_UTR","CpG","Control","7",57.5,4
"three_prime_UTR","CpG","Control","7",62.5,1
"three_prime_UTR","CpG","Control","7",67.5,5
"three_prime_UTR","CpG","Control","7",72.5,3
"three_prime_UTR","CpG","Control","7",77.5,6
"three_prime_UTR","CpG","Control","7",82.5,1
"three_prime_UTR","CpG","Control","7",87.5,8
"three_prime_UTR","CpG","Control","7",92.5,5
"three_prime_UTR","CpG","Control","7",97.5,23
"three_prime_UTR","CpG","Control","10",2.5,80
"three_prime_UTR","CpG","Control","10",7.5,5
"three_prime_UTR","CpG","Control","10",12.5,2
"three_prime_UTR","CpG","Control","10",17.5,0
"three_prime_UTR","CpG","Control","10",22.5,0
"three_prime_UTR","CpG","Control","10",27.5,1
"three_prime_UTR","CpG","Control","10",32.5,2
"three_prime_UTR","CpG","Control","10",37.5,2
"three_prime_UTR","CpG","Control","10",42.5,0
"three_prime_UTR","CpG","Control","10",47.5,0
"three_prime_UTR","CpG","Control","10",52.5,1
"three_prime_UTR","CpG","Control","10",57.5,1
"three_prime_UTR","CpG","Control","10",62.5,0
"three_prime_UTR","CpG","Control","10",67.5,5
"three_prime_UTR","CpG","Control","10",72.5,0
"three_prime_UTR","CpG","Control","10",77.5,0
"three_prime_UTR","CpG","Control","10",82.5,1
"three_prime_UTR","CpG","Control","10",87.5,1
"three_prime_UTR","CpG","Control","10",92.5,1
"three_prime_UTR","CpG","Control","10",97.5,4
"three_prime_UTR","CpG","Control","14",2.5,0
"three_prime_UTR","CpG","Control","14",7.5,0
"three_prime_UTR","CpG","Control","14",12.5,0
"three_prime_UTR","CpG","Control","14",17.5,0
"three_prime_UTR","CpG","Control","14",22.5,0
"three_prime_UTR","CpG","Control","14",27.5,0
"three_prime_UTR","CpG","Control","14",32.5,0
"three_prime_UTR","CpG","Control","14",37.5,0
"three_prime_UTR","CpG","Control","14",42.5,0
"three_prime_UTR","CpG","Control","14",47.5,0
"three_prime_UTR","CpG","Control","14",52.5,0
"three_prime_UTR","CpG","Control","14",57.5,0
"three_prime_UTR","CpG","Control","14",62.5,0
"three_prime_UTR","CpG","Control","14",67.5,0
"three_prime_UTR","CpG","Control","14",72.5,0
"three_prime_UTR","CpG","Control","14",77.5,0
"three_prime_UTR","CpG","Control","14",82.5,0
"three_prime_UTR","CpG","Control","14",87.5,0
"three_prime_UTR","CpG","Control","14",92.5,0
"three_prime_UTR","CpG","Control","14",97.5,0
"three_prime_UTR","CpG","Control","20",2.5,0
"three_prime_UTR","CpG","Control","20",7.5,0
"three_prime_UTR","CpG","Control","20",12.5,0
"three_prime_UTR","CpG","Control","20",17.5,0
"three_prime_UTR","CpG","Control","20",22.5,0
"three_prime_UTR","CpG","Control","20",27.5,0
"three_prime_UTR","CpG","Control","20",32.5,0
"three_prime_UTR","CpG","Control","20",37.5,0
"three_prime_UTR","CpG","Control","20",42.5,0
"three_prime_UTR","CpG","Control","20",47.5,0
"three_prime_UTR","CpG","Control","20",52.5,0
"three_prime_UTR","CpG","Control","20",57.5,0
"three_prime_UTR","CpG","Control","20",62.5,0
"three_prime_UTR","CpG","Control","20",67.5,0
"three_prime_UTR","CpG","Control","20",72.5,0
"three_prime_UTR","CpG","Control","20",77.5,0
"three_prime_UTR","CpG","Control","20",82.5,0
"three_prime_UTR","CpG","Control","20",87.5,0
"three_prime_UTR","CpG","Control","20",92.5,0
"three_prime_UTR","CpG","Control","20",97.5,0
"three_prime_UTR","CpG","Control","21",2.5,0
"three_prime_UTR","CpG","Control","21",7.5,0
"three_prime_UTR","CpG","Control","21",12.5,0
"three_prime_UTR","CpG","Control","21",17.5,0
"three_prime_UTR","CpG","Control","21",22.5,0
"three_prime_UTR","CpG","Control","21",27.5,0
"three_prime_UTR","CpG","Control","21",32.5,0
"three_prime_UTR","CpG","Control","21",37.5,0
"three_prime_UTR","CpG","Control","21",42.5,0
"three_prime_UTR","CpG","Control","21",47.5,0
"three_prime_UTR","CpG","Control","21",52.5,0
"three_prime_UTR","CpG","Control","21",57.5,0
"three_prime_UTR","CpG","Control","21",62.5,0
"three_prime_UTR","CpG","Control","21",67.5,0
"three_prime_UTR","CpG","Control","21",72.5,0
"three_prime_UTR","CpG","Control","21",77.5,0
"three_prime_UTR","CpG","Control","21",82.5,0
"three_prime_UTR","CpG","Control","21",87.5,0
"three_prime_UTR","CpG","Control","21",92.5,0
"three_prime_UTR","CpG","Control","21",97.5,0
"three_prime_UTR","CpG","Control","11",2.5,101
"three_prime_UTR","CpG","Control","11",7.5,3
"three_prime_UTR","CpG","Control","11",12.5,1
"three_prime_UTR","CpG","Control","11",17.5,2
"three_prime_UTR","CpG","Control","11",22.5,2
"three_prime_UTR","CpG","Control","11",27.5,5
"three_prime_UTR","CpG","Control","11",32.5,1
"three_prime_UTR","CpG","Control","11",37.5,1
"three_prime_UTR","CpG","Control","11",42.5,0
"three_prime_UTR","CpG","Control","11",47.5,0
"three_prime_UTR","CpG","Control","11",52.5,0
"three_prime_UTR","CpG","Control","11",57.5,1
"three_prime_UTR","CpG","Control","11",62.5,0
"three_prime_UTR","CpG","Control","11",67.5,2
"three_prime_UTR","CpG","Control","11",72.5,1
"three_prime_UTR","CpG","Control","11",77.5,0
"three_prime_UTR","CpG","Control","11",82.5,1
"three_prime_UTR","CpG","Control","11",87.5,2
"three_prime_UTR","CpG","Control","11",92.5,0
"three_prime_UTR","CpG","Control","11",97.5,5
"three_prime_UTR","CpG","Control","2",2.5,0
"three_prime_UTR","CpG","Control","2",7.5,0
"three_prime_UTR","CpG","Control","2",12.5,0
"three_prime_UTR","CpG","Control","2",17.5,0
"three_prime_UTR","CpG","Control","2",22.5,0
"three_prime_UTR","CpG","Control","2",27.5,0
"three_prime_UTR","CpG","Control","2",32.5,0
"three_prime_UTR","CpG","Control","2",37.5,0
"three_prime_UTR","CpG","Control","2",42.5,0
"three_prime_UTR","CpG","Control","2",47.5,0
"three_prime_UTR","CpG","Control","2",52.5,0
"three_prime_UTR","CpG","Control","2",57.5,0
"three_prime_UTR","CpG","Control","2",62.5,0
"three_prime_UTR","CpG","Control","2",67.5,0
"three_prime_UTR","CpG","Control","2",72.5,0
"three_prime_UTR","CpG","Control","2",77.5,0
"three_prime_UTR","CpG","Control","2",82.5,0
"three_prime_UTR","CpG","Control","2",87.5,0
"three_prime_UTR","CpG","Control","2",92.5,0
"three_prime_UTR","CpG","Control","2",97.5,0
"three_prime_UTR","CpG","Treatment","6",2.5,0
"three_prime_UTR","CpG","Treatment","6",7.5,0
"three_prime_UTR","CpG","Treatment","6",12.5,0
"three_prime_UTR","CpG","Treatment","6",17.5,0
"three_prime_UTR","CpG","Treatment","6",22.5,0
"three_prime_UTR","CpG","Treatment","6",27.5,0
"three_prime_UTR","CpG","Treatment","6",32.5,0
"three_prime_UTR","CpG","Treatment","6",37.5,0
"three_prime_UTR","CpG","Treatment","6",42.5,0
"three_prime_UTR","CpG","Treatment","6",47.5,0
"three_prime_UTR","CpG","Treatment","6",52.5,0
"three_prime_UTR","CpG","Treatment","6",57.5,0
"three_prime_UTR","CpG","Treatment","6",62.5,0
"three_prime_UTR","CpG","Treatment","6",67.5,0
"three_prime_UTR","CpG","Treatment","6",72.5,0
"three_prime_UTR","CpG","Treatment","6",77.5,0
"three_prime_UTR","CpG","Treatment","6",82.5,0
"three_prime_UTR","CpG","Treatment","6",87.5,0
"three_prime_UTR","CpG","Treatment","6",92.5,0
"three_prime_UTR","CpG","Treatment","6",97.5,0
"three_prime_UTR","CpG","Treatment","7",2.5,0
"three_prime_UTR","CpG","Treatment","7",7.5,0
"three_prime_UTR","CpG","Treatment","7",12.5,0
"three_prime_UTR","CpG","Treatment","7",17.5,0
"three_prime_UTR","CpG","Treatment","7",22.5,0
"three_prime_UTR","CpG","Treatment","7",27.5,0
"three_prime_UTR","CpG","Treatment","7",32.5,0
"three_prime_UTR","CpG","Treatment","7",37.5,0
"three_prime_UTR","CpG","Treatment","7",42.5,0
"three_prime_UTR","CpG","Treatment","7",47.5,0
"three_prime_UTR","CpG","Treatment","7",52.5,0
"three_prime_UTR","CpG","Treatment","7",57.5,0
"three_prime_UTR","CpG","Treatment","7",62.5,0
"three_prime_UTR","CpG","Treatment","7",67.5,0
"three_prime_UTR","CpG","Treatment","7",72.5,0
"three_prime_UTR","CpG","Treatment","7",77.5,0
"three_prime_UTR","CpG","Treatment","7",82.5,0
"three_prime_UTR","CpG","Treatment","7",87.5,0
"three_prime_UTR","CpG","Treatment","7",92.5,0
"three_prime_UTR","CpG","Treatment","7",97.5,0
"three_prime_UTR","CpG","Treatment","10",2.5,0
"three_prime_UTR","CpG","Treatment","10",7.5,0
"three_prime_UTR","CpG","Treatment","10",12.5,0
"three_prime_UTR","CpG","Treatment","10",17.5,0
"three_prime_UTR","CpG","Treatment","10",22.5,0
"three_prime_UTR","CpG","Treatment","10",27.5,0
"three_prime_UTR","CpG","Treatment","10",32.5,0
"three_prime_UTR","CpG","Treatment","10",37.5,0
"three_prime_UTR","CpG","Treatment","10",42.5,0
"three_prime_UTR","CpG","Treatment","10",47.5,0
"three_prime_UTR","CpG","Treatment","10",52.5,0
"three_prime_UTR","CpG","Treatment","10",57.5,0
"three_prime_UTR","CpG","Treatment","10",62.5,0
"three_prime_UTR","CpG","Treatment","10",67.5,0
"three_prime_UTR","CpG","Treatment","10",72.5,0
"three_prime_UTR","CpG","Treatment","10",77.5,0
"three_prime_UTR","CpG","Treatment","10",82.5,0
"three_prime_UTR","CpG","Treatment","10",87.5,0
"three_prime_UTR","CpG","Treatment","10",92.5,0
"three_prime_UTR","CpG","Treatment","10",97.5,0
"three_prime_UTR","CpG","Treatment","14",2.5,98
"three_prime_UTR","CpG","Treatment","14",7.5,5
"three_prime_UTR","CpG","Treatment","14",12.5,3
"three_prime_UTR","CpG","Treatment","14",17.5,3
"three_prime_UTR","CpG","Treatment","14",22.5,1
"three_prime_UTR","CpG","Treatment","14",27.5,1
"three_prime_UTR","CpG","Treatment","14",32.5,2
"three_prime_UTR","CpG","Treatment","14",37.5,0
"three_prime_UTR","CpG","Treatment","14",42.5,0
"three_prime_UTR","CpG","Treatment","14",47.5,2
"three_prime_UTR","CpG","Treatment","14",52.5,1
"three_prime_UTR","CpG","Treatment","14",57.5,1
"three_prime_UTR","CpG","Treatment","14",62.5,1
"three_prime_UTR","CpG","Treatment","14",67.5,1
"three_prime_UTR","CpG","Treatment","14",72.5,0
"three_prime_UTR","CpG","Treatment","14",77.5,0
"three_prime_UTR","CpG","Treatment","14",82.5,1
"three_prime_UTR","CpG","Treatment","14",87.5,0
"three_prime_UTR","CpG","Treatment","14",92.5,1
"three_prime_UTR","CpG","Treatment","14",97.5,6
"three_prime_UTR","CpG","Treatment","20",2.5,58
"three_prime_UTR","CpG","Treatment","20",7.5,4
"three_prime_UTR","CpG","Treatment","20",12.5,1
"three_prime_UTR","CpG","Treatment","20",17.5,2
"three_prime_UTR","CpG","Treatment","20",22.5,0
"three_prime_UTR","CpG","Treatment","20",27.5,4
"three_prime_UTR","CpG","Treatment","20",32.5,0
"three_prime_UTR","CpG","Treatment","20",37.5,0
"three_prime_UTR","CpG","Treatment","20",42.5,1
"three_prime_UTR","CpG","Treatment","20",47.5,2
"three_prime_UTR","CpG","Treatment","20",52.5,0
"three_prime_UTR","CpG","Treatment","20",57.5,0
"three_prime_UTR","CpG","Treatment","20",62.5,0
"three_prime_UTR","CpG","Treatment","20",67.5,1
"three_prime_UTR","CpG","Treatment","20",72.5,0
"three_prime_UTR","CpG","Treatment","20",77.5,0
"three_prime_UTR","CpG","Treatment","20",82.5,0
"three_prime_UTR","CpG","Treatment","20",87.5,0
"three_prime_UTR","CpG","Treatment","20",92.5,0
"three_prime_UTR","CpG","Treatment","20",97.5,2
"three_prime_UTR","CpG","Treatment","21",2.5,65
"three_prime_UTR","CpG","Treatment","21",7.5,5
"three_prime_UTR","CpG","Treatment","21",12.5,0
"three_prime_UTR","CpG","Treatment","21",17.5,3
"three_prime_UTR","CpG","Treatment","21",22.5,1
"three_prime_UTR","CpG","Treatment","21",27.5,3
"three_prime_UTR","CpG","Treatment","21",32.5,0
"three_prime_UTR","CpG","Treatment","21",37.5,0
"three_prime_UTR","CpG","Treatment","21",42.5,0
"three_prime_UTR","CpG","Treatment","21",47.5,0
"three_prime_UTR","CpG","Treatment","21",52.5,0
"three_prime_UTR","CpG","Treatment","21",57.5,2
"three_prime_UTR","CpG","Treatment","21",62.5,1
"three_prime_UTR","CpG","Treatment","21",67.5,2
"three_prime_UTR","CpG","Treatment","21",72.5,0
"three_prime_UTR","CpG","Treatment","21",77.5,0
"three_prime_UTR","CpG","Treatment","21",82.5,0
"three_prime_UTR","CpG","Treatment","21",87.5,0
"three_prime_UTR","CpG","Treatment","21",92.5,2
"three_prime_UTR","CpG","Treatment","21",97.5,2
"three_prime_UTR","CpG","Treatment","11",2.5,0
"three_prime_UTR","CpG","Treatment","11",7.5,0
"three_prime_UTR","CpG","Treatment","11",12.5,0
"three_prime_UTR","CpG","Treatment","11",17.5,0
"three_prime_UTR","CpG","Treatment","11",22.5,0
"three_prime_UTR","CpG","Treatment","11",27.5,0
"three_prime_UTR","CpG","Treatment","11",32.5,0
"three_prime_UTR","CpG","Treatment","11",37.5,0
"three_prime_UTR","CpG","Treatment","11",42.5,0
"three_prime_UTR","CpG","Treatment","11",47.5,0
"three_prime_UTR","CpG","Treatment","11",52.5,0
"three_prime_UTR","CpG","Treatment","11",57.5,0
"three_prime_UTR","CpG","Treatment","11",62.5,0
"three_prime_UTR","CpG","Treatment","11",67.5,0
"three_prime_UTR","CpG","Treatment","11",72.5,0
"three_prime_UTR","CpG","Treatment","11",77.5,0
"three_prime_UTR","CpG","Treatment","11",82.5,0
"three_prime_UTR","CpG","Treatment","11",87.5,0
"three_prime_UTR","CpG","Treatment","11",92.5,0
"three_prime_UTR","CpG","Treatment","11",97.5,0
"three_prime_UTR","CpG","Treatment","2",2.5,237
"three_prime_UTR","CpG","Treatment","2",7.5,4
"three_prime_UTR","CpG","Treatment","2",12.5,2
"three_prime_UTR","CpG","Treatment","2",17.5,9
"three_prime_UTR","CpG","Treatment","2",22.5,1
"three_prime_UTR","CpG","Treatment","2",27.5,5
"three_prime_UTR","CpG","Treatment","2",32.5,1
"three_prime_UTR","CpG","Treatment","2",37.5,4
"three_prime_UTR","CpG","Treatment","2",42.5,0
"three_prime_UTR","CpG","Treatment","2",47.5,6
"three_prime_UTR","CpG","Treatment","2",52.5,0
"three_prime_UTR","CpG","Treatment","2",57.5,1
"three_prime_UTR","CpG","Treatment","2",62.5,2
"three_prime_UTR","CpG","Treatment","2",67.5,1
"three_prime_UTR","CpG","Treatment","2",72.5,1
"three_prime_UTR","CpG","Treatment","2",77.5,0
"three_prime_UTR","CpG","Treatment","2",82.5,4
"three_prime_UTR","CpG","Treatment","2",87.5,5
"three_prime_UTR","CpG","Treatment","2",92.5,0
"three_prime_UTR","CpG","Treatment","2",97.5,14
"three_prime_UTR","CHG","Control","6",2.5,285
"three_prime_UTR","CHG","Control","6",7.5,5
"three_prime_UTR","CHG","Control","6",12.5,0
"three_prime_UTR","CHG","Control","6",17.5,0
"three_prime_UTR","CHG","Control","6",22.5,0
"three_prime_UTR","CHG","Control","6",27.5,0
"three_prime_UTR","CHG","Control","6",32.5,0
"three_prime_UTR","CHG","Control","6",37.5,0
"three_prime_UTR","CHG","Control","6",42.5,0
"three_prime_UTR","CHG","Control","6",47.5,0
"three_prime_UTR","CHG","Control","6",52.5,0
"three_prime_UTR","CHG","Control","6",57.5,0
"three_prime_UTR","CHG","Control","6",62.5,0
"three_prime_UTR","CHG","Control","6",67.5,0
"three_prime_UTR","CHG","Control","6",72.5,0
"three_prime_UTR","CHG","Control","6",77.5,0
"three_prime_UTR","CHG","Control","6",82.5,0
"three_prime_UTR","CHG","Control","6",87.5,0
"three_prime_UTR","CHG","Control","6",92.5,0
"three_prime_UTR","CHG","Control","6",97.5,0
"three_prime_UTR","CHG","Control","7",2.5,584
"three_prime_UTR","CHG","Control","7",7.5,8
"three_prime_UTR","CHG","Control","7",12.5,0
"three_prime_UTR","CHG","Control","7",17.5,0
"three_prime_UTR","CHG","Control","7",22.5,0
"three_prime_UTR","CHG","Control","7",27.5,0
"three_prime_UTR","CHG","Control","7",32.5,0
"three_prime_UTR","CHG","Control","7",37.5,0
"three_prime_UTR","CHG","Control","7",42.5,0
"three_prime_UTR","CHG","Control","7",47.5,0
"three_prime_UTR","CHG","Control","7",52.5,0
"three_prime_UTR","CHG","Control","7",57.5,0
"three_prime_UTR","CHG","Control","7",62.5,0
"three_prime_UTR","CHG","Control","7",67.5,0
"three_prime_UTR","CHG","Control","7",72.5,0
"three_prime_UTR","CHG","Control","7",77.5,0
"three_prime_UTR","CHG","Control","7",82.5,0
"three_prime_UTR","CHG","Control","7",87.5,0
"three_prime_UTR","CHG","Control","7",92.5,0
"three_prime_UTR","CHG","Control","7",97.5,0
"three_prime_UTR","CHG","Control","10",2.5,105
"three_prime_UTR","CHG","Control","10",7.5,1
"three_prime_UTR","CHG","Control","10",12.5,0
"three_prime_UTR","CHG","Control","10",17.5,0
"three_prime_UTR","CHG","Control","10",22.5,0
"three_prime_UTR","CHG","Control","10",27.5,0
"three_prime_UTR","CHG","Control","10",32.5,0
"three_prime_UTR","CHG","Control","10",37.5,0
"three_prime_UTR","CHG","Control","10",42.5,0
"three_prime_UTR","CHG","Control","10",47.5,0
"three_prime_UTR","CHG","Control","10",52.5,0
"three_prime_UTR","CHG","Control","10",57.5,0
"three_prime_UTR","CHG","Control","10",62.5,0
"three_prime_UTR","CHG","Control","10",67.5,0
"three_prime_UTR","CHG","Control","10",72.5,0
"three_prime_UTR","CHG","Control","10",77.5,0
"three_prime_UTR","CHG","Control","10",82.5,0
"three_prime_UTR","CHG","Control","10",87.5,0
"three_prime_UTR","CHG","Control","10",92.5,0
"three_prime_UTR","CHG","Control","10",97.5,0
"three_prime_UTR","CHG","Control","14",2.5,0
"three_prime_UTR","CHG","Control","14",7.5,0
"three_prime_UTR","CHG","Control","14",12.5,0
"three_prime_UTR","CHG","Control","14",17.5,0
"three_prime_UTR","CHG","Control","14",22.5,0
"three_prime_UTR","CHG","Control","14",27.5,0
"three_prime_UTR","CHG","Control","14",32.5,0
"three_prime_UTR","CHG","Control","14",37.5,0
"three_prime_UTR","CHG","Control","14",42.5,0
"three_prime_UTR","CHG","Control","14",47.5,0
"three_prime_UTR","CHG","Control","14",52.5,0
"three_prime_UTR","CHG","Control","14",57.5,0
"three_prime_UTR","CHG","Control","14",62.5,0
"three_prime_UTR","CHG","Control","14",67.5,0
"three_prime_UTR","CHG","Control","14",72.5,0
"three_prime_UTR","CHG","Control","14",77.5,0
"three_prime_UTR","CHG","Control","14",82.5,0
"three_prime_UTR","CHG","Control","14",87.5,0
"three_prime_UTR","CHG","Control","14",92.5,0
"three_prime_UTR","CHG","Control","14",97.5,0
"three_prime_UTR","CHG","Control","20",2.5,0
"three_prime_UTR","CHG","Control","20",7.5,0
"three_prime_UTR","CHG","Control","20",12.5,0
"three_prime_UTR","CHG","Control","20",17.5,0
"three_prime_UTR","CHG","Control","20",22.5,0
"three_prime_UTR","CHG","Control","20",27.5,0
"three_prime_UTR","CHG","Control","20",32.5,0
"three_prime_UTR","CHG","Control","20",37.5,0
"three_prime_UTR","CHG","Control","20",42.5,0
"three_prime_UTR","CHG","Control","20",47.5,0
"three_prime_UTR","CHG","Control","20",52.5,0
"three_prime_UTR","CHG","Control","20",57.5,0
"three_prime_UTR","CHG","Control","20",62.5,0
"three_prime_UTR","CHG","Control","20",67.5,0
"three_prime_UTR","CHG","Control","20",72.5,0
"three_prime_UTR","CHG","Control","20",77.5,0
"three_prime_UTR","CHG","Control","20",82.5,0
"three_prime_UTR","CHG","Control","20",87.5,0
"three_prime_UTR","CHG","Control","20",92.5,0
"three_prime_UTR","CHG","Control","20",97.5,0
"three_prime_UTR","CHG","Control","21",2.5,0
"three_prime_UTR","CHG","Control","21",7.5,0
"three_prime_UTR","CHG","Control","21",12.5,0
"three_prime_UTR","CHG","Control","21",17.5,0
"three_prime_UTR","CHG","Control","21",22.5,0
"three_prime_UTR","CHG","Control","21",27.5,0
"three_prime_UTR","CHG","Control","21",32.5,0
"three_prime_UTR","CHG","Control","21",37.5,0
"three_prime_UTR","CHG","Control","21",42.5,0
"three_prime_UTR","CHG","Control","21",47.5,0
"three_prime_UTR","CHG","Control","21",52.5,0
"three_prime_UTR","CHG","Control","21",57.5,0
"three_prime_UTR","CHG","Control","21",62.5,0
"three_prime_UTR","CHG","Control","21",67.5,0
"three_prime_UTR","CHG","Control","21",72.5,0
"three_prime_UTR","CHG","Control","21",77.5,0
"three_prime_UTR","CHG","Control","21",82.5,0
"three_prime_UTR","CHG","Control","21",87.5,0
"three_prime_UTR","CHG","Control","21",92.5,0
"three_prime_UTR","CHG","Control","21",97.5,0
"three_prime_UTR","CHG","Control","11",2.5,149
"three_prime_UTR","CHG","Control","11",7.5,6
"three_prime_UTR","CHG","Control","11",12.5,0
"three_prime_UTR","CHG","Control","11",17.5,0
"three_prime_UTR","CHG","Control","11",22.5,0
"three_prime_UTR","CHG","Control","11",27.5,1
"three_prime_UTR","CHG","Control","11",32.5,0
"three_prime_UTR","CHG","Control","11",37.5,0
"three_prime_UTR","CHG","Control","11",42.5,0
"three_prime_UTR","CHG","Control","11",47.5,0
"three_prime_UTR","CHG","Control","11",52.5,0
"three_prime_UTR","CHG","Control","11",57.5,0
"three_prime_UTR","CHG","Control","11",62.5,0
"three_prime_UTR","CHG","Control","11",67.5,0
"three_prime_UTR","CHG","Control","11",72.5,0
"three_prime_UTR","CHG","Control","11",77.5,0
"three_prime_UTR","CHG","Control","11",82.5,0
"three_prime_UTR","CHG","Control","11",87.5,0
"three_prime_UTR","CHG","Control","11",92.5,0
"three_prime_UTR","CHG","Control","11",97.5,0
"three_prime_UTR","CHG","Control","2",2.5,0
"three_prime_UTR","CHG","Control","2",7.5,0
"three_prime_UTR","CHG","Control","2",12.5,0
"three_prime_UTR","CHG","Control","2",17.5,0
"three_prime_UTR","CHG","Control","2",22.5,0
"three_prime_UTR","CHG","Control","2",27.5,0
"three_prime_UTR","CHG","Control","2",32.5,0
"three_prime_UTR","CHG","Control","2",37.5,0
"three_prime_UTR","CHG","Control","2",42.5,0
"three_prime_UTR","CHG","Control","2",47.5,0
"three_prime_UTR","CHG","Control","2",52.5,0
"three_prime_UTR","CHG","Control","2",57.5,0
"three_prime_UTR","CHG","Control","2",62.5,0
"three_prime_UTR","CHG","Control","2",67.5,0
"three_prime_UTR","CHG","Control","2",72.5,0
"three_prime_UTR","CHG","Control","2",77.5,0
"three_prime_UTR","CHG","Control","2",82.5,0
"three_prime_UTR","CHG","Control","2",87.5,0
"three_prime_UTR","CHG","Control","2",92.5,0
"three_prime_UTR","CHG","Control","2",97.5,0
"three_prime_UTR","CHG","Treatment","6",2.5,0
"three_prime_UTR","CHG","Treatment","6",7.5,0
"three_prime_UTR","CHG","Treatment","6",12.5,0
"three_prime_UTR","CHG","Treatment","6",17.5,0
"three_prime_UTR","CHG","Treatment","6",22.5,0
"three_prime_UTR","CHG","Treatment","6",27.5,0
"three_prime_UTR","CHG","Treatment","6",32.5,0
"three_prime_UTR","CHG","Treatment","6",37.5,0
"three_prime_UTR","CHG","Treatment","6",42.5,0
"three_prime_UTR","CHG","Treatment","6",47.5,0
"three_prime_UTR","CHG","Treatment","6",52.5,0
"three_prime_UTR","CHG","Treatment","6",57.5,0
"three_prime_UTR","CHG","Treatment","6",62.5,0
"three_prime_UTR","CHG","Treatment","6",67.5,0
"three_prime_UTR","CHG","Treatment","6",72.5,0
"three_prime_UTR","CHG","Treatment","6",77.5,0
"three_prime_UTR","CHG","Treatment","6",82.5,0
"three_prime_UTR","CHG","Treatment","6",87.5,0
"three_prime_UTR","CHG","Treatment","6",92.5,0
"three_prime_UTR","CHG","Treatment","6",97.5,0
"three_prime_UTR","CHG","Treatment","7",2.5,0
"three_prime_UTR","CHG","Treatment","7",7.5,0
"three_prime_UTR","CHG","Treatment","7",12.5,0
"three_prime_UTR","CHG","Treatment","7",17.5,0
"three_prime_UTR","CHG","Treatment","7",22.5,0
"three_prime_UTR","CHG","Treatment","7",27.5,0
"three_prime_UTR","CHG","Treatment","7",32.5,0
"three_prime_UTR","CHG","Treatment","7",37.5,0
"three_prime_UTR","CHG","Treatment","7",42.5,0
"three_prime_UTR","CHG","Treatment","7",47.5,0
"three_prime_UTR","CHG","Treatment","7",52.5,0
"three_prime_UTR","CHG","Treatment","7",57.5,0
"three_prime_UTR","CHG","Treatment","7",62.5,0
"three_prime_UTR","CHG","Treatment","7",67.5,0
"three_prime_UTR","CHG","Treatment","7",72.5,0
"three_prime_UTR","CHG","Treatment","7",77.5,0
"three_prime_UTR","CHG","Treatment","7",82.5,0
"three_prime_UTR","CHG","Treatment","7",87.5,0
"three_prime_UTR","CHG","Treatment","7",92.5,0
"three_prime_UTR","CHG","Treatment","7",97.5,0
"three_prime_UTR","CHG","Treatment","10",2.5,0
"three_prime_UTR","CHG","Treatment","10",7.5,0
"three_prime_UTR","CHG","Treatment","10",12.5,0
"three_prime_UTR","CHG","Treatment","10",17.5,0
"three_prime_UTR","CHG","Treatment","10",22.5,0
"three_prime_UTR","CHG","Treatment","10",27.5,0
"three_prime_UTR","CHG","Treatment","10",32.5,0
"three_prime_UTR","CHG","Treatment","10",37.5,0
"three_prime_UTR","CHG","Treatment","10",42.5,0
"three_prime_UTR","CHG","Treatment","10",47.5,0
"three_prime_UTR","CHG","Treatment","10",52.5,0
"three_prime_UTR","CHG","Treatment","10",57.5,0
"three_prime_UTR","CHG","Treatment","10",62.5,0
"three_prime_UTR","CHG","Treatment","10",67.5,0
"three_prime_UTR","CHG","Treatment","10",72.5,0
"three_prime_UTR","CHG","Treatment","10",77.5,0
"three_prime_UTR","CHG","Treatment","10",82.5,0
"three_prime_UTR","CHG","Treatment","10",87.5,0
"three_prime_UTR","CHG","Treatment","10",92.5,0
"three_prime_UTR","CHG","Treatment","10",97.5,0
"three_prime_UTR","CHG","Treatment","14",2.5,136
"three_prime_UTR","CHG","Treatment","14",7.5,3
"three_prime_UTR","CHG","Treatment","14",12.5,0
"three_prime_UTR","CHG","Treatment","14",17.5,0
"three_prime_UTR","CHG","Treatment","14",22.5,0
"three_prime_UTR","CHG","Treatment","14",27.5,0
"three_prime_UTR","CHG","Treatment","14",32.5,0
"three_prime_UTR","CHG","Treatment","14",37.5,0
"three_prime_UTR","CHG","Treatment","14",42.5,0
"three_prime_UTR","CHG","Treatment","14",47.5,0
"three_prime_UTR","CHG","Treatment","14",52.5,0
"three_prime_UTR","CHG","Treatment","14",57.5,0
"three_prime_UTR","CHG","Treatment","14",62.5,0
"three_prime_UTR","CHG","Treatment","14",67.5,0
"three_prime_UTR","CHG","Treatment","14",72.5,0
"three_prime_UTR","CHG","Treatment","14",77.5,0
"three_prime_UTR","CHG","Treatment","14",82.5,0
"three_prime_UTR","CHG","Treatment","14",87.5,0
"three_prime_UTR","CHG","Treatment","14",92.5,0
"three_prime_UTR","CHG","Treatment","14",97.5,0
"three_prime_UTR","CHG","Treatment","20",2.5,84
"three_prime_UTR","CHG","Treatment","20",7.5,1
"three_prime_UTR","CHG","Treatment","20",12.5,0
"three_prime_UTR","CHG","Treatment","20",17.5,1
"three_prime_UTR","CHG","Treatment","20",22.5,0
"three_prime_UTR","CHG","Treatment","20",27.5,0
"three_prime_UTR","CHG","Treatment","20",32.5,0
"three_prime_UTR","CHG","Treatment","20",37.5,0
"three_prime_UTR","CHG","Treatment","20",42.5,0
"three_prime_UTR","CHG","Treatment","20",47.5,0
"three_prime_UTR","CHG","Treatment","20",52.5,0
"three_prime_UTR","CHG","Treatment","20",57.5,0
"three_prime_UTR","CHG","Treatment","20",62.5,0
"three_prime_UTR","CHG","Treatment","20",67.5,0
"three_prime_UTR","CHG","Treatment","20",72.5,0
"three_prime_UTR","CHG","Treatment","20",77.5,0
"three_prime_UTR","CHG","Treatment","20",82.5,0
"three_prime_UTR","CHG","Treatment","20",87.5,0
"three_prime_UTR","CHG","Treatment","20",92.5,0
"three_prime_UTR","CHG","Treatment","20",97.5,0
"three_prime_UTR","CHG","Treatment","21",2.5,102
"three_prime_UTR","CHG","Treatment","21",7.5,2
"three_prime_UTR","CHG","Treatment","21",12.5,1
"three_prime_UTR","CHG","Treatment","21",17.5,0
"three_prime_UTR","CHG","Treatment","21",22.5,0
"three_prime_UTR","CHG","Treatment","21",27.5,0
"three_prime_UTR","CHG","Treatment","21",32.5,0
"three_prime_UTR","CHG","Treatment","21",37.5,0
"three_prime_UTR","CHG","Treatment","21",42.5,0
"three_prime_UTR","CHG","Treatment","21",47.5,0
"three_prime_UTR","CHG","Treatment","21",52.5,0
"three_prime_UTR","CHG","Treatment","21",57.5,0
"three_prime_UTR","CHG","Treatment","21",62.5,0
"three_prime_UTR","CHG","Treatment","21",67.5,0
"three_prime_UTR","CHG","Treatment","21",72.5,0
"three_prime_UTR","CHG","Treatment","21",77.5,0
"three_prime_UTR","CHG","Treatment","21",82.5,0
"three_prime_UTR","CHG","Treatment","21",87.5,0
"three_prime_UTR","CHG","Treatment","21",92.5,0
"three_prime_UTR","CHG","Treatment","21",97.5,0
"three_prime_UTR","CHG","Treatment","11",2.5,0
"three_prime_UTR","CHG","Treatment","11",7.5,0
"three_prime_UTR","CHG","Treatment","11",12.5,0
"three_prime_UTR","CHG","Treatment","11",17.5,0
"three_prime_UTR","CHG","Treatment","11",22.5,0
"three_prime_UTR","CHG","Treatment","11",27.5,0
"three_prime_UTR","CHG","Treatment","11",32.5,0
"three_prime_UTR","CHG","Treatment","11",37.5,0
"three_prime_UTR","CHG","Treatment","11",42.5,0
"three_prime_UTR","CHG","Treatment","11",47.5,0
"three_prime_UTR","CHG","Treatment","11",52.5,0
"three_prime_UTR","CHG","Treatment","11",57.5,0
"three_prime_UTR","CHG","Treatment","11",62.5,0
"three_prime_UTR","CHG","Treatment","11",67.5,0
"three_prime_UTR","CHG","Treatment","11",72.5,0
"three_prime_UTR","CHG","Treatment","11",77.5,0
"three_prime_UTR","CHG","Treatment","11",82.5,0
"three_prime_UTR","CHG","Treatment","11",87.5,0
"three_prime_UTR","CHG","Treatment","11",92.5,0
"three_prime_UTR","CHG","Treatment","11",97.5,0
"three_prime_UTR","CHG","Treatment","2",2.5,365
"three_prime_UTR","CHG","Treatment","2",7.5,4
"three_prime_UTR","CHG","Treatment","2",12.5,0
"three_prime_UTR","CHG","Treatment","2",17.5,0
"three_prime_UTR","CHG","Treatment","2",22.5,0
"three_prime_UTR","CHG","Treatment","2",27.5,0
"three_prime_UTR","CHG","Treatment","2",32.5,0
"three_prime_UTR","CHG","Treatment","2",37.5,0
"three_prime_UTR","CHG","Treatment","2",42.5,0
"three_prime_UTR","CHG","Treatment","2",47.5,0
"three_prime_UTR","CHG","Treatment","2",52.5,0
"three_prime_UTR","CHG","Treatment","2",57.5,0
"three_prime_UTR","CHG","Treatment","2",62.5,0
"three_prime_UTR","CHG","Treatment","2",67.5,0
"three_prime_UTR","CHG","Treatment","2",72.5,0
"three_prime_UTR","CHG","Treatment","2",77.5,0
"three_prime_UTR","CHG","Treatment","2",82.5,0
"three_prime_UTR","CHG","Treatment","2",87.5,0
"three_prime_UTR","CHG","Treatment","2",92.5,0
"three_prime_UTR","CHG","Treatment","2",97.5,0
"three_prime_UTR","CHH","Control","6",2.5,440
"three_prime_UTR","CHH","Control","6",7.5,4
"three_prime_UTR","CHH","Control","6",12.5,0
"three_prime_UTR","CHH","Control","6",17.5,0
"three_prime_UTR","CHH","Control","6",22.5,0
"three_prime_UTR","CHH","Control","6",27.5,0
"three_prime_UTR","CHH","Control","6",32.5,0
"three_prime_UTR","CHH","Control","6",37.5,0
"three_prime_UTR","CHH","Control","6",42.5,0
"three_prime_UTR","CHH","Control","6",47.5,0
"three_prime_UTR","CHH","Control","6",52.5,0
"three_prime_UTR","CHH","Control","6",57.5,0
"three_prime_UTR","CHH","Control","6",62.5,0
"three_prime_UTR","CHH","Control","6",67.5,0
"three_prime_UTR","CHH","Control","6",72.5,0
"three_prime_UTR","CHH","Control","6",77.5,0
"three_prime_UTR","CHH","Control","6",82.5,0
"three_prime_UTR","CHH","Control","6",87.5,0
"three_prime_UTR","CHH","Control","6",92.5,0
"three_prime_UTR","CHH","Control","6",97.5,0
"three_prime_UTR","CHH","Control","7",2.5,891
"three_prime_UTR","CHH","Control","7",7.5,17
"three_prime_UTR","CHH","Control","7",12.5,0
"three_prime_UTR","CHH","Control","7",17.5,1
"three_prime_UTR","CHH","Control","7",22.5,1
"three_prime_UTR","CHH","Control","7",27.5,0
"three_prime_UTR","CHH","Control","7",32.5,0
"three_prime_UTR","CHH","Control","7",37.5,0
"three_prime_UTR","CHH","Control","7",42.5,0
"three_prime_UTR","CHH","Control","7",47.5,0
"three_prime_UTR","CHH","Control","7",52.5,0
"three_prime_UTR","CHH","Control","7",57.5,0
"three_prime_UTR","CHH","Control","7",62.5,0
"three_prime_UTR","CHH","Control","7",67.5,0
"three_prime_UTR","CHH","Control","7",72.5,0
"three_prime_UTR","CHH","Control","7",77.5,0
"three_prime_UTR","CHH","Control","7",82.5,0
"three_prime_UTR","CHH","Control","7",87.5,0
"three_prime_UTR","CHH","Control","7",92.5,0
"three_prime_UTR","CHH","Control","7",97.5,0
"three_prime_UTR","CHH","Control","10",2.5,166
"three_prime_UTR","CHH","Control","10",7.5,1
"three_prime_UTR","CHH","Control","10",12.5,0
"three_prime_UTR","CHH","Control","10",17.5,1
"three_prime_UTR","CHH","Control","10",22.5,0
"three_prime_UTR","CHH","Control","10",27.5,0
"three_prime_UTR","CHH","Control","10",32.5,0
"three_prime_UTR","CHH","Control","10",37.5,0
"three_prime_UTR","CHH","Control","10",42.5,0
"three_prime_UTR","CHH","Control","10",47.5,0
"three_prime_UTR","CHH","Control","10",52.5,0
"three_prime_UTR","CHH","Control","10",57.5,0
"three_prime_UTR","CHH","Control","10",62.5,0
"three_prime_UTR","CHH","Control","10",67.5,0
"three_prime_UTR","CHH","Control","10",72.5,0
"three_prime_UTR","CHH","Control","10",77.5,0
"three_prime_UTR","CHH","Control","10",82.5,0
"three_prime_UTR","CHH","Control","10",87.5,0
"three_prime_UTR","CHH","Control","10",92.5,0
"three_prime_UTR","CHH","Control","10",97.5,0
"three_prime_UTR","CHH","Control","14",2.5,0
"three_prime_UTR","CHH","Control","14",7.5,0
"three_prime_UTR","CHH","Control","14",12.5,0
"three_prime_UTR","CHH","Control","14",17.5,0
"three_prime_UTR","CHH","Control","14",22.5,0
"three_prime_UTR","CHH","Control","14",27.5,0
"three_prime_UTR","CHH","Control","14",32.5,0
"three_prime_UTR","CHH","Control","14",37.5,0
"three_prime_UTR","CHH","Control","14",42.5,0
"three_prime_UTR","CHH","Control","14",47.5,0
"three_prime_UTR","CHH","Control","14",52.5,0
"three_prime_UTR","CHH","Control","14",57.5,0
"three_prime_UTR","CHH","Control","14",62.5,0
"three_prime_UTR","CHH","Control","14",67.5,0
"three_prime_UTR","CHH","Control","14",72.5,0
"three_prime_UTR","CHH","Control","14",77.5,0
"three_prime_UTR","CHH","Control","14",82.5,0
"three_prime_UTR","CHH","Control","14",87.5,0
"three_prime_UTR","CHH","Control","14",92.5,0
"three_prime_UTR","CHH","Control","14",97.5,0
"three_prime_UTR","CHH","Control","20",2.5,0
"three_prime_UTR","CHH","Control","20",7.5,0
"three_prime_UTR","CHH","Control","20",12.5,0
"three_prime_UTR","CHH","Control","20",17.5,0
"three_prime_UTR","CHH","Control","20",22.5,0
"three_prime_UTR","CHH","Control","20",27.5,0
"three_prime_UTR","CHH","Control","20",32.5,0
"three_prime_UTR","CHH","Control","20",37.5,0
"three_prime_UTR","CHH","Control","20",42.5,0
"three_prime_UTR","CHH","Control","20",47.5,0
"three_prime_UTR","CHH","Control","20",52.5,0
"three_prime_UTR","CHH","Control","20",57.5,0
"three_prime_UTR","CHH","Control","20",62.5,0
"three_prime_UTR","CHH","Control","20",67.5,0
"three_prime_UTR","CHH","Control","20",72.5,0
"three_prime_UTR","CHH","Control","20",77.5,0
"three_prime_UTR","CHH","Control","20",82.5,0
"three_prime_UTR","CHH","Control","20",87.5,0
"three_prime_UTR","CHH","Control","20",92.5,0
"three_prime_UTR","CHH","Control","20",97.5,0
"three_prime_UTR","CHH","Control","21",2.5,0
"three_prime_UTR","CHH","Control","21",7.5,0
"three_prime_UTR","CHH","Control","21",12.5,0
"three_prime_UTR","CHH","Control","21",17.5,0
"three_prime_UTR","CHH","Control","21",22.5,0
"three_prime_UTR","CHH","Control","21",27.5,0
"three_prime_UTR","CHH","Control","21",32.5,0
"three_prime_UTR","CHH","Control","21",37.5,0
"three_prime_UTR","CHH","Control","21",42.5,0
"three_prime_UTR","CHH","Control","21",47.5,0
"three_prime_UTR","CHH","Control","21",52.5,0
"three_prime_UTR","CHH","Control","21",57.5,0
"three_prime_UTR","CHH","Control","21",62.5,0
"three_prime_UTR","CHH","Control","21",67.5,0
"three_prime_UTR","CHH","Control","21",72.5,0
"three_prime_UTR","CHH","Control","21",77.5,0
"three_prime_UTR","CHH","Control","21",82.5,0
"three_prime_UTR","CHH","Control","21",87.5,0
"three_prime_UTR","CHH","Control","21",92.5,0
"three_prime_UTR","CHH","Control","21",97.5,0
"three_prime_UTR","CHH","Control","11",2.5,251
"three_prime_UTR","CHH","Control","11",7.5,7
"three_prime_UTR","CHH","Control","11",12.5,0
"three_prime_UTR","CHH","Control","11",17.5,0
"three_prime_UTR","CHH","Control","11",22.5,0
"three_prime_UTR","CHH","Control","11",27.5,1
"three_prime_UTR","CHH","Control","11",32.5,0
"three_prime_UTR","CHH","Control","11",37.5,0
"three_prime_UTR","CHH","Control","11",42.5,0
"three_prime_UTR","CHH","Control","11",47.5,0
"three_prime_UTR","CHH","Control","11",52.5,0
"three_prime_UTR","CHH","Control","11",57.5,0
"three_prime_UTR","CHH","Control","11",62.5,0
"three_prime_UTR","CHH","Control","11",67.5,0
"three_prime_UTR","CHH","Control","11",72.5,0
"three_prime_UTR","CHH","Control","11",77.5,0
"three_prime_UTR","CHH","Control","11",82.5,0
"three_prime_UTR","CHH","Control","11",87.5,0
"three_prime_UTR","CHH","Control","11",92.5,0
"three_prime_UTR","CHH","Control","11",97.5,0
"three_prime_UTR","CHH","Control","2",2.5,0
"three_prime_UTR","CHH","Control","2",7.5,0
"three_prime_UTR","CHH","Control","2",12.5,0
"three_prime_UTR","CHH","Control","2",17.5,0
"three_prime_UTR","CHH","Control","2",22.5,0
"three_prime_UTR","CHH","Control","2",27.5,0
"three_prime_UTR","CHH","Control","2",32.5,0
"three_prime_UTR","CHH","Control","2",37.5,0
"three_prime_UTR","CHH","Control","2",42.5,0
"three_prime_UTR","CHH","Control","2",47.5,0
"three_prime_UTR","CHH","Control","2",52.5,0
"three_prime_UTR","CHH","Control","2",57.5,0
"three_prime_UTR","CHH","Control","2",62.5,0
"three_prime_UTR","CHH","Control","2",67.5,0
"three_prime_UTR","CHH","Control","2",72.5,0
"three_prime_UTR","CHH","Control","2",77.5,0
"three_prime_UTR","CHH","Control","2",82.5,0
"three_prime_UTR","CHH","Control","2",87.5,0
"three_prime_UTR","CHH","Control","2",92.5,0
"three_prime_UTR","CHH","Control","2",97.5,0
"three_prime_UTR","CHH","Treatment","6",2.5,0
"three_prime_UTR","CHH","Treatment","6",7.5,0
"three_prime_UTR","CHH","Treatment","6",12.5,0
"three_prime_UTR","CHH","Treatment","6",17.5,0
"three_prime_UTR","CHH","Treatment","6",22.5,0
"three_prime_UTR","CHH","Treatment","6",27.5,0
"three_prime_UTR","CHH","Treatment","6",32.5,0
"three_prime_UTR","CHH","Treatment","6",37.5,0
"three_prime_UTR","CHH","Treatment","6",42.5,0
"three_prime_UTR","CHH","Treatment","6",47.5,0
"three_prime_UTR","CHH","Treatment","6",52.5,0
"three_prime_UTR","CHH","Treatment","6",57.5,0
"three_prime_UTR","CHH","Treatment","6",62.5,0
"three_prime_UTR","CHH","Treatment","6",67.5,0
"three_prime_UTR","CHH","Treatment","6",72.5,0
"three_prime_UTR","CHH","Treatment","6",77.5,0
"three_prime_UTR","CHH","Treatment","6",82.5,0
"three_prime_UTR","CHH","Treatment","6",87.5,0
"three_prime_UTR","CHH","Treatment","6",92.5,0
"three_prime_UTR","CHH","Treatment","6",97.5,0
"three_prime_UTR","CHH","Treatment","7",2.5,0
"three_prime_UTR","CHH","Treatment","7",7.5,0
"three_prime_UTR","CHH","Treatment","7",12.5,0
"three_prime_UTR","CHH","Treatment","7",17.5,0
"three_prime_UTR","CHH","Treatment","7",22.5,0
"three_prime_UTR","CHH","Treatment","7",27.5,0
"three_prime_UTR","CHH","Treatment","7",32.5,0
"three_prime_UTR","CHH","Treatment","7",37.5,0
"three_prime_UTR","CHH","Treatment","7",42.5,0
"three_prime_UTR","CHH","Treatment","7",47.5,0
"three_prime_UTR","CHH","Treatment","7",52.5,0
"three_prime_UTR","CHH","Treatment","7",57.5,0
"three_prime_UTR","CHH","Treatment","7",62.5,0
"three_prime_UTR","CHH","Treatment","7",67.5,0
"three_prime_UTR","CHH","Treatment","7",72.5,0
"three_prime_UTR","CHH","Treatment","7",77.5,0
"three_prime_UTR","CHH","Treatment","7",82.5,0
"three_prime_UTR","CHH","Treatment","7",87.5,0
"three_prime_UTR","CHH","Treatment","7",92.5,0
"three_prime_UTR","CHH","Treatment","7",97.5,0
"three_prime_UTR","CHH","Treatment","10",2.5,0
"three_prime_UTR","CHH","Treatment","10",7.5,0
"three_prime_UTR","CHH","Treatment","10",12.5,0
"three_prime_UTR","CHH","Treatment","10",17.5,0
"three_prime_UTR","CHH","Treatment","10",22.5,0
"three_prime_UTR","CHH","Treatment","10",27.5,0
"three_prime_UTR","CHH","Treatment","10",32.5,0
"three_prime_UTR","CHH","Treatment","10",37.5,0
"three_prime_UTR","CHH","Treatment","10",42.5,0
"three_prime_UTR","CHH","Treatment","10",47.5,0
"three_prime_UTR","CHH","Treatment","10",52.5,0
"three_prime_UTR","CHH","Treatment","10",57.5,0
"three_prime_UTR","CHH","Treatment","10",62.5,0
"three_prime_UTR","CHH","Treatment","10",67.5,0
"three_prime_UTR","CHH","Treatment","10",72.5,0
"three_prime_UTR","CHH","Treatment","10",77.5,0
"three_prime_UTR","CHH","Treatment","10",82.5,0
"three_prime_UTR","CHH","Treatment","10",87.5,0
"three_prime_UTR","CHH","Treatment","10",92.5,0
"three_prime_UTR","CHH","Treatment","10",97.5,0
"three_prime_UTR","CHH","Treatment","14",2.5,218
"three_prime_UTR","CHH","Treatment","14",7.5,4
"three_prime_UTR","CHH","Treatment","14",12.5,0
"three_prime_UTR","CHH","Treatment","14",17.5,0
"three_prime_UTR","CHH","Treatment","14",22.5,0
"three_prime_UTR","CHH","Treatment","14",27.5,0
"three_prime_UTR","CHH","Treatment","14",32.5,0
"three_prime_UTR","CHH","Treatment","14",37.5,1
"three_prime_UTR","CHH","Treatment","14",42.5,0
"three_prime_UTR","CHH","Treatment","14",47.5,0
"three_prime_UTR","CHH","Treatment","14",52.5,0
"three_prime_UTR","CHH","Treatment","14",57.5,0
"three_prime_UTR","CHH","Treatment","14",62.5,0
"three_prime_UTR","CHH","Treatment","14",67.5,0
"three_prime_UTR","CHH","Treatment","14",72.5,0
"three_prime_UTR","CHH","Treatment","14",77.5,0
"three_prime_UTR","CHH","Treatment","14",82.5,0
"three_prime_UTR","CHH","Treatment","14",87.5,0
"three_prime_UTR","CHH","Treatment","14",92.5,0
"three_prime_UTR","CHH","Treatment","14",97.5,0
"three_prime_UTR","CHH","Treatment","20",2.5,120
"three_prime_UTR","CHH","Treatment","20",7.5,3
"three_prime_UTR","CHH","Treatment","20",12.5,0
"three_prime_UTR","CHH","Treatment","20",17.5,1
"three_prime_UTR","CHH","Treatment","20",22.5,0
"three_prime_UTR","CHH","Treatment","20",27.5,0
"three_prime_UTR","CHH","Treatment","20",32.5,0
"three_prime_UTR","CHH","Treatment","20",37.5,0
"three_prime_UTR","CHH","Treatment","20",42.5,0
"three_prime_UTR","CHH","Treatment","20",47.5,0
"three_prime_UTR","CHH","Treatment","20",52.5,0
"three_prime_UTR","CHH","Treatment","20",57.5,0
"three_prime_UTR","CHH","Treatment","20",62.5,0
"three_prime_UTR","CHH","Treatment","20",67.5,0
"three_prime_UTR","CHH","Treatment","20",72.5,0
"three_prime_UTR","CHH","Treatment","20",77.5,0
"three_prime_UTR","CHH","Treatment","20",82.5,0
"three_prime_UTR","CHH","Treatment","20",87.5,0
"three_prime_UTR","CHH","Treatment","20",92.5,0
"three_prime_UTR","CHH","Treatment","20",97.5,0
"three_prime_UTR","CHH","Treatment","21",2.5,159
"three_prime_UTR","CHH","Treatment","21",7.5,6
"three_prime_UTR","CHH","Treatment","21",12.5,0
"three_prime_UTR","CHH","Treatment","21",17.5,0
"three_prime_UTR","CHH","Treatment","21",22.5,0
"three_prime_UTR","CHH","Treatment","21",27.5,0
"three_prime_UTR","CHH","Treatment","21",32.5,0
"three_prime_UTR","CHH","Treatment","21",37.5,0
"three_prime_UTR","CHH","Treatment","21",42.5,0
"three_prime_UTR","CHH","Treatment","21",47.5,0
"three_prime_UTR","CHH","Treatment","21",52.5,0
"three_prime_UTR","CHH","Treatment","21",57.5,0
"three_prime_UTR","CHH","Treatment","21",62.5,0
"three_prime_UTR","CHH","Treatment","21",67.5,0
"three_prime_UTR","CHH","Treatment","21",72.5,0
"three_prime_UTR","CHH","Treatment","21",77.5,0
"three_prime_UTR","CHH","Treatment","21",82.5,0
"three_prime_UTR","CHH","Treatment","21",87.5,0
"three_prime_UTR","CHH","Treatment","21",92.5,0
"three_prime_UTR","CHH","Treatment","21",97.5,0
"three_prime_UTR","CHH","Treatment","11",2.5,0
"three_prime_UTR","CHH","Treatment","11",7.5,0
"three_prime_UTR","CHH","Treatment","11",12.5,0
"three_prime_UTR","CHH","Treatment","11",17.5,0
"three_prime_UTR","CHH","Treatment","11",22.5,0
"three_prime_UTR","CHH","Treatment","11",27.5,0
"three_prime_UTR","CHH","Treatment","11",32.5,0
"three_prime_UTR","CHH","Treatment","11",37.5,0
"three_prime_UTR","CHH","Treatment","11",42.5,0
"three_prime_UTR","CHH","Treatment","11",47.5,0
"three_prime_UTR","CHH","Treatment","11",52.5,0
"three_prime_UTR","CHH","Treatment","11",57.5,0
"three_prime_UTR","CHH","Treatment","11",62.5,0
"three_prime_UTR","CHH","Treatment","11",67.5,0
"three_prime_UTR","CHH","Treatment","11",72.5,0
"three_prime_UTR","CHH","Treatment","11",77.5,0
"three_prime_UTR","CHH","Treatment","11",82.5,0
"three_prime_UTR","CHH","Treatment","11",87.5,0
"three_prime_UTR","CHH","Treatment","11",92.5,0
"three_prime_UTR","CHH","Treatment","11",97.5,0
"three_prime_UTR","CHH","Treatment","2",2.5,554
"three_prime_UTR","CHH","Treatment","2",7.5,14
"three_prime_UTR","CHH","Treatment","2",12.5,0
"three_prime_UTR","CHH","Treatment","2",17.5,0
"three_prime_UTR","CHH","Treatment","2",22.5,0
"three_prime_UTR","CHH","Treatment","2",27.5,0
"three_prime_UTR","CHH","Treatment","2",32.5,0
"three_prime_UTR","CHH","Treatment","2",37.5,0
"three_prime_UTR","CHH","Treatment","2",42.5,0
"three_prime_UTR","CHH","Treatment","2",47.5,0
"three_prime_UTR","CHH","Treatment","2",52.5,0
"three_prime_UTR","CHH","Treatment","2",57.5,0
"three_prime_UTR","CHH","Treatment","2",62.5,0
"three_prime_UTR","CHH","Treatment","2",67.5,0
"three_prime_UTR","CHH","Treatment","2",72.5,0
"three_prime_UTR","CHH","Treatment","2",77.5,0
"three_prime_UTR","CHH","Treatment","2",82.5,0
"three_prime_UTR","CHH","Treatment","2",87.5,0
"three_prime_UTR","CHH","Treatment","2",92.5,0
"three_prime_UTR","CHH","Treatment","2",97.5,0
