"","contrast","ontology","term","original_GO_ID","original_GO_term","p.adjust","geneID","gene","lfc","method"
"1","diesel_only","biological_processes","homophilic cell adhesion via plasma membrane adhesion molecules","GO:0007156","homophilic cell adhesion via plasma membrane adhesion molecules",0.0330095041902714,"evm.utg376.57","evm.utg376.57",1.55101644974872,"ORA"
"2","diesel_only","biological_processes","protein ubiquitination","GO:0016567","protein ubiquitination",0.0366438956080405,"evm.utg5059.68","evm.utg5059.68",6.82527352054157,"ORA"
"3","diesel_added","biological_processes","fatty acid metabolic process","GO:0006631","fatty acid metabolic process",0.000325669012433082,"evm.utg52.56/evm.utg109.63/evm.utg924.60/evm.utg2929.12/evm.utg4856.10/evm.utg6477.1/evm.utg7289.49","evm.utg52.56",0.586235571971055,"ORA"
"4","diesel_added","biological_processes","fatty acid metabolic process","GO:0006631","fatty acid metabolic process",0.000325669012433082,"evm.utg52.56/evm.utg109.63/evm.utg924.60/evm.utg2929.12/evm.utg4856.10/evm.utg6477.1/evm.utg7289.49","evm.utg109.63",0.803881735246468,"ORA"
"5","diesel_added","biological_processes","fatty acid metabolic process","GO:0006631","fatty acid metabolic process",0.000325669012433082,"evm.utg52.56/evm.utg109.63/evm.utg924.60/evm.utg2929.12/evm.utg4856.10/evm.utg6477.1/evm.utg7289.49","evm.utg924.60",1.07144173476495,"ORA"
"6","diesel_added","biological_processes","fatty acid metabolic process","GO:0006631","fatty acid metabolic process",0.000325669012433082,"evm.utg52.56/evm.utg109.63/evm.utg924.60/evm.utg2929.12/evm.utg4856.10/evm.utg6477.1/evm.utg7289.49","evm.utg2929.12",-1.98982903408666,"ORA"
"7","diesel_added","biological_processes","fatty acid metabolic process","GO:0006631","fatty acid metabolic process",0.000325669012433082,"evm.utg52.56/evm.utg109.63/evm.utg924.60/evm.utg2929.12/evm.utg4856.10/evm.utg6477.1/evm.utg7289.49","evm.utg4856.10",0.637726740289347,"ORA"
"8","diesel_added","biological_processes","fatty acid metabolic process","GO:0006631","fatty acid metabolic process",0.000325669012433082,"evm.utg52.56/evm.utg109.63/evm.utg924.60/evm.utg2929.12/evm.utg4856.10/evm.utg6477.1/evm.utg7289.49","evm.utg6477.1",0.812936804451934,"ORA"
"9","diesel_added","biological_processes","fatty acid metabolic process","GO:0006631","fatty acid metabolic process",0.000325669012433082,"evm.utg52.56/evm.utg109.63/evm.utg924.60/evm.utg2929.12/evm.utg4856.10/evm.utg6477.1/evm.utg7289.49","evm.utg7289.49",-0.742602275495784,"ORA"
"10","diesel_added","biological_processes","protein localization to centrosome","GO:0071539","protein localization to centrosome",0.0169177204349162,"evm.utg172.38/evm.utg338.46/evm.utg338.47/evm.utg4172.3/evm.utg9769.13","evm.utg172.38",-2.46566688765432,"ORA"
"11","diesel_added","biological_processes","protein localization to centrosome","GO:0071539","protein localization to centrosome",0.0169177204349162,"evm.utg172.38/evm.utg338.46/evm.utg338.47/evm.utg4172.3/evm.utg9769.13","evm.utg338.46",-0.809919854621684,"ORA"
"12","diesel_added","biological_processes","protein localization to centrosome","GO:0071539","protein localization to centrosome",0.0169177204349162,"evm.utg172.38/evm.utg338.46/evm.utg338.47/evm.utg4172.3/evm.utg9769.13","evm.utg338.47",-0.654367150251246,"ORA"
"13","diesel_added","biological_processes","protein localization to centrosome","GO:0071539","protein localization to centrosome",0.0169177204349162,"evm.utg172.38/evm.utg338.46/evm.utg338.47/evm.utg4172.3/evm.utg9769.13","evm.utg4172.3",-0.716624510061482,"ORA"
"14","diesel_added","biological_processes","protein localization to centrosome","GO:0071539","protein localization to centrosome",0.0169177204349162,"evm.utg172.38/evm.utg338.46/evm.utg338.47/evm.utg4172.3/evm.utg9769.13","evm.utg9769.13",-0.837988240616276,"ORA"
"15","diesel_added","biological_processes","actin filament organization","GO:0007015","actin filament organization",0.0210354211821406,"evm.utg622.89/evm.utg801.66/evm.utg1972.74/evm.utg2757.30/evm.utg12382.26/evm.utg13994.14/evm.utg21228.2","evm.utg622.89",1.09555569821532,"ORA"
"16","diesel_added","biological_processes","actin filament organization","GO:0007015","actin filament organization",0.0210354211821406,"evm.utg622.89/evm.utg801.66/evm.utg1972.74/evm.utg2757.30/evm.utg12382.26/evm.utg13994.14/evm.utg21228.2","evm.utg801.66",0.966420628784586,"ORA"
"17","diesel_added","biological_processes","actin filament organization","GO:0007015","actin filament organization",0.0210354211821406,"evm.utg622.89/evm.utg801.66/evm.utg1972.74/evm.utg2757.30/evm.utg12382.26/evm.utg13994.14/evm.utg21228.2","evm.utg1972.74",0.599429420866219,"ORA"
"18","diesel_added","biological_processes","actin filament organization","GO:0007015","actin filament organization",0.0210354211821406,"evm.utg622.89/evm.utg801.66/evm.utg1972.74/evm.utg2757.30/evm.utg12382.26/evm.utg13994.14/evm.utg21228.2","evm.utg2757.30",0.679255987448603,"ORA"
"19","diesel_added","biological_processes","actin filament organization","GO:0007015","actin filament organization",0.0210354211821406,"evm.utg622.89/evm.utg801.66/evm.utg1972.74/evm.utg2757.30/evm.utg12382.26/evm.utg13994.14/evm.utg21228.2","evm.utg12382.26",1.0306557828632,"ORA"
"20","diesel_added","biological_processes","actin filament organization","GO:0007015","actin filament organization",0.0210354211821406,"evm.utg622.89/evm.utg801.66/evm.utg1972.74/evm.utg2757.30/evm.utg12382.26/evm.utg13994.14/evm.utg21228.2","evm.utg13994.14",0.836894483708529,"ORA"
"21","diesel_added","biological_processes","actin filament organization","GO:0007015","actin filament organization",0.0210354211821406,"evm.utg622.89/evm.utg801.66/evm.utg1972.74/evm.utg2757.30/evm.utg12382.26/evm.utg13994.14/evm.utg21228.2","evm.utg21228.2",0.666779756717441,"ORA"
"22","salinity_only","biological_processes","iron ion transmembrane transport","GO:0034755","iron ion transmembrane transport",0.00653616595349384,"evm.utg126.34/evm.utg203.11/evm.utg221.1/evm.utg1109.13/evm.utg1109.14/evm.utg2969.37/utg3013.equina_smart_858792.mrna1/evm.utg4898.16/evm.utg7938.1/evm.utg36717.8","evm.utg126.34",-2.85686021649549,"ORA"
"23","salinity_only","biological_processes","iron ion transmembrane transport","GO:0034755","iron ion transmembrane transport",0.00653616595349384,"evm.utg126.34/evm.utg203.11/evm.utg221.1/evm.utg1109.13/evm.utg1109.14/evm.utg2969.37/utg3013.equina_smart_858792.mrna1/evm.utg4898.16/evm.utg7938.1/evm.utg36717.8","evm.utg203.11",-2.42359513068004,"ORA"
"24","salinity_only","biological_processes","iron ion transmembrane transport","GO:0034755","iron ion transmembrane transport",0.00653616595349384,"evm.utg126.34/evm.utg203.11/evm.utg221.1/evm.utg1109.13/evm.utg1109.14/evm.utg2969.37/utg3013.equina_smart_858792.mrna1/evm.utg4898.16/evm.utg7938.1/evm.utg36717.8","evm.utg221.1",-3.42713840432247,"ORA"
"25","salinity_only","biological_processes","iron ion transmembrane transport","GO:0034755","iron ion transmembrane transport",0.00653616595349384,"evm.utg126.34/evm.utg203.11/evm.utg221.1/evm.utg1109.13/evm.utg1109.14/evm.utg2969.37/utg3013.equina_smart_858792.mrna1/evm.utg4898.16/evm.utg7938.1/evm.utg36717.8","evm.utg1109.13",0.941358127528825,"ORA"
"26","salinity_only","biological_processes","iron ion transmembrane transport","GO:0034755","iron ion transmembrane transport",0.00653616595349384,"evm.utg126.34/evm.utg203.11/evm.utg221.1/evm.utg1109.13/evm.utg1109.14/evm.utg2969.37/utg3013.equina_smart_858792.mrna1/evm.utg4898.16/evm.utg7938.1/evm.utg36717.8","evm.utg1109.14",1.03866949615081,"ORA"
"27","salinity_only","biological_processes","iron ion transmembrane transport","GO:0034755","iron ion transmembrane transport",0.00653616595349384,"evm.utg126.34/evm.utg203.11/evm.utg221.1/evm.utg1109.13/evm.utg1109.14/evm.utg2969.37/utg3013.equina_smart_858792.mrna1/evm.utg4898.16/evm.utg7938.1/evm.utg36717.8","evm.utg2969.37",-1.87807316708694,"ORA"
"28","salinity_only","biological_processes","iron ion transmembrane transport","GO:0034755","iron ion transmembrane transport",0.00653616595349384,"evm.utg126.34/evm.utg203.11/evm.utg221.1/evm.utg1109.13/evm.utg1109.14/evm.utg2969.37/utg3013.equina_smart_858792.mrna1/evm.utg4898.16/evm.utg7938.1/evm.utg36717.8","utg3013.equina_smart_858792.mrna1",-3.54033023522364,"ORA"
"29","salinity_only","biological_processes","iron ion transmembrane transport","GO:0034755","iron ion transmembrane transport",0.00653616595349384,"evm.utg126.34/evm.utg203.11/evm.utg221.1/evm.utg1109.13/evm.utg1109.14/evm.utg2969.37/utg3013.equina_smart_858792.mrna1/evm.utg4898.16/evm.utg7938.1/evm.utg36717.8","evm.utg4898.16",-3.87000645742636,"ORA"
"30","salinity_only","biological_processes","iron ion transmembrane transport","GO:0034755","iron ion transmembrane transport",0.00653616595349384,"evm.utg126.34/evm.utg203.11/evm.utg221.1/evm.utg1109.13/evm.utg1109.14/evm.utg2969.37/utg3013.equina_smart_858792.mrna1/evm.utg4898.16/evm.utg7938.1/evm.utg36717.8","evm.utg7938.1",-1.15222839280502,"ORA"
"31","salinity_only","biological_processes","iron ion transmembrane transport","GO:0034755","iron ion transmembrane transport",0.00653616595349384,"evm.utg126.34/evm.utg203.11/evm.utg221.1/evm.utg1109.13/evm.utg1109.14/evm.utg2969.37/utg3013.equina_smart_858792.mrna1/evm.utg4898.16/evm.utg7938.1/evm.utg36717.8","evm.utg36717.8",0.801262864086795,"ORA"
"32","salinity_only","biological_processes","negative regulation of Wnt signaling pathway","GO:0030178","negative regulation of Wnt signaling pathway",0.0221020361244507,"evm.utg145.77/evm.utg207.14/evm.utg324.18/evm.utg324.199/evm.utg2200.45/evm.utg2814.19/evm.utg3470.1/evm.utg3872.40/utg3872.equina_smart_1074056.mrna2/evm.utg4177.54","evm.utg145.77",-1.85551887283245,"ORA"
"33","salinity_only","biological_processes","negative regulation of Wnt signaling pathway","GO:0030178","negative regulation of Wnt signaling pathway",0.0221020361244507,"evm.utg145.77/evm.utg207.14/evm.utg324.18/evm.utg324.199/evm.utg2200.45/evm.utg2814.19/evm.utg3470.1/evm.utg3872.40/utg3872.equina_smart_1074056.mrna2/evm.utg4177.54","evm.utg207.14",-1.28377463713795,"ORA"
"34","salinity_only","biological_processes","negative regulation of Wnt signaling pathway","GO:0030178","negative regulation of Wnt signaling pathway",0.0221020361244507,"evm.utg145.77/evm.utg207.14/evm.utg324.18/evm.utg324.199/evm.utg2200.45/evm.utg2814.19/evm.utg3470.1/evm.utg3872.40/utg3872.equina_smart_1074056.mrna2/evm.utg4177.54","evm.utg324.18",-1.745193812458,"ORA"
"35","salinity_only","biological_processes","negative regulation of Wnt signaling pathway","GO:0030178","negative regulation of Wnt signaling pathway",0.0221020361244507,"evm.utg145.77/evm.utg207.14/evm.utg324.18/evm.utg324.199/evm.utg2200.45/evm.utg2814.19/evm.utg3470.1/evm.utg3872.40/utg3872.equina_smart_1074056.mrna2/evm.utg4177.54","evm.utg324.199",0.883794562175721,"ORA"
"36","salinity_only","biological_processes","negative regulation of Wnt signaling pathway","GO:0030178","negative regulation of Wnt signaling pathway",0.0221020361244507,"evm.utg145.77/evm.utg207.14/evm.utg324.18/evm.utg324.199/evm.utg2200.45/evm.utg2814.19/evm.utg3470.1/evm.utg3872.40/utg3872.equina_smart_1074056.mrna2/evm.utg4177.54","evm.utg2200.45",-1.70331146355622,"ORA"
"37","salinity_only","biological_processes","negative regulation of Wnt signaling pathway","GO:0030178","negative regulation of Wnt signaling pathway",0.0221020361244507,"evm.utg145.77/evm.utg207.14/evm.utg324.18/evm.utg324.199/evm.utg2200.45/evm.utg2814.19/evm.utg3470.1/evm.utg3872.40/utg3872.equina_smart_1074056.mrna2/evm.utg4177.54","evm.utg2814.19",-1.01069974135078,"ORA"
"38","salinity_only","biological_processes","negative regulation of Wnt signaling pathway","GO:0030178","negative regulation of Wnt signaling pathway",0.0221020361244507,"evm.utg145.77/evm.utg207.14/evm.utg324.18/evm.utg324.199/evm.utg2200.45/evm.utg2814.19/evm.utg3470.1/evm.utg3872.40/utg3872.equina_smart_1074056.mrna2/evm.utg4177.54","evm.utg3470.1",-1.14179351675738,"ORA"
"39","salinity_only","biological_processes","negative regulation of Wnt signaling pathway","GO:0030178","negative regulation of Wnt signaling pathway",0.0221020361244507,"evm.utg145.77/evm.utg207.14/evm.utg324.18/evm.utg324.199/evm.utg2200.45/evm.utg2814.19/evm.utg3470.1/evm.utg3872.40/utg3872.equina_smart_1074056.mrna2/evm.utg4177.54","evm.utg3872.40",0.815685344305771,"ORA"
"40","salinity_only","biological_processes","negative regulation of Wnt signaling pathway","GO:0030178","negative regulation of Wnt signaling pathway",0.0221020361244507,"evm.utg145.77/evm.utg207.14/evm.utg324.18/evm.utg324.199/evm.utg2200.45/evm.utg2814.19/evm.utg3470.1/evm.utg3872.40/utg3872.equina_smart_1074056.mrna2/evm.utg4177.54","utg3872.equina_smart_1074056.mrna2",1.50098410830048,"ORA"
"41","salinity_only","biological_processes","negative regulation of Wnt signaling pathway","GO:0030178","negative regulation of Wnt signaling pathway",0.0221020361244507,"evm.utg145.77/evm.utg207.14/evm.utg324.18/evm.utg324.199/evm.utg2200.45/evm.utg2814.19/evm.utg3470.1/evm.utg3872.40/utg3872.equina_smart_1074056.mrna2/evm.utg4177.54","evm.utg4177.54",-0.595640483323748,"ORA"
"42","salinity_only","molecular_functions","peptidase inhibitor activity","GO:0030414","peptidase inhibitor activity",0.000111603208016661,"evm.utg8.10/evm.utg52.99/evm.utg104.63/evm.utg334.78/utg334.equina_smart_1340223.mrna2/evm.utg379.46/evm.utg413.23/evm.utg413.26/evm.utg544.11/evm.utg544.14/evm.utg580.6/evm.utg580.26/evm.utg616.126/evm.utg616.127/evm.utg738.8/evm.utg912.49/evm.utg1609.5/evm.utg1800.5/evm.utg1819.3/evm.utg2858.29/evm.utg5073.2/evm.utg5689.7/evm.utg5689.8/evm.utg8615.4/evm.utg9740.7/evm.utg14703.2/evm.utg15552.12/evm.utg19074.8/utg19074.equina_smart_1694011.mrna2/evm.utg20736.15/evm.utg32458.10/evm.utg37512.1","evm.utg8.10",-1.13089598451466,"ORA"
"43","salinity_only","molecular_functions","peptidase inhibitor activity","GO:0030414","peptidase inhibitor activity",0.000111603208016661,"evm.utg8.10/evm.utg52.99/evm.utg104.63/evm.utg334.78/utg334.equina_smart_1340223.mrna2/evm.utg379.46/evm.utg413.23/evm.utg413.26/evm.utg544.11/evm.utg544.14/evm.utg580.6/evm.utg580.26/evm.utg616.126/evm.utg616.127/evm.utg738.8/evm.utg912.49/evm.utg1609.5/evm.utg1800.5/evm.utg1819.3/evm.utg2858.29/evm.utg5073.2/evm.utg5689.7/evm.utg5689.8/evm.utg8615.4/evm.utg9740.7/evm.utg14703.2/evm.utg15552.12/evm.utg19074.8/utg19074.equina_smart_1694011.mrna2/evm.utg20736.15/evm.utg32458.10/evm.utg37512.1","evm.utg52.99",-11.0479118351328,"ORA"
"44","salinity_only","molecular_functions","peptidase inhibitor activity","GO:0030414","peptidase inhibitor activity",0.000111603208016661,"evm.utg8.10/evm.utg52.99/evm.utg104.63/evm.utg334.78/utg334.equina_smart_1340223.mrna2/evm.utg379.46/evm.utg413.23/evm.utg413.26/evm.utg544.11/evm.utg544.14/evm.utg580.6/evm.utg580.26/evm.utg616.126/evm.utg616.127/evm.utg738.8/evm.utg912.49/evm.utg1609.5/evm.utg1800.5/evm.utg1819.3/evm.utg2858.29/evm.utg5073.2/evm.utg5689.7/evm.utg5689.8/evm.utg8615.4/evm.utg9740.7/evm.utg14703.2/evm.utg15552.12/evm.utg19074.8/utg19074.equina_smart_1694011.mrna2/evm.utg20736.15/evm.utg32458.10/evm.utg37512.1","evm.utg104.63",-5.67519752863484,"ORA"
"45","salinity_only","molecular_functions","peptidase inhibitor activity","GO:0030414","peptidase inhibitor activity",0.000111603208016661,"evm.utg8.10/evm.utg52.99/evm.utg104.63/evm.utg334.78/utg334.equina_smart_1340223.mrna2/evm.utg379.46/evm.utg413.23/evm.utg413.26/evm.utg544.11/evm.utg544.14/evm.utg580.6/evm.utg580.26/evm.utg616.126/evm.utg616.127/evm.utg738.8/evm.utg912.49/evm.utg1609.5/evm.utg1800.5/evm.utg1819.3/evm.utg2858.29/evm.utg5073.2/evm.utg5689.7/evm.utg5689.8/evm.utg8615.4/evm.utg9740.7/evm.utg14703.2/evm.utg15552.12/evm.utg19074.8/utg19074.equina_smart_1694011.mrna2/evm.utg20736.15/evm.utg32458.10/evm.utg37512.1","evm.utg334.78",-1.25541540943911,"ORA"
"46","salinity_only","molecular_functions","peptidase inhibitor activity","GO:0030414","peptidase inhibitor activity",0.000111603208016661,"evm.utg8.10/evm.utg52.99/evm.utg104.63/evm.utg334.78/utg334.equina_smart_1340223.mrna2/evm.utg379.46/evm.utg413.23/evm.utg413.26/evm.utg544.11/evm.utg544.14/evm.utg580.6/evm.utg580.26/evm.utg616.126/evm.utg616.127/evm.utg738.8/evm.utg912.49/evm.utg1609.5/evm.utg1800.5/evm.utg1819.3/evm.utg2858.29/evm.utg5073.2/evm.utg5689.7/evm.utg5689.8/evm.utg8615.4/evm.utg9740.7/evm.utg14703.2/evm.utg15552.12/evm.utg19074.8/utg19074.equina_smart_1694011.mrna2/evm.utg20736.15/evm.utg32458.10/evm.utg37512.1","utg334.equina_smart_1340223.mrna2",-1.68676166173673,"ORA"
"47","salinity_only","molecular_functions","peptidase inhibitor activity","GO:0030414","peptidase inhibitor activity",0.000111603208016661,"evm.utg8.10/evm.utg52.99/evm.utg104.63/evm.utg334.78/utg334.equina_smart_1340223.mrna2/evm.utg379.46/evm.utg413.23/evm.utg413.26/evm.utg544.11/evm.utg544.14/evm.utg580.6/evm.utg580.26/evm.utg616.126/evm.utg616.127/evm.utg738.8/evm.utg912.49/evm.utg1609.5/evm.utg1800.5/evm.utg1819.3/evm.utg2858.29/evm.utg5073.2/evm.utg5689.7/evm.utg5689.8/evm.utg8615.4/evm.utg9740.7/evm.utg14703.2/evm.utg15552.12/evm.utg19074.8/utg19074.equina_smart_1694011.mrna2/evm.utg20736.15/evm.utg32458.10/evm.utg37512.1","evm.utg379.46",-1.06537526824076,"ORA"
"48","salinity_only","molecular_functions","peptidase inhibitor activity","GO:0030414","peptidase inhibitor activity",0.000111603208016661,"evm.utg8.10/evm.utg52.99/evm.utg104.63/evm.utg334.78/utg334.equina_smart_1340223.mrna2/evm.utg379.46/evm.utg413.23/evm.utg413.26/evm.utg544.11/evm.utg544.14/evm.utg580.6/evm.utg580.26/evm.utg616.126/evm.utg616.127/evm.utg738.8/evm.utg912.49/evm.utg1609.5/evm.utg1800.5/evm.utg1819.3/evm.utg2858.29/evm.utg5073.2/evm.utg5689.7/evm.utg5689.8/evm.utg8615.4/evm.utg9740.7/evm.utg14703.2/evm.utg15552.12/evm.utg19074.8/utg19074.equina_smart_1694011.mrna2/evm.utg20736.15/evm.utg32458.10/evm.utg37512.1","evm.utg413.23",-2.16026094762825,"ORA"
"49","salinity_only","molecular_functions","peptidase inhibitor activity","GO:0030414","peptidase inhibitor activity",0.000111603208016661,"evm.utg8.10/evm.utg52.99/evm.utg104.63/evm.utg334.78/utg334.equina_smart_1340223.mrna2/evm.utg379.46/evm.utg413.23/evm.utg413.26/evm.utg544.11/evm.utg544.14/evm.utg580.6/evm.utg580.26/evm.utg616.126/evm.utg616.127/evm.utg738.8/evm.utg912.49/evm.utg1609.5/evm.utg1800.5/evm.utg1819.3/evm.utg2858.29/evm.utg5073.2/evm.utg5689.7/evm.utg5689.8/evm.utg8615.4/evm.utg9740.7/evm.utg14703.2/evm.utg15552.12/evm.utg19074.8/utg19074.equina_smart_1694011.mrna2/evm.utg20736.15/evm.utg32458.10/evm.utg37512.1","evm.utg413.26",-1.32794469212641,"ORA"
"50","salinity_only","molecular_functions","peptidase inhibitor activity","GO:0030414","peptidase inhibitor activity",0.000111603208016661,"evm.utg8.10/evm.utg52.99/evm.utg104.63/evm.utg334.78/utg334.equina_smart_1340223.mrna2/evm.utg379.46/evm.utg413.23/evm.utg413.26/evm.utg544.11/evm.utg544.14/evm.utg580.6/evm.utg580.26/evm.utg616.126/evm.utg616.127/evm.utg738.8/evm.utg912.49/evm.utg1609.5/evm.utg1800.5/evm.utg1819.3/evm.utg2858.29/evm.utg5073.2/evm.utg5689.7/evm.utg5689.8/evm.utg8615.4/evm.utg9740.7/evm.utg14703.2/evm.utg15552.12/evm.utg19074.8/utg19074.equina_smart_1694011.mrna2/evm.utg20736.15/evm.utg32458.10/evm.utg37512.1","evm.utg544.11",-2.69127863554195,"ORA"
"51","salinity_only","molecular_functions","peptidase inhibitor activity","GO:0030414","peptidase inhibitor activity",0.000111603208016661,"evm.utg8.10/evm.utg52.99/evm.utg104.63/evm.utg334.78/utg334.equina_smart_1340223.mrna2/evm.utg379.46/evm.utg413.23/evm.utg413.26/evm.utg544.11/evm.utg544.14/evm.utg580.6/evm.utg580.26/evm.utg616.126/evm.utg616.127/evm.utg738.8/evm.utg912.49/evm.utg1609.5/evm.utg1800.5/evm.utg1819.3/evm.utg2858.29/evm.utg5073.2/evm.utg5689.7/evm.utg5689.8/evm.utg8615.4/evm.utg9740.7/evm.utg14703.2/evm.utg15552.12/evm.utg19074.8/utg19074.equina_smart_1694011.mrna2/evm.utg20736.15/evm.utg32458.10/evm.utg37512.1","evm.utg544.14",-1.22235514553975,"ORA"
"52","salinity_only","molecular_functions","peptidase inhibitor activity","GO:0030414","peptidase inhibitor activity",0.000111603208016661,"evm.utg8.10/evm.utg52.99/evm.utg104.63/evm.utg334.78/utg334.equina_smart_1340223.mrna2/evm.utg379.46/evm.utg413.23/evm.utg413.26/evm.utg544.11/evm.utg544.14/evm.utg580.6/evm.utg580.26/evm.utg616.126/evm.utg616.127/evm.utg738.8/evm.utg912.49/evm.utg1609.5/evm.utg1800.5/evm.utg1819.3/evm.utg2858.29/evm.utg5073.2/evm.utg5689.7/evm.utg5689.8/evm.utg8615.4/evm.utg9740.7/evm.utg14703.2/evm.utg15552.12/evm.utg19074.8/utg19074.equina_smart_1694011.mrna2/evm.utg20736.15/evm.utg32458.10/evm.utg37512.1","evm.utg580.6",-1.33091948404563,"ORA"
"53","salinity_only","molecular_functions","peptidase inhibitor activity","GO:0030414","peptidase inhibitor activity",0.000111603208016661,"evm.utg8.10/evm.utg52.99/evm.utg104.63/evm.utg334.78/utg334.equina_smart_1340223.mrna2/evm.utg379.46/evm.utg413.23/evm.utg413.26/evm.utg544.11/evm.utg544.14/evm.utg580.6/evm.utg580.26/evm.utg616.126/evm.utg616.127/evm.utg738.8/evm.utg912.49/evm.utg1609.5/evm.utg1800.5/evm.utg1819.3/evm.utg2858.29/evm.utg5073.2/evm.utg5689.7/evm.utg5689.8/evm.utg8615.4/evm.utg9740.7/evm.utg14703.2/evm.utg15552.12/evm.utg19074.8/utg19074.equina_smart_1694011.mrna2/evm.utg20736.15/evm.utg32458.10/evm.utg37512.1","evm.utg580.26",-0.955351352971279,"ORA"
"54","salinity_only","molecular_functions","peptidase inhibitor activity","GO:0030414","peptidase inhibitor activity",0.000111603208016661,"evm.utg8.10/evm.utg52.99/evm.utg104.63/evm.utg334.78/utg334.equina_smart_1340223.mrna2/evm.utg379.46/evm.utg413.23/evm.utg413.26/evm.utg544.11/evm.utg544.14/evm.utg580.6/evm.utg580.26/evm.utg616.126/evm.utg616.127/evm.utg738.8/evm.utg912.49/evm.utg1609.5/evm.utg1800.5/evm.utg1819.3/evm.utg2858.29/evm.utg5073.2/evm.utg5689.7/evm.utg5689.8/evm.utg8615.4/evm.utg9740.7/evm.utg14703.2/evm.utg15552.12/evm.utg19074.8/utg19074.equina_smart_1694011.mrna2/evm.utg20736.15/evm.utg32458.10/evm.utg37512.1","evm.utg616.126",-1.5820081590836,"ORA"
"55","salinity_only","molecular_functions","peptidase inhibitor activity","GO:0030414","peptidase inhibitor activity",0.000111603208016661,"evm.utg8.10/evm.utg52.99/evm.utg104.63/evm.utg334.78/utg334.equina_smart_1340223.mrna2/evm.utg379.46/evm.utg413.23/evm.utg413.26/evm.utg544.11/evm.utg544.14/evm.utg580.6/evm.utg580.26/evm.utg616.126/evm.utg616.127/evm.utg738.8/evm.utg912.49/evm.utg1609.5/evm.utg1800.5/evm.utg1819.3/evm.utg2858.29/evm.utg5073.2/evm.utg5689.7/evm.utg5689.8/evm.utg8615.4/evm.utg9740.7/evm.utg14703.2/evm.utg15552.12/evm.utg19074.8/utg19074.equina_smart_1694011.mrna2/evm.utg20736.15/evm.utg32458.10/evm.utg37512.1","evm.utg616.127",-1.0390868927602,"ORA"
"56","salinity_only","molecular_functions","peptidase inhibitor activity","GO:0030414","peptidase inhibitor activity",0.000111603208016661,"evm.utg8.10/evm.utg52.99/evm.utg104.63/evm.utg334.78/utg334.equina_smart_1340223.mrna2/evm.utg379.46/evm.utg413.23/evm.utg413.26/evm.utg544.11/evm.utg544.14/evm.utg580.6/evm.utg580.26/evm.utg616.126/evm.utg616.127/evm.utg738.8/evm.utg912.49/evm.utg1609.5/evm.utg1800.5/evm.utg1819.3/evm.utg2858.29/evm.utg5073.2/evm.utg5689.7/evm.utg5689.8/evm.utg8615.4/evm.utg9740.7/evm.utg14703.2/evm.utg15552.12/evm.utg19074.8/utg19074.equina_smart_1694011.mrna2/evm.utg20736.15/evm.utg32458.10/evm.utg37512.1","evm.utg738.8",0.960230878940447,"ORA"
"57","salinity_only","molecular_functions","peptidase inhibitor activity","GO:0030414","peptidase inhibitor activity",0.000111603208016661,"evm.utg8.10/evm.utg52.99/evm.utg104.63/evm.utg334.78/utg334.equina_smart_1340223.mrna2/evm.utg379.46/evm.utg413.23/evm.utg413.26/evm.utg544.11/evm.utg544.14/evm.utg580.6/evm.utg580.26/evm.utg616.126/evm.utg616.127/evm.utg738.8/evm.utg912.49/evm.utg1609.5/evm.utg1800.5/evm.utg1819.3/evm.utg2858.29/evm.utg5073.2/evm.utg5689.7/evm.utg5689.8/evm.utg8615.4/evm.utg9740.7/evm.utg14703.2/evm.utg15552.12/evm.utg19074.8/utg19074.equina_smart_1694011.mrna2/evm.utg20736.15/evm.utg32458.10/evm.utg37512.1","evm.utg912.49",1.1929633318831,"ORA"
"58","salinity_only","molecular_functions","peptidase inhibitor activity","GO:0030414","peptidase inhibitor activity",0.000111603208016661,"evm.utg8.10/evm.utg52.99/evm.utg104.63/evm.utg334.78/utg334.equina_smart_1340223.mrna2/evm.utg379.46/evm.utg413.23/evm.utg413.26/evm.utg544.11/evm.utg544.14/evm.utg580.6/evm.utg580.26/evm.utg616.126/evm.utg616.127/evm.utg738.8/evm.utg912.49/evm.utg1609.5/evm.utg1800.5/evm.utg1819.3/evm.utg2858.29/evm.utg5073.2/evm.utg5689.7/evm.utg5689.8/evm.utg8615.4/evm.utg9740.7/evm.utg14703.2/evm.utg15552.12/evm.utg19074.8/utg19074.equina_smart_1694011.mrna2/evm.utg20736.15/evm.utg32458.10/evm.utg37512.1","evm.utg1609.5",-1.30072530504031,"ORA"
"59","salinity_only","molecular_functions","peptidase inhibitor activity","GO:0030414","peptidase inhibitor activity",0.000111603208016661,"evm.utg8.10/evm.utg52.99/evm.utg104.63/evm.utg334.78/utg334.equina_smart_1340223.mrna2/evm.utg379.46/evm.utg413.23/evm.utg413.26/evm.utg544.11/evm.utg544.14/evm.utg580.6/evm.utg580.26/evm.utg616.126/evm.utg616.127/evm.utg738.8/evm.utg912.49/evm.utg1609.5/evm.utg1800.5/evm.utg1819.3/evm.utg2858.29/evm.utg5073.2/evm.utg5689.7/evm.utg5689.8/evm.utg8615.4/evm.utg9740.7/evm.utg14703.2/evm.utg15552.12/evm.utg19074.8/utg19074.equina_smart_1694011.mrna2/evm.utg20736.15/evm.utg32458.10/evm.utg37512.1","evm.utg1800.5",-0.844724492534415,"ORA"
"60","salinity_only","molecular_functions","peptidase inhibitor activity","GO:0030414","peptidase inhibitor activity",0.000111603208016661,"evm.utg8.10/evm.utg52.99/evm.utg104.63/evm.utg334.78/utg334.equina_smart_1340223.mrna2/evm.utg379.46/evm.utg413.23/evm.utg413.26/evm.utg544.11/evm.utg544.14/evm.utg580.6/evm.utg580.26/evm.utg616.126/evm.utg616.127/evm.utg738.8/evm.utg912.49/evm.utg1609.5/evm.utg1800.5/evm.utg1819.3/evm.utg2858.29/evm.utg5073.2/evm.utg5689.7/evm.utg5689.8/evm.utg8615.4/evm.utg9740.7/evm.utg14703.2/evm.utg15552.12/evm.utg19074.8/utg19074.equina_smart_1694011.mrna2/evm.utg20736.15/evm.utg32458.10/evm.utg37512.1","evm.utg1819.3",-0.924369018067561,"ORA"
"61","salinity_only","molecular_functions","peptidase inhibitor activity","GO:0030414","peptidase inhibitor activity",0.000111603208016661,"evm.utg8.10/evm.utg52.99/evm.utg104.63/evm.utg334.78/utg334.equina_smart_1340223.mrna2/evm.utg379.46/evm.utg413.23/evm.utg413.26/evm.utg544.11/evm.utg544.14/evm.utg580.6/evm.utg580.26/evm.utg616.126/evm.utg616.127/evm.utg738.8/evm.utg912.49/evm.utg1609.5/evm.utg1800.5/evm.utg1819.3/evm.utg2858.29/evm.utg5073.2/evm.utg5689.7/evm.utg5689.8/evm.utg8615.4/evm.utg9740.7/evm.utg14703.2/evm.utg15552.12/evm.utg19074.8/utg19074.equina_smart_1694011.mrna2/evm.utg20736.15/evm.utg32458.10/evm.utg37512.1","evm.utg2858.29",-1.4677510520946,"ORA"
"62","salinity_only","molecular_functions","peptidase inhibitor activity","GO:0030414","peptidase inhibitor activity",0.000111603208016661,"evm.utg8.10/evm.utg52.99/evm.utg104.63/evm.utg334.78/utg334.equina_smart_1340223.mrna2/evm.utg379.46/evm.utg413.23/evm.utg413.26/evm.utg544.11/evm.utg544.14/evm.utg580.6/evm.utg580.26/evm.utg616.126/evm.utg616.127/evm.utg738.8/evm.utg912.49/evm.utg1609.5/evm.utg1800.5/evm.utg1819.3/evm.utg2858.29/evm.utg5073.2/evm.utg5689.7/evm.utg5689.8/evm.utg8615.4/evm.utg9740.7/evm.utg14703.2/evm.utg15552.12/evm.utg19074.8/utg19074.equina_smart_1694011.mrna2/evm.utg20736.15/evm.utg32458.10/evm.utg37512.1","evm.utg5073.2",-1.31263349917305,"ORA"
"63","salinity_only","molecular_functions","peptidase inhibitor activity","GO:0030414","peptidase inhibitor activity",0.000111603208016661,"evm.utg8.10/evm.utg52.99/evm.utg104.63/evm.utg334.78/utg334.equina_smart_1340223.mrna2/evm.utg379.46/evm.utg413.23/evm.utg413.26/evm.utg544.11/evm.utg544.14/evm.utg580.6/evm.utg580.26/evm.utg616.126/evm.utg616.127/evm.utg738.8/evm.utg912.49/evm.utg1609.5/evm.utg1800.5/evm.utg1819.3/evm.utg2858.29/evm.utg5073.2/evm.utg5689.7/evm.utg5689.8/evm.utg8615.4/evm.utg9740.7/evm.utg14703.2/evm.utg15552.12/evm.utg19074.8/utg19074.equina_smart_1694011.mrna2/evm.utg20736.15/evm.utg32458.10/evm.utg37512.1","evm.utg5689.7",-1.53533196081455,"ORA"
"64","salinity_only","molecular_functions","peptidase inhibitor activity","GO:0030414","peptidase inhibitor activity",0.000111603208016661,"evm.utg8.10/evm.utg52.99/evm.utg104.63/evm.utg334.78/utg334.equina_smart_1340223.mrna2/evm.utg379.46/evm.utg413.23/evm.utg413.26/evm.utg544.11/evm.utg544.14/evm.utg580.6/evm.utg580.26/evm.utg616.126/evm.utg616.127/evm.utg738.8/evm.utg912.49/evm.utg1609.5/evm.utg1800.5/evm.utg1819.3/evm.utg2858.29/evm.utg5073.2/evm.utg5689.7/evm.utg5689.8/evm.utg8615.4/evm.utg9740.7/evm.utg14703.2/evm.utg15552.12/evm.utg19074.8/utg19074.equina_smart_1694011.mrna2/evm.utg20736.15/evm.utg32458.10/evm.utg37512.1","evm.utg5689.8",-2.1453063823642,"ORA"
"65","salinity_only","molecular_functions","peptidase inhibitor activity","GO:0030414","peptidase inhibitor activity",0.000111603208016661,"evm.utg8.10/evm.utg52.99/evm.utg104.63/evm.utg334.78/utg334.equina_smart_1340223.mrna2/evm.utg379.46/evm.utg413.23/evm.utg413.26/evm.utg544.11/evm.utg544.14/evm.utg580.6/evm.utg580.26/evm.utg616.126/evm.utg616.127/evm.utg738.8/evm.utg912.49/evm.utg1609.5/evm.utg1800.5/evm.utg1819.3/evm.utg2858.29/evm.utg5073.2/evm.utg5689.7/evm.utg5689.8/evm.utg8615.4/evm.utg9740.7/evm.utg14703.2/evm.utg15552.12/evm.utg19074.8/utg19074.equina_smart_1694011.mrna2/evm.utg20736.15/evm.utg32458.10/evm.utg37512.1","evm.utg8615.4",-1.2528637400783,"ORA"
"66","salinity_only","molecular_functions","peptidase inhibitor activity","GO:0030414","peptidase inhibitor activity",0.000111603208016661,"evm.utg8.10/evm.utg52.99/evm.utg104.63/evm.utg334.78/utg334.equina_smart_1340223.mrna2/evm.utg379.46/evm.utg413.23/evm.utg413.26/evm.utg544.11/evm.utg544.14/evm.utg580.6/evm.utg580.26/evm.utg616.126/evm.utg616.127/evm.utg738.8/evm.utg912.49/evm.utg1609.5/evm.utg1800.5/evm.utg1819.3/evm.utg2858.29/evm.utg5073.2/evm.utg5689.7/evm.utg5689.8/evm.utg8615.4/evm.utg9740.7/evm.utg14703.2/evm.utg15552.12/evm.utg19074.8/utg19074.equina_smart_1694011.mrna2/evm.utg20736.15/evm.utg32458.10/evm.utg37512.1","evm.utg9740.7",-1.67206652472091,"ORA"
"67","salinity_only","molecular_functions","peptidase inhibitor activity","GO:0030414","peptidase inhibitor activity",0.000111603208016661,"evm.utg8.10/evm.utg52.99/evm.utg104.63/evm.utg334.78/utg334.equina_smart_1340223.mrna2/evm.utg379.46/evm.utg413.23/evm.utg413.26/evm.utg544.11/evm.utg544.14/evm.utg580.6/evm.utg580.26/evm.utg616.126/evm.utg616.127/evm.utg738.8/evm.utg912.49/evm.utg1609.5/evm.utg1800.5/evm.utg1819.3/evm.utg2858.29/evm.utg5073.2/evm.utg5689.7/evm.utg5689.8/evm.utg8615.4/evm.utg9740.7/evm.utg14703.2/evm.utg15552.12/evm.utg19074.8/utg19074.equina_smart_1694011.mrna2/evm.utg20736.15/evm.utg32458.10/evm.utg37512.1","evm.utg14703.2",-3.00557182394164,"ORA"
"68","salinity_only","molecular_functions","peptidase inhibitor activity","GO:0030414","peptidase inhibitor activity",0.000111603208016661,"evm.utg8.10/evm.utg52.99/evm.utg104.63/evm.utg334.78/utg334.equina_smart_1340223.mrna2/evm.utg379.46/evm.utg413.23/evm.utg413.26/evm.utg544.11/evm.utg544.14/evm.utg580.6/evm.utg580.26/evm.utg616.126/evm.utg616.127/evm.utg738.8/evm.utg912.49/evm.utg1609.5/evm.utg1800.5/evm.utg1819.3/evm.utg2858.29/evm.utg5073.2/evm.utg5689.7/evm.utg5689.8/evm.utg8615.4/evm.utg9740.7/evm.utg14703.2/evm.utg15552.12/evm.utg19074.8/utg19074.equina_smart_1694011.mrna2/evm.utg20736.15/evm.utg32458.10/evm.utg37512.1","evm.utg15552.12",1.6652793584391,"ORA"
"69","salinity_only","molecular_functions","peptidase inhibitor activity","GO:0030414","peptidase inhibitor activity",0.000111603208016661,"evm.utg8.10/evm.utg52.99/evm.utg104.63/evm.utg334.78/utg334.equina_smart_1340223.mrna2/evm.utg379.46/evm.utg413.23/evm.utg413.26/evm.utg544.11/evm.utg544.14/evm.utg580.6/evm.utg580.26/evm.utg616.126/evm.utg616.127/evm.utg738.8/evm.utg912.49/evm.utg1609.5/evm.utg1800.5/evm.utg1819.3/evm.utg2858.29/evm.utg5073.2/evm.utg5689.7/evm.utg5689.8/evm.utg8615.4/evm.utg9740.7/evm.utg14703.2/evm.utg15552.12/evm.utg19074.8/utg19074.equina_smart_1694011.mrna2/evm.utg20736.15/evm.utg32458.10/evm.utg37512.1","evm.utg19074.8",-2.20767681925969,"ORA"
"70","salinity_only","molecular_functions","peptidase inhibitor activity","GO:0030414","peptidase inhibitor activity",0.000111603208016661,"evm.utg8.10/evm.utg52.99/evm.utg104.63/evm.utg334.78/utg334.equina_smart_1340223.mrna2/evm.utg379.46/evm.utg413.23/evm.utg413.26/evm.utg544.11/evm.utg544.14/evm.utg580.6/evm.utg580.26/evm.utg616.126/evm.utg616.127/evm.utg738.8/evm.utg912.49/evm.utg1609.5/evm.utg1800.5/evm.utg1819.3/evm.utg2858.29/evm.utg5073.2/evm.utg5689.7/evm.utg5689.8/evm.utg8615.4/evm.utg9740.7/evm.utg14703.2/evm.utg15552.12/evm.utg19074.8/utg19074.equina_smart_1694011.mrna2/evm.utg20736.15/evm.utg32458.10/evm.utg37512.1","utg19074.equina_smart_1694011.mrna2",-1.7527827946418,"ORA"
"71","salinity_only","molecular_functions","peptidase inhibitor activity","GO:0030414","peptidase inhibitor activity",0.000111603208016661,"evm.utg8.10/evm.utg52.99/evm.utg104.63/evm.utg334.78/utg334.equina_smart_1340223.mrna2/evm.utg379.46/evm.utg413.23/evm.utg413.26/evm.utg544.11/evm.utg544.14/evm.utg580.6/evm.utg580.26/evm.utg616.126/evm.utg616.127/evm.utg738.8/evm.utg912.49/evm.utg1609.5/evm.utg1800.5/evm.utg1819.3/evm.utg2858.29/evm.utg5073.2/evm.utg5689.7/evm.utg5689.8/evm.utg8615.4/evm.utg9740.7/evm.utg14703.2/evm.utg15552.12/evm.utg19074.8/utg19074.equina_smart_1694011.mrna2/evm.utg20736.15/evm.utg32458.10/evm.utg37512.1","evm.utg20736.15",-2.92726961846973,"ORA"
"72","salinity_only","molecular_functions","peptidase inhibitor activity","GO:0030414","peptidase inhibitor activity",0.000111603208016661,"evm.utg8.10/evm.utg52.99/evm.utg104.63/evm.utg334.78/utg334.equina_smart_1340223.mrna2/evm.utg379.46/evm.utg413.23/evm.utg413.26/evm.utg544.11/evm.utg544.14/evm.utg580.6/evm.utg580.26/evm.utg616.126/evm.utg616.127/evm.utg738.8/evm.utg912.49/evm.utg1609.5/evm.utg1800.5/evm.utg1819.3/evm.utg2858.29/evm.utg5073.2/evm.utg5689.7/evm.utg5689.8/evm.utg8615.4/evm.utg9740.7/evm.utg14703.2/evm.utg15552.12/evm.utg19074.8/utg19074.equina_smart_1694011.mrna2/evm.utg20736.15/evm.utg32458.10/evm.utg37512.1","evm.utg32458.10",-1.12990082281549,"ORA"
"73","salinity_only","molecular_functions","peptidase inhibitor activity","GO:0030414","peptidase inhibitor activity",0.000111603208016661,"evm.utg8.10/evm.utg52.99/evm.utg104.63/evm.utg334.78/utg334.equina_smart_1340223.mrna2/evm.utg379.46/evm.utg413.23/evm.utg413.26/evm.utg544.11/evm.utg544.14/evm.utg580.6/evm.utg580.26/evm.utg616.126/evm.utg616.127/evm.utg738.8/evm.utg912.49/evm.utg1609.5/evm.utg1800.5/evm.utg1819.3/evm.utg2858.29/evm.utg5073.2/evm.utg5689.7/evm.utg5689.8/evm.utg8615.4/evm.utg9740.7/evm.utg14703.2/evm.utg15552.12/evm.utg19074.8/utg19074.equina_smart_1694011.mrna2/evm.utg20736.15/evm.utg32458.10/evm.utg37512.1","evm.utg37512.1",-0.951419591298507,"ORA"
"74","salinity_only","molecular_functions","proton channel activity","GO:0015252","proton channel activity",0.000111603208016661,"evm.utg432.26/evm.utg432.27/evm.utg432.28/evm.utg432.29/evm.utg4082.49/evm.utg4290.26/evm.utg4290.29/evm.utg9401.4/evm.utg20090.4","evm.utg432.26",-1.71602502175432,"ORA"
"75","salinity_only","molecular_functions","proton channel activity","GO:0015252","proton channel activity",0.000111603208016661,"evm.utg432.26/evm.utg432.27/evm.utg432.28/evm.utg432.29/evm.utg4082.49/evm.utg4290.26/evm.utg4290.29/evm.utg9401.4/evm.utg20090.4","evm.utg432.27",-1.03698361126042,"ORA"
"76","salinity_only","molecular_functions","proton channel activity","GO:0015252","proton channel activity",0.000111603208016661,"evm.utg432.26/evm.utg432.27/evm.utg432.28/evm.utg432.29/evm.utg4082.49/evm.utg4290.26/evm.utg4290.29/evm.utg9401.4/evm.utg20090.4","evm.utg432.28",-0.908591416385364,"ORA"
"77","salinity_only","molecular_functions","proton channel activity","GO:0015252","proton channel activity",0.000111603208016661,"evm.utg432.26/evm.utg432.27/evm.utg432.28/evm.utg432.29/evm.utg4082.49/evm.utg4290.26/evm.utg4290.29/evm.utg9401.4/evm.utg20090.4","evm.utg432.29",-1.18681386399755,"ORA"
"78","salinity_only","molecular_functions","proton channel activity","GO:0015252","proton channel activity",0.000111603208016661,"evm.utg432.26/evm.utg432.27/evm.utg432.28/evm.utg432.29/evm.utg4082.49/evm.utg4290.26/evm.utg4290.29/evm.utg9401.4/evm.utg20090.4","evm.utg4082.49",-0.718692762372891,"ORA"
"79","salinity_only","molecular_functions","proton channel activity","GO:0015252","proton channel activity",0.000111603208016661,"evm.utg432.26/evm.utg432.27/evm.utg432.28/evm.utg432.29/evm.utg4082.49/evm.utg4290.26/evm.utg4290.29/evm.utg9401.4/evm.utg20090.4","evm.utg4290.26",-1.08498225914512,"ORA"
"80","salinity_only","molecular_functions","proton channel activity","GO:0015252","proton channel activity",0.000111603208016661,"evm.utg432.26/evm.utg432.27/evm.utg432.28/evm.utg432.29/evm.utg4082.49/evm.utg4290.26/evm.utg4290.29/evm.utg9401.4/evm.utg20090.4","evm.utg4290.29",-1.26580803410884,"ORA"
"81","salinity_only","molecular_functions","proton channel activity","GO:0015252","proton channel activity",0.000111603208016661,"evm.utg432.26/evm.utg432.27/evm.utg432.28/evm.utg432.29/evm.utg4082.49/evm.utg4290.26/evm.utg4290.29/evm.utg9401.4/evm.utg20090.4","evm.utg9401.4",-0.934055064097581,"ORA"
"82","salinity_only","molecular_functions","proton channel activity","GO:0015252","proton channel activity",0.000111603208016661,"evm.utg432.26/evm.utg432.27/evm.utg432.28/evm.utg432.29/evm.utg4082.49/evm.utg4290.26/evm.utg4290.29/evm.utg9401.4/evm.utg20090.4","evm.utg20090.4",-1.08842569201746,"ORA"
"83","salinity_only","molecular_functions","oxidoreductase activity","GO:0016491","oxidoreductase activity",0.00043333833368201,"evm.utg4.53/evm.utg78.33/evm.utg101.99/evm.utg116.1/evm.utg116.119/evm.utg116.121/evm.utg160.25/evm.utg172.138/evm.utg194.22/evm.utg239.19/evm.utg243.6/evm.utg301.18/evm.utg307.15/evm.utg324.97/evm.utg348.6/evm.utg356.157/evm.utg411.144/evm.utg413.52/evm.utg415.26/evm.utg438.23/evm.utg467.6/evm.utg470.94/evm.utg479.117/evm.utg498.7/evm.utg526.25/evm.utg532.16/evm.utg597.25/utg700.equina_smart_1421472.mrna1/utg700.equina_smart_1421475.mrna1/evm.utg729.130/evm.utg788.37/evm.utg790.58/evm.utg801.94/evm.utg844.8/evm.utg868.107/evm.utg868.108/evm.utg989.21/evm.utg992.14/evm.utg1005.73/evm.utg1221.19/evm.utg1243.2/evm.utg1355.25/evm.utg1396.13/evm.utg1455.33/evm.utg1455.34/evm.utg1708.37/evm.utg1910.39/evm.utg1910.64/evm.utg1972.1/evm.utg2007.16/evm.utg2417.41/evm.utg2674.7/evm.utg3019.11/evm.utg3019.12/evm.utg3158.43/evm.utg3201.13/evm.utg3380.9/evm.utg3499.4/evm.utg3499.7/evm.utg3499.9/evm.utg3499.10/evm.utg3550.12/evm.utg3753.16/evm.utg3839.96/evm.utg4155.26/evm.utg4155.27/evm.utg4326.30/evm.utg4709.19/evm.utg4709.26/evm.utg4907.69/evm.utg5578.4/evm.utg6806.23/evm.utg6958.34/evm.utg7680.15/evm.utg7931.6/evm.utg7931.7/evm.utg7931.8/utg7950.equina_smart_1791395.mrna2/evm.utg9668.1/evm.utg9668.2/evm.utg14876.8/evm.utg20618.1/evm.utg21766.5/evm.utg27651.3/evm.utg32107.9/evm.utg53426.4/evm.utg97204.6/evm.utg139908.2/evm.utg139908.3","evm.utg4.53",-1.31786979678442,"ORA"
"84","salinity_only","molecular_functions","oxidoreductase activity","GO:0016491","oxidoreductase activity",0.00043333833368201,"evm.utg4.53/evm.utg78.33/evm.utg101.99/evm.utg116.1/evm.utg116.119/evm.utg116.121/evm.utg160.25/evm.utg172.138/evm.utg194.22/evm.utg239.19/evm.utg243.6/evm.utg301.18/evm.utg307.15/evm.utg324.97/evm.utg348.6/evm.utg356.157/evm.utg411.144/evm.utg413.52/evm.utg415.26/evm.utg438.23/evm.utg467.6/evm.utg470.94/evm.utg479.117/evm.utg498.7/evm.utg526.25/evm.utg532.16/evm.utg597.25/utg700.equina_smart_1421472.mrna1/utg700.equina_smart_1421475.mrna1/evm.utg729.130/evm.utg788.37/evm.utg790.58/evm.utg801.94/evm.utg844.8/evm.utg868.107/evm.utg868.108/evm.utg989.21/evm.utg992.14/evm.utg1005.73/evm.utg1221.19/evm.utg1243.2/evm.utg1355.25/evm.utg1396.13/evm.utg1455.33/evm.utg1455.34/evm.utg1708.37/evm.utg1910.39/evm.utg1910.64/evm.utg1972.1/evm.utg2007.16/evm.utg2417.41/evm.utg2674.7/evm.utg3019.11/evm.utg3019.12/evm.utg3158.43/evm.utg3201.13/evm.utg3380.9/evm.utg3499.4/evm.utg3499.7/evm.utg3499.9/evm.utg3499.10/evm.utg3550.12/evm.utg3753.16/evm.utg3839.96/evm.utg4155.26/evm.utg4155.27/evm.utg4326.30/evm.utg4709.19/evm.utg4709.26/evm.utg4907.69/evm.utg5578.4/evm.utg6806.23/evm.utg6958.34/evm.utg7680.15/evm.utg7931.6/evm.utg7931.7/evm.utg7931.8/utg7950.equina_smart_1791395.mrna2/evm.utg9668.1/evm.utg9668.2/evm.utg14876.8/evm.utg20618.1/evm.utg21766.5/evm.utg27651.3/evm.utg32107.9/evm.utg53426.4/evm.utg97204.6/evm.utg139908.2/evm.utg139908.3","evm.utg78.33",-0.757431666599774,"ORA"
"85","salinity_only","molecular_functions","oxidoreductase activity","GO:0016491","oxidoreductase activity",0.00043333833368201,"evm.utg4.53/evm.utg78.33/evm.utg101.99/evm.utg116.1/evm.utg116.119/evm.utg116.121/evm.utg160.25/evm.utg172.138/evm.utg194.22/evm.utg239.19/evm.utg243.6/evm.utg301.18/evm.utg307.15/evm.utg324.97/evm.utg348.6/evm.utg356.157/evm.utg411.144/evm.utg413.52/evm.utg415.26/evm.utg438.23/evm.utg467.6/evm.utg470.94/evm.utg479.117/evm.utg498.7/evm.utg526.25/evm.utg532.16/evm.utg597.25/utg700.equina_smart_1421472.mrna1/utg700.equina_smart_1421475.mrna1/evm.utg729.130/evm.utg788.37/evm.utg790.58/evm.utg801.94/evm.utg844.8/evm.utg868.107/evm.utg868.108/evm.utg989.21/evm.utg992.14/evm.utg1005.73/evm.utg1221.19/evm.utg1243.2/evm.utg1355.25/evm.utg1396.13/evm.utg1455.33/evm.utg1455.34/evm.utg1708.37/evm.utg1910.39/evm.utg1910.64/evm.utg1972.1/evm.utg2007.16/evm.utg2417.41/evm.utg2674.7/evm.utg3019.11/evm.utg3019.12/evm.utg3158.43/evm.utg3201.13/evm.utg3380.9/evm.utg3499.4/evm.utg3499.7/evm.utg3499.9/evm.utg3499.10/evm.utg3550.12/evm.utg3753.16/evm.utg3839.96/evm.utg4155.26/evm.utg4155.27/evm.utg4326.30/evm.utg4709.19/evm.utg4709.26/evm.utg4907.69/evm.utg5578.4/evm.utg6806.23/evm.utg6958.34/evm.utg7680.15/evm.utg7931.6/evm.utg7931.7/evm.utg7931.8/utg7950.equina_smart_1791395.mrna2/evm.utg9668.1/evm.utg9668.2/evm.utg14876.8/evm.utg20618.1/evm.utg21766.5/evm.utg27651.3/evm.utg32107.9/evm.utg53426.4/evm.utg97204.6/evm.utg139908.2/evm.utg139908.3","evm.utg101.99",-1.46382887406969,"ORA"
"86","salinity_only","molecular_functions","oxidoreductase activity","GO:0016491","oxidoreductase activity",0.00043333833368201,"evm.utg4.53/evm.utg78.33/evm.utg101.99/evm.utg116.1/evm.utg116.119/evm.utg116.121/evm.utg160.25/evm.utg172.138/evm.utg194.22/evm.utg239.19/evm.utg243.6/evm.utg301.18/evm.utg307.15/evm.utg324.97/evm.utg348.6/evm.utg356.157/evm.utg411.144/evm.utg413.52/evm.utg415.26/evm.utg438.23/evm.utg467.6/evm.utg470.94/evm.utg479.117/evm.utg498.7/evm.utg526.25/evm.utg532.16/evm.utg597.25/utg700.equina_smart_1421472.mrna1/utg700.equina_smart_1421475.mrna1/evm.utg729.130/evm.utg788.37/evm.utg790.58/evm.utg801.94/evm.utg844.8/evm.utg868.107/evm.utg868.108/evm.utg989.21/evm.utg992.14/evm.utg1005.73/evm.utg1221.19/evm.utg1243.2/evm.utg1355.25/evm.utg1396.13/evm.utg1455.33/evm.utg1455.34/evm.utg1708.37/evm.utg1910.39/evm.utg1910.64/evm.utg1972.1/evm.utg2007.16/evm.utg2417.41/evm.utg2674.7/evm.utg3019.11/evm.utg3019.12/evm.utg3158.43/evm.utg3201.13/evm.utg3380.9/evm.utg3499.4/evm.utg3499.7/evm.utg3499.9/evm.utg3499.10/evm.utg3550.12/evm.utg3753.16/evm.utg3839.96/evm.utg4155.26/evm.utg4155.27/evm.utg4326.30/evm.utg4709.19/evm.utg4709.26/evm.utg4907.69/evm.utg5578.4/evm.utg6806.23/evm.utg6958.34/evm.utg7680.15/evm.utg7931.6/evm.utg7931.7/evm.utg7931.8/utg7950.equina_smart_1791395.mrna2/evm.utg9668.1/evm.utg9668.2/evm.utg14876.8/evm.utg20618.1/evm.utg21766.5/evm.utg27651.3/evm.utg32107.9/evm.utg53426.4/evm.utg97204.6/evm.utg139908.2/evm.utg139908.3","evm.utg116.1",-1.08517873724759,"ORA"
"87","salinity_only","molecular_functions","oxidoreductase activity","GO:0016491","oxidoreductase activity",0.00043333833368201,"evm.utg4.53/evm.utg78.33/evm.utg101.99/evm.utg116.1/evm.utg116.119/evm.utg116.121/evm.utg160.25/evm.utg172.138/evm.utg194.22/evm.utg239.19/evm.utg243.6/evm.utg301.18/evm.utg307.15/evm.utg324.97/evm.utg348.6/evm.utg356.157/evm.utg411.144/evm.utg413.52/evm.utg415.26/evm.utg438.23/evm.utg467.6/evm.utg470.94/evm.utg479.117/evm.utg498.7/evm.utg526.25/evm.utg532.16/evm.utg597.25/utg700.equina_smart_1421472.mrna1/utg700.equina_smart_1421475.mrna1/evm.utg729.130/evm.utg788.37/evm.utg790.58/evm.utg801.94/evm.utg844.8/evm.utg868.107/evm.utg868.108/evm.utg989.21/evm.utg992.14/evm.utg1005.73/evm.utg1221.19/evm.utg1243.2/evm.utg1355.25/evm.utg1396.13/evm.utg1455.33/evm.utg1455.34/evm.utg1708.37/evm.utg1910.39/evm.utg1910.64/evm.utg1972.1/evm.utg2007.16/evm.utg2417.41/evm.utg2674.7/evm.utg3019.11/evm.utg3019.12/evm.utg3158.43/evm.utg3201.13/evm.utg3380.9/evm.utg3499.4/evm.utg3499.7/evm.utg3499.9/evm.utg3499.10/evm.utg3550.12/evm.utg3753.16/evm.utg3839.96/evm.utg4155.26/evm.utg4155.27/evm.utg4326.30/evm.utg4709.19/evm.utg4709.26/evm.utg4907.69/evm.utg5578.4/evm.utg6806.23/evm.utg6958.34/evm.utg7680.15/evm.utg7931.6/evm.utg7931.7/evm.utg7931.8/utg7950.equina_smart_1791395.mrna2/evm.utg9668.1/evm.utg9668.2/evm.utg14876.8/evm.utg20618.1/evm.utg21766.5/evm.utg27651.3/evm.utg32107.9/evm.utg53426.4/evm.utg97204.6/evm.utg139908.2/evm.utg139908.3","evm.utg116.119",-1.35658717995754,"ORA"
"88","salinity_only","molecular_functions","oxidoreductase activity","GO:0016491","oxidoreductase activity",0.00043333833368201,"evm.utg4.53/evm.utg78.33/evm.utg101.99/evm.utg116.1/evm.utg116.119/evm.utg116.121/evm.utg160.25/evm.utg172.138/evm.utg194.22/evm.utg239.19/evm.utg243.6/evm.utg301.18/evm.utg307.15/evm.utg324.97/evm.utg348.6/evm.utg356.157/evm.utg411.144/evm.utg413.52/evm.utg415.26/evm.utg438.23/evm.utg467.6/evm.utg470.94/evm.utg479.117/evm.utg498.7/evm.utg526.25/evm.utg532.16/evm.utg597.25/utg700.equina_smart_1421472.mrna1/utg700.equina_smart_1421475.mrna1/evm.utg729.130/evm.utg788.37/evm.utg790.58/evm.utg801.94/evm.utg844.8/evm.utg868.107/evm.utg868.108/evm.utg989.21/evm.utg992.14/evm.utg1005.73/evm.utg1221.19/evm.utg1243.2/evm.utg1355.25/evm.utg1396.13/evm.utg1455.33/evm.utg1455.34/evm.utg1708.37/evm.utg1910.39/evm.utg1910.64/evm.utg1972.1/evm.utg2007.16/evm.utg2417.41/evm.utg2674.7/evm.utg3019.11/evm.utg3019.12/evm.utg3158.43/evm.utg3201.13/evm.utg3380.9/evm.utg3499.4/evm.utg3499.7/evm.utg3499.9/evm.utg3499.10/evm.utg3550.12/evm.utg3753.16/evm.utg3839.96/evm.utg4155.26/evm.utg4155.27/evm.utg4326.30/evm.utg4709.19/evm.utg4709.26/evm.utg4907.69/evm.utg5578.4/evm.utg6806.23/evm.utg6958.34/evm.utg7680.15/evm.utg7931.6/evm.utg7931.7/evm.utg7931.8/utg7950.equina_smart_1791395.mrna2/evm.utg9668.1/evm.utg9668.2/evm.utg14876.8/evm.utg20618.1/evm.utg21766.5/evm.utg27651.3/evm.utg32107.9/evm.utg53426.4/evm.utg97204.6/evm.utg139908.2/evm.utg139908.3","evm.utg116.121",-1.62891363901597,"ORA"
"89","salinity_only","molecular_functions","oxidoreductase activity","GO:0016491","oxidoreductase activity",0.00043333833368201,"evm.utg4.53/evm.utg78.33/evm.utg101.99/evm.utg116.1/evm.utg116.119/evm.utg116.121/evm.utg160.25/evm.utg172.138/evm.utg194.22/evm.utg239.19/evm.utg243.6/evm.utg301.18/evm.utg307.15/evm.utg324.97/evm.utg348.6/evm.utg356.157/evm.utg411.144/evm.utg413.52/evm.utg415.26/evm.utg438.23/evm.utg467.6/evm.utg470.94/evm.utg479.117/evm.utg498.7/evm.utg526.25/evm.utg532.16/evm.utg597.25/utg700.equina_smart_1421472.mrna1/utg700.equina_smart_1421475.mrna1/evm.utg729.130/evm.utg788.37/evm.utg790.58/evm.utg801.94/evm.utg844.8/evm.utg868.107/evm.utg868.108/evm.utg989.21/evm.utg992.14/evm.utg1005.73/evm.utg1221.19/evm.utg1243.2/evm.utg1355.25/evm.utg1396.13/evm.utg1455.33/evm.utg1455.34/evm.utg1708.37/evm.utg1910.39/evm.utg1910.64/evm.utg1972.1/evm.utg2007.16/evm.utg2417.41/evm.utg2674.7/evm.utg3019.11/evm.utg3019.12/evm.utg3158.43/evm.utg3201.13/evm.utg3380.9/evm.utg3499.4/evm.utg3499.7/evm.utg3499.9/evm.utg3499.10/evm.utg3550.12/evm.utg3753.16/evm.utg3839.96/evm.utg4155.26/evm.utg4155.27/evm.utg4326.30/evm.utg4709.19/evm.utg4709.26/evm.utg4907.69/evm.utg5578.4/evm.utg6806.23/evm.utg6958.34/evm.utg7680.15/evm.utg7931.6/evm.utg7931.7/evm.utg7931.8/utg7950.equina_smart_1791395.mrna2/evm.utg9668.1/evm.utg9668.2/evm.utg14876.8/evm.utg20618.1/evm.utg21766.5/evm.utg27651.3/evm.utg32107.9/evm.utg53426.4/evm.utg97204.6/evm.utg139908.2/evm.utg139908.3","evm.utg160.25",-0.733905948493691,"ORA"
"90","salinity_only","molecular_functions","oxidoreductase activity","GO:0016491","oxidoreductase activity",0.00043333833368201,"evm.utg4.53/evm.utg78.33/evm.utg101.99/evm.utg116.1/evm.utg116.119/evm.utg116.121/evm.utg160.25/evm.utg172.138/evm.utg194.22/evm.utg239.19/evm.utg243.6/evm.utg301.18/evm.utg307.15/evm.utg324.97/evm.utg348.6/evm.utg356.157/evm.utg411.144/evm.utg413.52/evm.utg415.26/evm.utg438.23/evm.utg467.6/evm.utg470.94/evm.utg479.117/evm.utg498.7/evm.utg526.25/evm.utg532.16/evm.utg597.25/utg700.equina_smart_1421472.mrna1/utg700.equina_smart_1421475.mrna1/evm.utg729.130/evm.utg788.37/evm.utg790.58/evm.utg801.94/evm.utg844.8/evm.utg868.107/evm.utg868.108/evm.utg989.21/evm.utg992.14/evm.utg1005.73/evm.utg1221.19/evm.utg1243.2/evm.utg1355.25/evm.utg1396.13/evm.utg1455.33/evm.utg1455.34/evm.utg1708.37/evm.utg1910.39/evm.utg1910.64/evm.utg1972.1/evm.utg2007.16/evm.utg2417.41/evm.utg2674.7/evm.utg3019.11/evm.utg3019.12/evm.utg3158.43/evm.utg3201.13/evm.utg3380.9/evm.utg3499.4/evm.utg3499.7/evm.utg3499.9/evm.utg3499.10/evm.utg3550.12/evm.utg3753.16/evm.utg3839.96/evm.utg4155.26/evm.utg4155.27/evm.utg4326.30/evm.utg4709.19/evm.utg4709.26/evm.utg4907.69/evm.utg5578.4/evm.utg6806.23/evm.utg6958.34/evm.utg7680.15/evm.utg7931.6/evm.utg7931.7/evm.utg7931.8/utg7950.equina_smart_1791395.mrna2/evm.utg9668.1/evm.utg9668.2/evm.utg14876.8/evm.utg20618.1/evm.utg21766.5/evm.utg27651.3/evm.utg32107.9/evm.utg53426.4/evm.utg97204.6/evm.utg139908.2/evm.utg139908.3","evm.utg172.138",-0.860956380233476,"ORA"
"91","salinity_only","molecular_functions","oxidoreductase activity","GO:0016491","oxidoreductase activity",0.00043333833368201,"evm.utg4.53/evm.utg78.33/evm.utg101.99/evm.utg116.1/evm.utg116.119/evm.utg116.121/evm.utg160.25/evm.utg172.138/evm.utg194.22/evm.utg239.19/evm.utg243.6/evm.utg301.18/evm.utg307.15/evm.utg324.97/evm.utg348.6/evm.utg356.157/evm.utg411.144/evm.utg413.52/evm.utg415.26/evm.utg438.23/evm.utg467.6/evm.utg470.94/evm.utg479.117/evm.utg498.7/evm.utg526.25/evm.utg532.16/evm.utg597.25/utg700.equina_smart_1421472.mrna1/utg700.equina_smart_1421475.mrna1/evm.utg729.130/evm.utg788.37/evm.utg790.58/evm.utg801.94/evm.utg844.8/evm.utg868.107/evm.utg868.108/evm.utg989.21/evm.utg992.14/evm.utg1005.73/evm.utg1221.19/evm.utg1243.2/evm.utg1355.25/evm.utg1396.13/evm.utg1455.33/evm.utg1455.34/evm.utg1708.37/evm.utg1910.39/evm.utg1910.64/evm.utg1972.1/evm.utg2007.16/evm.utg2417.41/evm.utg2674.7/evm.utg3019.11/evm.utg3019.12/evm.utg3158.43/evm.utg3201.13/evm.utg3380.9/evm.utg3499.4/evm.utg3499.7/evm.utg3499.9/evm.utg3499.10/evm.utg3550.12/evm.utg3753.16/evm.utg3839.96/evm.utg4155.26/evm.utg4155.27/evm.utg4326.30/evm.utg4709.19/evm.utg4709.26/evm.utg4907.69/evm.utg5578.4/evm.utg6806.23/evm.utg6958.34/evm.utg7680.15/evm.utg7931.6/evm.utg7931.7/evm.utg7931.8/utg7950.equina_smart_1791395.mrna2/evm.utg9668.1/evm.utg9668.2/evm.utg14876.8/evm.utg20618.1/evm.utg21766.5/evm.utg27651.3/evm.utg32107.9/evm.utg53426.4/evm.utg97204.6/evm.utg139908.2/evm.utg139908.3","evm.utg194.22",-0.959250706437923,"ORA"
"92","salinity_only","molecular_functions","oxidoreductase activity","GO:0016491","oxidoreductase activity",0.00043333833368201,"evm.utg4.53/evm.utg78.33/evm.utg101.99/evm.utg116.1/evm.utg116.119/evm.utg116.121/evm.utg160.25/evm.utg172.138/evm.utg194.22/evm.utg239.19/evm.utg243.6/evm.utg301.18/evm.utg307.15/evm.utg324.97/evm.utg348.6/evm.utg356.157/evm.utg411.144/evm.utg413.52/evm.utg415.26/evm.utg438.23/evm.utg467.6/evm.utg470.94/evm.utg479.117/evm.utg498.7/evm.utg526.25/evm.utg532.16/evm.utg597.25/utg700.equina_smart_1421472.mrna1/utg700.equina_smart_1421475.mrna1/evm.utg729.130/evm.utg788.37/evm.utg790.58/evm.utg801.94/evm.utg844.8/evm.utg868.107/evm.utg868.108/evm.utg989.21/evm.utg992.14/evm.utg1005.73/evm.utg1221.19/evm.utg1243.2/evm.utg1355.25/evm.utg1396.13/evm.utg1455.33/evm.utg1455.34/evm.utg1708.37/evm.utg1910.39/evm.utg1910.64/evm.utg1972.1/evm.utg2007.16/evm.utg2417.41/evm.utg2674.7/evm.utg3019.11/evm.utg3019.12/evm.utg3158.43/evm.utg3201.13/evm.utg3380.9/evm.utg3499.4/evm.utg3499.7/evm.utg3499.9/evm.utg3499.10/evm.utg3550.12/evm.utg3753.16/evm.utg3839.96/evm.utg4155.26/evm.utg4155.27/evm.utg4326.30/evm.utg4709.19/evm.utg4709.26/evm.utg4907.69/evm.utg5578.4/evm.utg6806.23/evm.utg6958.34/evm.utg7680.15/evm.utg7931.6/evm.utg7931.7/evm.utg7931.8/utg7950.equina_smart_1791395.mrna2/evm.utg9668.1/evm.utg9668.2/evm.utg14876.8/evm.utg20618.1/evm.utg21766.5/evm.utg27651.3/evm.utg32107.9/evm.utg53426.4/evm.utg97204.6/evm.utg139908.2/evm.utg139908.3","evm.utg239.19",-1.13428212739846,"ORA"
"93","salinity_only","molecular_functions","oxidoreductase activity","GO:0016491","oxidoreductase activity",0.00043333833368201,"evm.utg4.53/evm.utg78.33/evm.utg101.99/evm.utg116.1/evm.utg116.119/evm.utg116.121/evm.utg160.25/evm.utg172.138/evm.utg194.22/evm.utg239.19/evm.utg243.6/evm.utg301.18/evm.utg307.15/evm.utg324.97/evm.utg348.6/evm.utg356.157/evm.utg411.144/evm.utg413.52/evm.utg415.26/evm.utg438.23/evm.utg467.6/evm.utg470.94/evm.utg479.117/evm.utg498.7/evm.utg526.25/evm.utg532.16/evm.utg597.25/utg700.equina_smart_1421472.mrna1/utg700.equina_smart_1421475.mrna1/evm.utg729.130/evm.utg788.37/evm.utg790.58/evm.utg801.94/evm.utg844.8/evm.utg868.107/evm.utg868.108/evm.utg989.21/evm.utg992.14/evm.utg1005.73/evm.utg1221.19/evm.utg1243.2/evm.utg1355.25/evm.utg1396.13/evm.utg1455.33/evm.utg1455.34/evm.utg1708.37/evm.utg1910.39/evm.utg1910.64/evm.utg1972.1/evm.utg2007.16/evm.utg2417.41/evm.utg2674.7/evm.utg3019.11/evm.utg3019.12/evm.utg3158.43/evm.utg3201.13/evm.utg3380.9/evm.utg3499.4/evm.utg3499.7/evm.utg3499.9/evm.utg3499.10/evm.utg3550.12/evm.utg3753.16/evm.utg3839.96/evm.utg4155.26/evm.utg4155.27/evm.utg4326.30/evm.utg4709.19/evm.utg4709.26/evm.utg4907.69/evm.utg5578.4/evm.utg6806.23/evm.utg6958.34/evm.utg7680.15/evm.utg7931.6/evm.utg7931.7/evm.utg7931.8/utg7950.equina_smart_1791395.mrna2/evm.utg9668.1/evm.utg9668.2/evm.utg14876.8/evm.utg20618.1/evm.utg21766.5/evm.utg27651.3/evm.utg32107.9/evm.utg53426.4/evm.utg97204.6/evm.utg139908.2/evm.utg139908.3","evm.utg243.6",0.701087994093599,"ORA"
"94","salinity_only","molecular_functions","oxidoreductase activity","GO:0016491","oxidoreductase activity",0.00043333833368201,"evm.utg4.53/evm.utg78.33/evm.utg101.99/evm.utg116.1/evm.utg116.119/evm.utg116.121/evm.utg160.25/evm.utg172.138/evm.utg194.22/evm.utg239.19/evm.utg243.6/evm.utg301.18/evm.utg307.15/evm.utg324.97/evm.utg348.6/evm.utg356.157/evm.utg411.144/evm.utg413.52/evm.utg415.26/evm.utg438.23/evm.utg467.6/evm.utg470.94/evm.utg479.117/evm.utg498.7/evm.utg526.25/evm.utg532.16/evm.utg597.25/utg700.equina_smart_1421472.mrna1/utg700.equina_smart_1421475.mrna1/evm.utg729.130/evm.utg788.37/evm.utg790.58/evm.utg801.94/evm.utg844.8/evm.utg868.107/evm.utg868.108/evm.utg989.21/evm.utg992.14/evm.utg1005.73/evm.utg1221.19/evm.utg1243.2/evm.utg1355.25/evm.utg1396.13/evm.utg1455.33/evm.utg1455.34/evm.utg1708.37/evm.utg1910.39/evm.utg1910.64/evm.utg1972.1/evm.utg2007.16/evm.utg2417.41/evm.utg2674.7/evm.utg3019.11/evm.utg3019.12/evm.utg3158.43/evm.utg3201.13/evm.utg3380.9/evm.utg3499.4/evm.utg3499.7/evm.utg3499.9/evm.utg3499.10/evm.utg3550.12/evm.utg3753.16/evm.utg3839.96/evm.utg4155.26/evm.utg4155.27/evm.utg4326.30/evm.utg4709.19/evm.utg4709.26/evm.utg4907.69/evm.utg5578.4/evm.utg6806.23/evm.utg6958.34/evm.utg7680.15/evm.utg7931.6/evm.utg7931.7/evm.utg7931.8/utg7950.equina_smart_1791395.mrna2/evm.utg9668.1/evm.utg9668.2/evm.utg14876.8/evm.utg20618.1/evm.utg21766.5/evm.utg27651.3/evm.utg32107.9/evm.utg53426.4/evm.utg97204.6/evm.utg139908.2/evm.utg139908.3","evm.utg301.18",-1.04551510911016,"ORA"
"95","salinity_only","molecular_functions","oxidoreductase activity","GO:0016491","oxidoreductase activity",0.00043333833368201,"evm.utg4.53/evm.utg78.33/evm.utg101.99/evm.utg116.1/evm.utg116.119/evm.utg116.121/evm.utg160.25/evm.utg172.138/evm.utg194.22/evm.utg239.19/evm.utg243.6/evm.utg301.18/evm.utg307.15/evm.utg324.97/evm.utg348.6/evm.utg356.157/evm.utg411.144/evm.utg413.52/evm.utg415.26/evm.utg438.23/evm.utg467.6/evm.utg470.94/evm.utg479.117/evm.utg498.7/evm.utg526.25/evm.utg532.16/evm.utg597.25/utg700.equina_smart_1421472.mrna1/utg700.equina_smart_1421475.mrna1/evm.utg729.130/evm.utg788.37/evm.utg790.58/evm.utg801.94/evm.utg844.8/evm.utg868.107/evm.utg868.108/evm.utg989.21/evm.utg992.14/evm.utg1005.73/evm.utg1221.19/evm.utg1243.2/evm.utg1355.25/evm.utg1396.13/evm.utg1455.33/evm.utg1455.34/evm.utg1708.37/evm.utg1910.39/evm.utg1910.64/evm.utg1972.1/evm.utg2007.16/evm.utg2417.41/evm.utg2674.7/evm.utg3019.11/evm.utg3019.12/evm.utg3158.43/evm.utg3201.13/evm.utg3380.9/evm.utg3499.4/evm.utg3499.7/evm.utg3499.9/evm.utg3499.10/evm.utg3550.12/evm.utg3753.16/evm.utg3839.96/evm.utg4155.26/evm.utg4155.27/evm.utg4326.30/evm.utg4709.19/evm.utg4709.26/evm.utg4907.69/evm.utg5578.4/evm.utg6806.23/evm.utg6958.34/evm.utg7680.15/evm.utg7931.6/evm.utg7931.7/evm.utg7931.8/utg7950.equina_smart_1791395.mrna2/evm.utg9668.1/evm.utg9668.2/evm.utg14876.8/evm.utg20618.1/evm.utg21766.5/evm.utg27651.3/evm.utg32107.9/evm.utg53426.4/evm.utg97204.6/evm.utg139908.2/evm.utg139908.3","evm.utg307.15",-1.58123211402824,"ORA"
"96","salinity_only","molecular_functions","oxidoreductase activity","GO:0016491","oxidoreductase activity",0.00043333833368201,"evm.utg4.53/evm.utg78.33/evm.utg101.99/evm.utg116.1/evm.utg116.119/evm.utg116.121/evm.utg160.25/evm.utg172.138/evm.utg194.22/evm.utg239.19/evm.utg243.6/evm.utg301.18/evm.utg307.15/evm.utg324.97/evm.utg348.6/evm.utg356.157/evm.utg411.144/evm.utg413.52/evm.utg415.26/evm.utg438.23/evm.utg467.6/evm.utg470.94/evm.utg479.117/evm.utg498.7/evm.utg526.25/evm.utg532.16/evm.utg597.25/utg700.equina_smart_1421472.mrna1/utg700.equina_smart_1421475.mrna1/evm.utg729.130/evm.utg788.37/evm.utg790.58/evm.utg801.94/evm.utg844.8/evm.utg868.107/evm.utg868.108/evm.utg989.21/evm.utg992.14/evm.utg1005.73/evm.utg1221.19/evm.utg1243.2/evm.utg1355.25/evm.utg1396.13/evm.utg1455.33/evm.utg1455.34/evm.utg1708.37/evm.utg1910.39/evm.utg1910.64/evm.utg1972.1/evm.utg2007.16/evm.utg2417.41/evm.utg2674.7/evm.utg3019.11/evm.utg3019.12/evm.utg3158.43/evm.utg3201.13/evm.utg3380.9/evm.utg3499.4/evm.utg3499.7/evm.utg3499.9/evm.utg3499.10/evm.utg3550.12/evm.utg3753.16/evm.utg3839.96/evm.utg4155.26/evm.utg4155.27/evm.utg4326.30/evm.utg4709.19/evm.utg4709.26/evm.utg4907.69/evm.utg5578.4/evm.utg6806.23/evm.utg6958.34/evm.utg7680.15/evm.utg7931.6/evm.utg7931.7/evm.utg7931.8/utg7950.equina_smart_1791395.mrna2/evm.utg9668.1/evm.utg9668.2/evm.utg14876.8/evm.utg20618.1/evm.utg21766.5/evm.utg27651.3/evm.utg32107.9/evm.utg53426.4/evm.utg97204.6/evm.utg139908.2/evm.utg139908.3","evm.utg324.97",-1.66342867223618,"ORA"
"97","salinity_only","molecular_functions","oxidoreductase activity","GO:0016491","oxidoreductase activity",0.00043333833368201,"evm.utg4.53/evm.utg78.33/evm.utg101.99/evm.utg116.1/evm.utg116.119/evm.utg116.121/evm.utg160.25/evm.utg172.138/evm.utg194.22/evm.utg239.19/evm.utg243.6/evm.utg301.18/evm.utg307.15/evm.utg324.97/evm.utg348.6/evm.utg356.157/evm.utg411.144/evm.utg413.52/evm.utg415.26/evm.utg438.23/evm.utg467.6/evm.utg470.94/evm.utg479.117/evm.utg498.7/evm.utg526.25/evm.utg532.16/evm.utg597.25/utg700.equina_smart_1421472.mrna1/utg700.equina_smart_1421475.mrna1/evm.utg729.130/evm.utg788.37/evm.utg790.58/evm.utg801.94/evm.utg844.8/evm.utg868.107/evm.utg868.108/evm.utg989.21/evm.utg992.14/evm.utg1005.73/evm.utg1221.19/evm.utg1243.2/evm.utg1355.25/evm.utg1396.13/evm.utg1455.33/evm.utg1455.34/evm.utg1708.37/evm.utg1910.39/evm.utg1910.64/evm.utg1972.1/evm.utg2007.16/evm.utg2417.41/evm.utg2674.7/evm.utg3019.11/evm.utg3019.12/evm.utg3158.43/evm.utg3201.13/evm.utg3380.9/evm.utg3499.4/evm.utg3499.7/evm.utg3499.9/evm.utg3499.10/evm.utg3550.12/evm.utg3753.16/evm.utg3839.96/evm.utg4155.26/evm.utg4155.27/evm.utg4326.30/evm.utg4709.19/evm.utg4709.26/evm.utg4907.69/evm.utg5578.4/evm.utg6806.23/evm.utg6958.34/evm.utg7680.15/evm.utg7931.6/evm.utg7931.7/evm.utg7931.8/utg7950.equina_smart_1791395.mrna2/evm.utg9668.1/evm.utg9668.2/evm.utg14876.8/evm.utg20618.1/evm.utg21766.5/evm.utg27651.3/evm.utg32107.9/evm.utg53426.4/evm.utg97204.6/evm.utg139908.2/evm.utg139908.3","evm.utg348.6",-1.22045123978022,"ORA"
"98","salinity_only","molecular_functions","oxidoreductase activity","GO:0016491","oxidoreductase activity",0.00043333833368201,"evm.utg4.53/evm.utg78.33/evm.utg101.99/evm.utg116.1/evm.utg116.119/evm.utg116.121/evm.utg160.25/evm.utg172.138/evm.utg194.22/evm.utg239.19/evm.utg243.6/evm.utg301.18/evm.utg307.15/evm.utg324.97/evm.utg348.6/evm.utg356.157/evm.utg411.144/evm.utg413.52/evm.utg415.26/evm.utg438.23/evm.utg467.6/evm.utg470.94/evm.utg479.117/evm.utg498.7/evm.utg526.25/evm.utg532.16/evm.utg597.25/utg700.equina_smart_1421472.mrna1/utg700.equina_smart_1421475.mrna1/evm.utg729.130/evm.utg788.37/evm.utg790.58/evm.utg801.94/evm.utg844.8/evm.utg868.107/evm.utg868.108/evm.utg989.21/evm.utg992.14/evm.utg1005.73/evm.utg1221.19/evm.utg1243.2/evm.utg1355.25/evm.utg1396.13/evm.utg1455.33/evm.utg1455.34/evm.utg1708.37/evm.utg1910.39/evm.utg1910.64/evm.utg1972.1/evm.utg2007.16/evm.utg2417.41/evm.utg2674.7/evm.utg3019.11/evm.utg3019.12/evm.utg3158.43/evm.utg3201.13/evm.utg3380.9/evm.utg3499.4/evm.utg3499.7/evm.utg3499.9/evm.utg3499.10/evm.utg3550.12/evm.utg3753.16/evm.utg3839.96/evm.utg4155.26/evm.utg4155.27/evm.utg4326.30/evm.utg4709.19/evm.utg4709.26/evm.utg4907.69/evm.utg5578.4/evm.utg6806.23/evm.utg6958.34/evm.utg7680.15/evm.utg7931.6/evm.utg7931.7/evm.utg7931.8/utg7950.equina_smart_1791395.mrna2/evm.utg9668.1/evm.utg9668.2/evm.utg14876.8/evm.utg20618.1/evm.utg21766.5/evm.utg27651.3/evm.utg32107.9/evm.utg53426.4/evm.utg97204.6/evm.utg139908.2/evm.utg139908.3","evm.utg356.157",-0.705827267410455,"ORA"
"99","salinity_only","molecular_functions","oxidoreductase activity","GO:0016491","oxidoreductase activity",0.00043333833368201,"evm.utg4.53/evm.utg78.33/evm.utg101.99/evm.utg116.1/evm.utg116.119/evm.utg116.121/evm.utg160.25/evm.utg172.138/evm.utg194.22/evm.utg239.19/evm.utg243.6/evm.utg301.18/evm.utg307.15/evm.utg324.97/evm.utg348.6/evm.utg356.157/evm.utg411.144/evm.utg413.52/evm.utg415.26/evm.utg438.23/evm.utg467.6/evm.utg470.94/evm.utg479.117/evm.utg498.7/evm.utg526.25/evm.utg532.16/evm.utg597.25/utg700.equina_smart_1421472.mrna1/utg700.equina_smart_1421475.mrna1/evm.utg729.130/evm.utg788.37/evm.utg790.58/evm.utg801.94/evm.utg844.8/evm.utg868.107/evm.utg868.108/evm.utg989.21/evm.utg992.14/evm.utg1005.73/evm.utg1221.19/evm.utg1243.2/evm.utg1355.25/evm.utg1396.13/evm.utg1455.33/evm.utg1455.34/evm.utg1708.37/evm.utg1910.39/evm.utg1910.64/evm.utg1972.1/evm.utg2007.16/evm.utg2417.41/evm.utg2674.7/evm.utg3019.11/evm.utg3019.12/evm.utg3158.43/evm.utg3201.13/evm.utg3380.9/evm.utg3499.4/evm.utg3499.7/evm.utg3499.9/evm.utg3499.10/evm.utg3550.12/evm.utg3753.16/evm.utg3839.96/evm.utg4155.26/evm.utg4155.27/evm.utg4326.30/evm.utg4709.19/evm.utg4709.26/evm.utg4907.69/evm.utg5578.4/evm.utg6806.23/evm.utg6958.34/evm.utg7680.15/evm.utg7931.6/evm.utg7931.7/evm.utg7931.8/utg7950.equina_smart_1791395.mrna2/evm.utg9668.1/evm.utg9668.2/evm.utg14876.8/evm.utg20618.1/evm.utg21766.5/evm.utg27651.3/evm.utg32107.9/evm.utg53426.4/evm.utg97204.6/evm.utg139908.2/evm.utg139908.3","evm.utg411.144",-0.979037422366036,"ORA"
"100","salinity_only","molecular_functions","oxidoreductase activity","GO:0016491","oxidoreductase activity",0.00043333833368201,"evm.utg4.53/evm.utg78.33/evm.utg101.99/evm.utg116.1/evm.utg116.119/evm.utg116.121/evm.utg160.25/evm.utg172.138/evm.utg194.22/evm.utg239.19/evm.utg243.6/evm.utg301.18/evm.utg307.15/evm.utg324.97/evm.utg348.6/evm.utg356.157/evm.utg411.144/evm.utg413.52/evm.utg415.26/evm.utg438.23/evm.utg467.6/evm.utg470.94/evm.utg479.117/evm.utg498.7/evm.utg526.25/evm.utg532.16/evm.utg597.25/utg700.equina_smart_1421472.mrna1/utg700.equina_smart_1421475.mrna1/evm.utg729.130/evm.utg788.37/evm.utg790.58/evm.utg801.94/evm.utg844.8/evm.utg868.107/evm.utg868.108/evm.utg989.21/evm.utg992.14/evm.utg1005.73/evm.utg1221.19/evm.utg1243.2/evm.utg1355.25/evm.utg1396.13/evm.utg1455.33/evm.utg1455.34/evm.utg1708.37/evm.utg1910.39/evm.utg1910.64/evm.utg1972.1/evm.utg2007.16/evm.utg2417.41/evm.utg2674.7/evm.utg3019.11/evm.utg3019.12/evm.utg3158.43/evm.utg3201.13/evm.utg3380.9/evm.utg3499.4/evm.utg3499.7/evm.utg3499.9/evm.utg3499.10/evm.utg3550.12/evm.utg3753.16/evm.utg3839.96/evm.utg4155.26/evm.utg4155.27/evm.utg4326.30/evm.utg4709.19/evm.utg4709.26/evm.utg4907.69/evm.utg5578.4/evm.utg6806.23/evm.utg6958.34/evm.utg7680.15/evm.utg7931.6/evm.utg7931.7/evm.utg7931.8/utg7950.equina_smart_1791395.mrna2/evm.utg9668.1/evm.utg9668.2/evm.utg14876.8/evm.utg20618.1/evm.utg21766.5/evm.utg27651.3/evm.utg32107.9/evm.utg53426.4/evm.utg97204.6/evm.utg139908.2/evm.utg139908.3","evm.utg413.52",-1.01279484377541,"ORA"
"101","salinity_only","molecular_functions","oxidoreductase activity","GO:0016491","oxidoreductase activity",0.00043333833368201,"evm.utg4.53/evm.utg78.33/evm.utg101.99/evm.utg116.1/evm.utg116.119/evm.utg116.121/evm.utg160.25/evm.utg172.138/evm.utg194.22/evm.utg239.19/evm.utg243.6/evm.utg301.18/evm.utg307.15/evm.utg324.97/evm.utg348.6/evm.utg356.157/evm.utg411.144/evm.utg413.52/evm.utg415.26/evm.utg438.23/evm.utg467.6/evm.utg470.94/evm.utg479.117/evm.utg498.7/evm.utg526.25/evm.utg532.16/evm.utg597.25/utg700.equina_smart_1421472.mrna1/utg700.equina_smart_1421475.mrna1/evm.utg729.130/evm.utg788.37/evm.utg790.58/evm.utg801.94/evm.utg844.8/evm.utg868.107/evm.utg868.108/evm.utg989.21/evm.utg992.14/evm.utg1005.73/evm.utg1221.19/evm.utg1243.2/evm.utg1355.25/evm.utg1396.13/evm.utg1455.33/evm.utg1455.34/evm.utg1708.37/evm.utg1910.39/evm.utg1910.64/evm.utg1972.1/evm.utg2007.16/evm.utg2417.41/evm.utg2674.7/evm.utg3019.11/evm.utg3019.12/evm.utg3158.43/evm.utg3201.13/evm.utg3380.9/evm.utg3499.4/evm.utg3499.7/evm.utg3499.9/evm.utg3499.10/evm.utg3550.12/evm.utg3753.16/evm.utg3839.96/evm.utg4155.26/evm.utg4155.27/evm.utg4326.30/evm.utg4709.19/evm.utg4709.26/evm.utg4907.69/evm.utg5578.4/evm.utg6806.23/evm.utg6958.34/evm.utg7680.15/evm.utg7931.6/evm.utg7931.7/evm.utg7931.8/utg7950.equina_smart_1791395.mrna2/evm.utg9668.1/evm.utg9668.2/evm.utg14876.8/evm.utg20618.1/evm.utg21766.5/evm.utg27651.3/evm.utg32107.9/evm.utg53426.4/evm.utg97204.6/evm.utg139908.2/evm.utg139908.3","evm.utg415.26",1.25243986780333,"ORA"
"102","salinity_only","molecular_functions","oxidoreductase activity","GO:0016491","oxidoreductase activity",0.00043333833368201,"evm.utg4.53/evm.utg78.33/evm.utg101.99/evm.utg116.1/evm.utg116.119/evm.utg116.121/evm.utg160.25/evm.utg172.138/evm.utg194.22/evm.utg239.19/evm.utg243.6/evm.utg301.18/evm.utg307.15/evm.utg324.97/evm.utg348.6/evm.utg356.157/evm.utg411.144/evm.utg413.52/evm.utg415.26/evm.utg438.23/evm.utg467.6/evm.utg470.94/evm.utg479.117/evm.utg498.7/evm.utg526.25/evm.utg532.16/evm.utg597.25/utg700.equina_smart_1421472.mrna1/utg700.equina_smart_1421475.mrna1/evm.utg729.130/evm.utg788.37/evm.utg790.58/evm.utg801.94/evm.utg844.8/evm.utg868.107/evm.utg868.108/evm.utg989.21/evm.utg992.14/evm.utg1005.73/evm.utg1221.19/evm.utg1243.2/evm.utg1355.25/evm.utg1396.13/evm.utg1455.33/evm.utg1455.34/evm.utg1708.37/evm.utg1910.39/evm.utg1910.64/evm.utg1972.1/evm.utg2007.16/evm.utg2417.41/evm.utg2674.7/evm.utg3019.11/evm.utg3019.12/evm.utg3158.43/evm.utg3201.13/evm.utg3380.9/evm.utg3499.4/evm.utg3499.7/evm.utg3499.9/evm.utg3499.10/evm.utg3550.12/evm.utg3753.16/evm.utg3839.96/evm.utg4155.26/evm.utg4155.27/evm.utg4326.30/evm.utg4709.19/evm.utg4709.26/evm.utg4907.69/evm.utg5578.4/evm.utg6806.23/evm.utg6958.34/evm.utg7680.15/evm.utg7931.6/evm.utg7931.7/evm.utg7931.8/utg7950.equina_smart_1791395.mrna2/evm.utg9668.1/evm.utg9668.2/evm.utg14876.8/evm.utg20618.1/evm.utg21766.5/evm.utg27651.3/evm.utg32107.9/evm.utg53426.4/evm.utg97204.6/evm.utg139908.2/evm.utg139908.3","evm.utg438.23",-1.21198184842936,"ORA"
"103","salinity_only","molecular_functions","oxidoreductase activity","GO:0016491","oxidoreductase activity",0.00043333833368201,"evm.utg4.53/evm.utg78.33/evm.utg101.99/evm.utg116.1/evm.utg116.119/evm.utg116.121/evm.utg160.25/evm.utg172.138/evm.utg194.22/evm.utg239.19/evm.utg243.6/evm.utg301.18/evm.utg307.15/evm.utg324.97/evm.utg348.6/evm.utg356.157/evm.utg411.144/evm.utg413.52/evm.utg415.26/evm.utg438.23/evm.utg467.6/evm.utg470.94/evm.utg479.117/evm.utg498.7/evm.utg526.25/evm.utg532.16/evm.utg597.25/utg700.equina_smart_1421472.mrna1/utg700.equina_smart_1421475.mrna1/evm.utg729.130/evm.utg788.37/evm.utg790.58/evm.utg801.94/evm.utg844.8/evm.utg868.107/evm.utg868.108/evm.utg989.21/evm.utg992.14/evm.utg1005.73/evm.utg1221.19/evm.utg1243.2/evm.utg1355.25/evm.utg1396.13/evm.utg1455.33/evm.utg1455.34/evm.utg1708.37/evm.utg1910.39/evm.utg1910.64/evm.utg1972.1/evm.utg2007.16/evm.utg2417.41/evm.utg2674.7/evm.utg3019.11/evm.utg3019.12/evm.utg3158.43/evm.utg3201.13/evm.utg3380.9/evm.utg3499.4/evm.utg3499.7/evm.utg3499.9/evm.utg3499.10/evm.utg3550.12/evm.utg3753.16/evm.utg3839.96/evm.utg4155.26/evm.utg4155.27/evm.utg4326.30/evm.utg4709.19/evm.utg4709.26/evm.utg4907.69/evm.utg5578.4/evm.utg6806.23/evm.utg6958.34/evm.utg7680.15/evm.utg7931.6/evm.utg7931.7/evm.utg7931.8/utg7950.equina_smart_1791395.mrna2/evm.utg9668.1/evm.utg9668.2/evm.utg14876.8/evm.utg20618.1/evm.utg21766.5/evm.utg27651.3/evm.utg32107.9/evm.utg53426.4/evm.utg97204.6/evm.utg139908.2/evm.utg139908.3","evm.utg467.6",-0.841595989328643,"ORA"
"104","salinity_only","molecular_functions","oxidoreductase activity","GO:0016491","oxidoreductase activity",0.00043333833368201,"evm.utg4.53/evm.utg78.33/evm.utg101.99/evm.utg116.1/evm.utg116.119/evm.utg116.121/evm.utg160.25/evm.utg172.138/evm.utg194.22/evm.utg239.19/evm.utg243.6/evm.utg301.18/evm.utg307.15/evm.utg324.97/evm.utg348.6/evm.utg356.157/evm.utg411.144/evm.utg413.52/evm.utg415.26/evm.utg438.23/evm.utg467.6/evm.utg470.94/evm.utg479.117/evm.utg498.7/evm.utg526.25/evm.utg532.16/evm.utg597.25/utg700.equina_smart_1421472.mrna1/utg700.equina_smart_1421475.mrna1/evm.utg729.130/evm.utg788.37/evm.utg790.58/evm.utg801.94/evm.utg844.8/evm.utg868.107/evm.utg868.108/evm.utg989.21/evm.utg992.14/evm.utg1005.73/evm.utg1221.19/evm.utg1243.2/evm.utg1355.25/evm.utg1396.13/evm.utg1455.33/evm.utg1455.34/evm.utg1708.37/evm.utg1910.39/evm.utg1910.64/evm.utg1972.1/evm.utg2007.16/evm.utg2417.41/evm.utg2674.7/evm.utg3019.11/evm.utg3019.12/evm.utg3158.43/evm.utg3201.13/evm.utg3380.9/evm.utg3499.4/evm.utg3499.7/evm.utg3499.9/evm.utg3499.10/evm.utg3550.12/evm.utg3753.16/evm.utg3839.96/evm.utg4155.26/evm.utg4155.27/evm.utg4326.30/evm.utg4709.19/evm.utg4709.26/evm.utg4907.69/evm.utg5578.4/evm.utg6806.23/evm.utg6958.34/evm.utg7680.15/evm.utg7931.6/evm.utg7931.7/evm.utg7931.8/utg7950.equina_smart_1791395.mrna2/evm.utg9668.1/evm.utg9668.2/evm.utg14876.8/evm.utg20618.1/evm.utg21766.5/evm.utg27651.3/evm.utg32107.9/evm.utg53426.4/evm.utg97204.6/evm.utg139908.2/evm.utg139908.3","evm.utg470.94",-0.926354999632952,"ORA"
"105","salinity_only","molecular_functions","oxidoreductase activity","GO:0016491","oxidoreductase activity",0.00043333833368201,"evm.utg4.53/evm.utg78.33/evm.utg101.99/evm.utg116.1/evm.utg116.119/evm.utg116.121/evm.utg160.25/evm.utg172.138/evm.utg194.22/evm.utg239.19/evm.utg243.6/evm.utg301.18/evm.utg307.15/evm.utg324.97/evm.utg348.6/evm.utg356.157/evm.utg411.144/evm.utg413.52/evm.utg415.26/evm.utg438.23/evm.utg467.6/evm.utg470.94/evm.utg479.117/evm.utg498.7/evm.utg526.25/evm.utg532.16/evm.utg597.25/utg700.equina_smart_1421472.mrna1/utg700.equina_smart_1421475.mrna1/evm.utg729.130/evm.utg788.37/evm.utg790.58/evm.utg801.94/evm.utg844.8/evm.utg868.107/evm.utg868.108/evm.utg989.21/evm.utg992.14/evm.utg1005.73/evm.utg1221.19/evm.utg1243.2/evm.utg1355.25/evm.utg1396.13/evm.utg1455.33/evm.utg1455.34/evm.utg1708.37/evm.utg1910.39/evm.utg1910.64/evm.utg1972.1/evm.utg2007.16/evm.utg2417.41/evm.utg2674.7/evm.utg3019.11/evm.utg3019.12/evm.utg3158.43/evm.utg3201.13/evm.utg3380.9/evm.utg3499.4/evm.utg3499.7/evm.utg3499.9/evm.utg3499.10/evm.utg3550.12/evm.utg3753.16/evm.utg3839.96/evm.utg4155.26/evm.utg4155.27/evm.utg4326.30/evm.utg4709.19/evm.utg4709.26/evm.utg4907.69/evm.utg5578.4/evm.utg6806.23/evm.utg6958.34/evm.utg7680.15/evm.utg7931.6/evm.utg7931.7/evm.utg7931.8/utg7950.equina_smart_1791395.mrna2/evm.utg9668.1/evm.utg9668.2/evm.utg14876.8/evm.utg20618.1/evm.utg21766.5/evm.utg27651.3/evm.utg32107.9/evm.utg53426.4/evm.utg97204.6/evm.utg139908.2/evm.utg139908.3","evm.utg479.117",1.84162031412456,"ORA"
"106","salinity_only","molecular_functions","oxidoreductase activity","GO:0016491","oxidoreductase activity",0.00043333833368201,"evm.utg4.53/evm.utg78.33/evm.utg101.99/evm.utg116.1/evm.utg116.119/evm.utg116.121/evm.utg160.25/evm.utg172.138/evm.utg194.22/evm.utg239.19/evm.utg243.6/evm.utg301.18/evm.utg307.15/evm.utg324.97/evm.utg348.6/evm.utg356.157/evm.utg411.144/evm.utg413.52/evm.utg415.26/evm.utg438.23/evm.utg467.6/evm.utg470.94/evm.utg479.117/evm.utg498.7/evm.utg526.25/evm.utg532.16/evm.utg597.25/utg700.equina_smart_1421472.mrna1/utg700.equina_smart_1421475.mrna1/evm.utg729.130/evm.utg788.37/evm.utg790.58/evm.utg801.94/evm.utg844.8/evm.utg868.107/evm.utg868.108/evm.utg989.21/evm.utg992.14/evm.utg1005.73/evm.utg1221.19/evm.utg1243.2/evm.utg1355.25/evm.utg1396.13/evm.utg1455.33/evm.utg1455.34/evm.utg1708.37/evm.utg1910.39/evm.utg1910.64/evm.utg1972.1/evm.utg2007.16/evm.utg2417.41/evm.utg2674.7/evm.utg3019.11/evm.utg3019.12/evm.utg3158.43/evm.utg3201.13/evm.utg3380.9/evm.utg3499.4/evm.utg3499.7/evm.utg3499.9/evm.utg3499.10/evm.utg3550.12/evm.utg3753.16/evm.utg3839.96/evm.utg4155.26/evm.utg4155.27/evm.utg4326.30/evm.utg4709.19/evm.utg4709.26/evm.utg4907.69/evm.utg5578.4/evm.utg6806.23/evm.utg6958.34/evm.utg7680.15/evm.utg7931.6/evm.utg7931.7/evm.utg7931.8/utg7950.equina_smart_1791395.mrna2/evm.utg9668.1/evm.utg9668.2/evm.utg14876.8/evm.utg20618.1/evm.utg21766.5/evm.utg27651.3/evm.utg32107.9/evm.utg53426.4/evm.utg97204.6/evm.utg139908.2/evm.utg139908.3","evm.utg498.7",1.25125478403305,"ORA"
"107","salinity_only","molecular_functions","oxidoreductase activity","GO:0016491","oxidoreductase activity",0.00043333833368201,"evm.utg4.53/evm.utg78.33/evm.utg101.99/evm.utg116.1/evm.utg116.119/evm.utg116.121/evm.utg160.25/evm.utg172.138/evm.utg194.22/evm.utg239.19/evm.utg243.6/evm.utg301.18/evm.utg307.15/evm.utg324.97/evm.utg348.6/evm.utg356.157/evm.utg411.144/evm.utg413.52/evm.utg415.26/evm.utg438.23/evm.utg467.6/evm.utg470.94/evm.utg479.117/evm.utg498.7/evm.utg526.25/evm.utg532.16/evm.utg597.25/utg700.equina_smart_1421472.mrna1/utg700.equina_smart_1421475.mrna1/evm.utg729.130/evm.utg788.37/evm.utg790.58/evm.utg801.94/evm.utg844.8/evm.utg868.107/evm.utg868.108/evm.utg989.21/evm.utg992.14/evm.utg1005.73/evm.utg1221.19/evm.utg1243.2/evm.utg1355.25/evm.utg1396.13/evm.utg1455.33/evm.utg1455.34/evm.utg1708.37/evm.utg1910.39/evm.utg1910.64/evm.utg1972.1/evm.utg2007.16/evm.utg2417.41/evm.utg2674.7/evm.utg3019.11/evm.utg3019.12/evm.utg3158.43/evm.utg3201.13/evm.utg3380.9/evm.utg3499.4/evm.utg3499.7/evm.utg3499.9/evm.utg3499.10/evm.utg3550.12/evm.utg3753.16/evm.utg3839.96/evm.utg4155.26/evm.utg4155.27/evm.utg4326.30/evm.utg4709.19/evm.utg4709.26/evm.utg4907.69/evm.utg5578.4/evm.utg6806.23/evm.utg6958.34/evm.utg7680.15/evm.utg7931.6/evm.utg7931.7/evm.utg7931.8/utg7950.equina_smart_1791395.mrna2/evm.utg9668.1/evm.utg9668.2/evm.utg14876.8/evm.utg20618.1/evm.utg21766.5/evm.utg27651.3/evm.utg32107.9/evm.utg53426.4/evm.utg97204.6/evm.utg139908.2/evm.utg139908.3","evm.utg526.25",1.14929498861274,"ORA"
"108","salinity_only","molecular_functions","oxidoreductase activity","GO:0016491","oxidoreductase activity",0.00043333833368201,"evm.utg4.53/evm.utg78.33/evm.utg101.99/evm.utg116.1/evm.utg116.119/evm.utg116.121/evm.utg160.25/evm.utg172.138/evm.utg194.22/evm.utg239.19/evm.utg243.6/evm.utg301.18/evm.utg307.15/evm.utg324.97/evm.utg348.6/evm.utg356.157/evm.utg411.144/evm.utg413.52/evm.utg415.26/evm.utg438.23/evm.utg467.6/evm.utg470.94/evm.utg479.117/evm.utg498.7/evm.utg526.25/evm.utg532.16/evm.utg597.25/utg700.equina_smart_1421472.mrna1/utg700.equina_smart_1421475.mrna1/evm.utg729.130/evm.utg788.37/evm.utg790.58/evm.utg801.94/evm.utg844.8/evm.utg868.107/evm.utg868.108/evm.utg989.21/evm.utg992.14/evm.utg1005.73/evm.utg1221.19/evm.utg1243.2/evm.utg1355.25/evm.utg1396.13/evm.utg1455.33/evm.utg1455.34/evm.utg1708.37/evm.utg1910.39/evm.utg1910.64/evm.utg1972.1/evm.utg2007.16/evm.utg2417.41/evm.utg2674.7/evm.utg3019.11/evm.utg3019.12/evm.utg3158.43/evm.utg3201.13/evm.utg3380.9/evm.utg3499.4/evm.utg3499.7/evm.utg3499.9/evm.utg3499.10/evm.utg3550.12/evm.utg3753.16/evm.utg3839.96/evm.utg4155.26/evm.utg4155.27/evm.utg4326.30/evm.utg4709.19/evm.utg4709.26/evm.utg4907.69/evm.utg5578.4/evm.utg6806.23/evm.utg6958.34/evm.utg7680.15/evm.utg7931.6/evm.utg7931.7/evm.utg7931.8/utg7950.equina_smart_1791395.mrna2/evm.utg9668.1/evm.utg9668.2/evm.utg14876.8/evm.utg20618.1/evm.utg21766.5/evm.utg27651.3/evm.utg32107.9/evm.utg53426.4/evm.utg97204.6/evm.utg139908.2/evm.utg139908.3","evm.utg532.16",-1.35539808628231,"ORA"
"109","salinity_only","molecular_functions","oxidoreductase activity","GO:0016491","oxidoreductase activity",0.00043333833368201,"evm.utg4.53/evm.utg78.33/evm.utg101.99/evm.utg116.1/evm.utg116.119/evm.utg116.121/evm.utg160.25/evm.utg172.138/evm.utg194.22/evm.utg239.19/evm.utg243.6/evm.utg301.18/evm.utg307.15/evm.utg324.97/evm.utg348.6/evm.utg356.157/evm.utg411.144/evm.utg413.52/evm.utg415.26/evm.utg438.23/evm.utg467.6/evm.utg470.94/evm.utg479.117/evm.utg498.7/evm.utg526.25/evm.utg532.16/evm.utg597.25/utg700.equina_smart_1421472.mrna1/utg700.equina_smart_1421475.mrna1/evm.utg729.130/evm.utg788.37/evm.utg790.58/evm.utg801.94/evm.utg844.8/evm.utg868.107/evm.utg868.108/evm.utg989.21/evm.utg992.14/evm.utg1005.73/evm.utg1221.19/evm.utg1243.2/evm.utg1355.25/evm.utg1396.13/evm.utg1455.33/evm.utg1455.34/evm.utg1708.37/evm.utg1910.39/evm.utg1910.64/evm.utg1972.1/evm.utg2007.16/evm.utg2417.41/evm.utg2674.7/evm.utg3019.11/evm.utg3019.12/evm.utg3158.43/evm.utg3201.13/evm.utg3380.9/evm.utg3499.4/evm.utg3499.7/evm.utg3499.9/evm.utg3499.10/evm.utg3550.12/evm.utg3753.16/evm.utg3839.96/evm.utg4155.26/evm.utg4155.27/evm.utg4326.30/evm.utg4709.19/evm.utg4709.26/evm.utg4907.69/evm.utg5578.4/evm.utg6806.23/evm.utg6958.34/evm.utg7680.15/evm.utg7931.6/evm.utg7931.7/evm.utg7931.8/utg7950.equina_smart_1791395.mrna2/evm.utg9668.1/evm.utg9668.2/evm.utg14876.8/evm.utg20618.1/evm.utg21766.5/evm.utg27651.3/evm.utg32107.9/evm.utg53426.4/evm.utg97204.6/evm.utg139908.2/evm.utg139908.3","evm.utg597.25",-2.24735826878985,"ORA"
"110","salinity_only","molecular_functions","oxidoreductase activity","GO:0016491","oxidoreductase activity",0.00043333833368201,"evm.utg4.53/evm.utg78.33/evm.utg101.99/evm.utg116.1/evm.utg116.119/evm.utg116.121/evm.utg160.25/evm.utg172.138/evm.utg194.22/evm.utg239.19/evm.utg243.6/evm.utg301.18/evm.utg307.15/evm.utg324.97/evm.utg348.6/evm.utg356.157/evm.utg411.144/evm.utg413.52/evm.utg415.26/evm.utg438.23/evm.utg467.6/evm.utg470.94/evm.utg479.117/evm.utg498.7/evm.utg526.25/evm.utg532.16/evm.utg597.25/utg700.equina_smart_1421472.mrna1/utg700.equina_smart_1421475.mrna1/evm.utg729.130/evm.utg788.37/evm.utg790.58/evm.utg801.94/evm.utg844.8/evm.utg868.107/evm.utg868.108/evm.utg989.21/evm.utg992.14/evm.utg1005.73/evm.utg1221.19/evm.utg1243.2/evm.utg1355.25/evm.utg1396.13/evm.utg1455.33/evm.utg1455.34/evm.utg1708.37/evm.utg1910.39/evm.utg1910.64/evm.utg1972.1/evm.utg2007.16/evm.utg2417.41/evm.utg2674.7/evm.utg3019.11/evm.utg3019.12/evm.utg3158.43/evm.utg3201.13/evm.utg3380.9/evm.utg3499.4/evm.utg3499.7/evm.utg3499.9/evm.utg3499.10/evm.utg3550.12/evm.utg3753.16/evm.utg3839.96/evm.utg4155.26/evm.utg4155.27/evm.utg4326.30/evm.utg4709.19/evm.utg4709.26/evm.utg4907.69/evm.utg5578.4/evm.utg6806.23/evm.utg6958.34/evm.utg7680.15/evm.utg7931.6/evm.utg7931.7/evm.utg7931.8/utg7950.equina_smart_1791395.mrna2/evm.utg9668.1/evm.utg9668.2/evm.utg14876.8/evm.utg20618.1/evm.utg21766.5/evm.utg27651.3/evm.utg32107.9/evm.utg53426.4/evm.utg97204.6/evm.utg139908.2/evm.utg139908.3","utg700.equina_smart_1421472.mrna1",-3.78415125981809,"ORA"
"111","salinity_only","molecular_functions","oxidoreductase activity","GO:0016491","oxidoreductase activity",0.00043333833368201,"evm.utg4.53/evm.utg78.33/evm.utg101.99/evm.utg116.1/evm.utg116.119/evm.utg116.121/evm.utg160.25/evm.utg172.138/evm.utg194.22/evm.utg239.19/evm.utg243.6/evm.utg301.18/evm.utg307.15/evm.utg324.97/evm.utg348.6/evm.utg356.157/evm.utg411.144/evm.utg413.52/evm.utg415.26/evm.utg438.23/evm.utg467.6/evm.utg470.94/evm.utg479.117/evm.utg498.7/evm.utg526.25/evm.utg532.16/evm.utg597.25/utg700.equina_smart_1421472.mrna1/utg700.equina_smart_1421475.mrna1/evm.utg729.130/evm.utg788.37/evm.utg790.58/evm.utg801.94/evm.utg844.8/evm.utg868.107/evm.utg868.108/evm.utg989.21/evm.utg992.14/evm.utg1005.73/evm.utg1221.19/evm.utg1243.2/evm.utg1355.25/evm.utg1396.13/evm.utg1455.33/evm.utg1455.34/evm.utg1708.37/evm.utg1910.39/evm.utg1910.64/evm.utg1972.1/evm.utg2007.16/evm.utg2417.41/evm.utg2674.7/evm.utg3019.11/evm.utg3019.12/evm.utg3158.43/evm.utg3201.13/evm.utg3380.9/evm.utg3499.4/evm.utg3499.7/evm.utg3499.9/evm.utg3499.10/evm.utg3550.12/evm.utg3753.16/evm.utg3839.96/evm.utg4155.26/evm.utg4155.27/evm.utg4326.30/evm.utg4709.19/evm.utg4709.26/evm.utg4907.69/evm.utg5578.4/evm.utg6806.23/evm.utg6958.34/evm.utg7680.15/evm.utg7931.6/evm.utg7931.7/evm.utg7931.8/utg7950.equina_smart_1791395.mrna2/evm.utg9668.1/evm.utg9668.2/evm.utg14876.8/evm.utg20618.1/evm.utg21766.5/evm.utg27651.3/evm.utg32107.9/evm.utg53426.4/evm.utg97204.6/evm.utg139908.2/evm.utg139908.3","utg700.equina_smart_1421475.mrna1",-2.22595092517164,"ORA"
"112","salinity_only","molecular_functions","oxidoreductase activity","GO:0016491","oxidoreductase activity",0.00043333833368201,"evm.utg4.53/evm.utg78.33/evm.utg101.99/evm.utg116.1/evm.utg116.119/evm.utg116.121/evm.utg160.25/evm.utg172.138/evm.utg194.22/evm.utg239.19/evm.utg243.6/evm.utg301.18/evm.utg307.15/evm.utg324.97/evm.utg348.6/evm.utg356.157/evm.utg411.144/evm.utg413.52/evm.utg415.26/evm.utg438.23/evm.utg467.6/evm.utg470.94/evm.utg479.117/evm.utg498.7/evm.utg526.25/evm.utg532.16/evm.utg597.25/utg700.equina_smart_1421472.mrna1/utg700.equina_smart_1421475.mrna1/evm.utg729.130/evm.utg788.37/evm.utg790.58/evm.utg801.94/evm.utg844.8/evm.utg868.107/evm.utg868.108/evm.utg989.21/evm.utg992.14/evm.utg1005.73/evm.utg1221.19/evm.utg1243.2/evm.utg1355.25/evm.utg1396.13/evm.utg1455.33/evm.utg1455.34/evm.utg1708.37/evm.utg1910.39/evm.utg1910.64/evm.utg1972.1/evm.utg2007.16/evm.utg2417.41/evm.utg2674.7/evm.utg3019.11/evm.utg3019.12/evm.utg3158.43/evm.utg3201.13/evm.utg3380.9/evm.utg3499.4/evm.utg3499.7/evm.utg3499.9/evm.utg3499.10/evm.utg3550.12/evm.utg3753.16/evm.utg3839.96/evm.utg4155.26/evm.utg4155.27/evm.utg4326.30/evm.utg4709.19/evm.utg4709.26/evm.utg4907.69/evm.utg5578.4/evm.utg6806.23/evm.utg6958.34/evm.utg7680.15/evm.utg7931.6/evm.utg7931.7/evm.utg7931.8/utg7950.equina_smart_1791395.mrna2/evm.utg9668.1/evm.utg9668.2/evm.utg14876.8/evm.utg20618.1/evm.utg21766.5/evm.utg27651.3/evm.utg32107.9/evm.utg53426.4/evm.utg97204.6/evm.utg139908.2/evm.utg139908.3","evm.utg729.130",-1.59890738699228,"ORA"
"113","salinity_only","molecular_functions","oxidoreductase activity","GO:0016491","oxidoreductase activity",0.00043333833368201,"evm.utg4.53/evm.utg78.33/evm.utg101.99/evm.utg116.1/evm.utg116.119/evm.utg116.121/evm.utg160.25/evm.utg172.138/evm.utg194.22/evm.utg239.19/evm.utg243.6/evm.utg301.18/evm.utg307.15/evm.utg324.97/evm.utg348.6/evm.utg356.157/evm.utg411.144/evm.utg413.52/evm.utg415.26/evm.utg438.23/evm.utg467.6/evm.utg470.94/evm.utg479.117/evm.utg498.7/evm.utg526.25/evm.utg532.16/evm.utg597.25/utg700.equina_smart_1421472.mrna1/utg700.equina_smart_1421475.mrna1/evm.utg729.130/evm.utg788.37/evm.utg790.58/evm.utg801.94/evm.utg844.8/evm.utg868.107/evm.utg868.108/evm.utg989.21/evm.utg992.14/evm.utg1005.73/evm.utg1221.19/evm.utg1243.2/evm.utg1355.25/evm.utg1396.13/evm.utg1455.33/evm.utg1455.34/evm.utg1708.37/evm.utg1910.39/evm.utg1910.64/evm.utg1972.1/evm.utg2007.16/evm.utg2417.41/evm.utg2674.7/evm.utg3019.11/evm.utg3019.12/evm.utg3158.43/evm.utg3201.13/evm.utg3380.9/evm.utg3499.4/evm.utg3499.7/evm.utg3499.9/evm.utg3499.10/evm.utg3550.12/evm.utg3753.16/evm.utg3839.96/evm.utg4155.26/evm.utg4155.27/evm.utg4326.30/evm.utg4709.19/evm.utg4709.26/evm.utg4907.69/evm.utg5578.4/evm.utg6806.23/evm.utg6958.34/evm.utg7680.15/evm.utg7931.6/evm.utg7931.7/evm.utg7931.8/utg7950.equina_smart_1791395.mrna2/evm.utg9668.1/evm.utg9668.2/evm.utg14876.8/evm.utg20618.1/evm.utg21766.5/evm.utg27651.3/evm.utg32107.9/evm.utg53426.4/evm.utg97204.6/evm.utg139908.2/evm.utg139908.3","evm.utg788.37",-0.667200371966552,"ORA"
"114","salinity_only","molecular_functions","oxidoreductase activity","GO:0016491","oxidoreductase activity",0.00043333833368201,"evm.utg4.53/evm.utg78.33/evm.utg101.99/evm.utg116.1/evm.utg116.119/evm.utg116.121/evm.utg160.25/evm.utg172.138/evm.utg194.22/evm.utg239.19/evm.utg243.6/evm.utg301.18/evm.utg307.15/evm.utg324.97/evm.utg348.6/evm.utg356.157/evm.utg411.144/evm.utg413.52/evm.utg415.26/evm.utg438.23/evm.utg467.6/evm.utg470.94/evm.utg479.117/evm.utg498.7/evm.utg526.25/evm.utg532.16/evm.utg597.25/utg700.equina_smart_1421472.mrna1/utg700.equina_smart_1421475.mrna1/evm.utg729.130/evm.utg788.37/evm.utg790.58/evm.utg801.94/evm.utg844.8/evm.utg868.107/evm.utg868.108/evm.utg989.21/evm.utg992.14/evm.utg1005.73/evm.utg1221.19/evm.utg1243.2/evm.utg1355.25/evm.utg1396.13/evm.utg1455.33/evm.utg1455.34/evm.utg1708.37/evm.utg1910.39/evm.utg1910.64/evm.utg1972.1/evm.utg2007.16/evm.utg2417.41/evm.utg2674.7/evm.utg3019.11/evm.utg3019.12/evm.utg3158.43/evm.utg3201.13/evm.utg3380.9/evm.utg3499.4/evm.utg3499.7/evm.utg3499.9/evm.utg3499.10/evm.utg3550.12/evm.utg3753.16/evm.utg3839.96/evm.utg4155.26/evm.utg4155.27/evm.utg4326.30/evm.utg4709.19/evm.utg4709.26/evm.utg4907.69/evm.utg5578.4/evm.utg6806.23/evm.utg6958.34/evm.utg7680.15/evm.utg7931.6/evm.utg7931.7/evm.utg7931.8/utg7950.equina_smart_1791395.mrna2/evm.utg9668.1/evm.utg9668.2/evm.utg14876.8/evm.utg20618.1/evm.utg21766.5/evm.utg27651.3/evm.utg32107.9/evm.utg53426.4/evm.utg97204.6/evm.utg139908.2/evm.utg139908.3","evm.utg790.58",-0.952071088950636,"ORA"
"115","salinity_only","molecular_functions","oxidoreductase activity","GO:0016491","oxidoreductase activity",0.00043333833368201,"evm.utg4.53/evm.utg78.33/evm.utg101.99/evm.utg116.1/evm.utg116.119/evm.utg116.121/evm.utg160.25/evm.utg172.138/evm.utg194.22/evm.utg239.19/evm.utg243.6/evm.utg301.18/evm.utg307.15/evm.utg324.97/evm.utg348.6/evm.utg356.157/evm.utg411.144/evm.utg413.52/evm.utg415.26/evm.utg438.23/evm.utg467.6/evm.utg470.94/evm.utg479.117/evm.utg498.7/evm.utg526.25/evm.utg532.16/evm.utg597.25/utg700.equina_smart_1421472.mrna1/utg700.equina_smart_1421475.mrna1/evm.utg729.130/evm.utg788.37/evm.utg790.58/evm.utg801.94/evm.utg844.8/evm.utg868.107/evm.utg868.108/evm.utg989.21/evm.utg992.14/evm.utg1005.73/evm.utg1221.19/evm.utg1243.2/evm.utg1355.25/evm.utg1396.13/evm.utg1455.33/evm.utg1455.34/evm.utg1708.37/evm.utg1910.39/evm.utg1910.64/evm.utg1972.1/evm.utg2007.16/evm.utg2417.41/evm.utg2674.7/evm.utg3019.11/evm.utg3019.12/evm.utg3158.43/evm.utg3201.13/evm.utg3380.9/evm.utg3499.4/evm.utg3499.7/evm.utg3499.9/evm.utg3499.10/evm.utg3550.12/evm.utg3753.16/evm.utg3839.96/evm.utg4155.26/evm.utg4155.27/evm.utg4326.30/evm.utg4709.19/evm.utg4709.26/evm.utg4907.69/evm.utg5578.4/evm.utg6806.23/evm.utg6958.34/evm.utg7680.15/evm.utg7931.6/evm.utg7931.7/evm.utg7931.8/utg7950.equina_smart_1791395.mrna2/evm.utg9668.1/evm.utg9668.2/evm.utg14876.8/evm.utg20618.1/evm.utg21766.5/evm.utg27651.3/evm.utg32107.9/evm.utg53426.4/evm.utg97204.6/evm.utg139908.2/evm.utg139908.3","evm.utg801.94",-0.637290829764587,"ORA"
"116","salinity_only","molecular_functions","oxidoreductase activity","GO:0016491","oxidoreductase activity",0.00043333833368201,"evm.utg4.53/evm.utg78.33/evm.utg101.99/evm.utg116.1/evm.utg116.119/evm.utg116.121/evm.utg160.25/evm.utg172.138/evm.utg194.22/evm.utg239.19/evm.utg243.6/evm.utg301.18/evm.utg307.15/evm.utg324.97/evm.utg348.6/evm.utg356.157/evm.utg411.144/evm.utg413.52/evm.utg415.26/evm.utg438.23/evm.utg467.6/evm.utg470.94/evm.utg479.117/evm.utg498.7/evm.utg526.25/evm.utg532.16/evm.utg597.25/utg700.equina_smart_1421472.mrna1/utg700.equina_smart_1421475.mrna1/evm.utg729.130/evm.utg788.37/evm.utg790.58/evm.utg801.94/evm.utg844.8/evm.utg868.107/evm.utg868.108/evm.utg989.21/evm.utg992.14/evm.utg1005.73/evm.utg1221.19/evm.utg1243.2/evm.utg1355.25/evm.utg1396.13/evm.utg1455.33/evm.utg1455.34/evm.utg1708.37/evm.utg1910.39/evm.utg1910.64/evm.utg1972.1/evm.utg2007.16/evm.utg2417.41/evm.utg2674.7/evm.utg3019.11/evm.utg3019.12/evm.utg3158.43/evm.utg3201.13/evm.utg3380.9/evm.utg3499.4/evm.utg3499.7/evm.utg3499.9/evm.utg3499.10/evm.utg3550.12/evm.utg3753.16/evm.utg3839.96/evm.utg4155.26/evm.utg4155.27/evm.utg4326.30/evm.utg4709.19/evm.utg4709.26/evm.utg4907.69/evm.utg5578.4/evm.utg6806.23/evm.utg6958.34/evm.utg7680.15/evm.utg7931.6/evm.utg7931.7/evm.utg7931.8/utg7950.equina_smart_1791395.mrna2/evm.utg9668.1/evm.utg9668.2/evm.utg14876.8/evm.utg20618.1/evm.utg21766.5/evm.utg27651.3/evm.utg32107.9/evm.utg53426.4/evm.utg97204.6/evm.utg139908.2/evm.utg139908.3","evm.utg844.8",-1.05308378064573,"ORA"
"117","salinity_only","molecular_functions","oxidoreductase activity","GO:0016491","oxidoreductase activity",0.00043333833368201,"evm.utg4.53/evm.utg78.33/evm.utg101.99/evm.utg116.1/evm.utg116.119/evm.utg116.121/evm.utg160.25/evm.utg172.138/evm.utg194.22/evm.utg239.19/evm.utg243.6/evm.utg301.18/evm.utg307.15/evm.utg324.97/evm.utg348.6/evm.utg356.157/evm.utg411.144/evm.utg413.52/evm.utg415.26/evm.utg438.23/evm.utg467.6/evm.utg470.94/evm.utg479.117/evm.utg498.7/evm.utg526.25/evm.utg532.16/evm.utg597.25/utg700.equina_smart_1421472.mrna1/utg700.equina_smart_1421475.mrna1/evm.utg729.130/evm.utg788.37/evm.utg790.58/evm.utg801.94/evm.utg844.8/evm.utg868.107/evm.utg868.108/evm.utg989.21/evm.utg992.14/evm.utg1005.73/evm.utg1221.19/evm.utg1243.2/evm.utg1355.25/evm.utg1396.13/evm.utg1455.33/evm.utg1455.34/evm.utg1708.37/evm.utg1910.39/evm.utg1910.64/evm.utg1972.1/evm.utg2007.16/evm.utg2417.41/evm.utg2674.7/evm.utg3019.11/evm.utg3019.12/evm.utg3158.43/evm.utg3201.13/evm.utg3380.9/evm.utg3499.4/evm.utg3499.7/evm.utg3499.9/evm.utg3499.10/evm.utg3550.12/evm.utg3753.16/evm.utg3839.96/evm.utg4155.26/evm.utg4155.27/evm.utg4326.30/evm.utg4709.19/evm.utg4709.26/evm.utg4907.69/evm.utg5578.4/evm.utg6806.23/evm.utg6958.34/evm.utg7680.15/evm.utg7931.6/evm.utg7931.7/evm.utg7931.8/utg7950.equina_smart_1791395.mrna2/evm.utg9668.1/evm.utg9668.2/evm.utg14876.8/evm.utg20618.1/evm.utg21766.5/evm.utg27651.3/evm.utg32107.9/evm.utg53426.4/evm.utg97204.6/evm.utg139908.2/evm.utg139908.3","evm.utg868.107",1.18267836281605,"ORA"
"118","salinity_only","molecular_functions","oxidoreductase activity","GO:0016491","oxidoreductase activity",0.00043333833368201,"evm.utg4.53/evm.utg78.33/evm.utg101.99/evm.utg116.1/evm.utg116.119/evm.utg116.121/evm.utg160.25/evm.utg172.138/evm.utg194.22/evm.utg239.19/evm.utg243.6/evm.utg301.18/evm.utg307.15/evm.utg324.97/evm.utg348.6/evm.utg356.157/evm.utg411.144/evm.utg413.52/evm.utg415.26/evm.utg438.23/evm.utg467.6/evm.utg470.94/evm.utg479.117/evm.utg498.7/evm.utg526.25/evm.utg532.16/evm.utg597.25/utg700.equina_smart_1421472.mrna1/utg700.equina_smart_1421475.mrna1/evm.utg729.130/evm.utg788.37/evm.utg790.58/evm.utg801.94/evm.utg844.8/evm.utg868.107/evm.utg868.108/evm.utg989.21/evm.utg992.14/evm.utg1005.73/evm.utg1221.19/evm.utg1243.2/evm.utg1355.25/evm.utg1396.13/evm.utg1455.33/evm.utg1455.34/evm.utg1708.37/evm.utg1910.39/evm.utg1910.64/evm.utg1972.1/evm.utg2007.16/evm.utg2417.41/evm.utg2674.7/evm.utg3019.11/evm.utg3019.12/evm.utg3158.43/evm.utg3201.13/evm.utg3380.9/evm.utg3499.4/evm.utg3499.7/evm.utg3499.9/evm.utg3499.10/evm.utg3550.12/evm.utg3753.16/evm.utg3839.96/evm.utg4155.26/evm.utg4155.27/evm.utg4326.30/evm.utg4709.19/evm.utg4709.26/evm.utg4907.69/evm.utg5578.4/evm.utg6806.23/evm.utg6958.34/evm.utg7680.15/evm.utg7931.6/evm.utg7931.7/evm.utg7931.8/utg7950.equina_smart_1791395.mrna2/evm.utg9668.1/evm.utg9668.2/evm.utg14876.8/evm.utg20618.1/evm.utg21766.5/evm.utg27651.3/evm.utg32107.9/evm.utg53426.4/evm.utg97204.6/evm.utg139908.2/evm.utg139908.3","evm.utg868.108",1.0156582260385,"ORA"
"119","salinity_only","molecular_functions","oxidoreductase activity","GO:0016491","oxidoreductase activity",0.00043333833368201,"evm.utg4.53/evm.utg78.33/evm.utg101.99/evm.utg116.1/evm.utg116.119/evm.utg116.121/evm.utg160.25/evm.utg172.138/evm.utg194.22/evm.utg239.19/evm.utg243.6/evm.utg301.18/evm.utg307.15/evm.utg324.97/evm.utg348.6/evm.utg356.157/evm.utg411.144/evm.utg413.52/evm.utg415.26/evm.utg438.23/evm.utg467.6/evm.utg470.94/evm.utg479.117/evm.utg498.7/evm.utg526.25/evm.utg532.16/evm.utg597.25/utg700.equina_smart_1421472.mrna1/utg700.equina_smart_1421475.mrna1/evm.utg729.130/evm.utg788.37/evm.utg790.58/evm.utg801.94/evm.utg844.8/evm.utg868.107/evm.utg868.108/evm.utg989.21/evm.utg992.14/evm.utg1005.73/evm.utg1221.19/evm.utg1243.2/evm.utg1355.25/evm.utg1396.13/evm.utg1455.33/evm.utg1455.34/evm.utg1708.37/evm.utg1910.39/evm.utg1910.64/evm.utg1972.1/evm.utg2007.16/evm.utg2417.41/evm.utg2674.7/evm.utg3019.11/evm.utg3019.12/evm.utg3158.43/evm.utg3201.13/evm.utg3380.9/evm.utg3499.4/evm.utg3499.7/evm.utg3499.9/evm.utg3499.10/evm.utg3550.12/evm.utg3753.16/evm.utg3839.96/evm.utg4155.26/evm.utg4155.27/evm.utg4326.30/evm.utg4709.19/evm.utg4709.26/evm.utg4907.69/evm.utg5578.4/evm.utg6806.23/evm.utg6958.34/evm.utg7680.15/evm.utg7931.6/evm.utg7931.7/evm.utg7931.8/utg7950.equina_smart_1791395.mrna2/evm.utg9668.1/evm.utg9668.2/evm.utg14876.8/evm.utg20618.1/evm.utg21766.5/evm.utg27651.3/evm.utg32107.9/evm.utg53426.4/evm.utg97204.6/evm.utg139908.2/evm.utg139908.3","evm.utg989.21",0.645492905679518,"ORA"
"120","salinity_only","molecular_functions","oxidoreductase activity","GO:0016491","oxidoreductase activity",0.00043333833368201,"evm.utg4.53/evm.utg78.33/evm.utg101.99/evm.utg116.1/evm.utg116.119/evm.utg116.121/evm.utg160.25/evm.utg172.138/evm.utg194.22/evm.utg239.19/evm.utg243.6/evm.utg301.18/evm.utg307.15/evm.utg324.97/evm.utg348.6/evm.utg356.157/evm.utg411.144/evm.utg413.52/evm.utg415.26/evm.utg438.23/evm.utg467.6/evm.utg470.94/evm.utg479.117/evm.utg498.7/evm.utg526.25/evm.utg532.16/evm.utg597.25/utg700.equina_smart_1421472.mrna1/utg700.equina_smart_1421475.mrna1/evm.utg729.130/evm.utg788.37/evm.utg790.58/evm.utg801.94/evm.utg844.8/evm.utg868.107/evm.utg868.108/evm.utg989.21/evm.utg992.14/evm.utg1005.73/evm.utg1221.19/evm.utg1243.2/evm.utg1355.25/evm.utg1396.13/evm.utg1455.33/evm.utg1455.34/evm.utg1708.37/evm.utg1910.39/evm.utg1910.64/evm.utg1972.1/evm.utg2007.16/evm.utg2417.41/evm.utg2674.7/evm.utg3019.11/evm.utg3019.12/evm.utg3158.43/evm.utg3201.13/evm.utg3380.9/evm.utg3499.4/evm.utg3499.7/evm.utg3499.9/evm.utg3499.10/evm.utg3550.12/evm.utg3753.16/evm.utg3839.96/evm.utg4155.26/evm.utg4155.27/evm.utg4326.30/evm.utg4709.19/evm.utg4709.26/evm.utg4907.69/evm.utg5578.4/evm.utg6806.23/evm.utg6958.34/evm.utg7680.15/evm.utg7931.6/evm.utg7931.7/evm.utg7931.8/utg7950.equina_smart_1791395.mrna2/evm.utg9668.1/evm.utg9668.2/evm.utg14876.8/evm.utg20618.1/evm.utg21766.5/evm.utg27651.3/evm.utg32107.9/evm.utg53426.4/evm.utg97204.6/evm.utg139908.2/evm.utg139908.3","evm.utg992.14",-1.99442680635202,"ORA"
"121","salinity_only","molecular_functions","oxidoreductase activity","GO:0016491","oxidoreductase activity",0.00043333833368201,"evm.utg4.53/evm.utg78.33/evm.utg101.99/evm.utg116.1/evm.utg116.119/evm.utg116.121/evm.utg160.25/evm.utg172.138/evm.utg194.22/evm.utg239.19/evm.utg243.6/evm.utg301.18/evm.utg307.15/evm.utg324.97/evm.utg348.6/evm.utg356.157/evm.utg411.144/evm.utg413.52/evm.utg415.26/evm.utg438.23/evm.utg467.6/evm.utg470.94/evm.utg479.117/evm.utg498.7/evm.utg526.25/evm.utg532.16/evm.utg597.25/utg700.equina_smart_1421472.mrna1/utg700.equina_smart_1421475.mrna1/evm.utg729.130/evm.utg788.37/evm.utg790.58/evm.utg801.94/evm.utg844.8/evm.utg868.107/evm.utg868.108/evm.utg989.21/evm.utg992.14/evm.utg1005.73/evm.utg1221.19/evm.utg1243.2/evm.utg1355.25/evm.utg1396.13/evm.utg1455.33/evm.utg1455.34/evm.utg1708.37/evm.utg1910.39/evm.utg1910.64/evm.utg1972.1/evm.utg2007.16/evm.utg2417.41/evm.utg2674.7/evm.utg3019.11/evm.utg3019.12/evm.utg3158.43/evm.utg3201.13/evm.utg3380.9/evm.utg3499.4/evm.utg3499.7/evm.utg3499.9/evm.utg3499.10/evm.utg3550.12/evm.utg3753.16/evm.utg3839.96/evm.utg4155.26/evm.utg4155.27/evm.utg4326.30/evm.utg4709.19/evm.utg4709.26/evm.utg4907.69/evm.utg5578.4/evm.utg6806.23/evm.utg6958.34/evm.utg7680.15/evm.utg7931.6/evm.utg7931.7/evm.utg7931.8/utg7950.equina_smart_1791395.mrna2/evm.utg9668.1/evm.utg9668.2/evm.utg14876.8/evm.utg20618.1/evm.utg21766.5/evm.utg27651.3/evm.utg32107.9/evm.utg53426.4/evm.utg97204.6/evm.utg139908.2/evm.utg139908.3","evm.utg1005.73",-0.916470098007867,"ORA"
"122","salinity_only","molecular_functions","oxidoreductase activity","GO:0016491","oxidoreductase activity",0.00043333833368201,"evm.utg4.53/evm.utg78.33/evm.utg101.99/evm.utg116.1/evm.utg116.119/evm.utg116.121/evm.utg160.25/evm.utg172.138/evm.utg194.22/evm.utg239.19/evm.utg243.6/evm.utg301.18/evm.utg307.15/evm.utg324.97/evm.utg348.6/evm.utg356.157/evm.utg411.144/evm.utg413.52/evm.utg415.26/evm.utg438.23/evm.utg467.6/evm.utg470.94/evm.utg479.117/evm.utg498.7/evm.utg526.25/evm.utg532.16/evm.utg597.25/utg700.equina_smart_1421472.mrna1/utg700.equina_smart_1421475.mrna1/evm.utg729.130/evm.utg788.37/evm.utg790.58/evm.utg801.94/evm.utg844.8/evm.utg868.107/evm.utg868.108/evm.utg989.21/evm.utg992.14/evm.utg1005.73/evm.utg1221.19/evm.utg1243.2/evm.utg1355.25/evm.utg1396.13/evm.utg1455.33/evm.utg1455.34/evm.utg1708.37/evm.utg1910.39/evm.utg1910.64/evm.utg1972.1/evm.utg2007.16/evm.utg2417.41/evm.utg2674.7/evm.utg3019.11/evm.utg3019.12/evm.utg3158.43/evm.utg3201.13/evm.utg3380.9/evm.utg3499.4/evm.utg3499.7/evm.utg3499.9/evm.utg3499.10/evm.utg3550.12/evm.utg3753.16/evm.utg3839.96/evm.utg4155.26/evm.utg4155.27/evm.utg4326.30/evm.utg4709.19/evm.utg4709.26/evm.utg4907.69/evm.utg5578.4/evm.utg6806.23/evm.utg6958.34/evm.utg7680.15/evm.utg7931.6/evm.utg7931.7/evm.utg7931.8/utg7950.equina_smart_1791395.mrna2/evm.utg9668.1/evm.utg9668.2/evm.utg14876.8/evm.utg20618.1/evm.utg21766.5/evm.utg27651.3/evm.utg32107.9/evm.utg53426.4/evm.utg97204.6/evm.utg139908.2/evm.utg139908.3","evm.utg1221.19",-1.35342263636235,"ORA"
"123","salinity_only","molecular_functions","oxidoreductase activity","GO:0016491","oxidoreductase activity",0.00043333833368201,"evm.utg4.53/evm.utg78.33/evm.utg101.99/evm.utg116.1/evm.utg116.119/evm.utg116.121/evm.utg160.25/evm.utg172.138/evm.utg194.22/evm.utg239.19/evm.utg243.6/evm.utg301.18/evm.utg307.15/evm.utg324.97/evm.utg348.6/evm.utg356.157/evm.utg411.144/evm.utg413.52/evm.utg415.26/evm.utg438.23/evm.utg467.6/evm.utg470.94/evm.utg479.117/evm.utg498.7/evm.utg526.25/evm.utg532.16/evm.utg597.25/utg700.equina_smart_1421472.mrna1/utg700.equina_smart_1421475.mrna1/evm.utg729.130/evm.utg788.37/evm.utg790.58/evm.utg801.94/evm.utg844.8/evm.utg868.107/evm.utg868.108/evm.utg989.21/evm.utg992.14/evm.utg1005.73/evm.utg1221.19/evm.utg1243.2/evm.utg1355.25/evm.utg1396.13/evm.utg1455.33/evm.utg1455.34/evm.utg1708.37/evm.utg1910.39/evm.utg1910.64/evm.utg1972.1/evm.utg2007.16/evm.utg2417.41/evm.utg2674.7/evm.utg3019.11/evm.utg3019.12/evm.utg3158.43/evm.utg3201.13/evm.utg3380.9/evm.utg3499.4/evm.utg3499.7/evm.utg3499.9/evm.utg3499.10/evm.utg3550.12/evm.utg3753.16/evm.utg3839.96/evm.utg4155.26/evm.utg4155.27/evm.utg4326.30/evm.utg4709.19/evm.utg4709.26/evm.utg4907.69/evm.utg5578.4/evm.utg6806.23/evm.utg6958.34/evm.utg7680.15/evm.utg7931.6/evm.utg7931.7/evm.utg7931.8/utg7950.equina_smart_1791395.mrna2/evm.utg9668.1/evm.utg9668.2/evm.utg14876.8/evm.utg20618.1/evm.utg21766.5/evm.utg27651.3/evm.utg32107.9/evm.utg53426.4/evm.utg97204.6/evm.utg139908.2/evm.utg139908.3","evm.utg1243.2",2.52409214001083,"ORA"
"124","salinity_only","molecular_functions","oxidoreductase activity","GO:0016491","oxidoreductase activity",0.00043333833368201,"evm.utg4.53/evm.utg78.33/evm.utg101.99/evm.utg116.1/evm.utg116.119/evm.utg116.121/evm.utg160.25/evm.utg172.138/evm.utg194.22/evm.utg239.19/evm.utg243.6/evm.utg301.18/evm.utg307.15/evm.utg324.97/evm.utg348.6/evm.utg356.157/evm.utg411.144/evm.utg413.52/evm.utg415.26/evm.utg438.23/evm.utg467.6/evm.utg470.94/evm.utg479.117/evm.utg498.7/evm.utg526.25/evm.utg532.16/evm.utg597.25/utg700.equina_smart_1421472.mrna1/utg700.equina_smart_1421475.mrna1/evm.utg729.130/evm.utg788.37/evm.utg790.58/evm.utg801.94/evm.utg844.8/evm.utg868.107/evm.utg868.108/evm.utg989.21/evm.utg992.14/evm.utg1005.73/evm.utg1221.19/evm.utg1243.2/evm.utg1355.25/evm.utg1396.13/evm.utg1455.33/evm.utg1455.34/evm.utg1708.37/evm.utg1910.39/evm.utg1910.64/evm.utg1972.1/evm.utg2007.16/evm.utg2417.41/evm.utg2674.7/evm.utg3019.11/evm.utg3019.12/evm.utg3158.43/evm.utg3201.13/evm.utg3380.9/evm.utg3499.4/evm.utg3499.7/evm.utg3499.9/evm.utg3499.10/evm.utg3550.12/evm.utg3753.16/evm.utg3839.96/evm.utg4155.26/evm.utg4155.27/evm.utg4326.30/evm.utg4709.19/evm.utg4709.26/evm.utg4907.69/evm.utg5578.4/evm.utg6806.23/evm.utg6958.34/evm.utg7680.15/evm.utg7931.6/evm.utg7931.7/evm.utg7931.8/utg7950.equina_smart_1791395.mrna2/evm.utg9668.1/evm.utg9668.2/evm.utg14876.8/evm.utg20618.1/evm.utg21766.5/evm.utg27651.3/evm.utg32107.9/evm.utg53426.4/evm.utg97204.6/evm.utg139908.2/evm.utg139908.3","evm.utg1355.25",-1.17039961575612,"ORA"
"125","salinity_only","molecular_functions","oxidoreductase activity","GO:0016491","oxidoreductase activity",0.00043333833368201,"evm.utg4.53/evm.utg78.33/evm.utg101.99/evm.utg116.1/evm.utg116.119/evm.utg116.121/evm.utg160.25/evm.utg172.138/evm.utg194.22/evm.utg239.19/evm.utg243.6/evm.utg301.18/evm.utg307.15/evm.utg324.97/evm.utg348.6/evm.utg356.157/evm.utg411.144/evm.utg413.52/evm.utg415.26/evm.utg438.23/evm.utg467.6/evm.utg470.94/evm.utg479.117/evm.utg498.7/evm.utg526.25/evm.utg532.16/evm.utg597.25/utg700.equina_smart_1421472.mrna1/utg700.equina_smart_1421475.mrna1/evm.utg729.130/evm.utg788.37/evm.utg790.58/evm.utg801.94/evm.utg844.8/evm.utg868.107/evm.utg868.108/evm.utg989.21/evm.utg992.14/evm.utg1005.73/evm.utg1221.19/evm.utg1243.2/evm.utg1355.25/evm.utg1396.13/evm.utg1455.33/evm.utg1455.34/evm.utg1708.37/evm.utg1910.39/evm.utg1910.64/evm.utg1972.1/evm.utg2007.16/evm.utg2417.41/evm.utg2674.7/evm.utg3019.11/evm.utg3019.12/evm.utg3158.43/evm.utg3201.13/evm.utg3380.9/evm.utg3499.4/evm.utg3499.7/evm.utg3499.9/evm.utg3499.10/evm.utg3550.12/evm.utg3753.16/evm.utg3839.96/evm.utg4155.26/evm.utg4155.27/evm.utg4326.30/evm.utg4709.19/evm.utg4709.26/evm.utg4907.69/evm.utg5578.4/evm.utg6806.23/evm.utg6958.34/evm.utg7680.15/evm.utg7931.6/evm.utg7931.7/evm.utg7931.8/utg7950.equina_smart_1791395.mrna2/evm.utg9668.1/evm.utg9668.2/evm.utg14876.8/evm.utg20618.1/evm.utg21766.5/evm.utg27651.3/evm.utg32107.9/evm.utg53426.4/evm.utg97204.6/evm.utg139908.2/evm.utg139908.3","evm.utg1396.13",0.951907862885058,"ORA"
"126","salinity_only","molecular_functions","oxidoreductase activity","GO:0016491","oxidoreductase activity",0.00043333833368201,"evm.utg4.53/evm.utg78.33/evm.utg101.99/evm.utg116.1/evm.utg116.119/evm.utg116.121/evm.utg160.25/evm.utg172.138/evm.utg194.22/evm.utg239.19/evm.utg243.6/evm.utg301.18/evm.utg307.15/evm.utg324.97/evm.utg348.6/evm.utg356.157/evm.utg411.144/evm.utg413.52/evm.utg415.26/evm.utg438.23/evm.utg467.6/evm.utg470.94/evm.utg479.117/evm.utg498.7/evm.utg526.25/evm.utg532.16/evm.utg597.25/utg700.equina_smart_1421472.mrna1/utg700.equina_smart_1421475.mrna1/evm.utg729.130/evm.utg788.37/evm.utg790.58/evm.utg801.94/evm.utg844.8/evm.utg868.107/evm.utg868.108/evm.utg989.21/evm.utg992.14/evm.utg1005.73/evm.utg1221.19/evm.utg1243.2/evm.utg1355.25/evm.utg1396.13/evm.utg1455.33/evm.utg1455.34/evm.utg1708.37/evm.utg1910.39/evm.utg1910.64/evm.utg1972.1/evm.utg2007.16/evm.utg2417.41/evm.utg2674.7/evm.utg3019.11/evm.utg3019.12/evm.utg3158.43/evm.utg3201.13/evm.utg3380.9/evm.utg3499.4/evm.utg3499.7/evm.utg3499.9/evm.utg3499.10/evm.utg3550.12/evm.utg3753.16/evm.utg3839.96/evm.utg4155.26/evm.utg4155.27/evm.utg4326.30/evm.utg4709.19/evm.utg4709.26/evm.utg4907.69/evm.utg5578.4/evm.utg6806.23/evm.utg6958.34/evm.utg7680.15/evm.utg7931.6/evm.utg7931.7/evm.utg7931.8/utg7950.equina_smart_1791395.mrna2/evm.utg9668.1/evm.utg9668.2/evm.utg14876.8/evm.utg20618.1/evm.utg21766.5/evm.utg27651.3/evm.utg32107.9/evm.utg53426.4/evm.utg97204.6/evm.utg139908.2/evm.utg139908.3","evm.utg1455.33",-2.25810564419635,"ORA"
"127","salinity_only","molecular_functions","oxidoreductase activity","GO:0016491","oxidoreductase activity",0.00043333833368201,"evm.utg4.53/evm.utg78.33/evm.utg101.99/evm.utg116.1/evm.utg116.119/evm.utg116.121/evm.utg160.25/evm.utg172.138/evm.utg194.22/evm.utg239.19/evm.utg243.6/evm.utg301.18/evm.utg307.15/evm.utg324.97/evm.utg348.6/evm.utg356.157/evm.utg411.144/evm.utg413.52/evm.utg415.26/evm.utg438.23/evm.utg467.6/evm.utg470.94/evm.utg479.117/evm.utg498.7/evm.utg526.25/evm.utg532.16/evm.utg597.25/utg700.equina_smart_1421472.mrna1/utg700.equina_smart_1421475.mrna1/evm.utg729.130/evm.utg788.37/evm.utg790.58/evm.utg801.94/evm.utg844.8/evm.utg868.107/evm.utg868.108/evm.utg989.21/evm.utg992.14/evm.utg1005.73/evm.utg1221.19/evm.utg1243.2/evm.utg1355.25/evm.utg1396.13/evm.utg1455.33/evm.utg1455.34/evm.utg1708.37/evm.utg1910.39/evm.utg1910.64/evm.utg1972.1/evm.utg2007.16/evm.utg2417.41/evm.utg2674.7/evm.utg3019.11/evm.utg3019.12/evm.utg3158.43/evm.utg3201.13/evm.utg3380.9/evm.utg3499.4/evm.utg3499.7/evm.utg3499.9/evm.utg3499.10/evm.utg3550.12/evm.utg3753.16/evm.utg3839.96/evm.utg4155.26/evm.utg4155.27/evm.utg4326.30/evm.utg4709.19/evm.utg4709.26/evm.utg4907.69/evm.utg5578.4/evm.utg6806.23/evm.utg6958.34/evm.utg7680.15/evm.utg7931.6/evm.utg7931.7/evm.utg7931.8/utg7950.equina_smart_1791395.mrna2/evm.utg9668.1/evm.utg9668.2/evm.utg14876.8/evm.utg20618.1/evm.utg21766.5/evm.utg27651.3/evm.utg32107.9/evm.utg53426.4/evm.utg97204.6/evm.utg139908.2/evm.utg139908.3","evm.utg1455.34",-7.72295011007451,"ORA"
"128","salinity_only","molecular_functions","oxidoreductase activity","GO:0016491","oxidoreductase activity",0.00043333833368201,"evm.utg4.53/evm.utg78.33/evm.utg101.99/evm.utg116.1/evm.utg116.119/evm.utg116.121/evm.utg160.25/evm.utg172.138/evm.utg194.22/evm.utg239.19/evm.utg243.6/evm.utg301.18/evm.utg307.15/evm.utg324.97/evm.utg348.6/evm.utg356.157/evm.utg411.144/evm.utg413.52/evm.utg415.26/evm.utg438.23/evm.utg467.6/evm.utg470.94/evm.utg479.117/evm.utg498.7/evm.utg526.25/evm.utg532.16/evm.utg597.25/utg700.equina_smart_1421472.mrna1/utg700.equina_smart_1421475.mrna1/evm.utg729.130/evm.utg788.37/evm.utg790.58/evm.utg801.94/evm.utg844.8/evm.utg868.107/evm.utg868.108/evm.utg989.21/evm.utg992.14/evm.utg1005.73/evm.utg1221.19/evm.utg1243.2/evm.utg1355.25/evm.utg1396.13/evm.utg1455.33/evm.utg1455.34/evm.utg1708.37/evm.utg1910.39/evm.utg1910.64/evm.utg1972.1/evm.utg2007.16/evm.utg2417.41/evm.utg2674.7/evm.utg3019.11/evm.utg3019.12/evm.utg3158.43/evm.utg3201.13/evm.utg3380.9/evm.utg3499.4/evm.utg3499.7/evm.utg3499.9/evm.utg3499.10/evm.utg3550.12/evm.utg3753.16/evm.utg3839.96/evm.utg4155.26/evm.utg4155.27/evm.utg4326.30/evm.utg4709.19/evm.utg4709.26/evm.utg4907.69/evm.utg5578.4/evm.utg6806.23/evm.utg6958.34/evm.utg7680.15/evm.utg7931.6/evm.utg7931.7/evm.utg7931.8/utg7950.equina_smart_1791395.mrna2/evm.utg9668.1/evm.utg9668.2/evm.utg14876.8/evm.utg20618.1/evm.utg21766.5/evm.utg27651.3/evm.utg32107.9/evm.utg53426.4/evm.utg97204.6/evm.utg139908.2/evm.utg139908.3","evm.utg1708.37",1.24093322889554,"ORA"
"129","salinity_only","molecular_functions","oxidoreductase activity","GO:0016491","oxidoreductase activity",0.00043333833368201,"evm.utg4.53/evm.utg78.33/evm.utg101.99/evm.utg116.1/evm.utg116.119/evm.utg116.121/evm.utg160.25/evm.utg172.138/evm.utg194.22/evm.utg239.19/evm.utg243.6/evm.utg301.18/evm.utg307.15/evm.utg324.97/evm.utg348.6/evm.utg356.157/evm.utg411.144/evm.utg413.52/evm.utg415.26/evm.utg438.23/evm.utg467.6/evm.utg470.94/evm.utg479.117/evm.utg498.7/evm.utg526.25/evm.utg532.16/evm.utg597.25/utg700.equina_smart_1421472.mrna1/utg700.equina_smart_1421475.mrna1/evm.utg729.130/evm.utg788.37/evm.utg790.58/evm.utg801.94/evm.utg844.8/evm.utg868.107/evm.utg868.108/evm.utg989.21/evm.utg992.14/evm.utg1005.73/evm.utg1221.19/evm.utg1243.2/evm.utg1355.25/evm.utg1396.13/evm.utg1455.33/evm.utg1455.34/evm.utg1708.37/evm.utg1910.39/evm.utg1910.64/evm.utg1972.1/evm.utg2007.16/evm.utg2417.41/evm.utg2674.7/evm.utg3019.11/evm.utg3019.12/evm.utg3158.43/evm.utg3201.13/evm.utg3380.9/evm.utg3499.4/evm.utg3499.7/evm.utg3499.9/evm.utg3499.10/evm.utg3550.12/evm.utg3753.16/evm.utg3839.96/evm.utg4155.26/evm.utg4155.27/evm.utg4326.30/evm.utg4709.19/evm.utg4709.26/evm.utg4907.69/evm.utg5578.4/evm.utg6806.23/evm.utg6958.34/evm.utg7680.15/evm.utg7931.6/evm.utg7931.7/evm.utg7931.8/utg7950.equina_smart_1791395.mrna2/evm.utg9668.1/evm.utg9668.2/evm.utg14876.8/evm.utg20618.1/evm.utg21766.5/evm.utg27651.3/evm.utg32107.9/evm.utg53426.4/evm.utg97204.6/evm.utg139908.2/evm.utg139908.3","evm.utg1910.39",2.83949583852176,"ORA"
"130","salinity_only","molecular_functions","oxidoreductase activity","GO:0016491","oxidoreductase activity",0.00043333833368201,"evm.utg4.53/evm.utg78.33/evm.utg101.99/evm.utg116.1/evm.utg116.119/evm.utg116.121/evm.utg160.25/evm.utg172.138/evm.utg194.22/evm.utg239.19/evm.utg243.6/evm.utg301.18/evm.utg307.15/evm.utg324.97/evm.utg348.6/evm.utg356.157/evm.utg411.144/evm.utg413.52/evm.utg415.26/evm.utg438.23/evm.utg467.6/evm.utg470.94/evm.utg479.117/evm.utg498.7/evm.utg526.25/evm.utg532.16/evm.utg597.25/utg700.equina_smart_1421472.mrna1/utg700.equina_smart_1421475.mrna1/evm.utg729.130/evm.utg788.37/evm.utg790.58/evm.utg801.94/evm.utg844.8/evm.utg868.107/evm.utg868.108/evm.utg989.21/evm.utg992.14/evm.utg1005.73/evm.utg1221.19/evm.utg1243.2/evm.utg1355.25/evm.utg1396.13/evm.utg1455.33/evm.utg1455.34/evm.utg1708.37/evm.utg1910.39/evm.utg1910.64/evm.utg1972.1/evm.utg2007.16/evm.utg2417.41/evm.utg2674.7/evm.utg3019.11/evm.utg3019.12/evm.utg3158.43/evm.utg3201.13/evm.utg3380.9/evm.utg3499.4/evm.utg3499.7/evm.utg3499.9/evm.utg3499.10/evm.utg3550.12/evm.utg3753.16/evm.utg3839.96/evm.utg4155.26/evm.utg4155.27/evm.utg4326.30/evm.utg4709.19/evm.utg4709.26/evm.utg4907.69/evm.utg5578.4/evm.utg6806.23/evm.utg6958.34/evm.utg7680.15/evm.utg7931.6/evm.utg7931.7/evm.utg7931.8/utg7950.equina_smart_1791395.mrna2/evm.utg9668.1/evm.utg9668.2/evm.utg14876.8/evm.utg20618.1/evm.utg21766.5/evm.utg27651.3/evm.utg32107.9/evm.utg53426.4/evm.utg97204.6/evm.utg139908.2/evm.utg139908.3","evm.utg1910.64",1.831751948168,"ORA"
"131","salinity_only","molecular_functions","oxidoreductase activity","GO:0016491","oxidoreductase activity",0.00043333833368201,"evm.utg4.53/evm.utg78.33/evm.utg101.99/evm.utg116.1/evm.utg116.119/evm.utg116.121/evm.utg160.25/evm.utg172.138/evm.utg194.22/evm.utg239.19/evm.utg243.6/evm.utg301.18/evm.utg307.15/evm.utg324.97/evm.utg348.6/evm.utg356.157/evm.utg411.144/evm.utg413.52/evm.utg415.26/evm.utg438.23/evm.utg467.6/evm.utg470.94/evm.utg479.117/evm.utg498.7/evm.utg526.25/evm.utg532.16/evm.utg597.25/utg700.equina_smart_1421472.mrna1/utg700.equina_smart_1421475.mrna1/evm.utg729.130/evm.utg788.37/evm.utg790.58/evm.utg801.94/evm.utg844.8/evm.utg868.107/evm.utg868.108/evm.utg989.21/evm.utg992.14/evm.utg1005.73/evm.utg1221.19/evm.utg1243.2/evm.utg1355.25/evm.utg1396.13/evm.utg1455.33/evm.utg1455.34/evm.utg1708.37/evm.utg1910.39/evm.utg1910.64/evm.utg1972.1/evm.utg2007.16/evm.utg2417.41/evm.utg2674.7/evm.utg3019.11/evm.utg3019.12/evm.utg3158.43/evm.utg3201.13/evm.utg3380.9/evm.utg3499.4/evm.utg3499.7/evm.utg3499.9/evm.utg3499.10/evm.utg3550.12/evm.utg3753.16/evm.utg3839.96/evm.utg4155.26/evm.utg4155.27/evm.utg4326.30/evm.utg4709.19/evm.utg4709.26/evm.utg4907.69/evm.utg5578.4/evm.utg6806.23/evm.utg6958.34/evm.utg7680.15/evm.utg7931.6/evm.utg7931.7/evm.utg7931.8/utg7950.equina_smart_1791395.mrna2/evm.utg9668.1/evm.utg9668.2/evm.utg14876.8/evm.utg20618.1/evm.utg21766.5/evm.utg27651.3/evm.utg32107.9/evm.utg53426.4/evm.utg97204.6/evm.utg139908.2/evm.utg139908.3","evm.utg1972.1",-0.790223135717291,"ORA"
"132","salinity_only","molecular_functions","oxidoreductase activity","GO:0016491","oxidoreductase activity",0.00043333833368201,"evm.utg4.53/evm.utg78.33/evm.utg101.99/evm.utg116.1/evm.utg116.119/evm.utg116.121/evm.utg160.25/evm.utg172.138/evm.utg194.22/evm.utg239.19/evm.utg243.6/evm.utg301.18/evm.utg307.15/evm.utg324.97/evm.utg348.6/evm.utg356.157/evm.utg411.144/evm.utg413.52/evm.utg415.26/evm.utg438.23/evm.utg467.6/evm.utg470.94/evm.utg479.117/evm.utg498.7/evm.utg526.25/evm.utg532.16/evm.utg597.25/utg700.equina_smart_1421472.mrna1/utg700.equina_smart_1421475.mrna1/evm.utg729.130/evm.utg788.37/evm.utg790.58/evm.utg801.94/evm.utg844.8/evm.utg868.107/evm.utg868.108/evm.utg989.21/evm.utg992.14/evm.utg1005.73/evm.utg1221.19/evm.utg1243.2/evm.utg1355.25/evm.utg1396.13/evm.utg1455.33/evm.utg1455.34/evm.utg1708.37/evm.utg1910.39/evm.utg1910.64/evm.utg1972.1/evm.utg2007.16/evm.utg2417.41/evm.utg2674.7/evm.utg3019.11/evm.utg3019.12/evm.utg3158.43/evm.utg3201.13/evm.utg3380.9/evm.utg3499.4/evm.utg3499.7/evm.utg3499.9/evm.utg3499.10/evm.utg3550.12/evm.utg3753.16/evm.utg3839.96/evm.utg4155.26/evm.utg4155.27/evm.utg4326.30/evm.utg4709.19/evm.utg4709.26/evm.utg4907.69/evm.utg5578.4/evm.utg6806.23/evm.utg6958.34/evm.utg7680.15/evm.utg7931.6/evm.utg7931.7/evm.utg7931.8/utg7950.equina_smart_1791395.mrna2/evm.utg9668.1/evm.utg9668.2/evm.utg14876.8/evm.utg20618.1/evm.utg21766.5/evm.utg27651.3/evm.utg32107.9/evm.utg53426.4/evm.utg97204.6/evm.utg139908.2/evm.utg139908.3","evm.utg2007.16",-0.895570163973223,"ORA"
"133","salinity_only","molecular_functions","oxidoreductase activity","GO:0016491","oxidoreductase activity",0.00043333833368201,"evm.utg4.53/evm.utg78.33/evm.utg101.99/evm.utg116.1/evm.utg116.119/evm.utg116.121/evm.utg160.25/evm.utg172.138/evm.utg194.22/evm.utg239.19/evm.utg243.6/evm.utg301.18/evm.utg307.15/evm.utg324.97/evm.utg348.6/evm.utg356.157/evm.utg411.144/evm.utg413.52/evm.utg415.26/evm.utg438.23/evm.utg467.6/evm.utg470.94/evm.utg479.117/evm.utg498.7/evm.utg526.25/evm.utg532.16/evm.utg597.25/utg700.equina_smart_1421472.mrna1/utg700.equina_smart_1421475.mrna1/evm.utg729.130/evm.utg788.37/evm.utg790.58/evm.utg801.94/evm.utg844.8/evm.utg868.107/evm.utg868.108/evm.utg989.21/evm.utg992.14/evm.utg1005.73/evm.utg1221.19/evm.utg1243.2/evm.utg1355.25/evm.utg1396.13/evm.utg1455.33/evm.utg1455.34/evm.utg1708.37/evm.utg1910.39/evm.utg1910.64/evm.utg1972.1/evm.utg2007.16/evm.utg2417.41/evm.utg2674.7/evm.utg3019.11/evm.utg3019.12/evm.utg3158.43/evm.utg3201.13/evm.utg3380.9/evm.utg3499.4/evm.utg3499.7/evm.utg3499.9/evm.utg3499.10/evm.utg3550.12/evm.utg3753.16/evm.utg3839.96/evm.utg4155.26/evm.utg4155.27/evm.utg4326.30/evm.utg4709.19/evm.utg4709.26/evm.utg4907.69/evm.utg5578.4/evm.utg6806.23/evm.utg6958.34/evm.utg7680.15/evm.utg7931.6/evm.utg7931.7/evm.utg7931.8/utg7950.equina_smart_1791395.mrna2/evm.utg9668.1/evm.utg9668.2/evm.utg14876.8/evm.utg20618.1/evm.utg21766.5/evm.utg27651.3/evm.utg32107.9/evm.utg53426.4/evm.utg97204.6/evm.utg139908.2/evm.utg139908.3","evm.utg2417.41",-1.55519636359501,"ORA"
"134","salinity_only","molecular_functions","oxidoreductase activity","GO:0016491","oxidoreductase activity",0.00043333833368201,"evm.utg4.53/evm.utg78.33/evm.utg101.99/evm.utg116.1/evm.utg116.119/evm.utg116.121/evm.utg160.25/evm.utg172.138/evm.utg194.22/evm.utg239.19/evm.utg243.6/evm.utg301.18/evm.utg307.15/evm.utg324.97/evm.utg348.6/evm.utg356.157/evm.utg411.144/evm.utg413.52/evm.utg415.26/evm.utg438.23/evm.utg467.6/evm.utg470.94/evm.utg479.117/evm.utg498.7/evm.utg526.25/evm.utg532.16/evm.utg597.25/utg700.equina_smart_1421472.mrna1/utg700.equina_smart_1421475.mrna1/evm.utg729.130/evm.utg788.37/evm.utg790.58/evm.utg801.94/evm.utg844.8/evm.utg868.107/evm.utg868.108/evm.utg989.21/evm.utg992.14/evm.utg1005.73/evm.utg1221.19/evm.utg1243.2/evm.utg1355.25/evm.utg1396.13/evm.utg1455.33/evm.utg1455.34/evm.utg1708.37/evm.utg1910.39/evm.utg1910.64/evm.utg1972.1/evm.utg2007.16/evm.utg2417.41/evm.utg2674.7/evm.utg3019.11/evm.utg3019.12/evm.utg3158.43/evm.utg3201.13/evm.utg3380.9/evm.utg3499.4/evm.utg3499.7/evm.utg3499.9/evm.utg3499.10/evm.utg3550.12/evm.utg3753.16/evm.utg3839.96/evm.utg4155.26/evm.utg4155.27/evm.utg4326.30/evm.utg4709.19/evm.utg4709.26/evm.utg4907.69/evm.utg5578.4/evm.utg6806.23/evm.utg6958.34/evm.utg7680.15/evm.utg7931.6/evm.utg7931.7/evm.utg7931.8/utg7950.equina_smart_1791395.mrna2/evm.utg9668.1/evm.utg9668.2/evm.utg14876.8/evm.utg20618.1/evm.utg21766.5/evm.utg27651.3/evm.utg32107.9/evm.utg53426.4/evm.utg97204.6/evm.utg139908.2/evm.utg139908.3","evm.utg2674.7",-1.33946853045996,"ORA"
"135","salinity_only","molecular_functions","oxidoreductase activity","GO:0016491","oxidoreductase activity",0.00043333833368201,"evm.utg4.53/evm.utg78.33/evm.utg101.99/evm.utg116.1/evm.utg116.119/evm.utg116.121/evm.utg160.25/evm.utg172.138/evm.utg194.22/evm.utg239.19/evm.utg243.6/evm.utg301.18/evm.utg307.15/evm.utg324.97/evm.utg348.6/evm.utg356.157/evm.utg411.144/evm.utg413.52/evm.utg415.26/evm.utg438.23/evm.utg467.6/evm.utg470.94/evm.utg479.117/evm.utg498.7/evm.utg526.25/evm.utg532.16/evm.utg597.25/utg700.equina_smart_1421472.mrna1/utg700.equina_smart_1421475.mrna1/evm.utg729.130/evm.utg788.37/evm.utg790.58/evm.utg801.94/evm.utg844.8/evm.utg868.107/evm.utg868.108/evm.utg989.21/evm.utg992.14/evm.utg1005.73/evm.utg1221.19/evm.utg1243.2/evm.utg1355.25/evm.utg1396.13/evm.utg1455.33/evm.utg1455.34/evm.utg1708.37/evm.utg1910.39/evm.utg1910.64/evm.utg1972.1/evm.utg2007.16/evm.utg2417.41/evm.utg2674.7/evm.utg3019.11/evm.utg3019.12/evm.utg3158.43/evm.utg3201.13/evm.utg3380.9/evm.utg3499.4/evm.utg3499.7/evm.utg3499.9/evm.utg3499.10/evm.utg3550.12/evm.utg3753.16/evm.utg3839.96/evm.utg4155.26/evm.utg4155.27/evm.utg4326.30/evm.utg4709.19/evm.utg4709.26/evm.utg4907.69/evm.utg5578.4/evm.utg6806.23/evm.utg6958.34/evm.utg7680.15/evm.utg7931.6/evm.utg7931.7/evm.utg7931.8/utg7950.equina_smart_1791395.mrna2/evm.utg9668.1/evm.utg9668.2/evm.utg14876.8/evm.utg20618.1/evm.utg21766.5/evm.utg27651.3/evm.utg32107.9/evm.utg53426.4/evm.utg97204.6/evm.utg139908.2/evm.utg139908.3","evm.utg3019.11",-1.94206886873945,"ORA"
"136","salinity_only","molecular_functions","oxidoreductase activity","GO:0016491","oxidoreductase activity",0.00043333833368201,"evm.utg4.53/evm.utg78.33/evm.utg101.99/evm.utg116.1/evm.utg116.119/evm.utg116.121/evm.utg160.25/evm.utg172.138/evm.utg194.22/evm.utg239.19/evm.utg243.6/evm.utg301.18/evm.utg307.15/evm.utg324.97/evm.utg348.6/evm.utg356.157/evm.utg411.144/evm.utg413.52/evm.utg415.26/evm.utg438.23/evm.utg467.6/evm.utg470.94/evm.utg479.117/evm.utg498.7/evm.utg526.25/evm.utg532.16/evm.utg597.25/utg700.equina_smart_1421472.mrna1/utg700.equina_smart_1421475.mrna1/evm.utg729.130/evm.utg788.37/evm.utg790.58/evm.utg801.94/evm.utg844.8/evm.utg868.107/evm.utg868.108/evm.utg989.21/evm.utg992.14/evm.utg1005.73/evm.utg1221.19/evm.utg1243.2/evm.utg1355.25/evm.utg1396.13/evm.utg1455.33/evm.utg1455.34/evm.utg1708.37/evm.utg1910.39/evm.utg1910.64/evm.utg1972.1/evm.utg2007.16/evm.utg2417.41/evm.utg2674.7/evm.utg3019.11/evm.utg3019.12/evm.utg3158.43/evm.utg3201.13/evm.utg3380.9/evm.utg3499.4/evm.utg3499.7/evm.utg3499.9/evm.utg3499.10/evm.utg3550.12/evm.utg3753.16/evm.utg3839.96/evm.utg4155.26/evm.utg4155.27/evm.utg4326.30/evm.utg4709.19/evm.utg4709.26/evm.utg4907.69/evm.utg5578.4/evm.utg6806.23/evm.utg6958.34/evm.utg7680.15/evm.utg7931.6/evm.utg7931.7/evm.utg7931.8/utg7950.equina_smart_1791395.mrna2/evm.utg9668.1/evm.utg9668.2/evm.utg14876.8/evm.utg20618.1/evm.utg21766.5/evm.utg27651.3/evm.utg32107.9/evm.utg53426.4/evm.utg97204.6/evm.utg139908.2/evm.utg139908.3","evm.utg3019.12",-2.60509868323998,"ORA"
"137","salinity_only","molecular_functions","oxidoreductase activity","GO:0016491","oxidoreductase activity",0.00043333833368201,"evm.utg4.53/evm.utg78.33/evm.utg101.99/evm.utg116.1/evm.utg116.119/evm.utg116.121/evm.utg160.25/evm.utg172.138/evm.utg194.22/evm.utg239.19/evm.utg243.6/evm.utg301.18/evm.utg307.15/evm.utg324.97/evm.utg348.6/evm.utg356.157/evm.utg411.144/evm.utg413.52/evm.utg415.26/evm.utg438.23/evm.utg467.6/evm.utg470.94/evm.utg479.117/evm.utg498.7/evm.utg526.25/evm.utg532.16/evm.utg597.25/utg700.equina_smart_1421472.mrna1/utg700.equina_smart_1421475.mrna1/evm.utg729.130/evm.utg788.37/evm.utg790.58/evm.utg801.94/evm.utg844.8/evm.utg868.107/evm.utg868.108/evm.utg989.21/evm.utg992.14/evm.utg1005.73/evm.utg1221.19/evm.utg1243.2/evm.utg1355.25/evm.utg1396.13/evm.utg1455.33/evm.utg1455.34/evm.utg1708.37/evm.utg1910.39/evm.utg1910.64/evm.utg1972.1/evm.utg2007.16/evm.utg2417.41/evm.utg2674.7/evm.utg3019.11/evm.utg3019.12/evm.utg3158.43/evm.utg3201.13/evm.utg3380.9/evm.utg3499.4/evm.utg3499.7/evm.utg3499.9/evm.utg3499.10/evm.utg3550.12/evm.utg3753.16/evm.utg3839.96/evm.utg4155.26/evm.utg4155.27/evm.utg4326.30/evm.utg4709.19/evm.utg4709.26/evm.utg4907.69/evm.utg5578.4/evm.utg6806.23/evm.utg6958.34/evm.utg7680.15/evm.utg7931.6/evm.utg7931.7/evm.utg7931.8/utg7950.equina_smart_1791395.mrna2/evm.utg9668.1/evm.utg9668.2/evm.utg14876.8/evm.utg20618.1/evm.utg21766.5/evm.utg27651.3/evm.utg32107.9/evm.utg53426.4/evm.utg97204.6/evm.utg139908.2/evm.utg139908.3","evm.utg3158.43",1.05240170091571,"ORA"
"138","salinity_only","molecular_functions","oxidoreductase activity","GO:0016491","oxidoreductase activity",0.00043333833368201,"evm.utg4.53/evm.utg78.33/evm.utg101.99/evm.utg116.1/evm.utg116.119/evm.utg116.121/evm.utg160.25/evm.utg172.138/evm.utg194.22/evm.utg239.19/evm.utg243.6/evm.utg301.18/evm.utg307.15/evm.utg324.97/evm.utg348.6/evm.utg356.157/evm.utg411.144/evm.utg413.52/evm.utg415.26/evm.utg438.23/evm.utg467.6/evm.utg470.94/evm.utg479.117/evm.utg498.7/evm.utg526.25/evm.utg532.16/evm.utg597.25/utg700.equina_smart_1421472.mrna1/utg700.equina_smart_1421475.mrna1/evm.utg729.130/evm.utg788.37/evm.utg790.58/evm.utg801.94/evm.utg844.8/evm.utg868.107/evm.utg868.108/evm.utg989.21/evm.utg992.14/evm.utg1005.73/evm.utg1221.19/evm.utg1243.2/evm.utg1355.25/evm.utg1396.13/evm.utg1455.33/evm.utg1455.34/evm.utg1708.37/evm.utg1910.39/evm.utg1910.64/evm.utg1972.1/evm.utg2007.16/evm.utg2417.41/evm.utg2674.7/evm.utg3019.11/evm.utg3019.12/evm.utg3158.43/evm.utg3201.13/evm.utg3380.9/evm.utg3499.4/evm.utg3499.7/evm.utg3499.9/evm.utg3499.10/evm.utg3550.12/evm.utg3753.16/evm.utg3839.96/evm.utg4155.26/evm.utg4155.27/evm.utg4326.30/evm.utg4709.19/evm.utg4709.26/evm.utg4907.69/evm.utg5578.4/evm.utg6806.23/evm.utg6958.34/evm.utg7680.15/evm.utg7931.6/evm.utg7931.7/evm.utg7931.8/utg7950.equina_smart_1791395.mrna2/evm.utg9668.1/evm.utg9668.2/evm.utg14876.8/evm.utg20618.1/evm.utg21766.5/evm.utg27651.3/evm.utg32107.9/evm.utg53426.4/evm.utg97204.6/evm.utg139908.2/evm.utg139908.3","evm.utg3201.13",-1.94956874847105,"ORA"
"139","salinity_only","molecular_functions","oxidoreductase activity","GO:0016491","oxidoreductase activity",0.00043333833368201,"evm.utg4.53/evm.utg78.33/evm.utg101.99/evm.utg116.1/evm.utg116.119/evm.utg116.121/evm.utg160.25/evm.utg172.138/evm.utg194.22/evm.utg239.19/evm.utg243.6/evm.utg301.18/evm.utg307.15/evm.utg324.97/evm.utg348.6/evm.utg356.157/evm.utg411.144/evm.utg413.52/evm.utg415.26/evm.utg438.23/evm.utg467.6/evm.utg470.94/evm.utg479.117/evm.utg498.7/evm.utg526.25/evm.utg532.16/evm.utg597.25/utg700.equina_smart_1421472.mrna1/utg700.equina_smart_1421475.mrna1/evm.utg729.130/evm.utg788.37/evm.utg790.58/evm.utg801.94/evm.utg844.8/evm.utg868.107/evm.utg868.108/evm.utg989.21/evm.utg992.14/evm.utg1005.73/evm.utg1221.19/evm.utg1243.2/evm.utg1355.25/evm.utg1396.13/evm.utg1455.33/evm.utg1455.34/evm.utg1708.37/evm.utg1910.39/evm.utg1910.64/evm.utg1972.1/evm.utg2007.16/evm.utg2417.41/evm.utg2674.7/evm.utg3019.11/evm.utg3019.12/evm.utg3158.43/evm.utg3201.13/evm.utg3380.9/evm.utg3499.4/evm.utg3499.7/evm.utg3499.9/evm.utg3499.10/evm.utg3550.12/evm.utg3753.16/evm.utg3839.96/evm.utg4155.26/evm.utg4155.27/evm.utg4326.30/evm.utg4709.19/evm.utg4709.26/evm.utg4907.69/evm.utg5578.4/evm.utg6806.23/evm.utg6958.34/evm.utg7680.15/evm.utg7931.6/evm.utg7931.7/evm.utg7931.8/utg7950.equina_smart_1791395.mrna2/evm.utg9668.1/evm.utg9668.2/evm.utg14876.8/evm.utg20618.1/evm.utg21766.5/evm.utg27651.3/evm.utg32107.9/evm.utg53426.4/evm.utg97204.6/evm.utg139908.2/evm.utg139908.3","evm.utg3380.9",0.8006417056456,"ORA"
"140","salinity_only","molecular_functions","oxidoreductase activity","GO:0016491","oxidoreductase activity",0.00043333833368201,"evm.utg4.53/evm.utg78.33/evm.utg101.99/evm.utg116.1/evm.utg116.119/evm.utg116.121/evm.utg160.25/evm.utg172.138/evm.utg194.22/evm.utg239.19/evm.utg243.6/evm.utg301.18/evm.utg307.15/evm.utg324.97/evm.utg348.6/evm.utg356.157/evm.utg411.144/evm.utg413.52/evm.utg415.26/evm.utg438.23/evm.utg467.6/evm.utg470.94/evm.utg479.117/evm.utg498.7/evm.utg526.25/evm.utg532.16/evm.utg597.25/utg700.equina_smart_1421472.mrna1/utg700.equina_smart_1421475.mrna1/evm.utg729.130/evm.utg788.37/evm.utg790.58/evm.utg801.94/evm.utg844.8/evm.utg868.107/evm.utg868.108/evm.utg989.21/evm.utg992.14/evm.utg1005.73/evm.utg1221.19/evm.utg1243.2/evm.utg1355.25/evm.utg1396.13/evm.utg1455.33/evm.utg1455.34/evm.utg1708.37/evm.utg1910.39/evm.utg1910.64/evm.utg1972.1/evm.utg2007.16/evm.utg2417.41/evm.utg2674.7/evm.utg3019.11/evm.utg3019.12/evm.utg3158.43/evm.utg3201.13/evm.utg3380.9/evm.utg3499.4/evm.utg3499.7/evm.utg3499.9/evm.utg3499.10/evm.utg3550.12/evm.utg3753.16/evm.utg3839.96/evm.utg4155.26/evm.utg4155.27/evm.utg4326.30/evm.utg4709.19/evm.utg4709.26/evm.utg4907.69/evm.utg5578.4/evm.utg6806.23/evm.utg6958.34/evm.utg7680.15/evm.utg7931.6/evm.utg7931.7/evm.utg7931.8/utg7950.equina_smart_1791395.mrna2/evm.utg9668.1/evm.utg9668.2/evm.utg14876.8/evm.utg20618.1/evm.utg21766.5/evm.utg27651.3/evm.utg32107.9/evm.utg53426.4/evm.utg97204.6/evm.utg139908.2/evm.utg139908.3","evm.utg3499.4",-3.54352410818775,"ORA"
"141","salinity_only","molecular_functions","oxidoreductase activity","GO:0016491","oxidoreductase activity",0.00043333833368201,"evm.utg4.53/evm.utg78.33/evm.utg101.99/evm.utg116.1/evm.utg116.119/evm.utg116.121/evm.utg160.25/evm.utg172.138/evm.utg194.22/evm.utg239.19/evm.utg243.6/evm.utg301.18/evm.utg307.15/evm.utg324.97/evm.utg348.6/evm.utg356.157/evm.utg411.144/evm.utg413.52/evm.utg415.26/evm.utg438.23/evm.utg467.6/evm.utg470.94/evm.utg479.117/evm.utg498.7/evm.utg526.25/evm.utg532.16/evm.utg597.25/utg700.equina_smart_1421472.mrna1/utg700.equina_smart_1421475.mrna1/evm.utg729.130/evm.utg788.37/evm.utg790.58/evm.utg801.94/evm.utg844.8/evm.utg868.107/evm.utg868.108/evm.utg989.21/evm.utg992.14/evm.utg1005.73/evm.utg1221.19/evm.utg1243.2/evm.utg1355.25/evm.utg1396.13/evm.utg1455.33/evm.utg1455.34/evm.utg1708.37/evm.utg1910.39/evm.utg1910.64/evm.utg1972.1/evm.utg2007.16/evm.utg2417.41/evm.utg2674.7/evm.utg3019.11/evm.utg3019.12/evm.utg3158.43/evm.utg3201.13/evm.utg3380.9/evm.utg3499.4/evm.utg3499.7/evm.utg3499.9/evm.utg3499.10/evm.utg3550.12/evm.utg3753.16/evm.utg3839.96/evm.utg4155.26/evm.utg4155.27/evm.utg4326.30/evm.utg4709.19/evm.utg4709.26/evm.utg4907.69/evm.utg5578.4/evm.utg6806.23/evm.utg6958.34/evm.utg7680.15/evm.utg7931.6/evm.utg7931.7/evm.utg7931.8/utg7950.equina_smart_1791395.mrna2/evm.utg9668.1/evm.utg9668.2/evm.utg14876.8/evm.utg20618.1/evm.utg21766.5/evm.utg27651.3/evm.utg32107.9/evm.utg53426.4/evm.utg97204.6/evm.utg139908.2/evm.utg139908.3","evm.utg3499.7",-4.60671846849205,"ORA"
"142","salinity_only","molecular_functions","oxidoreductase activity","GO:0016491","oxidoreductase activity",0.00043333833368201,"evm.utg4.53/evm.utg78.33/evm.utg101.99/evm.utg116.1/evm.utg116.119/evm.utg116.121/evm.utg160.25/evm.utg172.138/evm.utg194.22/evm.utg239.19/evm.utg243.6/evm.utg301.18/evm.utg307.15/evm.utg324.97/evm.utg348.6/evm.utg356.157/evm.utg411.144/evm.utg413.52/evm.utg415.26/evm.utg438.23/evm.utg467.6/evm.utg470.94/evm.utg479.117/evm.utg498.7/evm.utg526.25/evm.utg532.16/evm.utg597.25/utg700.equina_smart_1421472.mrna1/utg700.equina_smart_1421475.mrna1/evm.utg729.130/evm.utg788.37/evm.utg790.58/evm.utg801.94/evm.utg844.8/evm.utg868.107/evm.utg868.108/evm.utg989.21/evm.utg992.14/evm.utg1005.73/evm.utg1221.19/evm.utg1243.2/evm.utg1355.25/evm.utg1396.13/evm.utg1455.33/evm.utg1455.34/evm.utg1708.37/evm.utg1910.39/evm.utg1910.64/evm.utg1972.1/evm.utg2007.16/evm.utg2417.41/evm.utg2674.7/evm.utg3019.11/evm.utg3019.12/evm.utg3158.43/evm.utg3201.13/evm.utg3380.9/evm.utg3499.4/evm.utg3499.7/evm.utg3499.9/evm.utg3499.10/evm.utg3550.12/evm.utg3753.16/evm.utg3839.96/evm.utg4155.26/evm.utg4155.27/evm.utg4326.30/evm.utg4709.19/evm.utg4709.26/evm.utg4907.69/evm.utg5578.4/evm.utg6806.23/evm.utg6958.34/evm.utg7680.15/evm.utg7931.6/evm.utg7931.7/evm.utg7931.8/utg7950.equina_smart_1791395.mrna2/evm.utg9668.1/evm.utg9668.2/evm.utg14876.8/evm.utg20618.1/evm.utg21766.5/evm.utg27651.3/evm.utg32107.9/evm.utg53426.4/evm.utg97204.6/evm.utg139908.2/evm.utg139908.3","evm.utg3499.9",-5.17342288036618,"ORA"
"143","salinity_only","molecular_functions","oxidoreductase activity","GO:0016491","oxidoreductase activity",0.00043333833368201,"evm.utg4.53/evm.utg78.33/evm.utg101.99/evm.utg116.1/evm.utg116.119/evm.utg116.121/evm.utg160.25/evm.utg172.138/evm.utg194.22/evm.utg239.19/evm.utg243.6/evm.utg301.18/evm.utg307.15/evm.utg324.97/evm.utg348.6/evm.utg356.157/evm.utg411.144/evm.utg413.52/evm.utg415.26/evm.utg438.23/evm.utg467.6/evm.utg470.94/evm.utg479.117/evm.utg498.7/evm.utg526.25/evm.utg532.16/evm.utg597.25/utg700.equina_smart_1421472.mrna1/utg700.equina_smart_1421475.mrna1/evm.utg729.130/evm.utg788.37/evm.utg790.58/evm.utg801.94/evm.utg844.8/evm.utg868.107/evm.utg868.108/evm.utg989.21/evm.utg992.14/evm.utg1005.73/evm.utg1221.19/evm.utg1243.2/evm.utg1355.25/evm.utg1396.13/evm.utg1455.33/evm.utg1455.34/evm.utg1708.37/evm.utg1910.39/evm.utg1910.64/evm.utg1972.1/evm.utg2007.16/evm.utg2417.41/evm.utg2674.7/evm.utg3019.11/evm.utg3019.12/evm.utg3158.43/evm.utg3201.13/evm.utg3380.9/evm.utg3499.4/evm.utg3499.7/evm.utg3499.9/evm.utg3499.10/evm.utg3550.12/evm.utg3753.16/evm.utg3839.96/evm.utg4155.26/evm.utg4155.27/evm.utg4326.30/evm.utg4709.19/evm.utg4709.26/evm.utg4907.69/evm.utg5578.4/evm.utg6806.23/evm.utg6958.34/evm.utg7680.15/evm.utg7931.6/evm.utg7931.7/evm.utg7931.8/utg7950.equina_smart_1791395.mrna2/evm.utg9668.1/evm.utg9668.2/evm.utg14876.8/evm.utg20618.1/evm.utg21766.5/evm.utg27651.3/evm.utg32107.9/evm.utg53426.4/evm.utg97204.6/evm.utg139908.2/evm.utg139908.3","evm.utg3499.10",-3.81089975477014,"ORA"
"144","salinity_only","molecular_functions","oxidoreductase activity","GO:0016491","oxidoreductase activity",0.00043333833368201,"evm.utg4.53/evm.utg78.33/evm.utg101.99/evm.utg116.1/evm.utg116.119/evm.utg116.121/evm.utg160.25/evm.utg172.138/evm.utg194.22/evm.utg239.19/evm.utg243.6/evm.utg301.18/evm.utg307.15/evm.utg324.97/evm.utg348.6/evm.utg356.157/evm.utg411.144/evm.utg413.52/evm.utg415.26/evm.utg438.23/evm.utg467.6/evm.utg470.94/evm.utg479.117/evm.utg498.7/evm.utg526.25/evm.utg532.16/evm.utg597.25/utg700.equina_smart_1421472.mrna1/utg700.equina_smart_1421475.mrna1/evm.utg729.130/evm.utg788.37/evm.utg790.58/evm.utg801.94/evm.utg844.8/evm.utg868.107/evm.utg868.108/evm.utg989.21/evm.utg992.14/evm.utg1005.73/evm.utg1221.19/evm.utg1243.2/evm.utg1355.25/evm.utg1396.13/evm.utg1455.33/evm.utg1455.34/evm.utg1708.37/evm.utg1910.39/evm.utg1910.64/evm.utg1972.1/evm.utg2007.16/evm.utg2417.41/evm.utg2674.7/evm.utg3019.11/evm.utg3019.12/evm.utg3158.43/evm.utg3201.13/evm.utg3380.9/evm.utg3499.4/evm.utg3499.7/evm.utg3499.9/evm.utg3499.10/evm.utg3550.12/evm.utg3753.16/evm.utg3839.96/evm.utg4155.26/evm.utg4155.27/evm.utg4326.30/evm.utg4709.19/evm.utg4709.26/evm.utg4907.69/evm.utg5578.4/evm.utg6806.23/evm.utg6958.34/evm.utg7680.15/evm.utg7931.6/evm.utg7931.7/evm.utg7931.8/utg7950.equina_smart_1791395.mrna2/evm.utg9668.1/evm.utg9668.2/evm.utg14876.8/evm.utg20618.1/evm.utg21766.5/evm.utg27651.3/evm.utg32107.9/evm.utg53426.4/evm.utg97204.6/evm.utg139908.2/evm.utg139908.3","evm.utg3550.12",-1.1910235166585,"ORA"
"145","salinity_only","molecular_functions","oxidoreductase activity","GO:0016491","oxidoreductase activity",0.00043333833368201,"evm.utg4.53/evm.utg78.33/evm.utg101.99/evm.utg116.1/evm.utg116.119/evm.utg116.121/evm.utg160.25/evm.utg172.138/evm.utg194.22/evm.utg239.19/evm.utg243.6/evm.utg301.18/evm.utg307.15/evm.utg324.97/evm.utg348.6/evm.utg356.157/evm.utg411.144/evm.utg413.52/evm.utg415.26/evm.utg438.23/evm.utg467.6/evm.utg470.94/evm.utg479.117/evm.utg498.7/evm.utg526.25/evm.utg532.16/evm.utg597.25/utg700.equina_smart_1421472.mrna1/utg700.equina_smart_1421475.mrna1/evm.utg729.130/evm.utg788.37/evm.utg790.58/evm.utg801.94/evm.utg844.8/evm.utg868.107/evm.utg868.108/evm.utg989.21/evm.utg992.14/evm.utg1005.73/evm.utg1221.19/evm.utg1243.2/evm.utg1355.25/evm.utg1396.13/evm.utg1455.33/evm.utg1455.34/evm.utg1708.37/evm.utg1910.39/evm.utg1910.64/evm.utg1972.1/evm.utg2007.16/evm.utg2417.41/evm.utg2674.7/evm.utg3019.11/evm.utg3019.12/evm.utg3158.43/evm.utg3201.13/evm.utg3380.9/evm.utg3499.4/evm.utg3499.7/evm.utg3499.9/evm.utg3499.10/evm.utg3550.12/evm.utg3753.16/evm.utg3839.96/evm.utg4155.26/evm.utg4155.27/evm.utg4326.30/evm.utg4709.19/evm.utg4709.26/evm.utg4907.69/evm.utg5578.4/evm.utg6806.23/evm.utg6958.34/evm.utg7680.15/evm.utg7931.6/evm.utg7931.7/evm.utg7931.8/utg7950.equina_smart_1791395.mrna2/evm.utg9668.1/evm.utg9668.2/evm.utg14876.8/evm.utg20618.1/evm.utg21766.5/evm.utg27651.3/evm.utg32107.9/evm.utg53426.4/evm.utg97204.6/evm.utg139908.2/evm.utg139908.3","evm.utg3753.16",-0.916119526154948,"ORA"
"146","salinity_only","molecular_functions","oxidoreductase activity","GO:0016491","oxidoreductase activity",0.00043333833368201,"evm.utg4.53/evm.utg78.33/evm.utg101.99/evm.utg116.1/evm.utg116.119/evm.utg116.121/evm.utg160.25/evm.utg172.138/evm.utg194.22/evm.utg239.19/evm.utg243.6/evm.utg301.18/evm.utg307.15/evm.utg324.97/evm.utg348.6/evm.utg356.157/evm.utg411.144/evm.utg413.52/evm.utg415.26/evm.utg438.23/evm.utg467.6/evm.utg470.94/evm.utg479.117/evm.utg498.7/evm.utg526.25/evm.utg532.16/evm.utg597.25/utg700.equina_smart_1421472.mrna1/utg700.equina_smart_1421475.mrna1/evm.utg729.130/evm.utg788.37/evm.utg790.58/evm.utg801.94/evm.utg844.8/evm.utg868.107/evm.utg868.108/evm.utg989.21/evm.utg992.14/evm.utg1005.73/evm.utg1221.19/evm.utg1243.2/evm.utg1355.25/evm.utg1396.13/evm.utg1455.33/evm.utg1455.34/evm.utg1708.37/evm.utg1910.39/evm.utg1910.64/evm.utg1972.1/evm.utg2007.16/evm.utg2417.41/evm.utg2674.7/evm.utg3019.11/evm.utg3019.12/evm.utg3158.43/evm.utg3201.13/evm.utg3380.9/evm.utg3499.4/evm.utg3499.7/evm.utg3499.9/evm.utg3499.10/evm.utg3550.12/evm.utg3753.16/evm.utg3839.96/evm.utg4155.26/evm.utg4155.27/evm.utg4326.30/evm.utg4709.19/evm.utg4709.26/evm.utg4907.69/evm.utg5578.4/evm.utg6806.23/evm.utg6958.34/evm.utg7680.15/evm.utg7931.6/evm.utg7931.7/evm.utg7931.8/utg7950.equina_smart_1791395.mrna2/evm.utg9668.1/evm.utg9668.2/evm.utg14876.8/evm.utg20618.1/evm.utg21766.5/evm.utg27651.3/evm.utg32107.9/evm.utg53426.4/evm.utg97204.6/evm.utg139908.2/evm.utg139908.3","evm.utg3839.96",0.832123489270744,"ORA"
"147","salinity_only","molecular_functions","oxidoreductase activity","GO:0016491","oxidoreductase activity",0.00043333833368201,"evm.utg4.53/evm.utg78.33/evm.utg101.99/evm.utg116.1/evm.utg116.119/evm.utg116.121/evm.utg160.25/evm.utg172.138/evm.utg194.22/evm.utg239.19/evm.utg243.6/evm.utg301.18/evm.utg307.15/evm.utg324.97/evm.utg348.6/evm.utg356.157/evm.utg411.144/evm.utg413.52/evm.utg415.26/evm.utg438.23/evm.utg467.6/evm.utg470.94/evm.utg479.117/evm.utg498.7/evm.utg526.25/evm.utg532.16/evm.utg597.25/utg700.equina_smart_1421472.mrna1/utg700.equina_smart_1421475.mrna1/evm.utg729.130/evm.utg788.37/evm.utg790.58/evm.utg801.94/evm.utg844.8/evm.utg868.107/evm.utg868.108/evm.utg989.21/evm.utg992.14/evm.utg1005.73/evm.utg1221.19/evm.utg1243.2/evm.utg1355.25/evm.utg1396.13/evm.utg1455.33/evm.utg1455.34/evm.utg1708.37/evm.utg1910.39/evm.utg1910.64/evm.utg1972.1/evm.utg2007.16/evm.utg2417.41/evm.utg2674.7/evm.utg3019.11/evm.utg3019.12/evm.utg3158.43/evm.utg3201.13/evm.utg3380.9/evm.utg3499.4/evm.utg3499.7/evm.utg3499.9/evm.utg3499.10/evm.utg3550.12/evm.utg3753.16/evm.utg3839.96/evm.utg4155.26/evm.utg4155.27/evm.utg4326.30/evm.utg4709.19/evm.utg4709.26/evm.utg4907.69/evm.utg5578.4/evm.utg6806.23/evm.utg6958.34/evm.utg7680.15/evm.utg7931.6/evm.utg7931.7/evm.utg7931.8/utg7950.equina_smart_1791395.mrna2/evm.utg9668.1/evm.utg9668.2/evm.utg14876.8/evm.utg20618.1/evm.utg21766.5/evm.utg27651.3/evm.utg32107.9/evm.utg53426.4/evm.utg97204.6/evm.utg139908.2/evm.utg139908.3","evm.utg4155.26",-1.15786440533804,"ORA"
"148","salinity_only","molecular_functions","oxidoreductase activity","GO:0016491","oxidoreductase activity",0.00043333833368201,"evm.utg4.53/evm.utg78.33/evm.utg101.99/evm.utg116.1/evm.utg116.119/evm.utg116.121/evm.utg160.25/evm.utg172.138/evm.utg194.22/evm.utg239.19/evm.utg243.6/evm.utg301.18/evm.utg307.15/evm.utg324.97/evm.utg348.6/evm.utg356.157/evm.utg411.144/evm.utg413.52/evm.utg415.26/evm.utg438.23/evm.utg467.6/evm.utg470.94/evm.utg479.117/evm.utg498.7/evm.utg526.25/evm.utg532.16/evm.utg597.25/utg700.equina_smart_1421472.mrna1/utg700.equina_smart_1421475.mrna1/evm.utg729.130/evm.utg788.37/evm.utg790.58/evm.utg801.94/evm.utg844.8/evm.utg868.107/evm.utg868.108/evm.utg989.21/evm.utg992.14/evm.utg1005.73/evm.utg1221.19/evm.utg1243.2/evm.utg1355.25/evm.utg1396.13/evm.utg1455.33/evm.utg1455.34/evm.utg1708.37/evm.utg1910.39/evm.utg1910.64/evm.utg1972.1/evm.utg2007.16/evm.utg2417.41/evm.utg2674.7/evm.utg3019.11/evm.utg3019.12/evm.utg3158.43/evm.utg3201.13/evm.utg3380.9/evm.utg3499.4/evm.utg3499.7/evm.utg3499.9/evm.utg3499.10/evm.utg3550.12/evm.utg3753.16/evm.utg3839.96/evm.utg4155.26/evm.utg4155.27/evm.utg4326.30/evm.utg4709.19/evm.utg4709.26/evm.utg4907.69/evm.utg5578.4/evm.utg6806.23/evm.utg6958.34/evm.utg7680.15/evm.utg7931.6/evm.utg7931.7/evm.utg7931.8/utg7950.equina_smart_1791395.mrna2/evm.utg9668.1/evm.utg9668.2/evm.utg14876.8/evm.utg20618.1/evm.utg21766.5/evm.utg27651.3/evm.utg32107.9/evm.utg53426.4/evm.utg97204.6/evm.utg139908.2/evm.utg139908.3","evm.utg4155.27",-1.76736784621481,"ORA"
"149","salinity_only","molecular_functions","oxidoreductase activity","GO:0016491","oxidoreductase activity",0.00043333833368201,"evm.utg4.53/evm.utg78.33/evm.utg101.99/evm.utg116.1/evm.utg116.119/evm.utg116.121/evm.utg160.25/evm.utg172.138/evm.utg194.22/evm.utg239.19/evm.utg243.6/evm.utg301.18/evm.utg307.15/evm.utg324.97/evm.utg348.6/evm.utg356.157/evm.utg411.144/evm.utg413.52/evm.utg415.26/evm.utg438.23/evm.utg467.6/evm.utg470.94/evm.utg479.117/evm.utg498.7/evm.utg526.25/evm.utg532.16/evm.utg597.25/utg700.equina_smart_1421472.mrna1/utg700.equina_smart_1421475.mrna1/evm.utg729.130/evm.utg788.37/evm.utg790.58/evm.utg801.94/evm.utg844.8/evm.utg868.107/evm.utg868.108/evm.utg989.21/evm.utg992.14/evm.utg1005.73/evm.utg1221.19/evm.utg1243.2/evm.utg1355.25/evm.utg1396.13/evm.utg1455.33/evm.utg1455.34/evm.utg1708.37/evm.utg1910.39/evm.utg1910.64/evm.utg1972.1/evm.utg2007.16/evm.utg2417.41/evm.utg2674.7/evm.utg3019.11/evm.utg3019.12/evm.utg3158.43/evm.utg3201.13/evm.utg3380.9/evm.utg3499.4/evm.utg3499.7/evm.utg3499.9/evm.utg3499.10/evm.utg3550.12/evm.utg3753.16/evm.utg3839.96/evm.utg4155.26/evm.utg4155.27/evm.utg4326.30/evm.utg4709.19/evm.utg4709.26/evm.utg4907.69/evm.utg5578.4/evm.utg6806.23/evm.utg6958.34/evm.utg7680.15/evm.utg7931.6/evm.utg7931.7/evm.utg7931.8/utg7950.equina_smart_1791395.mrna2/evm.utg9668.1/evm.utg9668.2/evm.utg14876.8/evm.utg20618.1/evm.utg21766.5/evm.utg27651.3/evm.utg32107.9/evm.utg53426.4/evm.utg97204.6/evm.utg139908.2/evm.utg139908.3","evm.utg4326.30",-0.896216783953406,"ORA"
"150","salinity_only","molecular_functions","oxidoreductase activity","GO:0016491","oxidoreductase activity",0.00043333833368201,"evm.utg4.53/evm.utg78.33/evm.utg101.99/evm.utg116.1/evm.utg116.119/evm.utg116.121/evm.utg160.25/evm.utg172.138/evm.utg194.22/evm.utg239.19/evm.utg243.6/evm.utg301.18/evm.utg307.15/evm.utg324.97/evm.utg348.6/evm.utg356.157/evm.utg411.144/evm.utg413.52/evm.utg415.26/evm.utg438.23/evm.utg467.6/evm.utg470.94/evm.utg479.117/evm.utg498.7/evm.utg526.25/evm.utg532.16/evm.utg597.25/utg700.equina_smart_1421472.mrna1/utg700.equina_smart_1421475.mrna1/evm.utg729.130/evm.utg788.37/evm.utg790.58/evm.utg801.94/evm.utg844.8/evm.utg868.107/evm.utg868.108/evm.utg989.21/evm.utg992.14/evm.utg1005.73/evm.utg1221.19/evm.utg1243.2/evm.utg1355.25/evm.utg1396.13/evm.utg1455.33/evm.utg1455.34/evm.utg1708.37/evm.utg1910.39/evm.utg1910.64/evm.utg1972.1/evm.utg2007.16/evm.utg2417.41/evm.utg2674.7/evm.utg3019.11/evm.utg3019.12/evm.utg3158.43/evm.utg3201.13/evm.utg3380.9/evm.utg3499.4/evm.utg3499.7/evm.utg3499.9/evm.utg3499.10/evm.utg3550.12/evm.utg3753.16/evm.utg3839.96/evm.utg4155.26/evm.utg4155.27/evm.utg4326.30/evm.utg4709.19/evm.utg4709.26/evm.utg4907.69/evm.utg5578.4/evm.utg6806.23/evm.utg6958.34/evm.utg7680.15/evm.utg7931.6/evm.utg7931.7/evm.utg7931.8/utg7950.equina_smart_1791395.mrna2/evm.utg9668.1/evm.utg9668.2/evm.utg14876.8/evm.utg20618.1/evm.utg21766.5/evm.utg27651.3/evm.utg32107.9/evm.utg53426.4/evm.utg97204.6/evm.utg139908.2/evm.utg139908.3","evm.utg4709.19",-1.47209159534298,"ORA"
"151","salinity_only","molecular_functions","oxidoreductase activity","GO:0016491","oxidoreductase activity",0.00043333833368201,"evm.utg4.53/evm.utg78.33/evm.utg101.99/evm.utg116.1/evm.utg116.119/evm.utg116.121/evm.utg160.25/evm.utg172.138/evm.utg194.22/evm.utg239.19/evm.utg243.6/evm.utg301.18/evm.utg307.15/evm.utg324.97/evm.utg348.6/evm.utg356.157/evm.utg411.144/evm.utg413.52/evm.utg415.26/evm.utg438.23/evm.utg467.6/evm.utg470.94/evm.utg479.117/evm.utg498.7/evm.utg526.25/evm.utg532.16/evm.utg597.25/utg700.equina_smart_1421472.mrna1/utg700.equina_smart_1421475.mrna1/evm.utg729.130/evm.utg788.37/evm.utg790.58/evm.utg801.94/evm.utg844.8/evm.utg868.107/evm.utg868.108/evm.utg989.21/evm.utg992.14/evm.utg1005.73/evm.utg1221.19/evm.utg1243.2/evm.utg1355.25/evm.utg1396.13/evm.utg1455.33/evm.utg1455.34/evm.utg1708.37/evm.utg1910.39/evm.utg1910.64/evm.utg1972.1/evm.utg2007.16/evm.utg2417.41/evm.utg2674.7/evm.utg3019.11/evm.utg3019.12/evm.utg3158.43/evm.utg3201.13/evm.utg3380.9/evm.utg3499.4/evm.utg3499.7/evm.utg3499.9/evm.utg3499.10/evm.utg3550.12/evm.utg3753.16/evm.utg3839.96/evm.utg4155.26/evm.utg4155.27/evm.utg4326.30/evm.utg4709.19/evm.utg4709.26/evm.utg4907.69/evm.utg5578.4/evm.utg6806.23/evm.utg6958.34/evm.utg7680.15/evm.utg7931.6/evm.utg7931.7/evm.utg7931.8/utg7950.equina_smart_1791395.mrna2/evm.utg9668.1/evm.utg9668.2/evm.utg14876.8/evm.utg20618.1/evm.utg21766.5/evm.utg27651.3/evm.utg32107.9/evm.utg53426.4/evm.utg97204.6/evm.utg139908.2/evm.utg139908.3","evm.utg4709.26",2.06743927892931,"ORA"
"152","salinity_only","molecular_functions","oxidoreductase activity","GO:0016491","oxidoreductase activity",0.00043333833368201,"evm.utg4.53/evm.utg78.33/evm.utg101.99/evm.utg116.1/evm.utg116.119/evm.utg116.121/evm.utg160.25/evm.utg172.138/evm.utg194.22/evm.utg239.19/evm.utg243.6/evm.utg301.18/evm.utg307.15/evm.utg324.97/evm.utg348.6/evm.utg356.157/evm.utg411.144/evm.utg413.52/evm.utg415.26/evm.utg438.23/evm.utg467.6/evm.utg470.94/evm.utg479.117/evm.utg498.7/evm.utg526.25/evm.utg532.16/evm.utg597.25/utg700.equina_smart_1421472.mrna1/utg700.equina_smart_1421475.mrna1/evm.utg729.130/evm.utg788.37/evm.utg790.58/evm.utg801.94/evm.utg844.8/evm.utg868.107/evm.utg868.108/evm.utg989.21/evm.utg992.14/evm.utg1005.73/evm.utg1221.19/evm.utg1243.2/evm.utg1355.25/evm.utg1396.13/evm.utg1455.33/evm.utg1455.34/evm.utg1708.37/evm.utg1910.39/evm.utg1910.64/evm.utg1972.1/evm.utg2007.16/evm.utg2417.41/evm.utg2674.7/evm.utg3019.11/evm.utg3019.12/evm.utg3158.43/evm.utg3201.13/evm.utg3380.9/evm.utg3499.4/evm.utg3499.7/evm.utg3499.9/evm.utg3499.10/evm.utg3550.12/evm.utg3753.16/evm.utg3839.96/evm.utg4155.26/evm.utg4155.27/evm.utg4326.30/evm.utg4709.19/evm.utg4709.26/evm.utg4907.69/evm.utg5578.4/evm.utg6806.23/evm.utg6958.34/evm.utg7680.15/evm.utg7931.6/evm.utg7931.7/evm.utg7931.8/utg7950.equina_smart_1791395.mrna2/evm.utg9668.1/evm.utg9668.2/evm.utg14876.8/evm.utg20618.1/evm.utg21766.5/evm.utg27651.3/evm.utg32107.9/evm.utg53426.4/evm.utg97204.6/evm.utg139908.2/evm.utg139908.3","evm.utg4907.69",-0.957228585728824,"ORA"
"153","salinity_only","molecular_functions","oxidoreductase activity","GO:0016491","oxidoreductase activity",0.00043333833368201,"evm.utg4.53/evm.utg78.33/evm.utg101.99/evm.utg116.1/evm.utg116.119/evm.utg116.121/evm.utg160.25/evm.utg172.138/evm.utg194.22/evm.utg239.19/evm.utg243.6/evm.utg301.18/evm.utg307.15/evm.utg324.97/evm.utg348.6/evm.utg356.157/evm.utg411.144/evm.utg413.52/evm.utg415.26/evm.utg438.23/evm.utg467.6/evm.utg470.94/evm.utg479.117/evm.utg498.7/evm.utg526.25/evm.utg532.16/evm.utg597.25/utg700.equina_smart_1421472.mrna1/utg700.equina_smart_1421475.mrna1/evm.utg729.130/evm.utg788.37/evm.utg790.58/evm.utg801.94/evm.utg844.8/evm.utg868.107/evm.utg868.108/evm.utg989.21/evm.utg992.14/evm.utg1005.73/evm.utg1221.19/evm.utg1243.2/evm.utg1355.25/evm.utg1396.13/evm.utg1455.33/evm.utg1455.34/evm.utg1708.37/evm.utg1910.39/evm.utg1910.64/evm.utg1972.1/evm.utg2007.16/evm.utg2417.41/evm.utg2674.7/evm.utg3019.11/evm.utg3019.12/evm.utg3158.43/evm.utg3201.13/evm.utg3380.9/evm.utg3499.4/evm.utg3499.7/evm.utg3499.9/evm.utg3499.10/evm.utg3550.12/evm.utg3753.16/evm.utg3839.96/evm.utg4155.26/evm.utg4155.27/evm.utg4326.30/evm.utg4709.19/evm.utg4709.26/evm.utg4907.69/evm.utg5578.4/evm.utg6806.23/evm.utg6958.34/evm.utg7680.15/evm.utg7931.6/evm.utg7931.7/evm.utg7931.8/utg7950.equina_smart_1791395.mrna2/evm.utg9668.1/evm.utg9668.2/evm.utg14876.8/evm.utg20618.1/evm.utg21766.5/evm.utg27651.3/evm.utg32107.9/evm.utg53426.4/evm.utg97204.6/evm.utg139908.2/evm.utg139908.3","evm.utg5578.4",-1.42858985507551,"ORA"
"154","salinity_only","molecular_functions","oxidoreductase activity","GO:0016491","oxidoreductase activity",0.00043333833368201,"evm.utg4.53/evm.utg78.33/evm.utg101.99/evm.utg116.1/evm.utg116.119/evm.utg116.121/evm.utg160.25/evm.utg172.138/evm.utg194.22/evm.utg239.19/evm.utg243.6/evm.utg301.18/evm.utg307.15/evm.utg324.97/evm.utg348.6/evm.utg356.157/evm.utg411.144/evm.utg413.52/evm.utg415.26/evm.utg438.23/evm.utg467.6/evm.utg470.94/evm.utg479.117/evm.utg498.7/evm.utg526.25/evm.utg532.16/evm.utg597.25/utg700.equina_smart_1421472.mrna1/utg700.equina_smart_1421475.mrna1/evm.utg729.130/evm.utg788.37/evm.utg790.58/evm.utg801.94/evm.utg844.8/evm.utg868.107/evm.utg868.108/evm.utg989.21/evm.utg992.14/evm.utg1005.73/evm.utg1221.19/evm.utg1243.2/evm.utg1355.25/evm.utg1396.13/evm.utg1455.33/evm.utg1455.34/evm.utg1708.37/evm.utg1910.39/evm.utg1910.64/evm.utg1972.1/evm.utg2007.16/evm.utg2417.41/evm.utg2674.7/evm.utg3019.11/evm.utg3019.12/evm.utg3158.43/evm.utg3201.13/evm.utg3380.9/evm.utg3499.4/evm.utg3499.7/evm.utg3499.9/evm.utg3499.10/evm.utg3550.12/evm.utg3753.16/evm.utg3839.96/evm.utg4155.26/evm.utg4155.27/evm.utg4326.30/evm.utg4709.19/evm.utg4709.26/evm.utg4907.69/evm.utg5578.4/evm.utg6806.23/evm.utg6958.34/evm.utg7680.15/evm.utg7931.6/evm.utg7931.7/evm.utg7931.8/utg7950.equina_smart_1791395.mrna2/evm.utg9668.1/evm.utg9668.2/evm.utg14876.8/evm.utg20618.1/evm.utg21766.5/evm.utg27651.3/evm.utg32107.9/evm.utg53426.4/evm.utg97204.6/evm.utg139908.2/evm.utg139908.3","evm.utg6806.23",-0.883423437391987,"ORA"
"155","salinity_only","molecular_functions","oxidoreductase activity","GO:0016491","oxidoreductase activity",0.00043333833368201,"evm.utg4.53/evm.utg78.33/evm.utg101.99/evm.utg116.1/evm.utg116.119/evm.utg116.121/evm.utg160.25/evm.utg172.138/evm.utg194.22/evm.utg239.19/evm.utg243.6/evm.utg301.18/evm.utg307.15/evm.utg324.97/evm.utg348.6/evm.utg356.157/evm.utg411.144/evm.utg413.52/evm.utg415.26/evm.utg438.23/evm.utg467.6/evm.utg470.94/evm.utg479.117/evm.utg498.7/evm.utg526.25/evm.utg532.16/evm.utg597.25/utg700.equina_smart_1421472.mrna1/utg700.equina_smart_1421475.mrna1/evm.utg729.130/evm.utg788.37/evm.utg790.58/evm.utg801.94/evm.utg844.8/evm.utg868.107/evm.utg868.108/evm.utg989.21/evm.utg992.14/evm.utg1005.73/evm.utg1221.19/evm.utg1243.2/evm.utg1355.25/evm.utg1396.13/evm.utg1455.33/evm.utg1455.34/evm.utg1708.37/evm.utg1910.39/evm.utg1910.64/evm.utg1972.1/evm.utg2007.16/evm.utg2417.41/evm.utg2674.7/evm.utg3019.11/evm.utg3019.12/evm.utg3158.43/evm.utg3201.13/evm.utg3380.9/evm.utg3499.4/evm.utg3499.7/evm.utg3499.9/evm.utg3499.10/evm.utg3550.12/evm.utg3753.16/evm.utg3839.96/evm.utg4155.26/evm.utg4155.27/evm.utg4326.30/evm.utg4709.19/evm.utg4709.26/evm.utg4907.69/evm.utg5578.4/evm.utg6806.23/evm.utg6958.34/evm.utg7680.15/evm.utg7931.6/evm.utg7931.7/evm.utg7931.8/utg7950.equina_smart_1791395.mrna2/evm.utg9668.1/evm.utg9668.2/evm.utg14876.8/evm.utg20618.1/evm.utg21766.5/evm.utg27651.3/evm.utg32107.9/evm.utg53426.4/evm.utg97204.6/evm.utg139908.2/evm.utg139908.3","evm.utg6958.34",-1.85307850211795,"ORA"
"156","salinity_only","molecular_functions","oxidoreductase activity","GO:0016491","oxidoreductase activity",0.00043333833368201,"evm.utg4.53/evm.utg78.33/evm.utg101.99/evm.utg116.1/evm.utg116.119/evm.utg116.121/evm.utg160.25/evm.utg172.138/evm.utg194.22/evm.utg239.19/evm.utg243.6/evm.utg301.18/evm.utg307.15/evm.utg324.97/evm.utg348.6/evm.utg356.157/evm.utg411.144/evm.utg413.52/evm.utg415.26/evm.utg438.23/evm.utg467.6/evm.utg470.94/evm.utg479.117/evm.utg498.7/evm.utg526.25/evm.utg532.16/evm.utg597.25/utg700.equina_smart_1421472.mrna1/utg700.equina_smart_1421475.mrna1/evm.utg729.130/evm.utg788.37/evm.utg790.58/evm.utg801.94/evm.utg844.8/evm.utg868.107/evm.utg868.108/evm.utg989.21/evm.utg992.14/evm.utg1005.73/evm.utg1221.19/evm.utg1243.2/evm.utg1355.25/evm.utg1396.13/evm.utg1455.33/evm.utg1455.34/evm.utg1708.37/evm.utg1910.39/evm.utg1910.64/evm.utg1972.1/evm.utg2007.16/evm.utg2417.41/evm.utg2674.7/evm.utg3019.11/evm.utg3019.12/evm.utg3158.43/evm.utg3201.13/evm.utg3380.9/evm.utg3499.4/evm.utg3499.7/evm.utg3499.9/evm.utg3499.10/evm.utg3550.12/evm.utg3753.16/evm.utg3839.96/evm.utg4155.26/evm.utg4155.27/evm.utg4326.30/evm.utg4709.19/evm.utg4709.26/evm.utg4907.69/evm.utg5578.4/evm.utg6806.23/evm.utg6958.34/evm.utg7680.15/evm.utg7931.6/evm.utg7931.7/evm.utg7931.8/utg7950.equina_smart_1791395.mrna2/evm.utg9668.1/evm.utg9668.2/evm.utg14876.8/evm.utg20618.1/evm.utg21766.5/evm.utg27651.3/evm.utg32107.9/evm.utg53426.4/evm.utg97204.6/evm.utg139908.2/evm.utg139908.3","evm.utg7680.15",-0.952759085880637,"ORA"
"157","salinity_only","molecular_functions","oxidoreductase activity","GO:0016491","oxidoreductase activity",0.00043333833368201,"evm.utg4.53/evm.utg78.33/evm.utg101.99/evm.utg116.1/evm.utg116.119/evm.utg116.121/evm.utg160.25/evm.utg172.138/evm.utg194.22/evm.utg239.19/evm.utg243.6/evm.utg301.18/evm.utg307.15/evm.utg324.97/evm.utg348.6/evm.utg356.157/evm.utg411.144/evm.utg413.52/evm.utg415.26/evm.utg438.23/evm.utg467.6/evm.utg470.94/evm.utg479.117/evm.utg498.7/evm.utg526.25/evm.utg532.16/evm.utg597.25/utg700.equina_smart_1421472.mrna1/utg700.equina_smart_1421475.mrna1/evm.utg729.130/evm.utg788.37/evm.utg790.58/evm.utg801.94/evm.utg844.8/evm.utg868.107/evm.utg868.108/evm.utg989.21/evm.utg992.14/evm.utg1005.73/evm.utg1221.19/evm.utg1243.2/evm.utg1355.25/evm.utg1396.13/evm.utg1455.33/evm.utg1455.34/evm.utg1708.37/evm.utg1910.39/evm.utg1910.64/evm.utg1972.1/evm.utg2007.16/evm.utg2417.41/evm.utg2674.7/evm.utg3019.11/evm.utg3019.12/evm.utg3158.43/evm.utg3201.13/evm.utg3380.9/evm.utg3499.4/evm.utg3499.7/evm.utg3499.9/evm.utg3499.10/evm.utg3550.12/evm.utg3753.16/evm.utg3839.96/evm.utg4155.26/evm.utg4155.27/evm.utg4326.30/evm.utg4709.19/evm.utg4709.26/evm.utg4907.69/evm.utg5578.4/evm.utg6806.23/evm.utg6958.34/evm.utg7680.15/evm.utg7931.6/evm.utg7931.7/evm.utg7931.8/utg7950.equina_smart_1791395.mrna2/evm.utg9668.1/evm.utg9668.2/evm.utg14876.8/evm.utg20618.1/evm.utg21766.5/evm.utg27651.3/evm.utg32107.9/evm.utg53426.4/evm.utg97204.6/evm.utg139908.2/evm.utg139908.3","evm.utg7931.6",-1.25122875501136,"ORA"
"158","salinity_only","molecular_functions","oxidoreductase activity","GO:0016491","oxidoreductase activity",0.00043333833368201,"evm.utg4.53/evm.utg78.33/evm.utg101.99/evm.utg116.1/evm.utg116.119/evm.utg116.121/evm.utg160.25/evm.utg172.138/evm.utg194.22/evm.utg239.19/evm.utg243.6/evm.utg301.18/evm.utg307.15/evm.utg324.97/evm.utg348.6/evm.utg356.157/evm.utg411.144/evm.utg413.52/evm.utg415.26/evm.utg438.23/evm.utg467.6/evm.utg470.94/evm.utg479.117/evm.utg498.7/evm.utg526.25/evm.utg532.16/evm.utg597.25/utg700.equina_smart_1421472.mrna1/utg700.equina_smart_1421475.mrna1/evm.utg729.130/evm.utg788.37/evm.utg790.58/evm.utg801.94/evm.utg844.8/evm.utg868.107/evm.utg868.108/evm.utg989.21/evm.utg992.14/evm.utg1005.73/evm.utg1221.19/evm.utg1243.2/evm.utg1355.25/evm.utg1396.13/evm.utg1455.33/evm.utg1455.34/evm.utg1708.37/evm.utg1910.39/evm.utg1910.64/evm.utg1972.1/evm.utg2007.16/evm.utg2417.41/evm.utg2674.7/evm.utg3019.11/evm.utg3019.12/evm.utg3158.43/evm.utg3201.13/evm.utg3380.9/evm.utg3499.4/evm.utg3499.7/evm.utg3499.9/evm.utg3499.10/evm.utg3550.12/evm.utg3753.16/evm.utg3839.96/evm.utg4155.26/evm.utg4155.27/evm.utg4326.30/evm.utg4709.19/evm.utg4709.26/evm.utg4907.69/evm.utg5578.4/evm.utg6806.23/evm.utg6958.34/evm.utg7680.15/evm.utg7931.6/evm.utg7931.7/evm.utg7931.8/utg7950.equina_smart_1791395.mrna2/evm.utg9668.1/evm.utg9668.2/evm.utg14876.8/evm.utg20618.1/evm.utg21766.5/evm.utg27651.3/evm.utg32107.9/evm.utg53426.4/evm.utg97204.6/evm.utg139908.2/evm.utg139908.3","evm.utg7931.7",-1.42952385615638,"ORA"
"159","salinity_only","molecular_functions","oxidoreductase activity","GO:0016491","oxidoreductase activity",0.00043333833368201,"evm.utg4.53/evm.utg78.33/evm.utg101.99/evm.utg116.1/evm.utg116.119/evm.utg116.121/evm.utg160.25/evm.utg172.138/evm.utg194.22/evm.utg239.19/evm.utg243.6/evm.utg301.18/evm.utg307.15/evm.utg324.97/evm.utg348.6/evm.utg356.157/evm.utg411.144/evm.utg413.52/evm.utg415.26/evm.utg438.23/evm.utg467.6/evm.utg470.94/evm.utg479.117/evm.utg498.7/evm.utg526.25/evm.utg532.16/evm.utg597.25/utg700.equina_smart_1421472.mrna1/utg700.equina_smart_1421475.mrna1/evm.utg729.130/evm.utg788.37/evm.utg790.58/evm.utg801.94/evm.utg844.8/evm.utg868.107/evm.utg868.108/evm.utg989.21/evm.utg992.14/evm.utg1005.73/evm.utg1221.19/evm.utg1243.2/evm.utg1355.25/evm.utg1396.13/evm.utg1455.33/evm.utg1455.34/evm.utg1708.37/evm.utg1910.39/evm.utg1910.64/evm.utg1972.1/evm.utg2007.16/evm.utg2417.41/evm.utg2674.7/evm.utg3019.11/evm.utg3019.12/evm.utg3158.43/evm.utg3201.13/evm.utg3380.9/evm.utg3499.4/evm.utg3499.7/evm.utg3499.9/evm.utg3499.10/evm.utg3550.12/evm.utg3753.16/evm.utg3839.96/evm.utg4155.26/evm.utg4155.27/evm.utg4326.30/evm.utg4709.19/evm.utg4709.26/evm.utg4907.69/evm.utg5578.4/evm.utg6806.23/evm.utg6958.34/evm.utg7680.15/evm.utg7931.6/evm.utg7931.7/evm.utg7931.8/utg7950.equina_smart_1791395.mrna2/evm.utg9668.1/evm.utg9668.2/evm.utg14876.8/evm.utg20618.1/evm.utg21766.5/evm.utg27651.3/evm.utg32107.9/evm.utg53426.4/evm.utg97204.6/evm.utg139908.2/evm.utg139908.3","evm.utg7931.8",-1.19166729464099,"ORA"
"160","salinity_only","molecular_functions","oxidoreductase activity","GO:0016491","oxidoreductase activity",0.00043333833368201,"evm.utg4.53/evm.utg78.33/evm.utg101.99/evm.utg116.1/evm.utg116.119/evm.utg116.121/evm.utg160.25/evm.utg172.138/evm.utg194.22/evm.utg239.19/evm.utg243.6/evm.utg301.18/evm.utg307.15/evm.utg324.97/evm.utg348.6/evm.utg356.157/evm.utg411.144/evm.utg413.52/evm.utg415.26/evm.utg438.23/evm.utg467.6/evm.utg470.94/evm.utg479.117/evm.utg498.7/evm.utg526.25/evm.utg532.16/evm.utg597.25/utg700.equina_smart_1421472.mrna1/utg700.equina_smart_1421475.mrna1/evm.utg729.130/evm.utg788.37/evm.utg790.58/evm.utg801.94/evm.utg844.8/evm.utg868.107/evm.utg868.108/evm.utg989.21/evm.utg992.14/evm.utg1005.73/evm.utg1221.19/evm.utg1243.2/evm.utg1355.25/evm.utg1396.13/evm.utg1455.33/evm.utg1455.34/evm.utg1708.37/evm.utg1910.39/evm.utg1910.64/evm.utg1972.1/evm.utg2007.16/evm.utg2417.41/evm.utg2674.7/evm.utg3019.11/evm.utg3019.12/evm.utg3158.43/evm.utg3201.13/evm.utg3380.9/evm.utg3499.4/evm.utg3499.7/evm.utg3499.9/evm.utg3499.10/evm.utg3550.12/evm.utg3753.16/evm.utg3839.96/evm.utg4155.26/evm.utg4155.27/evm.utg4326.30/evm.utg4709.19/evm.utg4709.26/evm.utg4907.69/evm.utg5578.4/evm.utg6806.23/evm.utg6958.34/evm.utg7680.15/evm.utg7931.6/evm.utg7931.7/evm.utg7931.8/utg7950.equina_smart_1791395.mrna2/evm.utg9668.1/evm.utg9668.2/evm.utg14876.8/evm.utg20618.1/evm.utg21766.5/evm.utg27651.3/evm.utg32107.9/evm.utg53426.4/evm.utg97204.6/evm.utg139908.2/evm.utg139908.3","utg7950.equina_smart_1791395.mrna2",-0.966199246230115,"ORA"
"161","salinity_only","molecular_functions","oxidoreductase activity","GO:0016491","oxidoreductase activity",0.00043333833368201,"evm.utg4.53/evm.utg78.33/evm.utg101.99/evm.utg116.1/evm.utg116.119/evm.utg116.121/evm.utg160.25/evm.utg172.138/evm.utg194.22/evm.utg239.19/evm.utg243.6/evm.utg301.18/evm.utg307.15/evm.utg324.97/evm.utg348.6/evm.utg356.157/evm.utg411.144/evm.utg413.52/evm.utg415.26/evm.utg438.23/evm.utg467.6/evm.utg470.94/evm.utg479.117/evm.utg498.7/evm.utg526.25/evm.utg532.16/evm.utg597.25/utg700.equina_smart_1421472.mrna1/utg700.equina_smart_1421475.mrna1/evm.utg729.130/evm.utg788.37/evm.utg790.58/evm.utg801.94/evm.utg844.8/evm.utg868.107/evm.utg868.108/evm.utg989.21/evm.utg992.14/evm.utg1005.73/evm.utg1221.19/evm.utg1243.2/evm.utg1355.25/evm.utg1396.13/evm.utg1455.33/evm.utg1455.34/evm.utg1708.37/evm.utg1910.39/evm.utg1910.64/evm.utg1972.1/evm.utg2007.16/evm.utg2417.41/evm.utg2674.7/evm.utg3019.11/evm.utg3019.12/evm.utg3158.43/evm.utg3201.13/evm.utg3380.9/evm.utg3499.4/evm.utg3499.7/evm.utg3499.9/evm.utg3499.10/evm.utg3550.12/evm.utg3753.16/evm.utg3839.96/evm.utg4155.26/evm.utg4155.27/evm.utg4326.30/evm.utg4709.19/evm.utg4709.26/evm.utg4907.69/evm.utg5578.4/evm.utg6806.23/evm.utg6958.34/evm.utg7680.15/evm.utg7931.6/evm.utg7931.7/evm.utg7931.8/utg7950.equina_smart_1791395.mrna2/evm.utg9668.1/evm.utg9668.2/evm.utg14876.8/evm.utg20618.1/evm.utg21766.5/evm.utg27651.3/evm.utg32107.9/evm.utg53426.4/evm.utg97204.6/evm.utg139908.2/evm.utg139908.3","evm.utg9668.1",-4.0825744200215,"ORA"
"162","salinity_only","molecular_functions","oxidoreductase activity","GO:0016491","oxidoreductase activity",0.00043333833368201,"evm.utg4.53/evm.utg78.33/evm.utg101.99/evm.utg116.1/evm.utg116.119/evm.utg116.121/evm.utg160.25/evm.utg172.138/evm.utg194.22/evm.utg239.19/evm.utg243.6/evm.utg301.18/evm.utg307.15/evm.utg324.97/evm.utg348.6/evm.utg356.157/evm.utg411.144/evm.utg413.52/evm.utg415.26/evm.utg438.23/evm.utg467.6/evm.utg470.94/evm.utg479.117/evm.utg498.7/evm.utg526.25/evm.utg532.16/evm.utg597.25/utg700.equina_smart_1421472.mrna1/utg700.equina_smart_1421475.mrna1/evm.utg729.130/evm.utg788.37/evm.utg790.58/evm.utg801.94/evm.utg844.8/evm.utg868.107/evm.utg868.108/evm.utg989.21/evm.utg992.14/evm.utg1005.73/evm.utg1221.19/evm.utg1243.2/evm.utg1355.25/evm.utg1396.13/evm.utg1455.33/evm.utg1455.34/evm.utg1708.37/evm.utg1910.39/evm.utg1910.64/evm.utg1972.1/evm.utg2007.16/evm.utg2417.41/evm.utg2674.7/evm.utg3019.11/evm.utg3019.12/evm.utg3158.43/evm.utg3201.13/evm.utg3380.9/evm.utg3499.4/evm.utg3499.7/evm.utg3499.9/evm.utg3499.10/evm.utg3550.12/evm.utg3753.16/evm.utg3839.96/evm.utg4155.26/evm.utg4155.27/evm.utg4326.30/evm.utg4709.19/evm.utg4709.26/evm.utg4907.69/evm.utg5578.4/evm.utg6806.23/evm.utg6958.34/evm.utg7680.15/evm.utg7931.6/evm.utg7931.7/evm.utg7931.8/utg7950.equina_smart_1791395.mrna2/evm.utg9668.1/evm.utg9668.2/evm.utg14876.8/evm.utg20618.1/evm.utg21766.5/evm.utg27651.3/evm.utg32107.9/evm.utg53426.4/evm.utg97204.6/evm.utg139908.2/evm.utg139908.3","evm.utg9668.2",-3.03506567212368,"ORA"
"163","salinity_only","molecular_functions","oxidoreductase activity","GO:0016491","oxidoreductase activity",0.00043333833368201,"evm.utg4.53/evm.utg78.33/evm.utg101.99/evm.utg116.1/evm.utg116.119/evm.utg116.121/evm.utg160.25/evm.utg172.138/evm.utg194.22/evm.utg239.19/evm.utg243.6/evm.utg301.18/evm.utg307.15/evm.utg324.97/evm.utg348.6/evm.utg356.157/evm.utg411.144/evm.utg413.52/evm.utg415.26/evm.utg438.23/evm.utg467.6/evm.utg470.94/evm.utg479.117/evm.utg498.7/evm.utg526.25/evm.utg532.16/evm.utg597.25/utg700.equina_smart_1421472.mrna1/utg700.equina_smart_1421475.mrna1/evm.utg729.130/evm.utg788.37/evm.utg790.58/evm.utg801.94/evm.utg844.8/evm.utg868.107/evm.utg868.108/evm.utg989.21/evm.utg992.14/evm.utg1005.73/evm.utg1221.19/evm.utg1243.2/evm.utg1355.25/evm.utg1396.13/evm.utg1455.33/evm.utg1455.34/evm.utg1708.37/evm.utg1910.39/evm.utg1910.64/evm.utg1972.1/evm.utg2007.16/evm.utg2417.41/evm.utg2674.7/evm.utg3019.11/evm.utg3019.12/evm.utg3158.43/evm.utg3201.13/evm.utg3380.9/evm.utg3499.4/evm.utg3499.7/evm.utg3499.9/evm.utg3499.10/evm.utg3550.12/evm.utg3753.16/evm.utg3839.96/evm.utg4155.26/evm.utg4155.27/evm.utg4326.30/evm.utg4709.19/evm.utg4709.26/evm.utg4907.69/evm.utg5578.4/evm.utg6806.23/evm.utg6958.34/evm.utg7680.15/evm.utg7931.6/evm.utg7931.7/evm.utg7931.8/utg7950.equina_smart_1791395.mrna2/evm.utg9668.1/evm.utg9668.2/evm.utg14876.8/evm.utg20618.1/evm.utg21766.5/evm.utg27651.3/evm.utg32107.9/evm.utg53426.4/evm.utg97204.6/evm.utg139908.2/evm.utg139908.3","evm.utg14876.8",-0.807001584848187,"ORA"
"164","salinity_only","molecular_functions","oxidoreductase activity","GO:0016491","oxidoreductase activity",0.00043333833368201,"evm.utg4.53/evm.utg78.33/evm.utg101.99/evm.utg116.1/evm.utg116.119/evm.utg116.121/evm.utg160.25/evm.utg172.138/evm.utg194.22/evm.utg239.19/evm.utg243.6/evm.utg301.18/evm.utg307.15/evm.utg324.97/evm.utg348.6/evm.utg356.157/evm.utg411.144/evm.utg413.52/evm.utg415.26/evm.utg438.23/evm.utg467.6/evm.utg470.94/evm.utg479.117/evm.utg498.7/evm.utg526.25/evm.utg532.16/evm.utg597.25/utg700.equina_smart_1421472.mrna1/utg700.equina_smart_1421475.mrna1/evm.utg729.130/evm.utg788.37/evm.utg790.58/evm.utg801.94/evm.utg844.8/evm.utg868.107/evm.utg868.108/evm.utg989.21/evm.utg992.14/evm.utg1005.73/evm.utg1221.19/evm.utg1243.2/evm.utg1355.25/evm.utg1396.13/evm.utg1455.33/evm.utg1455.34/evm.utg1708.37/evm.utg1910.39/evm.utg1910.64/evm.utg1972.1/evm.utg2007.16/evm.utg2417.41/evm.utg2674.7/evm.utg3019.11/evm.utg3019.12/evm.utg3158.43/evm.utg3201.13/evm.utg3380.9/evm.utg3499.4/evm.utg3499.7/evm.utg3499.9/evm.utg3499.10/evm.utg3550.12/evm.utg3753.16/evm.utg3839.96/evm.utg4155.26/evm.utg4155.27/evm.utg4326.30/evm.utg4709.19/evm.utg4709.26/evm.utg4907.69/evm.utg5578.4/evm.utg6806.23/evm.utg6958.34/evm.utg7680.15/evm.utg7931.6/evm.utg7931.7/evm.utg7931.8/utg7950.equina_smart_1791395.mrna2/evm.utg9668.1/evm.utg9668.2/evm.utg14876.8/evm.utg20618.1/evm.utg21766.5/evm.utg27651.3/evm.utg32107.9/evm.utg53426.4/evm.utg97204.6/evm.utg139908.2/evm.utg139908.3","evm.utg20618.1",-1.87422370059695,"ORA"
"165","salinity_only","molecular_functions","oxidoreductase activity","GO:0016491","oxidoreductase activity",0.00043333833368201,"evm.utg4.53/evm.utg78.33/evm.utg101.99/evm.utg116.1/evm.utg116.119/evm.utg116.121/evm.utg160.25/evm.utg172.138/evm.utg194.22/evm.utg239.19/evm.utg243.6/evm.utg301.18/evm.utg307.15/evm.utg324.97/evm.utg348.6/evm.utg356.157/evm.utg411.144/evm.utg413.52/evm.utg415.26/evm.utg438.23/evm.utg467.6/evm.utg470.94/evm.utg479.117/evm.utg498.7/evm.utg526.25/evm.utg532.16/evm.utg597.25/utg700.equina_smart_1421472.mrna1/utg700.equina_smart_1421475.mrna1/evm.utg729.130/evm.utg788.37/evm.utg790.58/evm.utg801.94/evm.utg844.8/evm.utg868.107/evm.utg868.108/evm.utg989.21/evm.utg992.14/evm.utg1005.73/evm.utg1221.19/evm.utg1243.2/evm.utg1355.25/evm.utg1396.13/evm.utg1455.33/evm.utg1455.34/evm.utg1708.37/evm.utg1910.39/evm.utg1910.64/evm.utg1972.1/evm.utg2007.16/evm.utg2417.41/evm.utg2674.7/evm.utg3019.11/evm.utg3019.12/evm.utg3158.43/evm.utg3201.13/evm.utg3380.9/evm.utg3499.4/evm.utg3499.7/evm.utg3499.9/evm.utg3499.10/evm.utg3550.12/evm.utg3753.16/evm.utg3839.96/evm.utg4155.26/evm.utg4155.27/evm.utg4326.30/evm.utg4709.19/evm.utg4709.26/evm.utg4907.69/evm.utg5578.4/evm.utg6806.23/evm.utg6958.34/evm.utg7680.15/evm.utg7931.6/evm.utg7931.7/evm.utg7931.8/utg7950.equina_smart_1791395.mrna2/evm.utg9668.1/evm.utg9668.2/evm.utg14876.8/evm.utg20618.1/evm.utg21766.5/evm.utg27651.3/evm.utg32107.9/evm.utg53426.4/evm.utg97204.6/evm.utg139908.2/evm.utg139908.3","evm.utg21766.5",1.76373347884614,"ORA"
"166","salinity_only","molecular_functions","oxidoreductase activity","GO:0016491","oxidoreductase activity",0.00043333833368201,"evm.utg4.53/evm.utg78.33/evm.utg101.99/evm.utg116.1/evm.utg116.119/evm.utg116.121/evm.utg160.25/evm.utg172.138/evm.utg194.22/evm.utg239.19/evm.utg243.6/evm.utg301.18/evm.utg307.15/evm.utg324.97/evm.utg348.6/evm.utg356.157/evm.utg411.144/evm.utg413.52/evm.utg415.26/evm.utg438.23/evm.utg467.6/evm.utg470.94/evm.utg479.117/evm.utg498.7/evm.utg526.25/evm.utg532.16/evm.utg597.25/utg700.equina_smart_1421472.mrna1/utg700.equina_smart_1421475.mrna1/evm.utg729.130/evm.utg788.37/evm.utg790.58/evm.utg801.94/evm.utg844.8/evm.utg868.107/evm.utg868.108/evm.utg989.21/evm.utg992.14/evm.utg1005.73/evm.utg1221.19/evm.utg1243.2/evm.utg1355.25/evm.utg1396.13/evm.utg1455.33/evm.utg1455.34/evm.utg1708.37/evm.utg1910.39/evm.utg1910.64/evm.utg1972.1/evm.utg2007.16/evm.utg2417.41/evm.utg2674.7/evm.utg3019.11/evm.utg3019.12/evm.utg3158.43/evm.utg3201.13/evm.utg3380.9/evm.utg3499.4/evm.utg3499.7/evm.utg3499.9/evm.utg3499.10/evm.utg3550.12/evm.utg3753.16/evm.utg3839.96/evm.utg4155.26/evm.utg4155.27/evm.utg4326.30/evm.utg4709.19/evm.utg4709.26/evm.utg4907.69/evm.utg5578.4/evm.utg6806.23/evm.utg6958.34/evm.utg7680.15/evm.utg7931.6/evm.utg7931.7/evm.utg7931.8/utg7950.equina_smart_1791395.mrna2/evm.utg9668.1/evm.utg9668.2/evm.utg14876.8/evm.utg20618.1/evm.utg21766.5/evm.utg27651.3/evm.utg32107.9/evm.utg53426.4/evm.utg97204.6/evm.utg139908.2/evm.utg139908.3","evm.utg27651.3",3.1007511142675,"ORA"
"167","salinity_only","molecular_functions","oxidoreductase activity","GO:0016491","oxidoreductase activity",0.00043333833368201,"evm.utg4.53/evm.utg78.33/evm.utg101.99/evm.utg116.1/evm.utg116.119/evm.utg116.121/evm.utg160.25/evm.utg172.138/evm.utg194.22/evm.utg239.19/evm.utg243.6/evm.utg301.18/evm.utg307.15/evm.utg324.97/evm.utg348.6/evm.utg356.157/evm.utg411.144/evm.utg413.52/evm.utg415.26/evm.utg438.23/evm.utg467.6/evm.utg470.94/evm.utg479.117/evm.utg498.7/evm.utg526.25/evm.utg532.16/evm.utg597.25/utg700.equina_smart_1421472.mrna1/utg700.equina_smart_1421475.mrna1/evm.utg729.130/evm.utg788.37/evm.utg790.58/evm.utg801.94/evm.utg844.8/evm.utg868.107/evm.utg868.108/evm.utg989.21/evm.utg992.14/evm.utg1005.73/evm.utg1221.19/evm.utg1243.2/evm.utg1355.25/evm.utg1396.13/evm.utg1455.33/evm.utg1455.34/evm.utg1708.37/evm.utg1910.39/evm.utg1910.64/evm.utg1972.1/evm.utg2007.16/evm.utg2417.41/evm.utg2674.7/evm.utg3019.11/evm.utg3019.12/evm.utg3158.43/evm.utg3201.13/evm.utg3380.9/evm.utg3499.4/evm.utg3499.7/evm.utg3499.9/evm.utg3499.10/evm.utg3550.12/evm.utg3753.16/evm.utg3839.96/evm.utg4155.26/evm.utg4155.27/evm.utg4326.30/evm.utg4709.19/evm.utg4709.26/evm.utg4907.69/evm.utg5578.4/evm.utg6806.23/evm.utg6958.34/evm.utg7680.15/evm.utg7931.6/evm.utg7931.7/evm.utg7931.8/utg7950.equina_smart_1791395.mrna2/evm.utg9668.1/evm.utg9668.2/evm.utg14876.8/evm.utg20618.1/evm.utg21766.5/evm.utg27651.3/evm.utg32107.9/evm.utg53426.4/evm.utg97204.6/evm.utg139908.2/evm.utg139908.3","evm.utg32107.9",0.765439335221604,"ORA"
"168","salinity_only","molecular_functions","oxidoreductase activity","GO:0016491","oxidoreductase activity",0.00043333833368201,"evm.utg4.53/evm.utg78.33/evm.utg101.99/evm.utg116.1/evm.utg116.119/evm.utg116.121/evm.utg160.25/evm.utg172.138/evm.utg194.22/evm.utg239.19/evm.utg243.6/evm.utg301.18/evm.utg307.15/evm.utg324.97/evm.utg348.6/evm.utg356.157/evm.utg411.144/evm.utg413.52/evm.utg415.26/evm.utg438.23/evm.utg467.6/evm.utg470.94/evm.utg479.117/evm.utg498.7/evm.utg526.25/evm.utg532.16/evm.utg597.25/utg700.equina_smart_1421472.mrna1/utg700.equina_smart_1421475.mrna1/evm.utg729.130/evm.utg788.37/evm.utg790.58/evm.utg801.94/evm.utg844.8/evm.utg868.107/evm.utg868.108/evm.utg989.21/evm.utg992.14/evm.utg1005.73/evm.utg1221.19/evm.utg1243.2/evm.utg1355.25/evm.utg1396.13/evm.utg1455.33/evm.utg1455.34/evm.utg1708.37/evm.utg1910.39/evm.utg1910.64/evm.utg1972.1/evm.utg2007.16/evm.utg2417.41/evm.utg2674.7/evm.utg3019.11/evm.utg3019.12/evm.utg3158.43/evm.utg3201.13/evm.utg3380.9/evm.utg3499.4/evm.utg3499.7/evm.utg3499.9/evm.utg3499.10/evm.utg3550.12/evm.utg3753.16/evm.utg3839.96/evm.utg4155.26/evm.utg4155.27/evm.utg4326.30/evm.utg4709.19/evm.utg4709.26/evm.utg4907.69/evm.utg5578.4/evm.utg6806.23/evm.utg6958.34/evm.utg7680.15/evm.utg7931.6/evm.utg7931.7/evm.utg7931.8/utg7950.equina_smart_1791395.mrna2/evm.utg9668.1/evm.utg9668.2/evm.utg14876.8/evm.utg20618.1/evm.utg21766.5/evm.utg27651.3/evm.utg32107.9/evm.utg53426.4/evm.utg97204.6/evm.utg139908.2/evm.utg139908.3","evm.utg53426.4",2.11650798078506,"ORA"
"169","salinity_only","molecular_functions","oxidoreductase activity","GO:0016491","oxidoreductase activity",0.00043333833368201,"evm.utg4.53/evm.utg78.33/evm.utg101.99/evm.utg116.1/evm.utg116.119/evm.utg116.121/evm.utg160.25/evm.utg172.138/evm.utg194.22/evm.utg239.19/evm.utg243.6/evm.utg301.18/evm.utg307.15/evm.utg324.97/evm.utg348.6/evm.utg356.157/evm.utg411.144/evm.utg413.52/evm.utg415.26/evm.utg438.23/evm.utg467.6/evm.utg470.94/evm.utg479.117/evm.utg498.7/evm.utg526.25/evm.utg532.16/evm.utg597.25/utg700.equina_smart_1421472.mrna1/utg700.equina_smart_1421475.mrna1/evm.utg729.130/evm.utg788.37/evm.utg790.58/evm.utg801.94/evm.utg844.8/evm.utg868.107/evm.utg868.108/evm.utg989.21/evm.utg992.14/evm.utg1005.73/evm.utg1221.19/evm.utg1243.2/evm.utg1355.25/evm.utg1396.13/evm.utg1455.33/evm.utg1455.34/evm.utg1708.37/evm.utg1910.39/evm.utg1910.64/evm.utg1972.1/evm.utg2007.16/evm.utg2417.41/evm.utg2674.7/evm.utg3019.11/evm.utg3019.12/evm.utg3158.43/evm.utg3201.13/evm.utg3380.9/evm.utg3499.4/evm.utg3499.7/evm.utg3499.9/evm.utg3499.10/evm.utg3550.12/evm.utg3753.16/evm.utg3839.96/evm.utg4155.26/evm.utg4155.27/evm.utg4326.30/evm.utg4709.19/evm.utg4709.26/evm.utg4907.69/evm.utg5578.4/evm.utg6806.23/evm.utg6958.34/evm.utg7680.15/evm.utg7931.6/evm.utg7931.7/evm.utg7931.8/utg7950.equina_smart_1791395.mrna2/evm.utg9668.1/evm.utg9668.2/evm.utg14876.8/evm.utg20618.1/evm.utg21766.5/evm.utg27651.3/evm.utg32107.9/evm.utg53426.4/evm.utg97204.6/evm.utg139908.2/evm.utg139908.3","evm.utg97204.6",-0.752599123551518,"ORA"
"170","salinity_only","molecular_functions","oxidoreductase activity","GO:0016491","oxidoreductase activity",0.00043333833368201,"evm.utg4.53/evm.utg78.33/evm.utg101.99/evm.utg116.1/evm.utg116.119/evm.utg116.121/evm.utg160.25/evm.utg172.138/evm.utg194.22/evm.utg239.19/evm.utg243.6/evm.utg301.18/evm.utg307.15/evm.utg324.97/evm.utg348.6/evm.utg356.157/evm.utg411.144/evm.utg413.52/evm.utg415.26/evm.utg438.23/evm.utg467.6/evm.utg470.94/evm.utg479.117/evm.utg498.7/evm.utg526.25/evm.utg532.16/evm.utg597.25/utg700.equina_smart_1421472.mrna1/utg700.equina_smart_1421475.mrna1/evm.utg729.130/evm.utg788.37/evm.utg790.58/evm.utg801.94/evm.utg844.8/evm.utg868.107/evm.utg868.108/evm.utg989.21/evm.utg992.14/evm.utg1005.73/evm.utg1221.19/evm.utg1243.2/evm.utg1355.25/evm.utg1396.13/evm.utg1455.33/evm.utg1455.34/evm.utg1708.37/evm.utg1910.39/evm.utg1910.64/evm.utg1972.1/evm.utg2007.16/evm.utg2417.41/evm.utg2674.7/evm.utg3019.11/evm.utg3019.12/evm.utg3158.43/evm.utg3201.13/evm.utg3380.9/evm.utg3499.4/evm.utg3499.7/evm.utg3499.9/evm.utg3499.10/evm.utg3550.12/evm.utg3753.16/evm.utg3839.96/evm.utg4155.26/evm.utg4155.27/evm.utg4326.30/evm.utg4709.19/evm.utg4709.26/evm.utg4907.69/evm.utg5578.4/evm.utg6806.23/evm.utg6958.34/evm.utg7680.15/evm.utg7931.6/evm.utg7931.7/evm.utg7931.8/utg7950.equina_smart_1791395.mrna2/evm.utg9668.1/evm.utg9668.2/evm.utg14876.8/evm.utg20618.1/evm.utg21766.5/evm.utg27651.3/evm.utg32107.9/evm.utg53426.4/evm.utg97204.6/evm.utg139908.2/evm.utg139908.3","evm.utg139908.2",1.06350519001193,"ORA"
"171","salinity_only","molecular_functions","oxidoreductase activity","GO:0016491","oxidoreductase activity",0.00043333833368201,"evm.utg4.53/evm.utg78.33/evm.utg101.99/evm.utg116.1/evm.utg116.119/evm.utg116.121/evm.utg160.25/evm.utg172.138/evm.utg194.22/evm.utg239.19/evm.utg243.6/evm.utg301.18/evm.utg307.15/evm.utg324.97/evm.utg348.6/evm.utg356.157/evm.utg411.144/evm.utg413.52/evm.utg415.26/evm.utg438.23/evm.utg467.6/evm.utg470.94/evm.utg479.117/evm.utg498.7/evm.utg526.25/evm.utg532.16/evm.utg597.25/utg700.equina_smart_1421472.mrna1/utg700.equina_smart_1421475.mrna1/evm.utg729.130/evm.utg788.37/evm.utg790.58/evm.utg801.94/evm.utg844.8/evm.utg868.107/evm.utg868.108/evm.utg989.21/evm.utg992.14/evm.utg1005.73/evm.utg1221.19/evm.utg1243.2/evm.utg1355.25/evm.utg1396.13/evm.utg1455.33/evm.utg1455.34/evm.utg1708.37/evm.utg1910.39/evm.utg1910.64/evm.utg1972.1/evm.utg2007.16/evm.utg2417.41/evm.utg2674.7/evm.utg3019.11/evm.utg3019.12/evm.utg3158.43/evm.utg3201.13/evm.utg3380.9/evm.utg3499.4/evm.utg3499.7/evm.utg3499.9/evm.utg3499.10/evm.utg3550.12/evm.utg3753.16/evm.utg3839.96/evm.utg4155.26/evm.utg4155.27/evm.utg4326.30/evm.utg4709.19/evm.utg4709.26/evm.utg4907.69/evm.utg5578.4/evm.utg6806.23/evm.utg6958.34/evm.utg7680.15/evm.utg7931.6/evm.utg7931.7/evm.utg7931.8/utg7950.equina_smart_1791395.mrna2/evm.utg9668.1/evm.utg9668.2/evm.utg14876.8/evm.utg20618.1/evm.utg21766.5/evm.utg27651.3/evm.utg32107.9/evm.utg53426.4/evm.utg97204.6/evm.utg139908.2/evm.utg139908.3","evm.utg139908.3",1.24642428165179,"ORA"
"172","salinity_only","molecular_functions","DNA-binding transcription factor activity","GO:0000981","DNA-binding transcription factor activity, RNA polymerase II-specific",0.0181197274976601,"evm.utg86.58/evm.utg92.89/evm.utg109.23/evm.utg109.26/evm.utg109.42/evm.utg116.210/evm.utg194.35/evm.utg207.64/evm.utg207.76/evm.utg207.80/evm.utg209.38/evm.utg219.26/evm.utg256.12/evm.utg356.130/evm.utg356.131/evm.utg377.30/evm.utg431.3/evm.utg470.38/evm.utg470.49/evm.utg505.42/evm.utg526.19/evm.utg564.44/evm.utg564.47/evm.utg736.39/evm.utg857.16/evm.utg857.24/evm.utg1056.142/evm.utg1204.32/evm.utg1683.61/evm.utg2129.25/evm.utg2129.44/evm.utg2216.22/evm.utg2216.24/evm.utg2298.24/evm.utg2585.8/evm.utg2757.11/evm.utg2757.33/evm.utg2801.42/evm.utg3260.1/evm.utg3283.23/evm.utg3283.25/evm.utg3839.101/evm.utg3839.103/evm.utg4082.36/evm.utg4082.39/evm.utg5513.3/evm.utg5885.86/evm.utg7066.7/evm.utg7289.31/evm.utg7595.8/evm.utg8494.50/evm.utg10541.30/evm.utg15506.3/evm.utg25862.7/evm.utg44416.1","evm.utg86.58",1.57733413592213,"ORA"
"173","salinity_only","molecular_functions","DNA-binding transcription factor activity","GO:0000981","DNA-binding transcription factor activity, RNA polymerase II-specific",0.0181197274976601,"evm.utg86.58/evm.utg92.89/evm.utg109.23/evm.utg109.26/evm.utg109.42/evm.utg116.210/evm.utg194.35/evm.utg207.64/evm.utg207.76/evm.utg207.80/evm.utg209.38/evm.utg219.26/evm.utg256.12/evm.utg356.130/evm.utg356.131/evm.utg377.30/evm.utg431.3/evm.utg470.38/evm.utg470.49/evm.utg505.42/evm.utg526.19/evm.utg564.44/evm.utg564.47/evm.utg736.39/evm.utg857.16/evm.utg857.24/evm.utg1056.142/evm.utg1204.32/evm.utg1683.61/evm.utg2129.25/evm.utg2129.44/evm.utg2216.22/evm.utg2216.24/evm.utg2298.24/evm.utg2585.8/evm.utg2757.11/evm.utg2757.33/evm.utg2801.42/evm.utg3260.1/evm.utg3283.23/evm.utg3283.25/evm.utg3839.101/evm.utg3839.103/evm.utg4082.36/evm.utg4082.39/evm.utg5513.3/evm.utg5885.86/evm.utg7066.7/evm.utg7289.31/evm.utg7595.8/evm.utg8494.50/evm.utg10541.30/evm.utg15506.3/evm.utg25862.7/evm.utg44416.1","evm.utg92.89",1.31392073349749,"ORA"
"174","salinity_only","molecular_functions","DNA-binding transcription factor activity","GO:0000981","DNA-binding transcription factor activity, RNA polymerase II-specific",0.0181197274976601,"evm.utg86.58/evm.utg92.89/evm.utg109.23/evm.utg109.26/evm.utg109.42/evm.utg116.210/evm.utg194.35/evm.utg207.64/evm.utg207.76/evm.utg207.80/evm.utg209.38/evm.utg219.26/evm.utg256.12/evm.utg356.130/evm.utg356.131/evm.utg377.30/evm.utg431.3/evm.utg470.38/evm.utg470.49/evm.utg505.42/evm.utg526.19/evm.utg564.44/evm.utg564.47/evm.utg736.39/evm.utg857.16/evm.utg857.24/evm.utg1056.142/evm.utg1204.32/evm.utg1683.61/evm.utg2129.25/evm.utg2129.44/evm.utg2216.22/evm.utg2216.24/evm.utg2298.24/evm.utg2585.8/evm.utg2757.11/evm.utg2757.33/evm.utg2801.42/evm.utg3260.1/evm.utg3283.23/evm.utg3283.25/evm.utg3839.101/evm.utg3839.103/evm.utg4082.36/evm.utg4082.39/evm.utg5513.3/evm.utg5885.86/evm.utg7066.7/evm.utg7289.31/evm.utg7595.8/evm.utg8494.50/evm.utg10541.30/evm.utg15506.3/evm.utg25862.7/evm.utg44416.1","evm.utg109.23",-1.92437696076642,"ORA"
"175","salinity_only","molecular_functions","DNA-binding transcription factor activity","GO:0000981","DNA-binding transcription factor activity, RNA polymerase II-specific",0.0181197274976601,"evm.utg86.58/evm.utg92.89/evm.utg109.23/evm.utg109.26/evm.utg109.42/evm.utg116.210/evm.utg194.35/evm.utg207.64/evm.utg207.76/evm.utg207.80/evm.utg209.38/evm.utg219.26/evm.utg256.12/evm.utg356.130/evm.utg356.131/evm.utg377.30/evm.utg431.3/evm.utg470.38/evm.utg470.49/evm.utg505.42/evm.utg526.19/evm.utg564.44/evm.utg564.47/evm.utg736.39/evm.utg857.16/evm.utg857.24/evm.utg1056.142/evm.utg1204.32/evm.utg1683.61/evm.utg2129.25/evm.utg2129.44/evm.utg2216.22/evm.utg2216.24/evm.utg2298.24/evm.utg2585.8/evm.utg2757.11/evm.utg2757.33/evm.utg2801.42/evm.utg3260.1/evm.utg3283.23/evm.utg3283.25/evm.utg3839.101/evm.utg3839.103/evm.utg4082.36/evm.utg4082.39/evm.utg5513.3/evm.utg5885.86/evm.utg7066.7/evm.utg7289.31/evm.utg7595.8/evm.utg8494.50/evm.utg10541.30/evm.utg15506.3/evm.utg25862.7/evm.utg44416.1","evm.utg109.26",0.931724624287559,"ORA"
"176","salinity_only","molecular_functions","DNA-binding transcription factor activity","GO:0000981","DNA-binding transcription factor activity, RNA polymerase II-specific",0.0181197274976601,"evm.utg86.58/evm.utg92.89/evm.utg109.23/evm.utg109.26/evm.utg109.42/evm.utg116.210/evm.utg194.35/evm.utg207.64/evm.utg207.76/evm.utg207.80/evm.utg209.38/evm.utg219.26/evm.utg256.12/evm.utg356.130/evm.utg356.131/evm.utg377.30/evm.utg431.3/evm.utg470.38/evm.utg470.49/evm.utg505.42/evm.utg526.19/evm.utg564.44/evm.utg564.47/evm.utg736.39/evm.utg857.16/evm.utg857.24/evm.utg1056.142/evm.utg1204.32/evm.utg1683.61/evm.utg2129.25/evm.utg2129.44/evm.utg2216.22/evm.utg2216.24/evm.utg2298.24/evm.utg2585.8/evm.utg2757.11/evm.utg2757.33/evm.utg2801.42/evm.utg3260.1/evm.utg3283.23/evm.utg3283.25/evm.utg3839.101/evm.utg3839.103/evm.utg4082.36/evm.utg4082.39/evm.utg5513.3/evm.utg5885.86/evm.utg7066.7/evm.utg7289.31/evm.utg7595.8/evm.utg8494.50/evm.utg10541.30/evm.utg15506.3/evm.utg25862.7/evm.utg44416.1","evm.utg109.42",-1.09865699908549,"ORA"
"177","salinity_only","molecular_functions","DNA-binding transcription factor activity","GO:0000981","DNA-binding transcription factor activity, RNA polymerase II-specific",0.0181197274976601,"evm.utg86.58/evm.utg92.89/evm.utg109.23/evm.utg109.26/evm.utg109.42/evm.utg116.210/evm.utg194.35/evm.utg207.64/evm.utg207.76/evm.utg207.80/evm.utg209.38/evm.utg219.26/evm.utg256.12/evm.utg356.130/evm.utg356.131/evm.utg377.30/evm.utg431.3/evm.utg470.38/evm.utg470.49/evm.utg505.42/evm.utg526.19/evm.utg564.44/evm.utg564.47/evm.utg736.39/evm.utg857.16/evm.utg857.24/evm.utg1056.142/evm.utg1204.32/evm.utg1683.61/evm.utg2129.25/evm.utg2129.44/evm.utg2216.22/evm.utg2216.24/evm.utg2298.24/evm.utg2585.8/evm.utg2757.11/evm.utg2757.33/evm.utg2801.42/evm.utg3260.1/evm.utg3283.23/evm.utg3283.25/evm.utg3839.101/evm.utg3839.103/evm.utg4082.36/evm.utg4082.39/evm.utg5513.3/evm.utg5885.86/evm.utg7066.7/evm.utg7289.31/evm.utg7595.8/evm.utg8494.50/evm.utg10541.30/evm.utg15506.3/evm.utg25862.7/evm.utg44416.1","evm.utg116.210",-1.49117031183741,"ORA"
"178","salinity_only","molecular_functions","DNA-binding transcription factor activity","GO:0000981","DNA-binding transcription factor activity, RNA polymerase II-specific",0.0181197274976601,"evm.utg86.58/evm.utg92.89/evm.utg109.23/evm.utg109.26/evm.utg109.42/evm.utg116.210/evm.utg194.35/evm.utg207.64/evm.utg207.76/evm.utg207.80/evm.utg209.38/evm.utg219.26/evm.utg256.12/evm.utg356.130/evm.utg356.131/evm.utg377.30/evm.utg431.3/evm.utg470.38/evm.utg470.49/evm.utg505.42/evm.utg526.19/evm.utg564.44/evm.utg564.47/evm.utg736.39/evm.utg857.16/evm.utg857.24/evm.utg1056.142/evm.utg1204.32/evm.utg1683.61/evm.utg2129.25/evm.utg2129.44/evm.utg2216.22/evm.utg2216.24/evm.utg2298.24/evm.utg2585.8/evm.utg2757.11/evm.utg2757.33/evm.utg2801.42/evm.utg3260.1/evm.utg3283.23/evm.utg3283.25/evm.utg3839.101/evm.utg3839.103/evm.utg4082.36/evm.utg4082.39/evm.utg5513.3/evm.utg5885.86/evm.utg7066.7/evm.utg7289.31/evm.utg7595.8/evm.utg8494.50/evm.utg10541.30/evm.utg15506.3/evm.utg25862.7/evm.utg44416.1","evm.utg194.35",1.00802938542183,"ORA"
"179","salinity_only","molecular_functions","DNA-binding transcription factor activity","GO:0000981","DNA-binding transcription factor activity, RNA polymerase II-specific",0.0181197274976601,"evm.utg86.58/evm.utg92.89/evm.utg109.23/evm.utg109.26/evm.utg109.42/evm.utg116.210/evm.utg194.35/evm.utg207.64/evm.utg207.76/evm.utg207.80/evm.utg209.38/evm.utg219.26/evm.utg256.12/evm.utg356.130/evm.utg356.131/evm.utg377.30/evm.utg431.3/evm.utg470.38/evm.utg470.49/evm.utg505.42/evm.utg526.19/evm.utg564.44/evm.utg564.47/evm.utg736.39/evm.utg857.16/evm.utg857.24/evm.utg1056.142/evm.utg1204.32/evm.utg1683.61/evm.utg2129.25/evm.utg2129.44/evm.utg2216.22/evm.utg2216.24/evm.utg2298.24/evm.utg2585.8/evm.utg2757.11/evm.utg2757.33/evm.utg2801.42/evm.utg3260.1/evm.utg3283.23/evm.utg3283.25/evm.utg3839.101/evm.utg3839.103/evm.utg4082.36/evm.utg4082.39/evm.utg5513.3/evm.utg5885.86/evm.utg7066.7/evm.utg7289.31/evm.utg7595.8/evm.utg8494.50/evm.utg10541.30/evm.utg15506.3/evm.utg25862.7/evm.utg44416.1","evm.utg207.64",-1.75990296359102,"ORA"
"180","salinity_only","molecular_functions","DNA-binding transcription factor activity","GO:0000981","DNA-binding transcription factor activity, RNA polymerase II-specific",0.0181197274976601,"evm.utg86.58/evm.utg92.89/evm.utg109.23/evm.utg109.26/evm.utg109.42/evm.utg116.210/evm.utg194.35/evm.utg207.64/evm.utg207.76/evm.utg207.80/evm.utg209.38/evm.utg219.26/evm.utg256.12/evm.utg356.130/evm.utg356.131/evm.utg377.30/evm.utg431.3/evm.utg470.38/evm.utg470.49/evm.utg505.42/evm.utg526.19/evm.utg564.44/evm.utg564.47/evm.utg736.39/evm.utg857.16/evm.utg857.24/evm.utg1056.142/evm.utg1204.32/evm.utg1683.61/evm.utg2129.25/evm.utg2129.44/evm.utg2216.22/evm.utg2216.24/evm.utg2298.24/evm.utg2585.8/evm.utg2757.11/evm.utg2757.33/evm.utg2801.42/evm.utg3260.1/evm.utg3283.23/evm.utg3283.25/evm.utg3839.101/evm.utg3839.103/evm.utg4082.36/evm.utg4082.39/evm.utg5513.3/evm.utg5885.86/evm.utg7066.7/evm.utg7289.31/evm.utg7595.8/evm.utg8494.50/evm.utg10541.30/evm.utg15506.3/evm.utg25862.7/evm.utg44416.1","evm.utg207.76",-0.891836741960252,"ORA"
"181","salinity_only","molecular_functions","DNA-binding transcription factor activity","GO:0000981","DNA-binding transcription factor activity, RNA polymerase II-specific",0.0181197274976601,"evm.utg86.58/evm.utg92.89/evm.utg109.23/evm.utg109.26/evm.utg109.42/evm.utg116.210/evm.utg194.35/evm.utg207.64/evm.utg207.76/evm.utg207.80/evm.utg209.38/evm.utg219.26/evm.utg256.12/evm.utg356.130/evm.utg356.131/evm.utg377.30/evm.utg431.3/evm.utg470.38/evm.utg470.49/evm.utg505.42/evm.utg526.19/evm.utg564.44/evm.utg564.47/evm.utg736.39/evm.utg857.16/evm.utg857.24/evm.utg1056.142/evm.utg1204.32/evm.utg1683.61/evm.utg2129.25/evm.utg2129.44/evm.utg2216.22/evm.utg2216.24/evm.utg2298.24/evm.utg2585.8/evm.utg2757.11/evm.utg2757.33/evm.utg2801.42/evm.utg3260.1/evm.utg3283.23/evm.utg3283.25/evm.utg3839.101/evm.utg3839.103/evm.utg4082.36/evm.utg4082.39/evm.utg5513.3/evm.utg5885.86/evm.utg7066.7/evm.utg7289.31/evm.utg7595.8/evm.utg8494.50/evm.utg10541.30/evm.utg15506.3/evm.utg25862.7/evm.utg44416.1","evm.utg207.80",-0.83002235983469,"ORA"
"182","salinity_only","molecular_functions","DNA-binding transcription factor activity","GO:0000981","DNA-binding transcription factor activity, RNA polymerase II-specific",0.0181197274976601,"evm.utg86.58/evm.utg92.89/evm.utg109.23/evm.utg109.26/evm.utg109.42/evm.utg116.210/evm.utg194.35/evm.utg207.64/evm.utg207.76/evm.utg207.80/evm.utg209.38/evm.utg219.26/evm.utg256.12/evm.utg356.130/evm.utg356.131/evm.utg377.30/evm.utg431.3/evm.utg470.38/evm.utg470.49/evm.utg505.42/evm.utg526.19/evm.utg564.44/evm.utg564.47/evm.utg736.39/evm.utg857.16/evm.utg857.24/evm.utg1056.142/evm.utg1204.32/evm.utg1683.61/evm.utg2129.25/evm.utg2129.44/evm.utg2216.22/evm.utg2216.24/evm.utg2298.24/evm.utg2585.8/evm.utg2757.11/evm.utg2757.33/evm.utg2801.42/evm.utg3260.1/evm.utg3283.23/evm.utg3283.25/evm.utg3839.101/evm.utg3839.103/evm.utg4082.36/evm.utg4082.39/evm.utg5513.3/evm.utg5885.86/evm.utg7066.7/evm.utg7289.31/evm.utg7595.8/evm.utg8494.50/evm.utg10541.30/evm.utg15506.3/evm.utg25862.7/evm.utg44416.1","evm.utg209.38",-1.12345878692754,"ORA"
"183","salinity_only","molecular_functions","DNA-binding transcription factor activity","GO:0000981","DNA-binding transcription factor activity, RNA polymerase II-specific",0.0181197274976601,"evm.utg86.58/evm.utg92.89/evm.utg109.23/evm.utg109.26/evm.utg109.42/evm.utg116.210/evm.utg194.35/evm.utg207.64/evm.utg207.76/evm.utg207.80/evm.utg209.38/evm.utg219.26/evm.utg256.12/evm.utg356.130/evm.utg356.131/evm.utg377.30/evm.utg431.3/evm.utg470.38/evm.utg470.49/evm.utg505.42/evm.utg526.19/evm.utg564.44/evm.utg564.47/evm.utg736.39/evm.utg857.16/evm.utg857.24/evm.utg1056.142/evm.utg1204.32/evm.utg1683.61/evm.utg2129.25/evm.utg2129.44/evm.utg2216.22/evm.utg2216.24/evm.utg2298.24/evm.utg2585.8/evm.utg2757.11/evm.utg2757.33/evm.utg2801.42/evm.utg3260.1/evm.utg3283.23/evm.utg3283.25/evm.utg3839.101/evm.utg3839.103/evm.utg4082.36/evm.utg4082.39/evm.utg5513.3/evm.utg5885.86/evm.utg7066.7/evm.utg7289.31/evm.utg7595.8/evm.utg8494.50/evm.utg10541.30/evm.utg15506.3/evm.utg25862.7/evm.utg44416.1","evm.utg219.26",-1.99874277740148,"ORA"
"184","salinity_only","molecular_functions","DNA-binding transcription factor activity","GO:0000981","DNA-binding transcription factor activity, RNA polymerase II-specific",0.0181197274976601,"evm.utg86.58/evm.utg92.89/evm.utg109.23/evm.utg109.26/evm.utg109.42/evm.utg116.210/evm.utg194.35/evm.utg207.64/evm.utg207.76/evm.utg207.80/evm.utg209.38/evm.utg219.26/evm.utg256.12/evm.utg356.130/evm.utg356.131/evm.utg377.30/evm.utg431.3/evm.utg470.38/evm.utg470.49/evm.utg505.42/evm.utg526.19/evm.utg564.44/evm.utg564.47/evm.utg736.39/evm.utg857.16/evm.utg857.24/evm.utg1056.142/evm.utg1204.32/evm.utg1683.61/evm.utg2129.25/evm.utg2129.44/evm.utg2216.22/evm.utg2216.24/evm.utg2298.24/evm.utg2585.8/evm.utg2757.11/evm.utg2757.33/evm.utg2801.42/evm.utg3260.1/evm.utg3283.23/evm.utg3283.25/evm.utg3839.101/evm.utg3839.103/evm.utg4082.36/evm.utg4082.39/evm.utg5513.3/evm.utg5885.86/evm.utg7066.7/evm.utg7289.31/evm.utg7595.8/evm.utg8494.50/evm.utg10541.30/evm.utg15506.3/evm.utg25862.7/evm.utg44416.1","evm.utg256.12",1.29497417406352,"ORA"
"185","salinity_only","molecular_functions","DNA-binding transcription factor activity","GO:0000981","DNA-binding transcription factor activity, RNA polymerase II-specific",0.0181197274976601,"evm.utg86.58/evm.utg92.89/evm.utg109.23/evm.utg109.26/evm.utg109.42/evm.utg116.210/evm.utg194.35/evm.utg207.64/evm.utg207.76/evm.utg207.80/evm.utg209.38/evm.utg219.26/evm.utg256.12/evm.utg356.130/evm.utg356.131/evm.utg377.30/evm.utg431.3/evm.utg470.38/evm.utg470.49/evm.utg505.42/evm.utg526.19/evm.utg564.44/evm.utg564.47/evm.utg736.39/evm.utg857.16/evm.utg857.24/evm.utg1056.142/evm.utg1204.32/evm.utg1683.61/evm.utg2129.25/evm.utg2129.44/evm.utg2216.22/evm.utg2216.24/evm.utg2298.24/evm.utg2585.8/evm.utg2757.11/evm.utg2757.33/evm.utg2801.42/evm.utg3260.1/evm.utg3283.23/evm.utg3283.25/evm.utg3839.101/evm.utg3839.103/evm.utg4082.36/evm.utg4082.39/evm.utg5513.3/evm.utg5885.86/evm.utg7066.7/evm.utg7289.31/evm.utg7595.8/evm.utg8494.50/evm.utg10541.30/evm.utg15506.3/evm.utg25862.7/evm.utg44416.1","evm.utg356.130",-0.854702193115082,"ORA"
"186","salinity_only","molecular_functions","DNA-binding transcription factor activity","GO:0000981","DNA-binding transcription factor activity, RNA polymerase II-specific",0.0181197274976601,"evm.utg86.58/evm.utg92.89/evm.utg109.23/evm.utg109.26/evm.utg109.42/evm.utg116.210/evm.utg194.35/evm.utg207.64/evm.utg207.76/evm.utg207.80/evm.utg209.38/evm.utg219.26/evm.utg256.12/evm.utg356.130/evm.utg356.131/evm.utg377.30/evm.utg431.3/evm.utg470.38/evm.utg470.49/evm.utg505.42/evm.utg526.19/evm.utg564.44/evm.utg564.47/evm.utg736.39/evm.utg857.16/evm.utg857.24/evm.utg1056.142/evm.utg1204.32/evm.utg1683.61/evm.utg2129.25/evm.utg2129.44/evm.utg2216.22/evm.utg2216.24/evm.utg2298.24/evm.utg2585.8/evm.utg2757.11/evm.utg2757.33/evm.utg2801.42/evm.utg3260.1/evm.utg3283.23/evm.utg3283.25/evm.utg3839.101/evm.utg3839.103/evm.utg4082.36/evm.utg4082.39/evm.utg5513.3/evm.utg5885.86/evm.utg7066.7/evm.utg7289.31/evm.utg7595.8/evm.utg8494.50/evm.utg10541.30/evm.utg15506.3/evm.utg25862.7/evm.utg44416.1","evm.utg356.131",-0.766083856914468,"ORA"
"187","salinity_only","molecular_functions","DNA-binding transcription factor activity","GO:0000981","DNA-binding transcription factor activity, RNA polymerase II-specific",0.0181197274976601,"evm.utg86.58/evm.utg92.89/evm.utg109.23/evm.utg109.26/evm.utg109.42/evm.utg116.210/evm.utg194.35/evm.utg207.64/evm.utg207.76/evm.utg207.80/evm.utg209.38/evm.utg219.26/evm.utg256.12/evm.utg356.130/evm.utg356.131/evm.utg377.30/evm.utg431.3/evm.utg470.38/evm.utg470.49/evm.utg505.42/evm.utg526.19/evm.utg564.44/evm.utg564.47/evm.utg736.39/evm.utg857.16/evm.utg857.24/evm.utg1056.142/evm.utg1204.32/evm.utg1683.61/evm.utg2129.25/evm.utg2129.44/evm.utg2216.22/evm.utg2216.24/evm.utg2298.24/evm.utg2585.8/evm.utg2757.11/evm.utg2757.33/evm.utg2801.42/evm.utg3260.1/evm.utg3283.23/evm.utg3283.25/evm.utg3839.101/evm.utg3839.103/evm.utg4082.36/evm.utg4082.39/evm.utg5513.3/evm.utg5885.86/evm.utg7066.7/evm.utg7289.31/evm.utg7595.8/evm.utg8494.50/evm.utg10541.30/evm.utg15506.3/evm.utg25862.7/evm.utg44416.1","evm.utg377.30",-1.42938484247773,"ORA"
"188","salinity_only","molecular_functions","DNA-binding transcription factor activity","GO:0000981","DNA-binding transcription factor activity, RNA polymerase II-specific",0.0181197274976601,"evm.utg86.58/evm.utg92.89/evm.utg109.23/evm.utg109.26/evm.utg109.42/evm.utg116.210/evm.utg194.35/evm.utg207.64/evm.utg207.76/evm.utg207.80/evm.utg209.38/evm.utg219.26/evm.utg256.12/evm.utg356.130/evm.utg356.131/evm.utg377.30/evm.utg431.3/evm.utg470.38/evm.utg470.49/evm.utg505.42/evm.utg526.19/evm.utg564.44/evm.utg564.47/evm.utg736.39/evm.utg857.16/evm.utg857.24/evm.utg1056.142/evm.utg1204.32/evm.utg1683.61/evm.utg2129.25/evm.utg2129.44/evm.utg2216.22/evm.utg2216.24/evm.utg2298.24/evm.utg2585.8/evm.utg2757.11/evm.utg2757.33/evm.utg2801.42/evm.utg3260.1/evm.utg3283.23/evm.utg3283.25/evm.utg3839.101/evm.utg3839.103/evm.utg4082.36/evm.utg4082.39/evm.utg5513.3/evm.utg5885.86/evm.utg7066.7/evm.utg7289.31/evm.utg7595.8/evm.utg8494.50/evm.utg10541.30/evm.utg15506.3/evm.utg25862.7/evm.utg44416.1","evm.utg431.3",-1.0152115490721,"ORA"
"189","salinity_only","molecular_functions","DNA-binding transcription factor activity","GO:0000981","DNA-binding transcription factor activity, RNA polymerase II-specific",0.0181197274976601,"evm.utg86.58/evm.utg92.89/evm.utg109.23/evm.utg109.26/evm.utg109.42/evm.utg116.210/evm.utg194.35/evm.utg207.64/evm.utg207.76/evm.utg207.80/evm.utg209.38/evm.utg219.26/evm.utg256.12/evm.utg356.130/evm.utg356.131/evm.utg377.30/evm.utg431.3/evm.utg470.38/evm.utg470.49/evm.utg505.42/evm.utg526.19/evm.utg564.44/evm.utg564.47/evm.utg736.39/evm.utg857.16/evm.utg857.24/evm.utg1056.142/evm.utg1204.32/evm.utg1683.61/evm.utg2129.25/evm.utg2129.44/evm.utg2216.22/evm.utg2216.24/evm.utg2298.24/evm.utg2585.8/evm.utg2757.11/evm.utg2757.33/evm.utg2801.42/evm.utg3260.1/evm.utg3283.23/evm.utg3283.25/evm.utg3839.101/evm.utg3839.103/evm.utg4082.36/evm.utg4082.39/evm.utg5513.3/evm.utg5885.86/evm.utg7066.7/evm.utg7289.31/evm.utg7595.8/evm.utg8494.50/evm.utg10541.30/evm.utg15506.3/evm.utg25862.7/evm.utg44416.1","evm.utg470.38",-2.2656304927544,"ORA"
"190","salinity_only","molecular_functions","DNA-binding transcription factor activity","GO:0000981","DNA-binding transcription factor activity, RNA polymerase II-specific",0.0181197274976601,"evm.utg86.58/evm.utg92.89/evm.utg109.23/evm.utg109.26/evm.utg109.42/evm.utg116.210/evm.utg194.35/evm.utg207.64/evm.utg207.76/evm.utg207.80/evm.utg209.38/evm.utg219.26/evm.utg256.12/evm.utg356.130/evm.utg356.131/evm.utg377.30/evm.utg431.3/evm.utg470.38/evm.utg470.49/evm.utg505.42/evm.utg526.19/evm.utg564.44/evm.utg564.47/evm.utg736.39/evm.utg857.16/evm.utg857.24/evm.utg1056.142/evm.utg1204.32/evm.utg1683.61/evm.utg2129.25/evm.utg2129.44/evm.utg2216.22/evm.utg2216.24/evm.utg2298.24/evm.utg2585.8/evm.utg2757.11/evm.utg2757.33/evm.utg2801.42/evm.utg3260.1/evm.utg3283.23/evm.utg3283.25/evm.utg3839.101/evm.utg3839.103/evm.utg4082.36/evm.utg4082.39/evm.utg5513.3/evm.utg5885.86/evm.utg7066.7/evm.utg7289.31/evm.utg7595.8/evm.utg8494.50/evm.utg10541.30/evm.utg15506.3/evm.utg25862.7/evm.utg44416.1","evm.utg470.49",-1.14007072839594,"ORA"
"191","salinity_only","molecular_functions","DNA-binding transcription factor activity","GO:0000981","DNA-binding transcription factor activity, RNA polymerase II-specific",0.0181197274976601,"evm.utg86.58/evm.utg92.89/evm.utg109.23/evm.utg109.26/evm.utg109.42/evm.utg116.210/evm.utg194.35/evm.utg207.64/evm.utg207.76/evm.utg207.80/evm.utg209.38/evm.utg219.26/evm.utg256.12/evm.utg356.130/evm.utg356.131/evm.utg377.30/evm.utg431.3/evm.utg470.38/evm.utg470.49/evm.utg505.42/evm.utg526.19/evm.utg564.44/evm.utg564.47/evm.utg736.39/evm.utg857.16/evm.utg857.24/evm.utg1056.142/evm.utg1204.32/evm.utg1683.61/evm.utg2129.25/evm.utg2129.44/evm.utg2216.22/evm.utg2216.24/evm.utg2298.24/evm.utg2585.8/evm.utg2757.11/evm.utg2757.33/evm.utg2801.42/evm.utg3260.1/evm.utg3283.23/evm.utg3283.25/evm.utg3839.101/evm.utg3839.103/evm.utg4082.36/evm.utg4082.39/evm.utg5513.3/evm.utg5885.86/evm.utg7066.7/evm.utg7289.31/evm.utg7595.8/evm.utg8494.50/evm.utg10541.30/evm.utg15506.3/evm.utg25862.7/evm.utg44416.1","evm.utg505.42",-1.08369100475874,"ORA"
"192","salinity_only","molecular_functions","DNA-binding transcription factor activity","GO:0000981","DNA-binding transcription factor activity, RNA polymerase II-specific",0.0181197274976601,"evm.utg86.58/evm.utg92.89/evm.utg109.23/evm.utg109.26/evm.utg109.42/evm.utg116.210/evm.utg194.35/evm.utg207.64/evm.utg207.76/evm.utg207.80/evm.utg209.38/evm.utg219.26/evm.utg256.12/evm.utg356.130/evm.utg356.131/evm.utg377.30/evm.utg431.3/evm.utg470.38/evm.utg470.49/evm.utg505.42/evm.utg526.19/evm.utg564.44/evm.utg564.47/evm.utg736.39/evm.utg857.16/evm.utg857.24/evm.utg1056.142/evm.utg1204.32/evm.utg1683.61/evm.utg2129.25/evm.utg2129.44/evm.utg2216.22/evm.utg2216.24/evm.utg2298.24/evm.utg2585.8/evm.utg2757.11/evm.utg2757.33/evm.utg2801.42/evm.utg3260.1/evm.utg3283.23/evm.utg3283.25/evm.utg3839.101/evm.utg3839.103/evm.utg4082.36/evm.utg4082.39/evm.utg5513.3/evm.utg5885.86/evm.utg7066.7/evm.utg7289.31/evm.utg7595.8/evm.utg8494.50/evm.utg10541.30/evm.utg15506.3/evm.utg25862.7/evm.utg44416.1","evm.utg526.19",-1.21207118955262,"ORA"
"193","salinity_only","molecular_functions","DNA-binding transcription factor activity","GO:0000981","DNA-binding transcription factor activity, RNA polymerase II-specific",0.0181197274976601,"evm.utg86.58/evm.utg92.89/evm.utg109.23/evm.utg109.26/evm.utg109.42/evm.utg116.210/evm.utg194.35/evm.utg207.64/evm.utg207.76/evm.utg207.80/evm.utg209.38/evm.utg219.26/evm.utg256.12/evm.utg356.130/evm.utg356.131/evm.utg377.30/evm.utg431.3/evm.utg470.38/evm.utg470.49/evm.utg505.42/evm.utg526.19/evm.utg564.44/evm.utg564.47/evm.utg736.39/evm.utg857.16/evm.utg857.24/evm.utg1056.142/evm.utg1204.32/evm.utg1683.61/evm.utg2129.25/evm.utg2129.44/evm.utg2216.22/evm.utg2216.24/evm.utg2298.24/evm.utg2585.8/evm.utg2757.11/evm.utg2757.33/evm.utg2801.42/evm.utg3260.1/evm.utg3283.23/evm.utg3283.25/evm.utg3839.101/evm.utg3839.103/evm.utg4082.36/evm.utg4082.39/evm.utg5513.3/evm.utg5885.86/evm.utg7066.7/evm.utg7289.31/evm.utg7595.8/evm.utg8494.50/evm.utg10541.30/evm.utg15506.3/evm.utg25862.7/evm.utg44416.1","evm.utg564.44",1.11621305866857,"ORA"
"194","salinity_only","molecular_functions","DNA-binding transcription factor activity","GO:0000981","DNA-binding transcription factor activity, RNA polymerase II-specific",0.0181197274976601,"evm.utg86.58/evm.utg92.89/evm.utg109.23/evm.utg109.26/evm.utg109.42/evm.utg116.210/evm.utg194.35/evm.utg207.64/evm.utg207.76/evm.utg207.80/evm.utg209.38/evm.utg219.26/evm.utg256.12/evm.utg356.130/evm.utg356.131/evm.utg377.30/evm.utg431.3/evm.utg470.38/evm.utg470.49/evm.utg505.42/evm.utg526.19/evm.utg564.44/evm.utg564.47/evm.utg736.39/evm.utg857.16/evm.utg857.24/evm.utg1056.142/evm.utg1204.32/evm.utg1683.61/evm.utg2129.25/evm.utg2129.44/evm.utg2216.22/evm.utg2216.24/evm.utg2298.24/evm.utg2585.8/evm.utg2757.11/evm.utg2757.33/evm.utg2801.42/evm.utg3260.1/evm.utg3283.23/evm.utg3283.25/evm.utg3839.101/evm.utg3839.103/evm.utg4082.36/evm.utg4082.39/evm.utg5513.3/evm.utg5885.86/evm.utg7066.7/evm.utg7289.31/evm.utg7595.8/evm.utg8494.50/evm.utg10541.30/evm.utg15506.3/evm.utg25862.7/evm.utg44416.1","evm.utg564.47",-2.01139526606061,"ORA"
"195","salinity_only","molecular_functions","DNA-binding transcription factor activity","GO:0000981","DNA-binding transcription factor activity, RNA polymerase II-specific",0.0181197274976601,"evm.utg86.58/evm.utg92.89/evm.utg109.23/evm.utg109.26/evm.utg109.42/evm.utg116.210/evm.utg194.35/evm.utg207.64/evm.utg207.76/evm.utg207.80/evm.utg209.38/evm.utg219.26/evm.utg256.12/evm.utg356.130/evm.utg356.131/evm.utg377.30/evm.utg431.3/evm.utg470.38/evm.utg470.49/evm.utg505.42/evm.utg526.19/evm.utg564.44/evm.utg564.47/evm.utg736.39/evm.utg857.16/evm.utg857.24/evm.utg1056.142/evm.utg1204.32/evm.utg1683.61/evm.utg2129.25/evm.utg2129.44/evm.utg2216.22/evm.utg2216.24/evm.utg2298.24/evm.utg2585.8/evm.utg2757.11/evm.utg2757.33/evm.utg2801.42/evm.utg3260.1/evm.utg3283.23/evm.utg3283.25/evm.utg3839.101/evm.utg3839.103/evm.utg4082.36/evm.utg4082.39/evm.utg5513.3/evm.utg5885.86/evm.utg7066.7/evm.utg7289.31/evm.utg7595.8/evm.utg8494.50/evm.utg10541.30/evm.utg15506.3/evm.utg25862.7/evm.utg44416.1","evm.utg736.39",0.694219851181315,"ORA"
"196","salinity_only","molecular_functions","DNA-binding transcription factor activity","GO:0000981","DNA-binding transcription factor activity, RNA polymerase II-specific",0.0181197274976601,"evm.utg86.58/evm.utg92.89/evm.utg109.23/evm.utg109.26/evm.utg109.42/evm.utg116.210/evm.utg194.35/evm.utg207.64/evm.utg207.76/evm.utg207.80/evm.utg209.38/evm.utg219.26/evm.utg256.12/evm.utg356.130/evm.utg356.131/evm.utg377.30/evm.utg431.3/evm.utg470.38/evm.utg470.49/evm.utg505.42/evm.utg526.19/evm.utg564.44/evm.utg564.47/evm.utg736.39/evm.utg857.16/evm.utg857.24/evm.utg1056.142/evm.utg1204.32/evm.utg1683.61/evm.utg2129.25/evm.utg2129.44/evm.utg2216.22/evm.utg2216.24/evm.utg2298.24/evm.utg2585.8/evm.utg2757.11/evm.utg2757.33/evm.utg2801.42/evm.utg3260.1/evm.utg3283.23/evm.utg3283.25/evm.utg3839.101/evm.utg3839.103/evm.utg4082.36/evm.utg4082.39/evm.utg5513.3/evm.utg5885.86/evm.utg7066.7/evm.utg7289.31/evm.utg7595.8/evm.utg8494.50/evm.utg10541.30/evm.utg15506.3/evm.utg25862.7/evm.utg44416.1","evm.utg857.16",-1.14472952196955,"ORA"
"197","salinity_only","molecular_functions","DNA-binding transcription factor activity","GO:0000981","DNA-binding transcription factor activity, RNA polymerase II-specific",0.0181197274976601,"evm.utg86.58/evm.utg92.89/evm.utg109.23/evm.utg109.26/evm.utg109.42/evm.utg116.210/evm.utg194.35/evm.utg207.64/evm.utg207.76/evm.utg207.80/evm.utg209.38/evm.utg219.26/evm.utg256.12/evm.utg356.130/evm.utg356.131/evm.utg377.30/evm.utg431.3/evm.utg470.38/evm.utg470.49/evm.utg505.42/evm.utg526.19/evm.utg564.44/evm.utg564.47/evm.utg736.39/evm.utg857.16/evm.utg857.24/evm.utg1056.142/evm.utg1204.32/evm.utg1683.61/evm.utg2129.25/evm.utg2129.44/evm.utg2216.22/evm.utg2216.24/evm.utg2298.24/evm.utg2585.8/evm.utg2757.11/evm.utg2757.33/evm.utg2801.42/evm.utg3260.1/evm.utg3283.23/evm.utg3283.25/evm.utg3839.101/evm.utg3839.103/evm.utg4082.36/evm.utg4082.39/evm.utg5513.3/evm.utg5885.86/evm.utg7066.7/evm.utg7289.31/evm.utg7595.8/evm.utg8494.50/evm.utg10541.30/evm.utg15506.3/evm.utg25862.7/evm.utg44416.1","evm.utg857.24",-1.40528148418193,"ORA"
"198","salinity_only","molecular_functions","DNA-binding transcription factor activity","GO:0000981","DNA-binding transcription factor activity, RNA polymerase II-specific",0.0181197274976601,"evm.utg86.58/evm.utg92.89/evm.utg109.23/evm.utg109.26/evm.utg109.42/evm.utg116.210/evm.utg194.35/evm.utg207.64/evm.utg207.76/evm.utg207.80/evm.utg209.38/evm.utg219.26/evm.utg256.12/evm.utg356.130/evm.utg356.131/evm.utg377.30/evm.utg431.3/evm.utg470.38/evm.utg470.49/evm.utg505.42/evm.utg526.19/evm.utg564.44/evm.utg564.47/evm.utg736.39/evm.utg857.16/evm.utg857.24/evm.utg1056.142/evm.utg1204.32/evm.utg1683.61/evm.utg2129.25/evm.utg2129.44/evm.utg2216.22/evm.utg2216.24/evm.utg2298.24/evm.utg2585.8/evm.utg2757.11/evm.utg2757.33/evm.utg2801.42/evm.utg3260.1/evm.utg3283.23/evm.utg3283.25/evm.utg3839.101/evm.utg3839.103/evm.utg4082.36/evm.utg4082.39/evm.utg5513.3/evm.utg5885.86/evm.utg7066.7/evm.utg7289.31/evm.utg7595.8/evm.utg8494.50/evm.utg10541.30/evm.utg15506.3/evm.utg25862.7/evm.utg44416.1","evm.utg1056.142",-0.601714912344667,"ORA"
"199","salinity_only","molecular_functions","DNA-binding transcription factor activity","GO:0000981","DNA-binding transcription factor activity, RNA polymerase II-specific",0.0181197274976601,"evm.utg86.58/evm.utg92.89/evm.utg109.23/evm.utg109.26/evm.utg109.42/evm.utg116.210/evm.utg194.35/evm.utg207.64/evm.utg207.76/evm.utg207.80/evm.utg209.38/evm.utg219.26/evm.utg256.12/evm.utg356.130/evm.utg356.131/evm.utg377.30/evm.utg431.3/evm.utg470.38/evm.utg470.49/evm.utg505.42/evm.utg526.19/evm.utg564.44/evm.utg564.47/evm.utg736.39/evm.utg857.16/evm.utg857.24/evm.utg1056.142/evm.utg1204.32/evm.utg1683.61/evm.utg2129.25/evm.utg2129.44/evm.utg2216.22/evm.utg2216.24/evm.utg2298.24/evm.utg2585.8/evm.utg2757.11/evm.utg2757.33/evm.utg2801.42/evm.utg3260.1/evm.utg3283.23/evm.utg3283.25/evm.utg3839.101/evm.utg3839.103/evm.utg4082.36/evm.utg4082.39/evm.utg5513.3/evm.utg5885.86/evm.utg7066.7/evm.utg7289.31/evm.utg7595.8/evm.utg8494.50/evm.utg10541.30/evm.utg15506.3/evm.utg25862.7/evm.utg44416.1","evm.utg1204.32",0.867390029754254,"ORA"
"200","salinity_only","molecular_functions","DNA-binding transcription factor activity","GO:0000981","DNA-binding transcription factor activity, RNA polymerase II-specific",0.0181197274976601,"evm.utg86.58/evm.utg92.89/evm.utg109.23/evm.utg109.26/evm.utg109.42/evm.utg116.210/evm.utg194.35/evm.utg207.64/evm.utg207.76/evm.utg207.80/evm.utg209.38/evm.utg219.26/evm.utg256.12/evm.utg356.130/evm.utg356.131/evm.utg377.30/evm.utg431.3/evm.utg470.38/evm.utg470.49/evm.utg505.42/evm.utg526.19/evm.utg564.44/evm.utg564.47/evm.utg736.39/evm.utg857.16/evm.utg857.24/evm.utg1056.142/evm.utg1204.32/evm.utg1683.61/evm.utg2129.25/evm.utg2129.44/evm.utg2216.22/evm.utg2216.24/evm.utg2298.24/evm.utg2585.8/evm.utg2757.11/evm.utg2757.33/evm.utg2801.42/evm.utg3260.1/evm.utg3283.23/evm.utg3283.25/evm.utg3839.101/evm.utg3839.103/evm.utg4082.36/evm.utg4082.39/evm.utg5513.3/evm.utg5885.86/evm.utg7066.7/evm.utg7289.31/evm.utg7595.8/evm.utg8494.50/evm.utg10541.30/evm.utg15506.3/evm.utg25862.7/evm.utg44416.1","evm.utg1683.61",0.594145526400241,"ORA"
"201","salinity_only","molecular_functions","DNA-binding transcription factor activity","GO:0000981","DNA-binding transcription factor activity, RNA polymerase II-specific",0.0181197274976601,"evm.utg86.58/evm.utg92.89/evm.utg109.23/evm.utg109.26/evm.utg109.42/evm.utg116.210/evm.utg194.35/evm.utg207.64/evm.utg207.76/evm.utg207.80/evm.utg209.38/evm.utg219.26/evm.utg256.12/evm.utg356.130/evm.utg356.131/evm.utg377.30/evm.utg431.3/evm.utg470.38/evm.utg470.49/evm.utg505.42/evm.utg526.19/evm.utg564.44/evm.utg564.47/evm.utg736.39/evm.utg857.16/evm.utg857.24/evm.utg1056.142/evm.utg1204.32/evm.utg1683.61/evm.utg2129.25/evm.utg2129.44/evm.utg2216.22/evm.utg2216.24/evm.utg2298.24/evm.utg2585.8/evm.utg2757.11/evm.utg2757.33/evm.utg2801.42/evm.utg3260.1/evm.utg3283.23/evm.utg3283.25/evm.utg3839.101/evm.utg3839.103/evm.utg4082.36/evm.utg4082.39/evm.utg5513.3/evm.utg5885.86/evm.utg7066.7/evm.utg7289.31/evm.utg7595.8/evm.utg8494.50/evm.utg10541.30/evm.utg15506.3/evm.utg25862.7/evm.utg44416.1","evm.utg2129.25",1.35070730146682,"ORA"
"202","salinity_only","molecular_functions","DNA-binding transcription factor activity","GO:0000981","DNA-binding transcription factor activity, RNA polymerase II-specific",0.0181197274976601,"evm.utg86.58/evm.utg92.89/evm.utg109.23/evm.utg109.26/evm.utg109.42/evm.utg116.210/evm.utg194.35/evm.utg207.64/evm.utg207.76/evm.utg207.80/evm.utg209.38/evm.utg219.26/evm.utg256.12/evm.utg356.130/evm.utg356.131/evm.utg377.30/evm.utg431.3/evm.utg470.38/evm.utg470.49/evm.utg505.42/evm.utg526.19/evm.utg564.44/evm.utg564.47/evm.utg736.39/evm.utg857.16/evm.utg857.24/evm.utg1056.142/evm.utg1204.32/evm.utg1683.61/evm.utg2129.25/evm.utg2129.44/evm.utg2216.22/evm.utg2216.24/evm.utg2298.24/evm.utg2585.8/evm.utg2757.11/evm.utg2757.33/evm.utg2801.42/evm.utg3260.1/evm.utg3283.23/evm.utg3283.25/evm.utg3839.101/evm.utg3839.103/evm.utg4082.36/evm.utg4082.39/evm.utg5513.3/evm.utg5885.86/evm.utg7066.7/evm.utg7289.31/evm.utg7595.8/evm.utg8494.50/evm.utg10541.30/evm.utg15506.3/evm.utg25862.7/evm.utg44416.1","evm.utg2129.44",2.28408543228917,"ORA"
"203","salinity_only","molecular_functions","DNA-binding transcription factor activity","GO:0000981","DNA-binding transcription factor activity, RNA polymerase II-specific",0.0181197274976601,"evm.utg86.58/evm.utg92.89/evm.utg109.23/evm.utg109.26/evm.utg109.42/evm.utg116.210/evm.utg194.35/evm.utg207.64/evm.utg207.76/evm.utg207.80/evm.utg209.38/evm.utg219.26/evm.utg256.12/evm.utg356.130/evm.utg356.131/evm.utg377.30/evm.utg431.3/evm.utg470.38/evm.utg470.49/evm.utg505.42/evm.utg526.19/evm.utg564.44/evm.utg564.47/evm.utg736.39/evm.utg857.16/evm.utg857.24/evm.utg1056.142/evm.utg1204.32/evm.utg1683.61/evm.utg2129.25/evm.utg2129.44/evm.utg2216.22/evm.utg2216.24/evm.utg2298.24/evm.utg2585.8/evm.utg2757.11/evm.utg2757.33/evm.utg2801.42/evm.utg3260.1/evm.utg3283.23/evm.utg3283.25/evm.utg3839.101/evm.utg3839.103/evm.utg4082.36/evm.utg4082.39/evm.utg5513.3/evm.utg5885.86/evm.utg7066.7/evm.utg7289.31/evm.utg7595.8/evm.utg8494.50/evm.utg10541.30/evm.utg15506.3/evm.utg25862.7/evm.utg44416.1","evm.utg2216.22",-1.38869400643847,"ORA"
"204","salinity_only","molecular_functions","DNA-binding transcription factor activity","GO:0000981","DNA-binding transcription factor activity, RNA polymerase II-specific",0.0181197274976601,"evm.utg86.58/evm.utg92.89/evm.utg109.23/evm.utg109.26/evm.utg109.42/evm.utg116.210/evm.utg194.35/evm.utg207.64/evm.utg207.76/evm.utg207.80/evm.utg209.38/evm.utg219.26/evm.utg256.12/evm.utg356.130/evm.utg356.131/evm.utg377.30/evm.utg431.3/evm.utg470.38/evm.utg470.49/evm.utg505.42/evm.utg526.19/evm.utg564.44/evm.utg564.47/evm.utg736.39/evm.utg857.16/evm.utg857.24/evm.utg1056.142/evm.utg1204.32/evm.utg1683.61/evm.utg2129.25/evm.utg2129.44/evm.utg2216.22/evm.utg2216.24/evm.utg2298.24/evm.utg2585.8/evm.utg2757.11/evm.utg2757.33/evm.utg2801.42/evm.utg3260.1/evm.utg3283.23/evm.utg3283.25/evm.utg3839.101/evm.utg3839.103/evm.utg4082.36/evm.utg4082.39/evm.utg5513.3/evm.utg5885.86/evm.utg7066.7/evm.utg7289.31/evm.utg7595.8/evm.utg8494.50/evm.utg10541.30/evm.utg15506.3/evm.utg25862.7/evm.utg44416.1","evm.utg2216.24",-0.969722552750956,"ORA"
"205","salinity_only","molecular_functions","DNA-binding transcription factor activity","GO:0000981","DNA-binding transcription factor activity, RNA polymerase II-specific",0.0181197274976601,"evm.utg86.58/evm.utg92.89/evm.utg109.23/evm.utg109.26/evm.utg109.42/evm.utg116.210/evm.utg194.35/evm.utg207.64/evm.utg207.76/evm.utg207.80/evm.utg209.38/evm.utg219.26/evm.utg256.12/evm.utg356.130/evm.utg356.131/evm.utg377.30/evm.utg431.3/evm.utg470.38/evm.utg470.49/evm.utg505.42/evm.utg526.19/evm.utg564.44/evm.utg564.47/evm.utg736.39/evm.utg857.16/evm.utg857.24/evm.utg1056.142/evm.utg1204.32/evm.utg1683.61/evm.utg2129.25/evm.utg2129.44/evm.utg2216.22/evm.utg2216.24/evm.utg2298.24/evm.utg2585.8/evm.utg2757.11/evm.utg2757.33/evm.utg2801.42/evm.utg3260.1/evm.utg3283.23/evm.utg3283.25/evm.utg3839.101/evm.utg3839.103/evm.utg4082.36/evm.utg4082.39/evm.utg5513.3/evm.utg5885.86/evm.utg7066.7/evm.utg7289.31/evm.utg7595.8/evm.utg8494.50/evm.utg10541.30/evm.utg15506.3/evm.utg25862.7/evm.utg44416.1","evm.utg2298.24",-1.38655606940214,"ORA"
"206","salinity_only","molecular_functions","DNA-binding transcription factor activity","GO:0000981","DNA-binding transcription factor activity, RNA polymerase II-specific",0.0181197274976601,"evm.utg86.58/evm.utg92.89/evm.utg109.23/evm.utg109.26/evm.utg109.42/evm.utg116.210/evm.utg194.35/evm.utg207.64/evm.utg207.76/evm.utg207.80/evm.utg209.38/evm.utg219.26/evm.utg256.12/evm.utg356.130/evm.utg356.131/evm.utg377.30/evm.utg431.3/evm.utg470.38/evm.utg470.49/evm.utg505.42/evm.utg526.19/evm.utg564.44/evm.utg564.47/evm.utg736.39/evm.utg857.16/evm.utg857.24/evm.utg1056.142/evm.utg1204.32/evm.utg1683.61/evm.utg2129.25/evm.utg2129.44/evm.utg2216.22/evm.utg2216.24/evm.utg2298.24/evm.utg2585.8/evm.utg2757.11/evm.utg2757.33/evm.utg2801.42/evm.utg3260.1/evm.utg3283.23/evm.utg3283.25/evm.utg3839.101/evm.utg3839.103/evm.utg4082.36/evm.utg4082.39/evm.utg5513.3/evm.utg5885.86/evm.utg7066.7/evm.utg7289.31/evm.utg7595.8/evm.utg8494.50/evm.utg10541.30/evm.utg15506.3/evm.utg25862.7/evm.utg44416.1","evm.utg2585.8",0.966139276142309,"ORA"
"207","salinity_only","molecular_functions","DNA-binding transcription factor activity","GO:0000981","DNA-binding transcription factor activity, RNA polymerase II-specific",0.0181197274976601,"evm.utg86.58/evm.utg92.89/evm.utg109.23/evm.utg109.26/evm.utg109.42/evm.utg116.210/evm.utg194.35/evm.utg207.64/evm.utg207.76/evm.utg207.80/evm.utg209.38/evm.utg219.26/evm.utg256.12/evm.utg356.130/evm.utg356.131/evm.utg377.30/evm.utg431.3/evm.utg470.38/evm.utg470.49/evm.utg505.42/evm.utg526.19/evm.utg564.44/evm.utg564.47/evm.utg736.39/evm.utg857.16/evm.utg857.24/evm.utg1056.142/evm.utg1204.32/evm.utg1683.61/evm.utg2129.25/evm.utg2129.44/evm.utg2216.22/evm.utg2216.24/evm.utg2298.24/evm.utg2585.8/evm.utg2757.11/evm.utg2757.33/evm.utg2801.42/evm.utg3260.1/evm.utg3283.23/evm.utg3283.25/evm.utg3839.101/evm.utg3839.103/evm.utg4082.36/evm.utg4082.39/evm.utg5513.3/evm.utg5885.86/evm.utg7066.7/evm.utg7289.31/evm.utg7595.8/evm.utg8494.50/evm.utg10541.30/evm.utg15506.3/evm.utg25862.7/evm.utg44416.1","evm.utg2757.11",0.987204527943421,"ORA"
"208","salinity_only","molecular_functions","DNA-binding transcription factor activity","GO:0000981","DNA-binding transcription factor activity, RNA polymerase II-specific",0.0181197274976601,"evm.utg86.58/evm.utg92.89/evm.utg109.23/evm.utg109.26/evm.utg109.42/evm.utg116.210/evm.utg194.35/evm.utg207.64/evm.utg207.76/evm.utg207.80/evm.utg209.38/evm.utg219.26/evm.utg256.12/evm.utg356.130/evm.utg356.131/evm.utg377.30/evm.utg431.3/evm.utg470.38/evm.utg470.49/evm.utg505.42/evm.utg526.19/evm.utg564.44/evm.utg564.47/evm.utg736.39/evm.utg857.16/evm.utg857.24/evm.utg1056.142/evm.utg1204.32/evm.utg1683.61/evm.utg2129.25/evm.utg2129.44/evm.utg2216.22/evm.utg2216.24/evm.utg2298.24/evm.utg2585.8/evm.utg2757.11/evm.utg2757.33/evm.utg2801.42/evm.utg3260.1/evm.utg3283.23/evm.utg3283.25/evm.utg3839.101/evm.utg3839.103/evm.utg4082.36/evm.utg4082.39/evm.utg5513.3/evm.utg5885.86/evm.utg7066.7/evm.utg7289.31/evm.utg7595.8/evm.utg8494.50/evm.utg10541.30/evm.utg15506.3/evm.utg25862.7/evm.utg44416.1","evm.utg2757.33",0.935461870764201,"ORA"
"209","salinity_only","molecular_functions","DNA-binding transcription factor activity","GO:0000981","DNA-binding transcription factor activity, RNA polymerase II-specific",0.0181197274976601,"evm.utg86.58/evm.utg92.89/evm.utg109.23/evm.utg109.26/evm.utg109.42/evm.utg116.210/evm.utg194.35/evm.utg207.64/evm.utg207.76/evm.utg207.80/evm.utg209.38/evm.utg219.26/evm.utg256.12/evm.utg356.130/evm.utg356.131/evm.utg377.30/evm.utg431.3/evm.utg470.38/evm.utg470.49/evm.utg505.42/evm.utg526.19/evm.utg564.44/evm.utg564.47/evm.utg736.39/evm.utg857.16/evm.utg857.24/evm.utg1056.142/evm.utg1204.32/evm.utg1683.61/evm.utg2129.25/evm.utg2129.44/evm.utg2216.22/evm.utg2216.24/evm.utg2298.24/evm.utg2585.8/evm.utg2757.11/evm.utg2757.33/evm.utg2801.42/evm.utg3260.1/evm.utg3283.23/evm.utg3283.25/evm.utg3839.101/evm.utg3839.103/evm.utg4082.36/evm.utg4082.39/evm.utg5513.3/evm.utg5885.86/evm.utg7066.7/evm.utg7289.31/evm.utg7595.8/evm.utg8494.50/evm.utg10541.30/evm.utg15506.3/evm.utg25862.7/evm.utg44416.1","evm.utg2801.42",1.42809868726419,"ORA"
"210","salinity_only","molecular_functions","DNA-binding transcription factor activity","GO:0000981","DNA-binding transcription factor activity, RNA polymerase II-specific",0.0181197274976601,"evm.utg86.58/evm.utg92.89/evm.utg109.23/evm.utg109.26/evm.utg109.42/evm.utg116.210/evm.utg194.35/evm.utg207.64/evm.utg207.76/evm.utg207.80/evm.utg209.38/evm.utg219.26/evm.utg256.12/evm.utg356.130/evm.utg356.131/evm.utg377.30/evm.utg431.3/evm.utg470.38/evm.utg470.49/evm.utg505.42/evm.utg526.19/evm.utg564.44/evm.utg564.47/evm.utg736.39/evm.utg857.16/evm.utg857.24/evm.utg1056.142/evm.utg1204.32/evm.utg1683.61/evm.utg2129.25/evm.utg2129.44/evm.utg2216.22/evm.utg2216.24/evm.utg2298.24/evm.utg2585.8/evm.utg2757.11/evm.utg2757.33/evm.utg2801.42/evm.utg3260.1/evm.utg3283.23/evm.utg3283.25/evm.utg3839.101/evm.utg3839.103/evm.utg4082.36/evm.utg4082.39/evm.utg5513.3/evm.utg5885.86/evm.utg7066.7/evm.utg7289.31/evm.utg7595.8/evm.utg8494.50/evm.utg10541.30/evm.utg15506.3/evm.utg25862.7/evm.utg44416.1","evm.utg3260.1",-1.53587029490968,"ORA"
"211","salinity_only","molecular_functions","DNA-binding transcription factor activity","GO:0000981","DNA-binding transcription factor activity, RNA polymerase II-specific",0.0181197274976601,"evm.utg86.58/evm.utg92.89/evm.utg109.23/evm.utg109.26/evm.utg109.42/evm.utg116.210/evm.utg194.35/evm.utg207.64/evm.utg207.76/evm.utg207.80/evm.utg209.38/evm.utg219.26/evm.utg256.12/evm.utg356.130/evm.utg356.131/evm.utg377.30/evm.utg431.3/evm.utg470.38/evm.utg470.49/evm.utg505.42/evm.utg526.19/evm.utg564.44/evm.utg564.47/evm.utg736.39/evm.utg857.16/evm.utg857.24/evm.utg1056.142/evm.utg1204.32/evm.utg1683.61/evm.utg2129.25/evm.utg2129.44/evm.utg2216.22/evm.utg2216.24/evm.utg2298.24/evm.utg2585.8/evm.utg2757.11/evm.utg2757.33/evm.utg2801.42/evm.utg3260.1/evm.utg3283.23/evm.utg3283.25/evm.utg3839.101/evm.utg3839.103/evm.utg4082.36/evm.utg4082.39/evm.utg5513.3/evm.utg5885.86/evm.utg7066.7/evm.utg7289.31/evm.utg7595.8/evm.utg8494.50/evm.utg10541.30/evm.utg15506.3/evm.utg25862.7/evm.utg44416.1","evm.utg3283.23",-1.17975767954605,"ORA"
"212","salinity_only","molecular_functions","DNA-binding transcription factor activity","GO:0000981","DNA-binding transcription factor activity, RNA polymerase II-specific",0.0181197274976601,"evm.utg86.58/evm.utg92.89/evm.utg109.23/evm.utg109.26/evm.utg109.42/evm.utg116.210/evm.utg194.35/evm.utg207.64/evm.utg207.76/evm.utg207.80/evm.utg209.38/evm.utg219.26/evm.utg256.12/evm.utg356.130/evm.utg356.131/evm.utg377.30/evm.utg431.3/evm.utg470.38/evm.utg470.49/evm.utg505.42/evm.utg526.19/evm.utg564.44/evm.utg564.47/evm.utg736.39/evm.utg857.16/evm.utg857.24/evm.utg1056.142/evm.utg1204.32/evm.utg1683.61/evm.utg2129.25/evm.utg2129.44/evm.utg2216.22/evm.utg2216.24/evm.utg2298.24/evm.utg2585.8/evm.utg2757.11/evm.utg2757.33/evm.utg2801.42/evm.utg3260.1/evm.utg3283.23/evm.utg3283.25/evm.utg3839.101/evm.utg3839.103/evm.utg4082.36/evm.utg4082.39/evm.utg5513.3/evm.utg5885.86/evm.utg7066.7/evm.utg7289.31/evm.utg7595.8/evm.utg8494.50/evm.utg10541.30/evm.utg15506.3/evm.utg25862.7/evm.utg44416.1","evm.utg3283.25",-0.762096167148165,"ORA"
"213","salinity_only","molecular_functions","DNA-binding transcription factor activity","GO:0000981","DNA-binding transcription factor activity, RNA polymerase II-specific",0.0181197274976601,"evm.utg86.58/evm.utg92.89/evm.utg109.23/evm.utg109.26/evm.utg109.42/evm.utg116.210/evm.utg194.35/evm.utg207.64/evm.utg207.76/evm.utg207.80/evm.utg209.38/evm.utg219.26/evm.utg256.12/evm.utg356.130/evm.utg356.131/evm.utg377.30/evm.utg431.3/evm.utg470.38/evm.utg470.49/evm.utg505.42/evm.utg526.19/evm.utg564.44/evm.utg564.47/evm.utg736.39/evm.utg857.16/evm.utg857.24/evm.utg1056.142/evm.utg1204.32/evm.utg1683.61/evm.utg2129.25/evm.utg2129.44/evm.utg2216.22/evm.utg2216.24/evm.utg2298.24/evm.utg2585.8/evm.utg2757.11/evm.utg2757.33/evm.utg2801.42/evm.utg3260.1/evm.utg3283.23/evm.utg3283.25/evm.utg3839.101/evm.utg3839.103/evm.utg4082.36/evm.utg4082.39/evm.utg5513.3/evm.utg5885.86/evm.utg7066.7/evm.utg7289.31/evm.utg7595.8/evm.utg8494.50/evm.utg10541.30/evm.utg15506.3/evm.utg25862.7/evm.utg44416.1","evm.utg3839.101",-2.25458854772876,"ORA"
"214","salinity_only","molecular_functions","DNA-binding transcription factor activity","GO:0000981","DNA-binding transcription factor activity, RNA polymerase II-specific",0.0181197274976601,"evm.utg86.58/evm.utg92.89/evm.utg109.23/evm.utg109.26/evm.utg109.42/evm.utg116.210/evm.utg194.35/evm.utg207.64/evm.utg207.76/evm.utg207.80/evm.utg209.38/evm.utg219.26/evm.utg256.12/evm.utg356.130/evm.utg356.131/evm.utg377.30/evm.utg431.3/evm.utg470.38/evm.utg470.49/evm.utg505.42/evm.utg526.19/evm.utg564.44/evm.utg564.47/evm.utg736.39/evm.utg857.16/evm.utg857.24/evm.utg1056.142/evm.utg1204.32/evm.utg1683.61/evm.utg2129.25/evm.utg2129.44/evm.utg2216.22/evm.utg2216.24/evm.utg2298.24/evm.utg2585.8/evm.utg2757.11/evm.utg2757.33/evm.utg2801.42/evm.utg3260.1/evm.utg3283.23/evm.utg3283.25/evm.utg3839.101/evm.utg3839.103/evm.utg4082.36/evm.utg4082.39/evm.utg5513.3/evm.utg5885.86/evm.utg7066.7/evm.utg7289.31/evm.utg7595.8/evm.utg8494.50/evm.utg10541.30/evm.utg15506.3/evm.utg25862.7/evm.utg44416.1","evm.utg3839.103",-1.46164934978555,"ORA"
"215","salinity_only","molecular_functions","DNA-binding transcription factor activity","GO:0000981","DNA-binding transcription factor activity, RNA polymerase II-specific",0.0181197274976601,"evm.utg86.58/evm.utg92.89/evm.utg109.23/evm.utg109.26/evm.utg109.42/evm.utg116.210/evm.utg194.35/evm.utg207.64/evm.utg207.76/evm.utg207.80/evm.utg209.38/evm.utg219.26/evm.utg256.12/evm.utg356.130/evm.utg356.131/evm.utg377.30/evm.utg431.3/evm.utg470.38/evm.utg470.49/evm.utg505.42/evm.utg526.19/evm.utg564.44/evm.utg564.47/evm.utg736.39/evm.utg857.16/evm.utg857.24/evm.utg1056.142/evm.utg1204.32/evm.utg1683.61/evm.utg2129.25/evm.utg2129.44/evm.utg2216.22/evm.utg2216.24/evm.utg2298.24/evm.utg2585.8/evm.utg2757.11/evm.utg2757.33/evm.utg2801.42/evm.utg3260.1/evm.utg3283.23/evm.utg3283.25/evm.utg3839.101/evm.utg3839.103/evm.utg4082.36/evm.utg4082.39/evm.utg5513.3/evm.utg5885.86/evm.utg7066.7/evm.utg7289.31/evm.utg7595.8/evm.utg8494.50/evm.utg10541.30/evm.utg15506.3/evm.utg25862.7/evm.utg44416.1","evm.utg4082.36",-3.27144847933541,"ORA"
"216","salinity_only","molecular_functions","DNA-binding transcription factor activity","GO:0000981","DNA-binding transcription factor activity, RNA polymerase II-specific",0.0181197274976601,"evm.utg86.58/evm.utg92.89/evm.utg109.23/evm.utg109.26/evm.utg109.42/evm.utg116.210/evm.utg194.35/evm.utg207.64/evm.utg207.76/evm.utg207.80/evm.utg209.38/evm.utg219.26/evm.utg256.12/evm.utg356.130/evm.utg356.131/evm.utg377.30/evm.utg431.3/evm.utg470.38/evm.utg470.49/evm.utg505.42/evm.utg526.19/evm.utg564.44/evm.utg564.47/evm.utg736.39/evm.utg857.16/evm.utg857.24/evm.utg1056.142/evm.utg1204.32/evm.utg1683.61/evm.utg2129.25/evm.utg2129.44/evm.utg2216.22/evm.utg2216.24/evm.utg2298.24/evm.utg2585.8/evm.utg2757.11/evm.utg2757.33/evm.utg2801.42/evm.utg3260.1/evm.utg3283.23/evm.utg3283.25/evm.utg3839.101/evm.utg3839.103/evm.utg4082.36/evm.utg4082.39/evm.utg5513.3/evm.utg5885.86/evm.utg7066.7/evm.utg7289.31/evm.utg7595.8/evm.utg8494.50/evm.utg10541.30/evm.utg15506.3/evm.utg25862.7/evm.utg44416.1","evm.utg4082.39",1.03289922860059,"ORA"
"217","salinity_only","molecular_functions","DNA-binding transcription factor activity","GO:0000981","DNA-binding transcription factor activity, RNA polymerase II-specific",0.0181197274976601,"evm.utg86.58/evm.utg92.89/evm.utg109.23/evm.utg109.26/evm.utg109.42/evm.utg116.210/evm.utg194.35/evm.utg207.64/evm.utg207.76/evm.utg207.80/evm.utg209.38/evm.utg219.26/evm.utg256.12/evm.utg356.130/evm.utg356.131/evm.utg377.30/evm.utg431.3/evm.utg470.38/evm.utg470.49/evm.utg505.42/evm.utg526.19/evm.utg564.44/evm.utg564.47/evm.utg736.39/evm.utg857.16/evm.utg857.24/evm.utg1056.142/evm.utg1204.32/evm.utg1683.61/evm.utg2129.25/evm.utg2129.44/evm.utg2216.22/evm.utg2216.24/evm.utg2298.24/evm.utg2585.8/evm.utg2757.11/evm.utg2757.33/evm.utg2801.42/evm.utg3260.1/evm.utg3283.23/evm.utg3283.25/evm.utg3839.101/evm.utg3839.103/evm.utg4082.36/evm.utg4082.39/evm.utg5513.3/evm.utg5885.86/evm.utg7066.7/evm.utg7289.31/evm.utg7595.8/evm.utg8494.50/evm.utg10541.30/evm.utg15506.3/evm.utg25862.7/evm.utg44416.1","evm.utg5513.3",-1.50849933164646,"ORA"
"218","salinity_only","molecular_functions","DNA-binding transcription factor activity","GO:0000981","DNA-binding transcription factor activity, RNA polymerase II-specific",0.0181197274976601,"evm.utg86.58/evm.utg92.89/evm.utg109.23/evm.utg109.26/evm.utg109.42/evm.utg116.210/evm.utg194.35/evm.utg207.64/evm.utg207.76/evm.utg207.80/evm.utg209.38/evm.utg219.26/evm.utg256.12/evm.utg356.130/evm.utg356.131/evm.utg377.30/evm.utg431.3/evm.utg470.38/evm.utg470.49/evm.utg505.42/evm.utg526.19/evm.utg564.44/evm.utg564.47/evm.utg736.39/evm.utg857.16/evm.utg857.24/evm.utg1056.142/evm.utg1204.32/evm.utg1683.61/evm.utg2129.25/evm.utg2129.44/evm.utg2216.22/evm.utg2216.24/evm.utg2298.24/evm.utg2585.8/evm.utg2757.11/evm.utg2757.33/evm.utg2801.42/evm.utg3260.1/evm.utg3283.23/evm.utg3283.25/evm.utg3839.101/evm.utg3839.103/evm.utg4082.36/evm.utg4082.39/evm.utg5513.3/evm.utg5885.86/evm.utg7066.7/evm.utg7289.31/evm.utg7595.8/evm.utg8494.50/evm.utg10541.30/evm.utg15506.3/evm.utg25862.7/evm.utg44416.1","evm.utg5885.86",-1.12212891341555,"ORA"
"219","salinity_only","molecular_functions","DNA-binding transcription factor activity","GO:0000981","DNA-binding transcription factor activity, RNA polymerase II-specific",0.0181197274976601,"evm.utg86.58/evm.utg92.89/evm.utg109.23/evm.utg109.26/evm.utg109.42/evm.utg116.210/evm.utg194.35/evm.utg207.64/evm.utg207.76/evm.utg207.80/evm.utg209.38/evm.utg219.26/evm.utg256.12/evm.utg356.130/evm.utg356.131/evm.utg377.30/evm.utg431.3/evm.utg470.38/evm.utg470.49/evm.utg505.42/evm.utg526.19/evm.utg564.44/evm.utg564.47/evm.utg736.39/evm.utg857.16/evm.utg857.24/evm.utg1056.142/evm.utg1204.32/evm.utg1683.61/evm.utg2129.25/evm.utg2129.44/evm.utg2216.22/evm.utg2216.24/evm.utg2298.24/evm.utg2585.8/evm.utg2757.11/evm.utg2757.33/evm.utg2801.42/evm.utg3260.1/evm.utg3283.23/evm.utg3283.25/evm.utg3839.101/evm.utg3839.103/evm.utg4082.36/evm.utg4082.39/evm.utg5513.3/evm.utg5885.86/evm.utg7066.7/evm.utg7289.31/evm.utg7595.8/evm.utg8494.50/evm.utg10541.30/evm.utg15506.3/evm.utg25862.7/evm.utg44416.1","evm.utg7066.7",0.664917104727224,"ORA"
"220","salinity_only","molecular_functions","DNA-binding transcription factor activity","GO:0000981","DNA-binding transcription factor activity, RNA polymerase II-specific",0.0181197274976601,"evm.utg86.58/evm.utg92.89/evm.utg109.23/evm.utg109.26/evm.utg109.42/evm.utg116.210/evm.utg194.35/evm.utg207.64/evm.utg207.76/evm.utg207.80/evm.utg209.38/evm.utg219.26/evm.utg256.12/evm.utg356.130/evm.utg356.131/evm.utg377.30/evm.utg431.3/evm.utg470.38/evm.utg470.49/evm.utg505.42/evm.utg526.19/evm.utg564.44/evm.utg564.47/evm.utg736.39/evm.utg857.16/evm.utg857.24/evm.utg1056.142/evm.utg1204.32/evm.utg1683.61/evm.utg2129.25/evm.utg2129.44/evm.utg2216.22/evm.utg2216.24/evm.utg2298.24/evm.utg2585.8/evm.utg2757.11/evm.utg2757.33/evm.utg2801.42/evm.utg3260.1/evm.utg3283.23/evm.utg3283.25/evm.utg3839.101/evm.utg3839.103/evm.utg4082.36/evm.utg4082.39/evm.utg5513.3/evm.utg5885.86/evm.utg7066.7/evm.utg7289.31/evm.utg7595.8/evm.utg8494.50/evm.utg10541.30/evm.utg15506.3/evm.utg25862.7/evm.utg44416.1","evm.utg7289.31",-1.42876924047213,"ORA"
"221","salinity_only","molecular_functions","DNA-binding transcription factor activity","GO:0000981","DNA-binding transcription factor activity, RNA polymerase II-specific",0.0181197274976601,"evm.utg86.58/evm.utg92.89/evm.utg109.23/evm.utg109.26/evm.utg109.42/evm.utg116.210/evm.utg194.35/evm.utg207.64/evm.utg207.76/evm.utg207.80/evm.utg209.38/evm.utg219.26/evm.utg256.12/evm.utg356.130/evm.utg356.131/evm.utg377.30/evm.utg431.3/evm.utg470.38/evm.utg470.49/evm.utg505.42/evm.utg526.19/evm.utg564.44/evm.utg564.47/evm.utg736.39/evm.utg857.16/evm.utg857.24/evm.utg1056.142/evm.utg1204.32/evm.utg1683.61/evm.utg2129.25/evm.utg2129.44/evm.utg2216.22/evm.utg2216.24/evm.utg2298.24/evm.utg2585.8/evm.utg2757.11/evm.utg2757.33/evm.utg2801.42/evm.utg3260.1/evm.utg3283.23/evm.utg3283.25/evm.utg3839.101/evm.utg3839.103/evm.utg4082.36/evm.utg4082.39/evm.utg5513.3/evm.utg5885.86/evm.utg7066.7/evm.utg7289.31/evm.utg7595.8/evm.utg8494.50/evm.utg10541.30/evm.utg15506.3/evm.utg25862.7/evm.utg44416.1","evm.utg7595.8",1.53782205539597,"ORA"
"222","salinity_only","molecular_functions","DNA-binding transcription factor activity","GO:0000981","DNA-binding transcription factor activity, RNA polymerase II-specific",0.0181197274976601,"evm.utg86.58/evm.utg92.89/evm.utg109.23/evm.utg109.26/evm.utg109.42/evm.utg116.210/evm.utg194.35/evm.utg207.64/evm.utg207.76/evm.utg207.80/evm.utg209.38/evm.utg219.26/evm.utg256.12/evm.utg356.130/evm.utg356.131/evm.utg377.30/evm.utg431.3/evm.utg470.38/evm.utg470.49/evm.utg505.42/evm.utg526.19/evm.utg564.44/evm.utg564.47/evm.utg736.39/evm.utg857.16/evm.utg857.24/evm.utg1056.142/evm.utg1204.32/evm.utg1683.61/evm.utg2129.25/evm.utg2129.44/evm.utg2216.22/evm.utg2216.24/evm.utg2298.24/evm.utg2585.8/evm.utg2757.11/evm.utg2757.33/evm.utg2801.42/evm.utg3260.1/evm.utg3283.23/evm.utg3283.25/evm.utg3839.101/evm.utg3839.103/evm.utg4082.36/evm.utg4082.39/evm.utg5513.3/evm.utg5885.86/evm.utg7066.7/evm.utg7289.31/evm.utg7595.8/evm.utg8494.50/evm.utg10541.30/evm.utg15506.3/evm.utg25862.7/evm.utg44416.1","evm.utg8494.50",1.5524722373914,"ORA"
"223","salinity_only","molecular_functions","DNA-binding transcription factor activity","GO:0000981","DNA-binding transcription factor activity, RNA polymerase II-specific",0.0181197274976601,"evm.utg86.58/evm.utg92.89/evm.utg109.23/evm.utg109.26/evm.utg109.42/evm.utg116.210/evm.utg194.35/evm.utg207.64/evm.utg207.76/evm.utg207.80/evm.utg209.38/evm.utg219.26/evm.utg256.12/evm.utg356.130/evm.utg356.131/evm.utg377.30/evm.utg431.3/evm.utg470.38/evm.utg470.49/evm.utg505.42/evm.utg526.19/evm.utg564.44/evm.utg564.47/evm.utg736.39/evm.utg857.16/evm.utg857.24/evm.utg1056.142/evm.utg1204.32/evm.utg1683.61/evm.utg2129.25/evm.utg2129.44/evm.utg2216.22/evm.utg2216.24/evm.utg2298.24/evm.utg2585.8/evm.utg2757.11/evm.utg2757.33/evm.utg2801.42/evm.utg3260.1/evm.utg3283.23/evm.utg3283.25/evm.utg3839.101/evm.utg3839.103/evm.utg4082.36/evm.utg4082.39/evm.utg5513.3/evm.utg5885.86/evm.utg7066.7/evm.utg7289.31/evm.utg7595.8/evm.utg8494.50/evm.utg10541.30/evm.utg15506.3/evm.utg25862.7/evm.utg44416.1","evm.utg10541.30",-1.06454976385786,"ORA"
"224","salinity_only","molecular_functions","DNA-binding transcription factor activity","GO:0000981","DNA-binding transcription factor activity, RNA polymerase II-specific",0.0181197274976601,"evm.utg86.58/evm.utg92.89/evm.utg109.23/evm.utg109.26/evm.utg109.42/evm.utg116.210/evm.utg194.35/evm.utg207.64/evm.utg207.76/evm.utg207.80/evm.utg209.38/evm.utg219.26/evm.utg256.12/evm.utg356.130/evm.utg356.131/evm.utg377.30/evm.utg431.3/evm.utg470.38/evm.utg470.49/evm.utg505.42/evm.utg526.19/evm.utg564.44/evm.utg564.47/evm.utg736.39/evm.utg857.16/evm.utg857.24/evm.utg1056.142/evm.utg1204.32/evm.utg1683.61/evm.utg2129.25/evm.utg2129.44/evm.utg2216.22/evm.utg2216.24/evm.utg2298.24/evm.utg2585.8/evm.utg2757.11/evm.utg2757.33/evm.utg2801.42/evm.utg3260.1/evm.utg3283.23/evm.utg3283.25/evm.utg3839.101/evm.utg3839.103/evm.utg4082.36/evm.utg4082.39/evm.utg5513.3/evm.utg5885.86/evm.utg7066.7/evm.utg7289.31/evm.utg7595.8/evm.utg8494.50/evm.utg10541.30/evm.utg15506.3/evm.utg25862.7/evm.utg44416.1","evm.utg15506.3",-1.259592899639,"ORA"
"225","salinity_only","molecular_functions","DNA-binding transcription factor activity","GO:0000981","DNA-binding transcription factor activity, RNA polymerase II-specific",0.0181197274976601,"evm.utg86.58/evm.utg92.89/evm.utg109.23/evm.utg109.26/evm.utg109.42/evm.utg116.210/evm.utg194.35/evm.utg207.64/evm.utg207.76/evm.utg207.80/evm.utg209.38/evm.utg219.26/evm.utg256.12/evm.utg356.130/evm.utg356.131/evm.utg377.30/evm.utg431.3/evm.utg470.38/evm.utg470.49/evm.utg505.42/evm.utg526.19/evm.utg564.44/evm.utg564.47/evm.utg736.39/evm.utg857.16/evm.utg857.24/evm.utg1056.142/evm.utg1204.32/evm.utg1683.61/evm.utg2129.25/evm.utg2129.44/evm.utg2216.22/evm.utg2216.24/evm.utg2298.24/evm.utg2585.8/evm.utg2757.11/evm.utg2757.33/evm.utg2801.42/evm.utg3260.1/evm.utg3283.23/evm.utg3283.25/evm.utg3839.101/evm.utg3839.103/evm.utg4082.36/evm.utg4082.39/evm.utg5513.3/evm.utg5885.86/evm.utg7066.7/evm.utg7289.31/evm.utg7595.8/evm.utg8494.50/evm.utg10541.30/evm.utg15506.3/evm.utg25862.7/evm.utg44416.1","evm.utg25862.7",-1.28105849660773,"ORA"
"226","salinity_only","molecular_functions","DNA-binding transcription factor activity","GO:0000981","DNA-binding transcription factor activity, RNA polymerase II-specific",0.0181197274976601,"evm.utg86.58/evm.utg92.89/evm.utg109.23/evm.utg109.26/evm.utg109.42/evm.utg116.210/evm.utg194.35/evm.utg207.64/evm.utg207.76/evm.utg207.80/evm.utg209.38/evm.utg219.26/evm.utg256.12/evm.utg356.130/evm.utg356.131/evm.utg377.30/evm.utg431.3/evm.utg470.38/evm.utg470.49/evm.utg505.42/evm.utg526.19/evm.utg564.44/evm.utg564.47/evm.utg736.39/evm.utg857.16/evm.utg857.24/evm.utg1056.142/evm.utg1204.32/evm.utg1683.61/evm.utg2129.25/evm.utg2129.44/evm.utg2216.22/evm.utg2216.24/evm.utg2298.24/evm.utg2585.8/evm.utg2757.11/evm.utg2757.33/evm.utg2801.42/evm.utg3260.1/evm.utg3283.23/evm.utg3283.25/evm.utg3839.101/evm.utg3839.103/evm.utg4082.36/evm.utg4082.39/evm.utg5513.3/evm.utg5885.86/evm.utg7066.7/evm.utg7289.31/evm.utg7595.8/evm.utg8494.50/evm.utg10541.30/evm.utg15506.3/evm.utg25862.7/evm.utg44416.1","evm.utg44416.1",1.75585724291614,"ORA"
"227","salinity_only","molecular_functions","hydro-lyase activity","GO:0016836","hydro-lyase activity",0.0385660686272056,"evm.utg48.6/evm.utg48.7/evm.utg4468.34/evm.utg4468.36","evm.utg48.6",-1.07285948750485,"ORA"
"228","salinity_only","molecular_functions","hydro-lyase activity","GO:0016836","hydro-lyase activity",0.0385660686272056,"evm.utg48.6/evm.utg48.7/evm.utg4468.34/evm.utg4468.36","evm.utg48.7",-1.17283189133249,"ORA"
"229","salinity_only","molecular_functions","hydro-lyase activity","GO:0016836","hydro-lyase activity",0.0385660686272056,"evm.utg48.6/evm.utg48.7/evm.utg4468.34/evm.utg4468.36","evm.utg4468.34",-0.849589936167499,"ORA"
"230","salinity_only","molecular_functions","hydro-lyase activity","GO:0016836","hydro-lyase activity",0.0385660686272056,"evm.utg48.6/evm.utg48.7/evm.utg4468.34/evm.utg4468.36","evm.utg4468.36",-1.31684231689691,"ORA"
"231","salinity_added","molecular_functions","peptidase inhibitor activity","GO:0030414","peptidase inhibitor activity",0.00402346904357016,"evm.utg8.10/evm.utg52.99/evm.utg104.63/evm.utg104.64/evm.utg334.78/utg334.equina_smart_1340223.mrna2/evm.utg413.23/evm.utg413.26/evm.utg470.31/evm.utg532.10/evm.utg544.11/utg544.equina_smart_1559235utrorf.mrna1/evm.utg544.14/evm.utg580.6/evm.utg580.26/evm.utg616.126/evm.utg912.49/evm.utg1290.2/evm.utg1290.3/evm.utg1609.5/evm.utg2100.31/evm.utg2417.38/evm.utg4207.23/evm.utg5073.2/evm.utg5689.7/evm.utg5689.8/evm.utg14703.2/evm.utg15552.12/evm.utg19074.8/utg19074.equina_smart_1694011.mrna2/evm.utg20618.10/evm.utg20736.15/evm.utg37512.1","evm.utg8.10",-1.18604246611756,"ORA"
"232","salinity_added","molecular_functions","peptidase inhibitor activity","GO:0030414","peptidase inhibitor activity",0.00402346904357016,"evm.utg8.10/evm.utg52.99/evm.utg104.63/evm.utg104.64/evm.utg334.78/utg334.equina_smart_1340223.mrna2/evm.utg413.23/evm.utg413.26/evm.utg470.31/evm.utg532.10/evm.utg544.11/utg544.equina_smart_1559235utrorf.mrna1/evm.utg544.14/evm.utg580.6/evm.utg580.26/evm.utg616.126/evm.utg912.49/evm.utg1290.2/evm.utg1290.3/evm.utg1609.5/evm.utg2100.31/evm.utg2417.38/evm.utg4207.23/evm.utg5073.2/evm.utg5689.7/evm.utg5689.8/evm.utg14703.2/evm.utg15552.12/evm.utg19074.8/utg19074.equina_smart_1694011.mrna2/evm.utg20618.10/evm.utg20736.15/evm.utg37512.1","evm.utg52.99",-24.5783660103139,"ORA"
"233","salinity_added","molecular_functions","peptidase inhibitor activity","GO:0030414","peptidase inhibitor activity",0.00402346904357016,"evm.utg8.10/evm.utg52.99/evm.utg104.63/evm.utg104.64/evm.utg334.78/utg334.equina_smart_1340223.mrna2/evm.utg413.23/evm.utg413.26/evm.utg470.31/evm.utg532.10/evm.utg544.11/utg544.equina_smart_1559235utrorf.mrna1/evm.utg544.14/evm.utg580.6/evm.utg580.26/evm.utg616.126/evm.utg912.49/evm.utg1290.2/evm.utg1290.3/evm.utg1609.5/evm.utg2100.31/evm.utg2417.38/evm.utg4207.23/evm.utg5073.2/evm.utg5689.7/evm.utg5689.8/evm.utg14703.2/evm.utg15552.12/evm.utg19074.8/utg19074.equina_smart_1694011.mrna2/evm.utg20618.10/evm.utg20736.15/evm.utg37512.1","evm.utg104.63",-4.0112790465117,"ORA"
"234","salinity_added","molecular_functions","peptidase inhibitor activity","GO:0030414","peptidase inhibitor activity",0.00402346904357016,"evm.utg8.10/evm.utg52.99/evm.utg104.63/evm.utg104.64/evm.utg334.78/utg334.equina_smart_1340223.mrna2/evm.utg413.23/evm.utg413.26/evm.utg470.31/evm.utg532.10/evm.utg544.11/utg544.equina_smart_1559235utrorf.mrna1/evm.utg544.14/evm.utg580.6/evm.utg580.26/evm.utg616.126/evm.utg912.49/evm.utg1290.2/evm.utg1290.3/evm.utg1609.5/evm.utg2100.31/evm.utg2417.38/evm.utg4207.23/evm.utg5073.2/evm.utg5689.7/evm.utg5689.8/evm.utg14703.2/evm.utg15552.12/evm.utg19074.8/utg19074.equina_smart_1694011.mrna2/evm.utg20618.10/evm.utg20736.15/evm.utg37512.1","evm.utg104.64",-1.62109359134726,"ORA"
"235","salinity_added","molecular_functions","peptidase inhibitor activity","GO:0030414","peptidase inhibitor activity",0.00402346904357016,"evm.utg8.10/evm.utg52.99/evm.utg104.63/evm.utg104.64/evm.utg334.78/utg334.equina_smart_1340223.mrna2/evm.utg413.23/evm.utg413.26/evm.utg470.31/evm.utg532.10/evm.utg544.11/utg544.equina_smart_1559235utrorf.mrna1/evm.utg544.14/evm.utg580.6/evm.utg580.26/evm.utg616.126/evm.utg912.49/evm.utg1290.2/evm.utg1290.3/evm.utg1609.5/evm.utg2100.31/evm.utg2417.38/evm.utg4207.23/evm.utg5073.2/evm.utg5689.7/evm.utg5689.8/evm.utg14703.2/evm.utg15552.12/evm.utg19074.8/utg19074.equina_smart_1694011.mrna2/evm.utg20618.10/evm.utg20736.15/evm.utg37512.1","evm.utg334.78",-1.0159213483022,"ORA"
"236","salinity_added","molecular_functions","peptidase inhibitor activity","GO:0030414","peptidase inhibitor activity",0.00402346904357016,"evm.utg8.10/evm.utg52.99/evm.utg104.63/evm.utg104.64/evm.utg334.78/utg334.equina_smart_1340223.mrna2/evm.utg413.23/evm.utg413.26/evm.utg470.31/evm.utg532.10/evm.utg544.11/utg544.equina_smart_1559235utrorf.mrna1/evm.utg544.14/evm.utg580.6/evm.utg580.26/evm.utg616.126/evm.utg912.49/evm.utg1290.2/evm.utg1290.3/evm.utg1609.5/evm.utg2100.31/evm.utg2417.38/evm.utg4207.23/evm.utg5073.2/evm.utg5689.7/evm.utg5689.8/evm.utg14703.2/evm.utg15552.12/evm.utg19074.8/utg19074.equina_smart_1694011.mrna2/evm.utg20618.10/evm.utg20736.15/evm.utg37512.1","utg334.equina_smart_1340223.mrna2",-1.24442048222752,"ORA"
"237","salinity_added","molecular_functions","peptidase inhibitor activity","GO:0030414","peptidase inhibitor activity",0.00402346904357016,"evm.utg8.10/evm.utg52.99/evm.utg104.63/evm.utg104.64/evm.utg334.78/utg334.equina_smart_1340223.mrna2/evm.utg413.23/evm.utg413.26/evm.utg470.31/evm.utg532.10/evm.utg544.11/utg544.equina_smart_1559235utrorf.mrna1/evm.utg544.14/evm.utg580.6/evm.utg580.26/evm.utg616.126/evm.utg912.49/evm.utg1290.2/evm.utg1290.3/evm.utg1609.5/evm.utg2100.31/evm.utg2417.38/evm.utg4207.23/evm.utg5073.2/evm.utg5689.7/evm.utg5689.8/evm.utg14703.2/evm.utg15552.12/evm.utg19074.8/utg19074.equina_smart_1694011.mrna2/evm.utg20618.10/evm.utg20736.15/evm.utg37512.1","evm.utg413.23",-1.07218786396151,"ORA"
"238","salinity_added","molecular_functions","peptidase inhibitor activity","GO:0030414","peptidase inhibitor activity",0.00402346904357016,"evm.utg8.10/evm.utg52.99/evm.utg104.63/evm.utg104.64/evm.utg334.78/utg334.equina_smart_1340223.mrna2/evm.utg413.23/evm.utg413.26/evm.utg470.31/evm.utg532.10/evm.utg544.11/utg544.equina_smart_1559235utrorf.mrna1/evm.utg544.14/evm.utg580.6/evm.utg580.26/evm.utg616.126/evm.utg912.49/evm.utg1290.2/evm.utg1290.3/evm.utg1609.5/evm.utg2100.31/evm.utg2417.38/evm.utg4207.23/evm.utg5073.2/evm.utg5689.7/evm.utg5689.8/evm.utg14703.2/evm.utg15552.12/evm.utg19074.8/utg19074.equina_smart_1694011.mrna2/evm.utg20618.10/evm.utg20736.15/evm.utg37512.1","evm.utg413.26",-1.61518045798534,"ORA"
"239","salinity_added","molecular_functions","peptidase inhibitor activity","GO:0030414","peptidase inhibitor activity",0.00402346904357016,"evm.utg8.10/evm.utg52.99/evm.utg104.63/evm.utg104.64/evm.utg334.78/utg334.equina_smart_1340223.mrna2/evm.utg413.23/evm.utg413.26/evm.utg470.31/evm.utg532.10/evm.utg544.11/utg544.equina_smart_1559235utrorf.mrna1/evm.utg544.14/evm.utg580.6/evm.utg580.26/evm.utg616.126/evm.utg912.49/evm.utg1290.2/evm.utg1290.3/evm.utg1609.5/evm.utg2100.31/evm.utg2417.38/evm.utg4207.23/evm.utg5073.2/evm.utg5689.7/evm.utg5689.8/evm.utg14703.2/evm.utg15552.12/evm.utg19074.8/utg19074.equina_smart_1694011.mrna2/evm.utg20618.10/evm.utg20736.15/evm.utg37512.1","evm.utg470.31",1.40643231678895,"ORA"
"240","salinity_added","molecular_functions","peptidase inhibitor activity","GO:0030414","peptidase inhibitor activity",0.00402346904357016,"evm.utg8.10/evm.utg52.99/evm.utg104.63/evm.utg104.64/evm.utg334.78/utg334.equina_smart_1340223.mrna2/evm.utg413.23/evm.utg413.26/evm.utg470.31/evm.utg532.10/evm.utg544.11/utg544.equina_smart_1559235utrorf.mrna1/evm.utg544.14/evm.utg580.6/evm.utg580.26/evm.utg616.126/evm.utg912.49/evm.utg1290.2/evm.utg1290.3/evm.utg1609.5/evm.utg2100.31/evm.utg2417.38/evm.utg4207.23/evm.utg5073.2/evm.utg5689.7/evm.utg5689.8/evm.utg14703.2/evm.utg15552.12/evm.utg19074.8/utg19074.equina_smart_1694011.mrna2/evm.utg20618.10/evm.utg20736.15/evm.utg37512.1","evm.utg532.10",1.47231929405492,"ORA"
"241","salinity_added","molecular_functions","peptidase inhibitor activity","GO:0030414","peptidase inhibitor activity",0.00402346904357016,"evm.utg8.10/evm.utg52.99/evm.utg104.63/evm.utg104.64/evm.utg334.78/utg334.equina_smart_1340223.mrna2/evm.utg413.23/evm.utg413.26/evm.utg470.31/evm.utg532.10/evm.utg544.11/utg544.equina_smart_1559235utrorf.mrna1/evm.utg544.14/evm.utg580.6/evm.utg580.26/evm.utg616.126/evm.utg912.49/evm.utg1290.2/evm.utg1290.3/evm.utg1609.5/evm.utg2100.31/evm.utg2417.38/evm.utg4207.23/evm.utg5073.2/evm.utg5689.7/evm.utg5689.8/evm.utg14703.2/evm.utg15552.12/evm.utg19074.8/utg19074.equina_smart_1694011.mrna2/evm.utg20618.10/evm.utg20736.15/evm.utg37512.1","evm.utg544.11",-2.20946513964312,"ORA"
"242","salinity_added","molecular_functions","peptidase inhibitor activity","GO:0030414","peptidase inhibitor activity",0.00402346904357016,"evm.utg8.10/evm.utg52.99/evm.utg104.63/evm.utg104.64/evm.utg334.78/utg334.equina_smart_1340223.mrna2/evm.utg413.23/evm.utg413.26/evm.utg470.31/evm.utg532.10/evm.utg544.11/utg544.equina_smart_1559235utrorf.mrna1/evm.utg544.14/evm.utg580.6/evm.utg580.26/evm.utg616.126/evm.utg912.49/evm.utg1290.2/evm.utg1290.3/evm.utg1609.5/evm.utg2100.31/evm.utg2417.38/evm.utg4207.23/evm.utg5073.2/evm.utg5689.7/evm.utg5689.8/evm.utg14703.2/evm.utg15552.12/evm.utg19074.8/utg19074.equina_smart_1694011.mrna2/evm.utg20618.10/evm.utg20736.15/evm.utg37512.1","utg544.equina_smart_1559235utrorf.mrna1",-2.31977186683139,"ORA"
"243","salinity_added","molecular_functions","peptidase inhibitor activity","GO:0030414","peptidase inhibitor activity",0.00402346904357016,"evm.utg8.10/evm.utg52.99/evm.utg104.63/evm.utg104.64/evm.utg334.78/utg334.equina_smart_1340223.mrna2/evm.utg413.23/evm.utg413.26/evm.utg470.31/evm.utg532.10/evm.utg544.11/utg544.equina_smart_1559235utrorf.mrna1/evm.utg544.14/evm.utg580.6/evm.utg580.26/evm.utg616.126/evm.utg912.49/evm.utg1290.2/evm.utg1290.3/evm.utg1609.5/evm.utg2100.31/evm.utg2417.38/evm.utg4207.23/evm.utg5073.2/evm.utg5689.7/evm.utg5689.8/evm.utg14703.2/evm.utg15552.12/evm.utg19074.8/utg19074.equina_smart_1694011.mrna2/evm.utg20618.10/evm.utg20736.15/evm.utg37512.1","evm.utg544.14",-0.984575058045597,"ORA"
"244","salinity_added","molecular_functions","peptidase inhibitor activity","GO:0030414","peptidase inhibitor activity",0.00402346904357016,"evm.utg8.10/evm.utg52.99/evm.utg104.63/evm.utg104.64/evm.utg334.78/utg334.equina_smart_1340223.mrna2/evm.utg413.23/evm.utg413.26/evm.utg470.31/evm.utg532.10/evm.utg544.11/utg544.equina_smart_1559235utrorf.mrna1/evm.utg544.14/evm.utg580.6/evm.utg580.26/evm.utg616.126/evm.utg912.49/evm.utg1290.2/evm.utg1290.3/evm.utg1609.5/evm.utg2100.31/evm.utg2417.38/evm.utg4207.23/evm.utg5073.2/evm.utg5689.7/evm.utg5689.8/evm.utg14703.2/evm.utg15552.12/evm.utg19074.8/utg19074.equina_smart_1694011.mrna2/evm.utg20618.10/evm.utg20736.15/evm.utg37512.1","evm.utg580.6",-1.23950579041745,"ORA"
"245","salinity_added","molecular_functions","peptidase inhibitor activity","GO:0030414","peptidase inhibitor activity",0.00402346904357016,"evm.utg8.10/evm.utg52.99/evm.utg104.63/evm.utg104.64/evm.utg334.78/utg334.equina_smart_1340223.mrna2/evm.utg413.23/evm.utg413.26/evm.utg470.31/evm.utg532.10/evm.utg544.11/utg544.equina_smart_1559235utrorf.mrna1/evm.utg544.14/evm.utg580.6/evm.utg580.26/evm.utg616.126/evm.utg912.49/evm.utg1290.2/evm.utg1290.3/evm.utg1609.5/evm.utg2100.31/evm.utg2417.38/evm.utg4207.23/evm.utg5073.2/evm.utg5689.7/evm.utg5689.8/evm.utg14703.2/evm.utg15552.12/evm.utg19074.8/utg19074.equina_smart_1694011.mrna2/evm.utg20618.10/evm.utg20736.15/evm.utg37512.1","evm.utg580.26",-1.05112870413299,"ORA"
"246","salinity_added","molecular_functions","peptidase inhibitor activity","GO:0030414","peptidase inhibitor activity",0.00402346904357016,"evm.utg8.10/evm.utg52.99/evm.utg104.63/evm.utg104.64/evm.utg334.78/utg334.equina_smart_1340223.mrna2/evm.utg413.23/evm.utg413.26/evm.utg470.31/evm.utg532.10/evm.utg544.11/utg544.equina_smart_1559235utrorf.mrna1/evm.utg544.14/evm.utg580.6/evm.utg580.26/evm.utg616.126/evm.utg912.49/evm.utg1290.2/evm.utg1290.3/evm.utg1609.5/evm.utg2100.31/evm.utg2417.38/evm.utg4207.23/evm.utg5073.2/evm.utg5689.7/evm.utg5689.8/evm.utg14703.2/evm.utg15552.12/evm.utg19074.8/utg19074.equina_smart_1694011.mrna2/evm.utg20618.10/evm.utg20736.15/evm.utg37512.1","evm.utg616.126",-1.33181115930616,"ORA"
"247","salinity_added","molecular_functions","peptidase inhibitor activity","GO:0030414","peptidase inhibitor activity",0.00402346904357016,"evm.utg8.10/evm.utg52.99/evm.utg104.63/evm.utg104.64/evm.utg334.78/utg334.equina_smart_1340223.mrna2/evm.utg413.23/evm.utg413.26/evm.utg470.31/evm.utg532.10/evm.utg544.11/utg544.equina_smart_1559235utrorf.mrna1/evm.utg544.14/evm.utg580.6/evm.utg580.26/evm.utg616.126/evm.utg912.49/evm.utg1290.2/evm.utg1290.3/evm.utg1609.5/evm.utg2100.31/evm.utg2417.38/evm.utg4207.23/evm.utg5073.2/evm.utg5689.7/evm.utg5689.8/evm.utg14703.2/evm.utg15552.12/evm.utg19074.8/utg19074.equina_smart_1694011.mrna2/evm.utg20618.10/evm.utg20736.15/evm.utg37512.1","evm.utg912.49",2.16057704327734,"ORA"
"248","salinity_added","molecular_functions","peptidase inhibitor activity","GO:0030414","peptidase inhibitor activity",0.00402346904357016,"evm.utg8.10/evm.utg52.99/evm.utg104.63/evm.utg104.64/evm.utg334.78/utg334.equina_smart_1340223.mrna2/evm.utg413.23/evm.utg413.26/evm.utg470.31/evm.utg532.10/evm.utg544.11/utg544.equina_smart_1559235utrorf.mrna1/evm.utg544.14/evm.utg580.6/evm.utg580.26/evm.utg616.126/evm.utg912.49/evm.utg1290.2/evm.utg1290.3/evm.utg1609.5/evm.utg2100.31/evm.utg2417.38/evm.utg4207.23/evm.utg5073.2/evm.utg5689.7/evm.utg5689.8/evm.utg14703.2/evm.utg15552.12/evm.utg19074.8/utg19074.equina_smart_1694011.mrna2/evm.utg20618.10/evm.utg20736.15/evm.utg37512.1","evm.utg1290.2",-2.0463521375099,"ORA"
"249","salinity_added","molecular_functions","peptidase inhibitor activity","GO:0030414","peptidase inhibitor activity",0.00402346904357016,"evm.utg8.10/evm.utg52.99/evm.utg104.63/evm.utg104.64/evm.utg334.78/utg334.equina_smart_1340223.mrna2/evm.utg413.23/evm.utg413.26/evm.utg470.31/evm.utg532.10/evm.utg544.11/utg544.equina_smart_1559235utrorf.mrna1/evm.utg544.14/evm.utg580.6/evm.utg580.26/evm.utg616.126/evm.utg912.49/evm.utg1290.2/evm.utg1290.3/evm.utg1609.5/evm.utg2100.31/evm.utg2417.38/evm.utg4207.23/evm.utg5073.2/evm.utg5689.7/evm.utg5689.8/evm.utg14703.2/evm.utg15552.12/evm.utg19074.8/utg19074.equina_smart_1694011.mrna2/evm.utg20618.10/evm.utg20736.15/evm.utg37512.1","evm.utg1290.3",-1.78090376657766,"ORA"
"250","salinity_added","molecular_functions","peptidase inhibitor activity","GO:0030414","peptidase inhibitor activity",0.00402346904357016,"evm.utg8.10/evm.utg52.99/evm.utg104.63/evm.utg104.64/evm.utg334.78/utg334.equina_smart_1340223.mrna2/evm.utg413.23/evm.utg413.26/evm.utg470.31/evm.utg532.10/evm.utg544.11/utg544.equina_smart_1559235utrorf.mrna1/evm.utg544.14/evm.utg580.6/evm.utg580.26/evm.utg616.126/evm.utg912.49/evm.utg1290.2/evm.utg1290.3/evm.utg1609.5/evm.utg2100.31/evm.utg2417.38/evm.utg4207.23/evm.utg5073.2/evm.utg5689.7/evm.utg5689.8/evm.utg14703.2/evm.utg15552.12/evm.utg19074.8/utg19074.equina_smart_1694011.mrna2/evm.utg20618.10/evm.utg20736.15/evm.utg37512.1","evm.utg1609.5",-0.979488112499412,"ORA"
"251","salinity_added","molecular_functions","peptidase inhibitor activity","GO:0030414","peptidase inhibitor activity",0.00402346904357016,"evm.utg8.10/evm.utg52.99/evm.utg104.63/evm.utg104.64/evm.utg334.78/utg334.equina_smart_1340223.mrna2/evm.utg413.23/evm.utg413.26/evm.utg470.31/evm.utg532.10/evm.utg544.11/utg544.equina_smart_1559235utrorf.mrna1/evm.utg544.14/evm.utg580.6/evm.utg580.26/evm.utg616.126/evm.utg912.49/evm.utg1290.2/evm.utg1290.3/evm.utg1609.5/evm.utg2100.31/evm.utg2417.38/evm.utg4207.23/evm.utg5073.2/evm.utg5689.7/evm.utg5689.8/evm.utg14703.2/evm.utg15552.12/evm.utg19074.8/utg19074.equina_smart_1694011.mrna2/evm.utg20618.10/evm.utg20736.15/evm.utg37512.1","evm.utg2100.31",-1.19513813104876,"ORA"
"252","salinity_added","molecular_functions","peptidase inhibitor activity","GO:0030414","peptidase inhibitor activity",0.00402346904357016,"evm.utg8.10/evm.utg52.99/evm.utg104.63/evm.utg104.64/evm.utg334.78/utg334.equina_smart_1340223.mrna2/evm.utg413.23/evm.utg413.26/evm.utg470.31/evm.utg532.10/evm.utg544.11/utg544.equina_smart_1559235utrorf.mrna1/evm.utg544.14/evm.utg580.6/evm.utg580.26/evm.utg616.126/evm.utg912.49/evm.utg1290.2/evm.utg1290.3/evm.utg1609.5/evm.utg2100.31/evm.utg2417.38/evm.utg4207.23/evm.utg5073.2/evm.utg5689.7/evm.utg5689.8/evm.utg14703.2/evm.utg15552.12/evm.utg19074.8/utg19074.equina_smart_1694011.mrna2/evm.utg20618.10/evm.utg20736.15/evm.utg37512.1","evm.utg2417.38",-2.42373475640458,"ORA"
"253","salinity_added","molecular_functions","peptidase inhibitor activity","GO:0030414","peptidase inhibitor activity",0.00402346904357016,"evm.utg8.10/evm.utg52.99/evm.utg104.63/evm.utg104.64/evm.utg334.78/utg334.equina_smart_1340223.mrna2/evm.utg413.23/evm.utg413.26/evm.utg470.31/evm.utg532.10/evm.utg544.11/utg544.equina_smart_1559235utrorf.mrna1/evm.utg544.14/evm.utg580.6/evm.utg580.26/evm.utg616.126/evm.utg912.49/evm.utg1290.2/evm.utg1290.3/evm.utg1609.5/evm.utg2100.31/evm.utg2417.38/evm.utg4207.23/evm.utg5073.2/evm.utg5689.7/evm.utg5689.8/evm.utg14703.2/evm.utg15552.12/evm.utg19074.8/utg19074.equina_smart_1694011.mrna2/evm.utg20618.10/evm.utg20736.15/evm.utg37512.1","evm.utg4207.23",-3.12954392619291,"ORA"
"254","salinity_added","molecular_functions","peptidase inhibitor activity","GO:0030414","peptidase inhibitor activity",0.00402346904357016,"evm.utg8.10/evm.utg52.99/evm.utg104.63/evm.utg104.64/evm.utg334.78/utg334.equina_smart_1340223.mrna2/evm.utg413.23/evm.utg413.26/evm.utg470.31/evm.utg532.10/evm.utg544.11/utg544.equina_smart_1559235utrorf.mrna1/evm.utg544.14/evm.utg580.6/evm.utg580.26/evm.utg616.126/evm.utg912.49/evm.utg1290.2/evm.utg1290.3/evm.utg1609.5/evm.utg2100.31/evm.utg2417.38/evm.utg4207.23/evm.utg5073.2/evm.utg5689.7/evm.utg5689.8/evm.utg14703.2/evm.utg15552.12/evm.utg19074.8/utg19074.equina_smart_1694011.mrna2/evm.utg20618.10/evm.utg20736.15/evm.utg37512.1","evm.utg5073.2",-1.28196084338092,"ORA"
"255","salinity_added","molecular_functions","peptidase inhibitor activity","GO:0030414","peptidase inhibitor activity",0.00402346904357016,"evm.utg8.10/evm.utg52.99/evm.utg104.63/evm.utg104.64/evm.utg334.78/utg334.equina_smart_1340223.mrna2/evm.utg413.23/evm.utg413.26/evm.utg470.31/evm.utg532.10/evm.utg544.11/utg544.equina_smart_1559235utrorf.mrna1/evm.utg544.14/evm.utg580.6/evm.utg580.26/evm.utg616.126/evm.utg912.49/evm.utg1290.2/evm.utg1290.3/evm.utg1609.5/evm.utg2100.31/evm.utg2417.38/evm.utg4207.23/evm.utg5073.2/evm.utg5689.7/evm.utg5689.8/evm.utg14703.2/evm.utg15552.12/evm.utg19074.8/utg19074.equina_smart_1694011.mrna2/evm.utg20618.10/evm.utg20736.15/evm.utg37512.1","evm.utg5689.7",-1.09850034761687,"ORA"
"256","salinity_added","molecular_functions","peptidase inhibitor activity","GO:0030414","peptidase inhibitor activity",0.00402346904357016,"evm.utg8.10/evm.utg52.99/evm.utg104.63/evm.utg104.64/evm.utg334.78/utg334.equina_smart_1340223.mrna2/evm.utg413.23/evm.utg413.26/evm.utg470.31/evm.utg532.10/evm.utg544.11/utg544.equina_smart_1559235utrorf.mrna1/evm.utg544.14/evm.utg580.6/evm.utg580.26/evm.utg616.126/evm.utg912.49/evm.utg1290.2/evm.utg1290.3/evm.utg1609.5/evm.utg2100.31/evm.utg2417.38/evm.utg4207.23/evm.utg5073.2/evm.utg5689.7/evm.utg5689.8/evm.utg14703.2/evm.utg15552.12/evm.utg19074.8/utg19074.equina_smart_1694011.mrna2/evm.utg20618.10/evm.utg20736.15/evm.utg37512.1","evm.utg5689.8",-1.18027414086989,"ORA"
"257","salinity_added","molecular_functions","peptidase inhibitor activity","GO:0030414","peptidase inhibitor activity",0.00402346904357016,"evm.utg8.10/evm.utg52.99/evm.utg104.63/evm.utg104.64/evm.utg334.78/utg334.equina_smart_1340223.mrna2/evm.utg413.23/evm.utg413.26/evm.utg470.31/evm.utg532.10/evm.utg544.11/utg544.equina_smart_1559235utrorf.mrna1/evm.utg544.14/evm.utg580.6/evm.utg580.26/evm.utg616.126/evm.utg912.49/evm.utg1290.2/evm.utg1290.3/evm.utg1609.5/evm.utg2100.31/evm.utg2417.38/evm.utg4207.23/evm.utg5073.2/evm.utg5689.7/evm.utg5689.8/evm.utg14703.2/evm.utg15552.12/evm.utg19074.8/utg19074.equina_smart_1694011.mrna2/evm.utg20618.10/evm.utg20736.15/evm.utg37512.1","evm.utg14703.2",-2.48369646197779,"ORA"
"258","salinity_added","molecular_functions","peptidase inhibitor activity","GO:0030414","peptidase inhibitor activity",0.00402346904357016,"evm.utg8.10/evm.utg52.99/evm.utg104.63/evm.utg104.64/evm.utg334.78/utg334.equina_smart_1340223.mrna2/evm.utg413.23/evm.utg413.26/evm.utg470.31/evm.utg532.10/evm.utg544.11/utg544.equina_smart_1559235utrorf.mrna1/evm.utg544.14/evm.utg580.6/evm.utg580.26/evm.utg616.126/evm.utg912.49/evm.utg1290.2/evm.utg1290.3/evm.utg1609.5/evm.utg2100.31/evm.utg2417.38/evm.utg4207.23/evm.utg5073.2/evm.utg5689.7/evm.utg5689.8/evm.utg14703.2/evm.utg15552.12/evm.utg19074.8/utg19074.equina_smart_1694011.mrna2/evm.utg20618.10/evm.utg20736.15/evm.utg37512.1","evm.utg15552.12",1.5564512829336,"ORA"
"259","salinity_added","molecular_functions","peptidase inhibitor activity","GO:0030414","peptidase inhibitor activity",0.00402346904357016,"evm.utg8.10/evm.utg52.99/evm.utg104.63/evm.utg104.64/evm.utg334.78/utg334.equina_smart_1340223.mrna2/evm.utg413.23/evm.utg413.26/evm.utg470.31/evm.utg532.10/evm.utg544.11/utg544.equina_smart_1559235utrorf.mrna1/evm.utg544.14/evm.utg580.6/evm.utg580.26/evm.utg616.126/evm.utg912.49/evm.utg1290.2/evm.utg1290.3/evm.utg1609.5/evm.utg2100.31/evm.utg2417.38/evm.utg4207.23/evm.utg5073.2/evm.utg5689.7/evm.utg5689.8/evm.utg14703.2/evm.utg15552.12/evm.utg19074.8/utg19074.equina_smart_1694011.mrna2/evm.utg20618.10/evm.utg20736.15/evm.utg37512.1","evm.utg19074.8",-1.31404233035744,"ORA"
"260","salinity_added","molecular_functions","peptidase inhibitor activity","GO:0030414","peptidase inhibitor activity",0.00402346904357016,"evm.utg8.10/evm.utg52.99/evm.utg104.63/evm.utg104.64/evm.utg334.78/utg334.equina_smart_1340223.mrna2/evm.utg413.23/evm.utg413.26/evm.utg470.31/evm.utg532.10/evm.utg544.11/utg544.equina_smart_1559235utrorf.mrna1/evm.utg544.14/evm.utg580.6/evm.utg580.26/evm.utg616.126/evm.utg912.49/evm.utg1290.2/evm.utg1290.3/evm.utg1609.5/evm.utg2100.31/evm.utg2417.38/evm.utg4207.23/evm.utg5073.2/evm.utg5689.7/evm.utg5689.8/evm.utg14703.2/evm.utg15552.12/evm.utg19074.8/utg19074.equina_smart_1694011.mrna2/evm.utg20618.10/evm.utg20736.15/evm.utg37512.1","utg19074.equina_smart_1694011.mrna2",-1.23187889904142,"ORA"
"261","salinity_added","molecular_functions","peptidase inhibitor activity","GO:0030414","peptidase inhibitor activity",0.00402346904357016,"evm.utg8.10/evm.utg52.99/evm.utg104.63/evm.utg104.64/evm.utg334.78/utg334.equina_smart_1340223.mrna2/evm.utg413.23/evm.utg413.26/evm.utg470.31/evm.utg532.10/evm.utg544.11/utg544.equina_smart_1559235utrorf.mrna1/evm.utg544.14/evm.utg580.6/evm.utg580.26/evm.utg616.126/evm.utg912.49/evm.utg1290.2/evm.utg1290.3/evm.utg1609.5/evm.utg2100.31/evm.utg2417.38/evm.utg4207.23/evm.utg5073.2/evm.utg5689.7/evm.utg5689.8/evm.utg14703.2/evm.utg15552.12/evm.utg19074.8/utg19074.equina_smart_1694011.mrna2/evm.utg20618.10/evm.utg20736.15/evm.utg37512.1","evm.utg20618.10",1.16161579430372,"ORA"
"262","salinity_added","molecular_functions","peptidase inhibitor activity","GO:0030414","peptidase inhibitor activity",0.00402346904357016,"evm.utg8.10/evm.utg52.99/evm.utg104.63/evm.utg104.64/evm.utg334.78/utg334.equina_smart_1340223.mrna2/evm.utg413.23/evm.utg413.26/evm.utg470.31/evm.utg532.10/evm.utg544.11/utg544.equina_smart_1559235utrorf.mrna1/evm.utg544.14/evm.utg580.6/evm.utg580.26/evm.utg616.126/evm.utg912.49/evm.utg1290.2/evm.utg1290.3/evm.utg1609.5/evm.utg2100.31/evm.utg2417.38/evm.utg4207.23/evm.utg5073.2/evm.utg5689.7/evm.utg5689.8/evm.utg14703.2/evm.utg15552.12/evm.utg19074.8/utg19074.equina_smart_1694011.mrna2/evm.utg20618.10/evm.utg20736.15/evm.utg37512.1","evm.utg20736.15",-1.95999715871652,"ORA"
"263","salinity_added","molecular_functions","peptidase inhibitor activity","GO:0030414","peptidase inhibitor activity",0.00402346904357016,"evm.utg8.10/evm.utg52.99/evm.utg104.63/evm.utg104.64/evm.utg334.78/utg334.equina_smart_1340223.mrna2/evm.utg413.23/evm.utg413.26/evm.utg470.31/evm.utg532.10/evm.utg544.11/utg544.equina_smart_1559235utrorf.mrna1/evm.utg544.14/evm.utg580.6/evm.utg580.26/evm.utg616.126/evm.utg912.49/evm.utg1290.2/evm.utg1290.3/evm.utg1609.5/evm.utg2100.31/evm.utg2417.38/evm.utg4207.23/evm.utg5073.2/evm.utg5689.7/evm.utg5689.8/evm.utg14703.2/evm.utg15552.12/evm.utg19074.8/utg19074.equina_smart_1694011.mrna2/evm.utg20618.10/evm.utg20736.15/evm.utg37512.1","evm.utg37512.1",-2.14023111206427,"ORA"
"264","salinity_added","molecular_functions","DNA-binding transcription factor activity","GO:0000981","DNA-binding transcription factor activity, RNA polymerase II-specific",0.0101688022608595,"evm.utg86.58/evm.utg92.89/evm.utg92.154.157/evm.utg109.23/evm.utg109.42/evm.utg116.210/evm.utg194.31/evm.utg194.35/evm.utg207.61/evm.utg207.64/evm.utg207.80/evm.utg214.63/evm.utg219.28/evm.utg256.12/evm.utg377.28/evm.utg377.30/evm.utg401.67/evm.utg411.41/evm.utg464.224/evm.utg470.38/evm.utg470.49/evm.utg479.64/evm.utg505.42/evm.utg526.16/evm.utg526.19/evm.utg564.25/evm.utg564.44/evm.utg564.47/evm.utg798.18/evm.utg801.23/evm.utg857.16/evm.utg857.24/evm.utg989.15/evm.utg1051.49/evm.utg1056.123/evm.utg1396.19/evm.utg1565.65/evm.utg1623.8/evm.utg1721.60/utg1910.equina_smart_534762.mrna1/evm.utg1962.1/evm.utg2129.44/evm.utg2216.22/evm.utg2216.29/evm.utg2801.42/evm.utg2929.4/evm.utg3092.47/evm.utg3260.1/evm.utg3283.23/evm.utg3834.24/evm.utg3839.101/evm.utg3839.103/evm.utg4082.36/evm.utg4082.37/evm.utg7066.7/evm.utg7289.31/evm.utg7595.8/evm.utg8494.50/evm.utg10628.11/evm.utg11096.5/evm.utg14703.12/evm.utg15210.4/evm.utg15506.3/evm.utg25862.7/evm.utg44416.1","evm.utg86.58",1.40943317650372,"ORA"
"265","salinity_added","molecular_functions","DNA-binding transcription factor activity","GO:0000981","DNA-binding transcription factor activity, RNA polymerase II-specific",0.0101688022608595,"evm.utg86.58/evm.utg92.89/evm.utg92.154.157/evm.utg109.23/evm.utg109.42/evm.utg116.210/evm.utg194.31/evm.utg194.35/evm.utg207.61/evm.utg207.64/evm.utg207.80/evm.utg214.63/evm.utg219.28/evm.utg256.12/evm.utg377.28/evm.utg377.30/evm.utg401.67/evm.utg411.41/evm.utg464.224/evm.utg470.38/evm.utg470.49/evm.utg479.64/evm.utg505.42/evm.utg526.16/evm.utg526.19/evm.utg564.25/evm.utg564.44/evm.utg564.47/evm.utg798.18/evm.utg801.23/evm.utg857.16/evm.utg857.24/evm.utg989.15/evm.utg1051.49/evm.utg1056.123/evm.utg1396.19/evm.utg1565.65/evm.utg1623.8/evm.utg1721.60/utg1910.equina_smart_534762.mrna1/evm.utg1962.1/evm.utg2129.44/evm.utg2216.22/evm.utg2216.29/evm.utg2801.42/evm.utg2929.4/evm.utg3092.47/evm.utg3260.1/evm.utg3283.23/evm.utg3834.24/evm.utg3839.101/evm.utg3839.103/evm.utg4082.36/evm.utg4082.37/evm.utg7066.7/evm.utg7289.31/evm.utg7595.8/evm.utg8494.50/evm.utg10628.11/evm.utg11096.5/evm.utg14703.12/evm.utg15210.4/evm.utg15506.3/evm.utg25862.7/evm.utg44416.1","evm.utg92.89",0.904504195101339,"ORA"
"266","salinity_added","molecular_functions","DNA-binding transcription factor activity","GO:0000981","DNA-binding transcription factor activity, RNA polymerase II-specific",0.0101688022608595,"evm.utg86.58/evm.utg92.89/evm.utg92.154.157/evm.utg109.23/evm.utg109.42/evm.utg116.210/evm.utg194.31/evm.utg194.35/evm.utg207.61/evm.utg207.64/evm.utg207.80/evm.utg214.63/evm.utg219.28/evm.utg256.12/evm.utg377.28/evm.utg377.30/evm.utg401.67/evm.utg411.41/evm.utg464.224/evm.utg470.38/evm.utg470.49/evm.utg479.64/evm.utg505.42/evm.utg526.16/evm.utg526.19/evm.utg564.25/evm.utg564.44/evm.utg564.47/evm.utg798.18/evm.utg801.23/evm.utg857.16/evm.utg857.24/evm.utg989.15/evm.utg1051.49/evm.utg1056.123/evm.utg1396.19/evm.utg1565.65/evm.utg1623.8/evm.utg1721.60/utg1910.equina_smart_534762.mrna1/evm.utg1962.1/evm.utg2129.44/evm.utg2216.22/evm.utg2216.29/evm.utg2801.42/evm.utg2929.4/evm.utg3092.47/evm.utg3260.1/evm.utg3283.23/evm.utg3834.24/evm.utg3839.101/evm.utg3839.103/evm.utg4082.36/evm.utg4082.37/evm.utg7066.7/evm.utg7289.31/evm.utg7595.8/evm.utg8494.50/evm.utg10628.11/evm.utg11096.5/evm.utg14703.12/evm.utg15210.4/evm.utg15506.3/evm.utg25862.7/evm.utg44416.1","evm.utg92.154.157",-1.34717112745206,"ORA"
"267","salinity_added","molecular_functions","DNA-binding transcription factor activity","GO:0000981","DNA-binding transcription factor activity, RNA polymerase II-specific",0.0101688022608595,"evm.utg86.58/evm.utg92.89/evm.utg92.154.157/evm.utg109.23/evm.utg109.42/evm.utg116.210/evm.utg194.31/evm.utg194.35/evm.utg207.61/evm.utg207.64/evm.utg207.80/evm.utg214.63/evm.utg219.28/evm.utg256.12/evm.utg377.28/evm.utg377.30/evm.utg401.67/evm.utg411.41/evm.utg464.224/evm.utg470.38/evm.utg470.49/evm.utg479.64/evm.utg505.42/evm.utg526.16/evm.utg526.19/evm.utg564.25/evm.utg564.44/evm.utg564.47/evm.utg798.18/evm.utg801.23/evm.utg857.16/evm.utg857.24/evm.utg989.15/evm.utg1051.49/evm.utg1056.123/evm.utg1396.19/evm.utg1565.65/evm.utg1623.8/evm.utg1721.60/utg1910.equina_smart_534762.mrna1/evm.utg1962.1/evm.utg2129.44/evm.utg2216.22/evm.utg2216.29/evm.utg2801.42/evm.utg2929.4/evm.utg3092.47/evm.utg3260.1/evm.utg3283.23/evm.utg3834.24/evm.utg3839.101/evm.utg3839.103/evm.utg4082.36/evm.utg4082.37/evm.utg7066.7/evm.utg7289.31/evm.utg7595.8/evm.utg8494.50/evm.utg10628.11/evm.utg11096.5/evm.utg14703.12/evm.utg15210.4/evm.utg15506.3/evm.utg25862.7/evm.utg44416.1","evm.utg109.23",-1.77733160549194,"ORA"
"268","salinity_added","molecular_functions","DNA-binding transcription factor activity","GO:0000981","DNA-binding transcription factor activity, RNA polymerase II-specific",0.0101688022608595,"evm.utg86.58/evm.utg92.89/evm.utg92.154.157/evm.utg109.23/evm.utg109.42/evm.utg116.210/evm.utg194.31/evm.utg194.35/evm.utg207.61/evm.utg207.64/evm.utg207.80/evm.utg214.63/evm.utg219.28/evm.utg256.12/evm.utg377.28/evm.utg377.30/evm.utg401.67/evm.utg411.41/evm.utg464.224/evm.utg470.38/evm.utg470.49/evm.utg479.64/evm.utg505.42/evm.utg526.16/evm.utg526.19/evm.utg564.25/evm.utg564.44/evm.utg564.47/evm.utg798.18/evm.utg801.23/evm.utg857.16/evm.utg857.24/evm.utg989.15/evm.utg1051.49/evm.utg1056.123/evm.utg1396.19/evm.utg1565.65/evm.utg1623.8/evm.utg1721.60/utg1910.equina_smart_534762.mrna1/evm.utg1962.1/evm.utg2129.44/evm.utg2216.22/evm.utg2216.29/evm.utg2801.42/evm.utg2929.4/evm.utg3092.47/evm.utg3260.1/evm.utg3283.23/evm.utg3834.24/evm.utg3839.101/evm.utg3839.103/evm.utg4082.36/evm.utg4082.37/evm.utg7066.7/evm.utg7289.31/evm.utg7595.8/evm.utg8494.50/evm.utg10628.11/evm.utg11096.5/evm.utg14703.12/evm.utg15210.4/evm.utg15506.3/evm.utg25862.7/evm.utg44416.1","evm.utg109.42",-2.194203436132,"ORA"
"269","salinity_added","molecular_functions","DNA-binding transcription factor activity","GO:0000981","DNA-binding transcription factor activity, RNA polymerase II-specific",0.0101688022608595,"evm.utg86.58/evm.utg92.89/evm.utg92.154.157/evm.utg109.23/evm.utg109.42/evm.utg116.210/evm.utg194.31/evm.utg194.35/evm.utg207.61/evm.utg207.64/evm.utg207.80/evm.utg214.63/evm.utg219.28/evm.utg256.12/evm.utg377.28/evm.utg377.30/evm.utg401.67/evm.utg411.41/evm.utg464.224/evm.utg470.38/evm.utg470.49/evm.utg479.64/evm.utg505.42/evm.utg526.16/evm.utg526.19/evm.utg564.25/evm.utg564.44/evm.utg564.47/evm.utg798.18/evm.utg801.23/evm.utg857.16/evm.utg857.24/evm.utg989.15/evm.utg1051.49/evm.utg1056.123/evm.utg1396.19/evm.utg1565.65/evm.utg1623.8/evm.utg1721.60/utg1910.equina_smart_534762.mrna1/evm.utg1962.1/evm.utg2129.44/evm.utg2216.22/evm.utg2216.29/evm.utg2801.42/evm.utg2929.4/evm.utg3092.47/evm.utg3260.1/evm.utg3283.23/evm.utg3834.24/evm.utg3839.101/evm.utg3839.103/evm.utg4082.36/evm.utg4082.37/evm.utg7066.7/evm.utg7289.31/evm.utg7595.8/evm.utg8494.50/evm.utg10628.11/evm.utg11096.5/evm.utg14703.12/evm.utg15210.4/evm.utg15506.3/evm.utg25862.7/evm.utg44416.1","evm.utg116.210",-1.33421455207901,"ORA"
"270","salinity_added","molecular_functions","DNA-binding transcription factor activity","GO:0000981","DNA-binding transcription factor activity, RNA polymerase II-specific",0.0101688022608595,"evm.utg86.58/evm.utg92.89/evm.utg92.154.157/evm.utg109.23/evm.utg109.42/evm.utg116.210/evm.utg194.31/evm.utg194.35/evm.utg207.61/evm.utg207.64/evm.utg207.80/evm.utg214.63/evm.utg219.28/evm.utg256.12/evm.utg377.28/evm.utg377.30/evm.utg401.67/evm.utg411.41/evm.utg464.224/evm.utg470.38/evm.utg470.49/evm.utg479.64/evm.utg505.42/evm.utg526.16/evm.utg526.19/evm.utg564.25/evm.utg564.44/evm.utg564.47/evm.utg798.18/evm.utg801.23/evm.utg857.16/evm.utg857.24/evm.utg989.15/evm.utg1051.49/evm.utg1056.123/evm.utg1396.19/evm.utg1565.65/evm.utg1623.8/evm.utg1721.60/utg1910.equina_smart_534762.mrna1/evm.utg1962.1/evm.utg2129.44/evm.utg2216.22/evm.utg2216.29/evm.utg2801.42/evm.utg2929.4/evm.utg3092.47/evm.utg3260.1/evm.utg3283.23/evm.utg3834.24/evm.utg3839.101/evm.utg3839.103/evm.utg4082.36/evm.utg4082.37/evm.utg7066.7/evm.utg7289.31/evm.utg7595.8/evm.utg8494.50/evm.utg10628.11/evm.utg11096.5/evm.utg14703.12/evm.utg15210.4/evm.utg15506.3/evm.utg25862.7/evm.utg44416.1","evm.utg194.31",1.05575437617775,"ORA"
"271","salinity_added","molecular_functions","DNA-binding transcription factor activity","GO:0000981","DNA-binding transcription factor activity, RNA polymerase II-specific",0.0101688022608595,"evm.utg86.58/evm.utg92.89/evm.utg92.154.157/evm.utg109.23/evm.utg109.42/evm.utg116.210/evm.utg194.31/evm.utg194.35/evm.utg207.61/evm.utg207.64/evm.utg207.80/evm.utg214.63/evm.utg219.28/evm.utg256.12/evm.utg377.28/evm.utg377.30/evm.utg401.67/evm.utg411.41/evm.utg464.224/evm.utg470.38/evm.utg470.49/evm.utg479.64/evm.utg505.42/evm.utg526.16/evm.utg526.19/evm.utg564.25/evm.utg564.44/evm.utg564.47/evm.utg798.18/evm.utg801.23/evm.utg857.16/evm.utg857.24/evm.utg989.15/evm.utg1051.49/evm.utg1056.123/evm.utg1396.19/evm.utg1565.65/evm.utg1623.8/evm.utg1721.60/utg1910.equina_smart_534762.mrna1/evm.utg1962.1/evm.utg2129.44/evm.utg2216.22/evm.utg2216.29/evm.utg2801.42/evm.utg2929.4/evm.utg3092.47/evm.utg3260.1/evm.utg3283.23/evm.utg3834.24/evm.utg3839.101/evm.utg3839.103/evm.utg4082.36/evm.utg4082.37/evm.utg7066.7/evm.utg7289.31/evm.utg7595.8/evm.utg8494.50/evm.utg10628.11/evm.utg11096.5/evm.utg14703.12/evm.utg15210.4/evm.utg15506.3/evm.utg25862.7/evm.utg44416.1","evm.utg194.35",1.20052777532574,"ORA"
"272","salinity_added","molecular_functions","DNA-binding transcription factor activity","GO:0000981","DNA-binding transcription factor activity, RNA polymerase II-specific",0.0101688022608595,"evm.utg86.58/evm.utg92.89/evm.utg92.154.157/evm.utg109.23/evm.utg109.42/evm.utg116.210/evm.utg194.31/evm.utg194.35/evm.utg207.61/evm.utg207.64/evm.utg207.80/evm.utg214.63/evm.utg219.28/evm.utg256.12/evm.utg377.28/evm.utg377.30/evm.utg401.67/evm.utg411.41/evm.utg464.224/evm.utg470.38/evm.utg470.49/evm.utg479.64/evm.utg505.42/evm.utg526.16/evm.utg526.19/evm.utg564.25/evm.utg564.44/evm.utg564.47/evm.utg798.18/evm.utg801.23/evm.utg857.16/evm.utg857.24/evm.utg989.15/evm.utg1051.49/evm.utg1056.123/evm.utg1396.19/evm.utg1565.65/evm.utg1623.8/evm.utg1721.60/utg1910.equina_smart_534762.mrna1/evm.utg1962.1/evm.utg2129.44/evm.utg2216.22/evm.utg2216.29/evm.utg2801.42/evm.utg2929.4/evm.utg3092.47/evm.utg3260.1/evm.utg3283.23/evm.utg3834.24/evm.utg3839.101/evm.utg3839.103/evm.utg4082.36/evm.utg4082.37/evm.utg7066.7/evm.utg7289.31/evm.utg7595.8/evm.utg8494.50/evm.utg10628.11/evm.utg11096.5/evm.utg14703.12/evm.utg15210.4/evm.utg15506.3/evm.utg25862.7/evm.utg44416.1","evm.utg207.61",-1.25384343955996,"ORA"
"273","salinity_added","molecular_functions","DNA-binding transcription factor activity","GO:0000981","DNA-binding transcription factor activity, RNA polymerase II-specific",0.0101688022608595,"evm.utg86.58/evm.utg92.89/evm.utg92.154.157/evm.utg109.23/evm.utg109.42/evm.utg116.210/evm.utg194.31/evm.utg194.35/evm.utg207.61/evm.utg207.64/evm.utg207.80/evm.utg214.63/evm.utg219.28/evm.utg256.12/evm.utg377.28/evm.utg377.30/evm.utg401.67/evm.utg411.41/evm.utg464.224/evm.utg470.38/evm.utg470.49/evm.utg479.64/evm.utg505.42/evm.utg526.16/evm.utg526.19/evm.utg564.25/evm.utg564.44/evm.utg564.47/evm.utg798.18/evm.utg801.23/evm.utg857.16/evm.utg857.24/evm.utg989.15/evm.utg1051.49/evm.utg1056.123/evm.utg1396.19/evm.utg1565.65/evm.utg1623.8/evm.utg1721.60/utg1910.equina_smart_534762.mrna1/evm.utg1962.1/evm.utg2129.44/evm.utg2216.22/evm.utg2216.29/evm.utg2801.42/evm.utg2929.4/evm.utg3092.47/evm.utg3260.1/evm.utg3283.23/evm.utg3834.24/evm.utg3839.101/evm.utg3839.103/evm.utg4082.36/evm.utg4082.37/evm.utg7066.7/evm.utg7289.31/evm.utg7595.8/evm.utg8494.50/evm.utg10628.11/evm.utg11096.5/evm.utg14703.12/evm.utg15210.4/evm.utg15506.3/evm.utg25862.7/evm.utg44416.1","evm.utg207.64",-1.52435051295186,"ORA"
"274","salinity_added","molecular_functions","DNA-binding transcription factor activity","GO:0000981","DNA-binding transcription factor activity, RNA polymerase II-specific",0.0101688022608595,"evm.utg86.58/evm.utg92.89/evm.utg92.154.157/evm.utg109.23/evm.utg109.42/evm.utg116.210/evm.utg194.31/evm.utg194.35/evm.utg207.61/evm.utg207.64/evm.utg207.80/evm.utg214.63/evm.utg219.28/evm.utg256.12/evm.utg377.28/evm.utg377.30/evm.utg401.67/evm.utg411.41/evm.utg464.224/evm.utg470.38/evm.utg470.49/evm.utg479.64/evm.utg505.42/evm.utg526.16/evm.utg526.19/evm.utg564.25/evm.utg564.44/evm.utg564.47/evm.utg798.18/evm.utg801.23/evm.utg857.16/evm.utg857.24/evm.utg989.15/evm.utg1051.49/evm.utg1056.123/evm.utg1396.19/evm.utg1565.65/evm.utg1623.8/evm.utg1721.60/utg1910.equina_smart_534762.mrna1/evm.utg1962.1/evm.utg2129.44/evm.utg2216.22/evm.utg2216.29/evm.utg2801.42/evm.utg2929.4/evm.utg3092.47/evm.utg3260.1/evm.utg3283.23/evm.utg3834.24/evm.utg3839.101/evm.utg3839.103/evm.utg4082.36/evm.utg4082.37/evm.utg7066.7/evm.utg7289.31/evm.utg7595.8/evm.utg8494.50/evm.utg10628.11/evm.utg11096.5/evm.utg14703.12/evm.utg15210.4/evm.utg15506.3/evm.utg25862.7/evm.utg44416.1","evm.utg207.80",-1.34194898891982,"ORA"
"275","salinity_added","molecular_functions","DNA-binding transcription factor activity","GO:0000981","DNA-binding transcription factor activity, RNA polymerase II-specific",0.0101688022608595,"evm.utg86.58/evm.utg92.89/evm.utg92.154.157/evm.utg109.23/evm.utg109.42/evm.utg116.210/evm.utg194.31/evm.utg194.35/evm.utg207.61/evm.utg207.64/evm.utg207.80/evm.utg214.63/evm.utg219.28/evm.utg256.12/evm.utg377.28/evm.utg377.30/evm.utg401.67/evm.utg411.41/evm.utg464.224/evm.utg470.38/evm.utg470.49/evm.utg479.64/evm.utg505.42/evm.utg526.16/evm.utg526.19/evm.utg564.25/evm.utg564.44/evm.utg564.47/evm.utg798.18/evm.utg801.23/evm.utg857.16/evm.utg857.24/evm.utg989.15/evm.utg1051.49/evm.utg1056.123/evm.utg1396.19/evm.utg1565.65/evm.utg1623.8/evm.utg1721.60/utg1910.equina_smart_534762.mrna1/evm.utg1962.1/evm.utg2129.44/evm.utg2216.22/evm.utg2216.29/evm.utg2801.42/evm.utg2929.4/evm.utg3092.47/evm.utg3260.1/evm.utg3283.23/evm.utg3834.24/evm.utg3839.101/evm.utg3839.103/evm.utg4082.36/evm.utg4082.37/evm.utg7066.7/evm.utg7289.31/evm.utg7595.8/evm.utg8494.50/evm.utg10628.11/evm.utg11096.5/evm.utg14703.12/evm.utg15210.4/evm.utg15506.3/evm.utg25862.7/evm.utg44416.1","evm.utg214.63",-2.00047922248529,"ORA"
"276","salinity_added","molecular_functions","DNA-binding transcription factor activity","GO:0000981","DNA-binding transcription factor activity, RNA polymerase II-specific",0.0101688022608595,"evm.utg86.58/evm.utg92.89/evm.utg92.154.157/evm.utg109.23/evm.utg109.42/evm.utg116.210/evm.utg194.31/evm.utg194.35/evm.utg207.61/evm.utg207.64/evm.utg207.80/evm.utg214.63/evm.utg219.28/evm.utg256.12/evm.utg377.28/evm.utg377.30/evm.utg401.67/evm.utg411.41/evm.utg464.224/evm.utg470.38/evm.utg470.49/evm.utg479.64/evm.utg505.42/evm.utg526.16/evm.utg526.19/evm.utg564.25/evm.utg564.44/evm.utg564.47/evm.utg798.18/evm.utg801.23/evm.utg857.16/evm.utg857.24/evm.utg989.15/evm.utg1051.49/evm.utg1056.123/evm.utg1396.19/evm.utg1565.65/evm.utg1623.8/evm.utg1721.60/utg1910.equina_smart_534762.mrna1/evm.utg1962.1/evm.utg2129.44/evm.utg2216.22/evm.utg2216.29/evm.utg2801.42/evm.utg2929.4/evm.utg3092.47/evm.utg3260.1/evm.utg3283.23/evm.utg3834.24/evm.utg3839.101/evm.utg3839.103/evm.utg4082.36/evm.utg4082.37/evm.utg7066.7/evm.utg7289.31/evm.utg7595.8/evm.utg8494.50/evm.utg10628.11/evm.utg11096.5/evm.utg14703.12/evm.utg15210.4/evm.utg15506.3/evm.utg25862.7/evm.utg44416.1","evm.utg219.28",1.37814780875444,"ORA"
"277","salinity_added","molecular_functions","DNA-binding transcription factor activity","GO:0000981","DNA-binding transcription factor activity, RNA polymerase II-specific",0.0101688022608595,"evm.utg86.58/evm.utg92.89/evm.utg92.154.157/evm.utg109.23/evm.utg109.42/evm.utg116.210/evm.utg194.31/evm.utg194.35/evm.utg207.61/evm.utg207.64/evm.utg207.80/evm.utg214.63/evm.utg219.28/evm.utg256.12/evm.utg377.28/evm.utg377.30/evm.utg401.67/evm.utg411.41/evm.utg464.224/evm.utg470.38/evm.utg470.49/evm.utg479.64/evm.utg505.42/evm.utg526.16/evm.utg526.19/evm.utg564.25/evm.utg564.44/evm.utg564.47/evm.utg798.18/evm.utg801.23/evm.utg857.16/evm.utg857.24/evm.utg989.15/evm.utg1051.49/evm.utg1056.123/evm.utg1396.19/evm.utg1565.65/evm.utg1623.8/evm.utg1721.60/utg1910.equina_smart_534762.mrna1/evm.utg1962.1/evm.utg2129.44/evm.utg2216.22/evm.utg2216.29/evm.utg2801.42/evm.utg2929.4/evm.utg3092.47/evm.utg3260.1/evm.utg3283.23/evm.utg3834.24/evm.utg3839.101/evm.utg3839.103/evm.utg4082.36/evm.utg4082.37/evm.utg7066.7/evm.utg7289.31/evm.utg7595.8/evm.utg8494.50/evm.utg10628.11/evm.utg11096.5/evm.utg14703.12/evm.utg15210.4/evm.utg15506.3/evm.utg25862.7/evm.utg44416.1","evm.utg256.12",1.49617512029296,"ORA"
"278","salinity_added","molecular_functions","DNA-binding transcription factor activity","GO:0000981","DNA-binding transcription factor activity, RNA polymerase II-specific",0.0101688022608595,"evm.utg86.58/evm.utg92.89/evm.utg92.154.157/evm.utg109.23/evm.utg109.42/evm.utg116.210/evm.utg194.31/evm.utg194.35/evm.utg207.61/evm.utg207.64/evm.utg207.80/evm.utg214.63/evm.utg219.28/evm.utg256.12/evm.utg377.28/evm.utg377.30/evm.utg401.67/evm.utg411.41/evm.utg464.224/evm.utg470.38/evm.utg470.49/evm.utg479.64/evm.utg505.42/evm.utg526.16/evm.utg526.19/evm.utg564.25/evm.utg564.44/evm.utg564.47/evm.utg798.18/evm.utg801.23/evm.utg857.16/evm.utg857.24/evm.utg989.15/evm.utg1051.49/evm.utg1056.123/evm.utg1396.19/evm.utg1565.65/evm.utg1623.8/evm.utg1721.60/utg1910.equina_smart_534762.mrna1/evm.utg1962.1/evm.utg2129.44/evm.utg2216.22/evm.utg2216.29/evm.utg2801.42/evm.utg2929.4/evm.utg3092.47/evm.utg3260.1/evm.utg3283.23/evm.utg3834.24/evm.utg3839.101/evm.utg3839.103/evm.utg4082.36/evm.utg4082.37/evm.utg7066.7/evm.utg7289.31/evm.utg7595.8/evm.utg8494.50/evm.utg10628.11/evm.utg11096.5/evm.utg14703.12/evm.utg15210.4/evm.utg15506.3/evm.utg25862.7/evm.utg44416.1","evm.utg377.28",-1.45893326526049,"ORA"
"279","salinity_added","molecular_functions","DNA-binding transcription factor activity","GO:0000981","DNA-binding transcription factor activity, RNA polymerase II-specific",0.0101688022608595,"evm.utg86.58/evm.utg92.89/evm.utg92.154.157/evm.utg109.23/evm.utg109.42/evm.utg116.210/evm.utg194.31/evm.utg194.35/evm.utg207.61/evm.utg207.64/evm.utg207.80/evm.utg214.63/evm.utg219.28/evm.utg256.12/evm.utg377.28/evm.utg377.30/evm.utg401.67/evm.utg411.41/evm.utg464.224/evm.utg470.38/evm.utg470.49/evm.utg479.64/evm.utg505.42/evm.utg526.16/evm.utg526.19/evm.utg564.25/evm.utg564.44/evm.utg564.47/evm.utg798.18/evm.utg801.23/evm.utg857.16/evm.utg857.24/evm.utg989.15/evm.utg1051.49/evm.utg1056.123/evm.utg1396.19/evm.utg1565.65/evm.utg1623.8/evm.utg1721.60/utg1910.equina_smart_534762.mrna1/evm.utg1962.1/evm.utg2129.44/evm.utg2216.22/evm.utg2216.29/evm.utg2801.42/evm.utg2929.4/evm.utg3092.47/evm.utg3260.1/evm.utg3283.23/evm.utg3834.24/evm.utg3839.101/evm.utg3839.103/evm.utg4082.36/evm.utg4082.37/evm.utg7066.7/evm.utg7289.31/evm.utg7595.8/evm.utg8494.50/evm.utg10628.11/evm.utg11096.5/evm.utg14703.12/evm.utg15210.4/evm.utg15506.3/evm.utg25862.7/evm.utg44416.1","evm.utg377.30",-1.65593908762819,"ORA"
"280","salinity_added","molecular_functions","DNA-binding transcription factor activity","GO:0000981","DNA-binding transcription factor activity, RNA polymerase II-specific",0.0101688022608595,"evm.utg86.58/evm.utg92.89/evm.utg92.154.157/evm.utg109.23/evm.utg109.42/evm.utg116.210/evm.utg194.31/evm.utg194.35/evm.utg207.61/evm.utg207.64/evm.utg207.80/evm.utg214.63/evm.utg219.28/evm.utg256.12/evm.utg377.28/evm.utg377.30/evm.utg401.67/evm.utg411.41/evm.utg464.224/evm.utg470.38/evm.utg470.49/evm.utg479.64/evm.utg505.42/evm.utg526.16/evm.utg526.19/evm.utg564.25/evm.utg564.44/evm.utg564.47/evm.utg798.18/evm.utg801.23/evm.utg857.16/evm.utg857.24/evm.utg989.15/evm.utg1051.49/evm.utg1056.123/evm.utg1396.19/evm.utg1565.65/evm.utg1623.8/evm.utg1721.60/utg1910.equina_smart_534762.mrna1/evm.utg1962.1/evm.utg2129.44/evm.utg2216.22/evm.utg2216.29/evm.utg2801.42/evm.utg2929.4/evm.utg3092.47/evm.utg3260.1/evm.utg3283.23/evm.utg3834.24/evm.utg3839.101/evm.utg3839.103/evm.utg4082.36/evm.utg4082.37/evm.utg7066.7/evm.utg7289.31/evm.utg7595.8/evm.utg8494.50/evm.utg10628.11/evm.utg11096.5/evm.utg14703.12/evm.utg15210.4/evm.utg15506.3/evm.utg25862.7/evm.utg44416.1","evm.utg401.67",-1.24618918663255,"ORA"
"281","salinity_added","molecular_functions","DNA-binding transcription factor activity","GO:0000981","DNA-binding transcription factor activity, RNA polymerase II-specific",0.0101688022608595,"evm.utg86.58/evm.utg92.89/evm.utg92.154.157/evm.utg109.23/evm.utg109.42/evm.utg116.210/evm.utg194.31/evm.utg194.35/evm.utg207.61/evm.utg207.64/evm.utg207.80/evm.utg214.63/evm.utg219.28/evm.utg256.12/evm.utg377.28/evm.utg377.30/evm.utg401.67/evm.utg411.41/evm.utg464.224/evm.utg470.38/evm.utg470.49/evm.utg479.64/evm.utg505.42/evm.utg526.16/evm.utg526.19/evm.utg564.25/evm.utg564.44/evm.utg564.47/evm.utg798.18/evm.utg801.23/evm.utg857.16/evm.utg857.24/evm.utg989.15/evm.utg1051.49/evm.utg1056.123/evm.utg1396.19/evm.utg1565.65/evm.utg1623.8/evm.utg1721.60/utg1910.equina_smart_534762.mrna1/evm.utg1962.1/evm.utg2129.44/evm.utg2216.22/evm.utg2216.29/evm.utg2801.42/evm.utg2929.4/evm.utg3092.47/evm.utg3260.1/evm.utg3283.23/evm.utg3834.24/evm.utg3839.101/evm.utg3839.103/evm.utg4082.36/evm.utg4082.37/evm.utg7066.7/evm.utg7289.31/evm.utg7595.8/evm.utg8494.50/evm.utg10628.11/evm.utg11096.5/evm.utg14703.12/evm.utg15210.4/evm.utg15506.3/evm.utg25862.7/evm.utg44416.1","evm.utg411.41",0.816995060777696,"ORA"
"282","salinity_added","molecular_functions","DNA-binding transcription factor activity","GO:0000981","DNA-binding transcription factor activity, RNA polymerase II-specific",0.0101688022608595,"evm.utg86.58/evm.utg92.89/evm.utg92.154.157/evm.utg109.23/evm.utg109.42/evm.utg116.210/evm.utg194.31/evm.utg194.35/evm.utg207.61/evm.utg207.64/evm.utg207.80/evm.utg214.63/evm.utg219.28/evm.utg256.12/evm.utg377.28/evm.utg377.30/evm.utg401.67/evm.utg411.41/evm.utg464.224/evm.utg470.38/evm.utg470.49/evm.utg479.64/evm.utg505.42/evm.utg526.16/evm.utg526.19/evm.utg564.25/evm.utg564.44/evm.utg564.47/evm.utg798.18/evm.utg801.23/evm.utg857.16/evm.utg857.24/evm.utg989.15/evm.utg1051.49/evm.utg1056.123/evm.utg1396.19/evm.utg1565.65/evm.utg1623.8/evm.utg1721.60/utg1910.equina_smart_534762.mrna1/evm.utg1962.1/evm.utg2129.44/evm.utg2216.22/evm.utg2216.29/evm.utg2801.42/evm.utg2929.4/evm.utg3092.47/evm.utg3260.1/evm.utg3283.23/evm.utg3834.24/evm.utg3839.101/evm.utg3839.103/evm.utg4082.36/evm.utg4082.37/evm.utg7066.7/evm.utg7289.31/evm.utg7595.8/evm.utg8494.50/evm.utg10628.11/evm.utg11096.5/evm.utg14703.12/evm.utg15210.4/evm.utg15506.3/evm.utg25862.7/evm.utg44416.1","evm.utg464.224",1.03697847503252,"ORA"
"283","salinity_added","molecular_functions","DNA-binding transcription factor activity","GO:0000981","DNA-binding transcription factor activity, RNA polymerase II-specific",0.0101688022608595,"evm.utg86.58/evm.utg92.89/evm.utg92.154.157/evm.utg109.23/evm.utg109.42/evm.utg116.210/evm.utg194.31/evm.utg194.35/evm.utg207.61/evm.utg207.64/evm.utg207.80/evm.utg214.63/evm.utg219.28/evm.utg256.12/evm.utg377.28/evm.utg377.30/evm.utg401.67/evm.utg411.41/evm.utg464.224/evm.utg470.38/evm.utg470.49/evm.utg479.64/evm.utg505.42/evm.utg526.16/evm.utg526.19/evm.utg564.25/evm.utg564.44/evm.utg564.47/evm.utg798.18/evm.utg801.23/evm.utg857.16/evm.utg857.24/evm.utg989.15/evm.utg1051.49/evm.utg1056.123/evm.utg1396.19/evm.utg1565.65/evm.utg1623.8/evm.utg1721.60/utg1910.equina_smart_534762.mrna1/evm.utg1962.1/evm.utg2129.44/evm.utg2216.22/evm.utg2216.29/evm.utg2801.42/evm.utg2929.4/evm.utg3092.47/evm.utg3260.1/evm.utg3283.23/evm.utg3834.24/evm.utg3839.101/evm.utg3839.103/evm.utg4082.36/evm.utg4082.37/evm.utg7066.7/evm.utg7289.31/evm.utg7595.8/evm.utg8494.50/evm.utg10628.11/evm.utg11096.5/evm.utg14703.12/evm.utg15210.4/evm.utg15506.3/evm.utg25862.7/evm.utg44416.1","evm.utg470.38",-2.44116422756391,"ORA"
"284","salinity_added","molecular_functions","DNA-binding transcription factor activity","GO:0000981","DNA-binding transcription factor activity, RNA polymerase II-specific",0.0101688022608595,"evm.utg86.58/evm.utg92.89/evm.utg92.154.157/evm.utg109.23/evm.utg109.42/evm.utg116.210/evm.utg194.31/evm.utg194.35/evm.utg207.61/evm.utg207.64/evm.utg207.80/evm.utg214.63/evm.utg219.28/evm.utg256.12/evm.utg377.28/evm.utg377.30/evm.utg401.67/evm.utg411.41/evm.utg464.224/evm.utg470.38/evm.utg470.49/evm.utg479.64/evm.utg505.42/evm.utg526.16/evm.utg526.19/evm.utg564.25/evm.utg564.44/evm.utg564.47/evm.utg798.18/evm.utg801.23/evm.utg857.16/evm.utg857.24/evm.utg989.15/evm.utg1051.49/evm.utg1056.123/evm.utg1396.19/evm.utg1565.65/evm.utg1623.8/evm.utg1721.60/utg1910.equina_smart_534762.mrna1/evm.utg1962.1/evm.utg2129.44/evm.utg2216.22/evm.utg2216.29/evm.utg2801.42/evm.utg2929.4/evm.utg3092.47/evm.utg3260.1/evm.utg3283.23/evm.utg3834.24/evm.utg3839.101/evm.utg3839.103/evm.utg4082.36/evm.utg4082.37/evm.utg7066.7/evm.utg7289.31/evm.utg7595.8/evm.utg8494.50/evm.utg10628.11/evm.utg11096.5/evm.utg14703.12/evm.utg15210.4/evm.utg15506.3/evm.utg25862.7/evm.utg44416.1","evm.utg470.49",-1.81124181863684,"ORA"
"285","salinity_added","molecular_functions","DNA-binding transcription factor activity","GO:0000981","DNA-binding transcription factor activity, RNA polymerase II-specific",0.0101688022608595,"evm.utg86.58/evm.utg92.89/evm.utg92.154.157/evm.utg109.23/evm.utg109.42/evm.utg116.210/evm.utg194.31/evm.utg194.35/evm.utg207.61/evm.utg207.64/evm.utg207.80/evm.utg214.63/evm.utg219.28/evm.utg256.12/evm.utg377.28/evm.utg377.30/evm.utg401.67/evm.utg411.41/evm.utg464.224/evm.utg470.38/evm.utg470.49/evm.utg479.64/evm.utg505.42/evm.utg526.16/evm.utg526.19/evm.utg564.25/evm.utg564.44/evm.utg564.47/evm.utg798.18/evm.utg801.23/evm.utg857.16/evm.utg857.24/evm.utg989.15/evm.utg1051.49/evm.utg1056.123/evm.utg1396.19/evm.utg1565.65/evm.utg1623.8/evm.utg1721.60/utg1910.equina_smart_534762.mrna1/evm.utg1962.1/evm.utg2129.44/evm.utg2216.22/evm.utg2216.29/evm.utg2801.42/evm.utg2929.4/evm.utg3092.47/evm.utg3260.1/evm.utg3283.23/evm.utg3834.24/evm.utg3839.101/evm.utg3839.103/evm.utg4082.36/evm.utg4082.37/evm.utg7066.7/evm.utg7289.31/evm.utg7595.8/evm.utg8494.50/evm.utg10628.11/evm.utg11096.5/evm.utg14703.12/evm.utg15210.4/evm.utg15506.3/evm.utg25862.7/evm.utg44416.1","evm.utg479.64",-1.22587024866658,"ORA"
"286","salinity_added","molecular_functions","DNA-binding transcription factor activity","GO:0000981","DNA-binding transcription factor activity, RNA polymerase II-specific",0.0101688022608595,"evm.utg86.58/evm.utg92.89/evm.utg92.154.157/evm.utg109.23/evm.utg109.42/evm.utg116.210/evm.utg194.31/evm.utg194.35/evm.utg207.61/evm.utg207.64/evm.utg207.80/evm.utg214.63/evm.utg219.28/evm.utg256.12/evm.utg377.28/evm.utg377.30/evm.utg401.67/evm.utg411.41/evm.utg464.224/evm.utg470.38/evm.utg470.49/evm.utg479.64/evm.utg505.42/evm.utg526.16/evm.utg526.19/evm.utg564.25/evm.utg564.44/evm.utg564.47/evm.utg798.18/evm.utg801.23/evm.utg857.16/evm.utg857.24/evm.utg989.15/evm.utg1051.49/evm.utg1056.123/evm.utg1396.19/evm.utg1565.65/evm.utg1623.8/evm.utg1721.60/utg1910.equina_smart_534762.mrna1/evm.utg1962.1/evm.utg2129.44/evm.utg2216.22/evm.utg2216.29/evm.utg2801.42/evm.utg2929.4/evm.utg3092.47/evm.utg3260.1/evm.utg3283.23/evm.utg3834.24/evm.utg3839.101/evm.utg3839.103/evm.utg4082.36/evm.utg4082.37/evm.utg7066.7/evm.utg7289.31/evm.utg7595.8/evm.utg8494.50/evm.utg10628.11/evm.utg11096.5/evm.utg14703.12/evm.utg15210.4/evm.utg15506.3/evm.utg25862.7/evm.utg44416.1","evm.utg505.42",-0.925901139043652,"ORA"
"287","salinity_added","molecular_functions","DNA-binding transcription factor activity","GO:0000981","DNA-binding transcription factor activity, RNA polymerase II-specific",0.0101688022608595,"evm.utg86.58/evm.utg92.89/evm.utg92.154.157/evm.utg109.23/evm.utg109.42/evm.utg116.210/evm.utg194.31/evm.utg194.35/evm.utg207.61/evm.utg207.64/evm.utg207.80/evm.utg214.63/evm.utg219.28/evm.utg256.12/evm.utg377.28/evm.utg377.30/evm.utg401.67/evm.utg411.41/evm.utg464.224/evm.utg470.38/evm.utg470.49/evm.utg479.64/evm.utg505.42/evm.utg526.16/evm.utg526.19/evm.utg564.25/evm.utg564.44/evm.utg564.47/evm.utg798.18/evm.utg801.23/evm.utg857.16/evm.utg857.24/evm.utg989.15/evm.utg1051.49/evm.utg1056.123/evm.utg1396.19/evm.utg1565.65/evm.utg1623.8/evm.utg1721.60/utg1910.equina_smart_534762.mrna1/evm.utg1962.1/evm.utg2129.44/evm.utg2216.22/evm.utg2216.29/evm.utg2801.42/evm.utg2929.4/evm.utg3092.47/evm.utg3260.1/evm.utg3283.23/evm.utg3834.24/evm.utg3839.101/evm.utg3839.103/evm.utg4082.36/evm.utg4082.37/evm.utg7066.7/evm.utg7289.31/evm.utg7595.8/evm.utg8494.50/evm.utg10628.11/evm.utg11096.5/evm.utg14703.12/evm.utg15210.4/evm.utg15506.3/evm.utg25862.7/evm.utg44416.1","evm.utg526.16",-1.11175800025393,"ORA"
"288","salinity_added","molecular_functions","DNA-binding transcription factor activity","GO:0000981","DNA-binding transcription factor activity, RNA polymerase II-specific",0.0101688022608595,"evm.utg86.58/evm.utg92.89/evm.utg92.154.157/evm.utg109.23/evm.utg109.42/evm.utg116.210/evm.utg194.31/evm.utg194.35/evm.utg207.61/evm.utg207.64/evm.utg207.80/evm.utg214.63/evm.utg219.28/evm.utg256.12/evm.utg377.28/evm.utg377.30/evm.utg401.67/evm.utg411.41/evm.utg464.224/evm.utg470.38/evm.utg470.49/evm.utg479.64/evm.utg505.42/evm.utg526.16/evm.utg526.19/evm.utg564.25/evm.utg564.44/evm.utg564.47/evm.utg798.18/evm.utg801.23/evm.utg857.16/evm.utg857.24/evm.utg989.15/evm.utg1051.49/evm.utg1056.123/evm.utg1396.19/evm.utg1565.65/evm.utg1623.8/evm.utg1721.60/utg1910.equina_smart_534762.mrna1/evm.utg1962.1/evm.utg2129.44/evm.utg2216.22/evm.utg2216.29/evm.utg2801.42/evm.utg2929.4/evm.utg3092.47/evm.utg3260.1/evm.utg3283.23/evm.utg3834.24/evm.utg3839.101/evm.utg3839.103/evm.utg4082.36/evm.utg4082.37/evm.utg7066.7/evm.utg7289.31/evm.utg7595.8/evm.utg8494.50/evm.utg10628.11/evm.utg11096.5/evm.utg14703.12/evm.utg15210.4/evm.utg15506.3/evm.utg25862.7/evm.utg44416.1","evm.utg526.19",-1.29119129482491,"ORA"
"289","salinity_added","molecular_functions","DNA-binding transcription factor activity","GO:0000981","DNA-binding transcription factor activity, RNA polymerase II-specific",0.0101688022608595,"evm.utg86.58/evm.utg92.89/evm.utg92.154.157/evm.utg109.23/evm.utg109.42/evm.utg116.210/evm.utg194.31/evm.utg194.35/evm.utg207.61/evm.utg207.64/evm.utg207.80/evm.utg214.63/evm.utg219.28/evm.utg256.12/evm.utg377.28/evm.utg377.30/evm.utg401.67/evm.utg411.41/evm.utg464.224/evm.utg470.38/evm.utg470.49/evm.utg479.64/evm.utg505.42/evm.utg526.16/evm.utg526.19/evm.utg564.25/evm.utg564.44/evm.utg564.47/evm.utg798.18/evm.utg801.23/evm.utg857.16/evm.utg857.24/evm.utg989.15/evm.utg1051.49/evm.utg1056.123/evm.utg1396.19/evm.utg1565.65/evm.utg1623.8/evm.utg1721.60/utg1910.equina_smart_534762.mrna1/evm.utg1962.1/evm.utg2129.44/evm.utg2216.22/evm.utg2216.29/evm.utg2801.42/evm.utg2929.4/evm.utg3092.47/evm.utg3260.1/evm.utg3283.23/evm.utg3834.24/evm.utg3839.101/evm.utg3839.103/evm.utg4082.36/evm.utg4082.37/evm.utg7066.7/evm.utg7289.31/evm.utg7595.8/evm.utg8494.50/evm.utg10628.11/evm.utg11096.5/evm.utg14703.12/evm.utg15210.4/evm.utg15506.3/evm.utg25862.7/evm.utg44416.1","evm.utg564.25",-0.934313955228864,"ORA"
"290","salinity_added","molecular_functions","DNA-binding transcription factor activity","GO:0000981","DNA-binding transcription factor activity, RNA polymerase II-specific",0.0101688022608595,"evm.utg86.58/evm.utg92.89/evm.utg92.154.157/evm.utg109.23/evm.utg109.42/evm.utg116.210/evm.utg194.31/evm.utg194.35/evm.utg207.61/evm.utg207.64/evm.utg207.80/evm.utg214.63/evm.utg219.28/evm.utg256.12/evm.utg377.28/evm.utg377.30/evm.utg401.67/evm.utg411.41/evm.utg464.224/evm.utg470.38/evm.utg470.49/evm.utg479.64/evm.utg505.42/evm.utg526.16/evm.utg526.19/evm.utg564.25/evm.utg564.44/evm.utg564.47/evm.utg798.18/evm.utg801.23/evm.utg857.16/evm.utg857.24/evm.utg989.15/evm.utg1051.49/evm.utg1056.123/evm.utg1396.19/evm.utg1565.65/evm.utg1623.8/evm.utg1721.60/utg1910.equina_smart_534762.mrna1/evm.utg1962.1/evm.utg2129.44/evm.utg2216.22/evm.utg2216.29/evm.utg2801.42/evm.utg2929.4/evm.utg3092.47/evm.utg3260.1/evm.utg3283.23/evm.utg3834.24/evm.utg3839.101/evm.utg3839.103/evm.utg4082.36/evm.utg4082.37/evm.utg7066.7/evm.utg7289.31/evm.utg7595.8/evm.utg8494.50/evm.utg10628.11/evm.utg11096.5/evm.utg14703.12/evm.utg15210.4/evm.utg15506.3/evm.utg25862.7/evm.utg44416.1","evm.utg564.44",0.938361437915759,"ORA"
"291","salinity_added","molecular_functions","DNA-binding transcription factor activity","GO:0000981","DNA-binding transcription factor activity, RNA polymerase II-specific",0.0101688022608595,"evm.utg86.58/evm.utg92.89/evm.utg92.154.157/evm.utg109.23/evm.utg109.42/evm.utg116.210/evm.utg194.31/evm.utg194.35/evm.utg207.61/evm.utg207.64/evm.utg207.80/evm.utg214.63/evm.utg219.28/evm.utg256.12/evm.utg377.28/evm.utg377.30/evm.utg401.67/evm.utg411.41/evm.utg464.224/evm.utg470.38/evm.utg470.49/evm.utg479.64/evm.utg505.42/evm.utg526.16/evm.utg526.19/evm.utg564.25/evm.utg564.44/evm.utg564.47/evm.utg798.18/evm.utg801.23/evm.utg857.16/evm.utg857.24/evm.utg989.15/evm.utg1051.49/evm.utg1056.123/evm.utg1396.19/evm.utg1565.65/evm.utg1623.8/evm.utg1721.60/utg1910.equina_smart_534762.mrna1/evm.utg1962.1/evm.utg2129.44/evm.utg2216.22/evm.utg2216.29/evm.utg2801.42/evm.utg2929.4/evm.utg3092.47/evm.utg3260.1/evm.utg3283.23/evm.utg3834.24/evm.utg3839.101/evm.utg3839.103/evm.utg4082.36/evm.utg4082.37/evm.utg7066.7/evm.utg7289.31/evm.utg7595.8/evm.utg8494.50/evm.utg10628.11/evm.utg11096.5/evm.utg14703.12/evm.utg15210.4/evm.utg15506.3/evm.utg25862.7/evm.utg44416.1","evm.utg564.47",-1.66235731281274,"ORA"
"292","salinity_added","molecular_functions","DNA-binding transcription factor activity","GO:0000981","DNA-binding transcription factor activity, RNA polymerase II-specific",0.0101688022608595,"evm.utg86.58/evm.utg92.89/evm.utg92.154.157/evm.utg109.23/evm.utg109.42/evm.utg116.210/evm.utg194.31/evm.utg194.35/evm.utg207.61/evm.utg207.64/evm.utg207.80/evm.utg214.63/evm.utg219.28/evm.utg256.12/evm.utg377.28/evm.utg377.30/evm.utg401.67/evm.utg411.41/evm.utg464.224/evm.utg470.38/evm.utg470.49/evm.utg479.64/evm.utg505.42/evm.utg526.16/evm.utg526.19/evm.utg564.25/evm.utg564.44/evm.utg564.47/evm.utg798.18/evm.utg801.23/evm.utg857.16/evm.utg857.24/evm.utg989.15/evm.utg1051.49/evm.utg1056.123/evm.utg1396.19/evm.utg1565.65/evm.utg1623.8/evm.utg1721.60/utg1910.equina_smart_534762.mrna1/evm.utg1962.1/evm.utg2129.44/evm.utg2216.22/evm.utg2216.29/evm.utg2801.42/evm.utg2929.4/evm.utg3092.47/evm.utg3260.1/evm.utg3283.23/evm.utg3834.24/evm.utg3839.101/evm.utg3839.103/evm.utg4082.36/evm.utg4082.37/evm.utg7066.7/evm.utg7289.31/evm.utg7595.8/evm.utg8494.50/evm.utg10628.11/evm.utg11096.5/evm.utg14703.12/evm.utg15210.4/evm.utg15506.3/evm.utg25862.7/evm.utg44416.1","evm.utg798.18",0.97775183172477,"ORA"
"293","salinity_added","molecular_functions","DNA-binding transcription factor activity","GO:0000981","DNA-binding transcription factor activity, RNA polymerase II-specific",0.0101688022608595,"evm.utg86.58/evm.utg92.89/evm.utg92.154.157/evm.utg109.23/evm.utg109.42/evm.utg116.210/evm.utg194.31/evm.utg194.35/evm.utg207.61/evm.utg207.64/evm.utg207.80/evm.utg214.63/evm.utg219.28/evm.utg256.12/evm.utg377.28/evm.utg377.30/evm.utg401.67/evm.utg411.41/evm.utg464.224/evm.utg470.38/evm.utg470.49/evm.utg479.64/evm.utg505.42/evm.utg526.16/evm.utg526.19/evm.utg564.25/evm.utg564.44/evm.utg564.47/evm.utg798.18/evm.utg801.23/evm.utg857.16/evm.utg857.24/evm.utg989.15/evm.utg1051.49/evm.utg1056.123/evm.utg1396.19/evm.utg1565.65/evm.utg1623.8/evm.utg1721.60/utg1910.equina_smart_534762.mrna1/evm.utg1962.1/evm.utg2129.44/evm.utg2216.22/evm.utg2216.29/evm.utg2801.42/evm.utg2929.4/evm.utg3092.47/evm.utg3260.1/evm.utg3283.23/evm.utg3834.24/evm.utg3839.101/evm.utg3839.103/evm.utg4082.36/evm.utg4082.37/evm.utg7066.7/evm.utg7289.31/evm.utg7595.8/evm.utg8494.50/evm.utg10628.11/evm.utg11096.5/evm.utg14703.12/evm.utg15210.4/evm.utg15506.3/evm.utg25862.7/evm.utg44416.1","evm.utg801.23",-1.68975866875661,"ORA"
"294","salinity_added","molecular_functions","DNA-binding transcription factor activity","GO:0000981","DNA-binding transcription factor activity, RNA polymerase II-specific",0.0101688022608595,"evm.utg86.58/evm.utg92.89/evm.utg92.154.157/evm.utg109.23/evm.utg109.42/evm.utg116.210/evm.utg194.31/evm.utg194.35/evm.utg207.61/evm.utg207.64/evm.utg207.80/evm.utg214.63/evm.utg219.28/evm.utg256.12/evm.utg377.28/evm.utg377.30/evm.utg401.67/evm.utg411.41/evm.utg464.224/evm.utg470.38/evm.utg470.49/evm.utg479.64/evm.utg505.42/evm.utg526.16/evm.utg526.19/evm.utg564.25/evm.utg564.44/evm.utg564.47/evm.utg798.18/evm.utg801.23/evm.utg857.16/evm.utg857.24/evm.utg989.15/evm.utg1051.49/evm.utg1056.123/evm.utg1396.19/evm.utg1565.65/evm.utg1623.8/evm.utg1721.60/utg1910.equina_smart_534762.mrna1/evm.utg1962.1/evm.utg2129.44/evm.utg2216.22/evm.utg2216.29/evm.utg2801.42/evm.utg2929.4/evm.utg3092.47/evm.utg3260.1/evm.utg3283.23/evm.utg3834.24/evm.utg3839.101/evm.utg3839.103/evm.utg4082.36/evm.utg4082.37/evm.utg7066.7/evm.utg7289.31/evm.utg7595.8/evm.utg8494.50/evm.utg10628.11/evm.utg11096.5/evm.utg14703.12/evm.utg15210.4/evm.utg15506.3/evm.utg25862.7/evm.utg44416.1","evm.utg857.16",-0.980107390440131,"ORA"
"295","salinity_added","molecular_functions","DNA-binding transcription factor activity","GO:0000981","DNA-binding transcription factor activity, RNA polymerase II-specific",0.0101688022608595,"evm.utg86.58/evm.utg92.89/evm.utg92.154.157/evm.utg109.23/evm.utg109.42/evm.utg116.210/evm.utg194.31/evm.utg194.35/evm.utg207.61/evm.utg207.64/evm.utg207.80/evm.utg214.63/evm.utg219.28/evm.utg256.12/evm.utg377.28/evm.utg377.30/evm.utg401.67/evm.utg411.41/evm.utg464.224/evm.utg470.38/evm.utg470.49/evm.utg479.64/evm.utg505.42/evm.utg526.16/evm.utg526.19/evm.utg564.25/evm.utg564.44/evm.utg564.47/evm.utg798.18/evm.utg801.23/evm.utg857.16/evm.utg857.24/evm.utg989.15/evm.utg1051.49/evm.utg1056.123/evm.utg1396.19/evm.utg1565.65/evm.utg1623.8/evm.utg1721.60/utg1910.equina_smart_534762.mrna1/evm.utg1962.1/evm.utg2129.44/evm.utg2216.22/evm.utg2216.29/evm.utg2801.42/evm.utg2929.4/evm.utg3092.47/evm.utg3260.1/evm.utg3283.23/evm.utg3834.24/evm.utg3839.101/evm.utg3839.103/evm.utg4082.36/evm.utg4082.37/evm.utg7066.7/evm.utg7289.31/evm.utg7595.8/evm.utg8494.50/evm.utg10628.11/evm.utg11096.5/evm.utg14703.12/evm.utg15210.4/evm.utg15506.3/evm.utg25862.7/evm.utg44416.1","evm.utg857.24",-2.10531387281715,"ORA"
"296","salinity_added","molecular_functions","DNA-binding transcription factor activity","GO:0000981","DNA-binding transcription factor activity, RNA polymerase II-specific",0.0101688022608595,"evm.utg86.58/evm.utg92.89/evm.utg92.154.157/evm.utg109.23/evm.utg109.42/evm.utg116.210/evm.utg194.31/evm.utg194.35/evm.utg207.61/evm.utg207.64/evm.utg207.80/evm.utg214.63/evm.utg219.28/evm.utg256.12/evm.utg377.28/evm.utg377.30/evm.utg401.67/evm.utg411.41/evm.utg464.224/evm.utg470.38/evm.utg470.49/evm.utg479.64/evm.utg505.42/evm.utg526.16/evm.utg526.19/evm.utg564.25/evm.utg564.44/evm.utg564.47/evm.utg798.18/evm.utg801.23/evm.utg857.16/evm.utg857.24/evm.utg989.15/evm.utg1051.49/evm.utg1056.123/evm.utg1396.19/evm.utg1565.65/evm.utg1623.8/evm.utg1721.60/utg1910.equina_smart_534762.mrna1/evm.utg1962.1/evm.utg2129.44/evm.utg2216.22/evm.utg2216.29/evm.utg2801.42/evm.utg2929.4/evm.utg3092.47/evm.utg3260.1/evm.utg3283.23/evm.utg3834.24/evm.utg3839.101/evm.utg3839.103/evm.utg4082.36/evm.utg4082.37/evm.utg7066.7/evm.utg7289.31/evm.utg7595.8/evm.utg8494.50/evm.utg10628.11/evm.utg11096.5/evm.utg14703.12/evm.utg15210.4/evm.utg15506.3/evm.utg25862.7/evm.utg44416.1","evm.utg989.15",-1.67530721874245,"ORA"
"297","salinity_added","molecular_functions","DNA-binding transcription factor activity","GO:0000981","DNA-binding transcription factor activity, RNA polymerase II-specific",0.0101688022608595,"evm.utg86.58/evm.utg92.89/evm.utg92.154.157/evm.utg109.23/evm.utg109.42/evm.utg116.210/evm.utg194.31/evm.utg194.35/evm.utg207.61/evm.utg207.64/evm.utg207.80/evm.utg214.63/evm.utg219.28/evm.utg256.12/evm.utg377.28/evm.utg377.30/evm.utg401.67/evm.utg411.41/evm.utg464.224/evm.utg470.38/evm.utg470.49/evm.utg479.64/evm.utg505.42/evm.utg526.16/evm.utg526.19/evm.utg564.25/evm.utg564.44/evm.utg564.47/evm.utg798.18/evm.utg801.23/evm.utg857.16/evm.utg857.24/evm.utg989.15/evm.utg1051.49/evm.utg1056.123/evm.utg1396.19/evm.utg1565.65/evm.utg1623.8/evm.utg1721.60/utg1910.equina_smart_534762.mrna1/evm.utg1962.1/evm.utg2129.44/evm.utg2216.22/evm.utg2216.29/evm.utg2801.42/evm.utg2929.4/evm.utg3092.47/evm.utg3260.1/evm.utg3283.23/evm.utg3834.24/evm.utg3839.101/evm.utg3839.103/evm.utg4082.36/evm.utg4082.37/evm.utg7066.7/evm.utg7289.31/evm.utg7595.8/evm.utg8494.50/evm.utg10628.11/evm.utg11096.5/evm.utg14703.12/evm.utg15210.4/evm.utg15506.3/evm.utg25862.7/evm.utg44416.1","evm.utg1051.49",1.24987716280017,"ORA"
"298","salinity_added","molecular_functions","DNA-binding transcription factor activity","GO:0000981","DNA-binding transcription factor activity, RNA polymerase II-specific",0.0101688022608595,"evm.utg86.58/evm.utg92.89/evm.utg92.154.157/evm.utg109.23/evm.utg109.42/evm.utg116.210/evm.utg194.31/evm.utg194.35/evm.utg207.61/evm.utg207.64/evm.utg207.80/evm.utg214.63/evm.utg219.28/evm.utg256.12/evm.utg377.28/evm.utg377.30/evm.utg401.67/evm.utg411.41/evm.utg464.224/evm.utg470.38/evm.utg470.49/evm.utg479.64/evm.utg505.42/evm.utg526.16/evm.utg526.19/evm.utg564.25/evm.utg564.44/evm.utg564.47/evm.utg798.18/evm.utg801.23/evm.utg857.16/evm.utg857.24/evm.utg989.15/evm.utg1051.49/evm.utg1056.123/evm.utg1396.19/evm.utg1565.65/evm.utg1623.8/evm.utg1721.60/utg1910.equina_smart_534762.mrna1/evm.utg1962.1/evm.utg2129.44/evm.utg2216.22/evm.utg2216.29/evm.utg2801.42/evm.utg2929.4/evm.utg3092.47/evm.utg3260.1/evm.utg3283.23/evm.utg3834.24/evm.utg3839.101/evm.utg3839.103/evm.utg4082.36/evm.utg4082.37/evm.utg7066.7/evm.utg7289.31/evm.utg7595.8/evm.utg8494.50/evm.utg10628.11/evm.utg11096.5/evm.utg14703.12/evm.utg15210.4/evm.utg15506.3/evm.utg25862.7/evm.utg44416.1","evm.utg1056.123",-0.953033731754032,"ORA"
"299","salinity_added","molecular_functions","DNA-binding transcription factor activity","GO:0000981","DNA-binding transcription factor activity, RNA polymerase II-specific",0.0101688022608595,"evm.utg86.58/evm.utg92.89/evm.utg92.154.157/evm.utg109.23/evm.utg109.42/evm.utg116.210/evm.utg194.31/evm.utg194.35/evm.utg207.61/evm.utg207.64/evm.utg207.80/evm.utg214.63/evm.utg219.28/evm.utg256.12/evm.utg377.28/evm.utg377.30/evm.utg401.67/evm.utg411.41/evm.utg464.224/evm.utg470.38/evm.utg470.49/evm.utg479.64/evm.utg505.42/evm.utg526.16/evm.utg526.19/evm.utg564.25/evm.utg564.44/evm.utg564.47/evm.utg798.18/evm.utg801.23/evm.utg857.16/evm.utg857.24/evm.utg989.15/evm.utg1051.49/evm.utg1056.123/evm.utg1396.19/evm.utg1565.65/evm.utg1623.8/evm.utg1721.60/utg1910.equina_smart_534762.mrna1/evm.utg1962.1/evm.utg2129.44/evm.utg2216.22/evm.utg2216.29/evm.utg2801.42/evm.utg2929.4/evm.utg3092.47/evm.utg3260.1/evm.utg3283.23/evm.utg3834.24/evm.utg3839.101/evm.utg3839.103/evm.utg4082.36/evm.utg4082.37/evm.utg7066.7/evm.utg7289.31/evm.utg7595.8/evm.utg8494.50/evm.utg10628.11/evm.utg11096.5/evm.utg14703.12/evm.utg15210.4/evm.utg15506.3/evm.utg25862.7/evm.utg44416.1","evm.utg1396.19",-2.05088915303801,"ORA"
"300","salinity_added","molecular_functions","DNA-binding transcription factor activity","GO:0000981","DNA-binding transcription factor activity, RNA polymerase II-specific",0.0101688022608595,"evm.utg86.58/evm.utg92.89/evm.utg92.154.157/evm.utg109.23/evm.utg109.42/evm.utg116.210/evm.utg194.31/evm.utg194.35/evm.utg207.61/evm.utg207.64/evm.utg207.80/evm.utg214.63/evm.utg219.28/evm.utg256.12/evm.utg377.28/evm.utg377.30/evm.utg401.67/evm.utg411.41/evm.utg464.224/evm.utg470.38/evm.utg470.49/evm.utg479.64/evm.utg505.42/evm.utg526.16/evm.utg526.19/evm.utg564.25/evm.utg564.44/evm.utg564.47/evm.utg798.18/evm.utg801.23/evm.utg857.16/evm.utg857.24/evm.utg989.15/evm.utg1051.49/evm.utg1056.123/evm.utg1396.19/evm.utg1565.65/evm.utg1623.8/evm.utg1721.60/utg1910.equina_smart_534762.mrna1/evm.utg1962.1/evm.utg2129.44/evm.utg2216.22/evm.utg2216.29/evm.utg2801.42/evm.utg2929.4/evm.utg3092.47/evm.utg3260.1/evm.utg3283.23/evm.utg3834.24/evm.utg3839.101/evm.utg3839.103/evm.utg4082.36/evm.utg4082.37/evm.utg7066.7/evm.utg7289.31/evm.utg7595.8/evm.utg8494.50/evm.utg10628.11/evm.utg11096.5/evm.utg14703.12/evm.utg15210.4/evm.utg15506.3/evm.utg25862.7/evm.utg44416.1","evm.utg1565.65",-1.07072276252556,"ORA"
"301","salinity_added","molecular_functions","DNA-binding transcription factor activity","GO:0000981","DNA-binding transcription factor activity, RNA polymerase II-specific",0.0101688022608595,"evm.utg86.58/evm.utg92.89/evm.utg92.154.157/evm.utg109.23/evm.utg109.42/evm.utg116.210/evm.utg194.31/evm.utg194.35/evm.utg207.61/evm.utg207.64/evm.utg207.80/evm.utg214.63/evm.utg219.28/evm.utg256.12/evm.utg377.28/evm.utg377.30/evm.utg401.67/evm.utg411.41/evm.utg464.224/evm.utg470.38/evm.utg470.49/evm.utg479.64/evm.utg505.42/evm.utg526.16/evm.utg526.19/evm.utg564.25/evm.utg564.44/evm.utg564.47/evm.utg798.18/evm.utg801.23/evm.utg857.16/evm.utg857.24/evm.utg989.15/evm.utg1051.49/evm.utg1056.123/evm.utg1396.19/evm.utg1565.65/evm.utg1623.8/evm.utg1721.60/utg1910.equina_smart_534762.mrna1/evm.utg1962.1/evm.utg2129.44/evm.utg2216.22/evm.utg2216.29/evm.utg2801.42/evm.utg2929.4/evm.utg3092.47/evm.utg3260.1/evm.utg3283.23/evm.utg3834.24/evm.utg3839.101/evm.utg3839.103/evm.utg4082.36/evm.utg4082.37/evm.utg7066.7/evm.utg7289.31/evm.utg7595.8/evm.utg8494.50/evm.utg10628.11/evm.utg11096.5/evm.utg14703.12/evm.utg15210.4/evm.utg15506.3/evm.utg25862.7/evm.utg44416.1","evm.utg1623.8",1.31620831659163,"ORA"
"302","salinity_added","molecular_functions","DNA-binding transcription factor activity","GO:0000981","DNA-binding transcription factor activity, RNA polymerase II-specific",0.0101688022608595,"evm.utg86.58/evm.utg92.89/evm.utg92.154.157/evm.utg109.23/evm.utg109.42/evm.utg116.210/evm.utg194.31/evm.utg194.35/evm.utg207.61/evm.utg207.64/evm.utg207.80/evm.utg214.63/evm.utg219.28/evm.utg256.12/evm.utg377.28/evm.utg377.30/evm.utg401.67/evm.utg411.41/evm.utg464.224/evm.utg470.38/evm.utg470.49/evm.utg479.64/evm.utg505.42/evm.utg526.16/evm.utg526.19/evm.utg564.25/evm.utg564.44/evm.utg564.47/evm.utg798.18/evm.utg801.23/evm.utg857.16/evm.utg857.24/evm.utg989.15/evm.utg1051.49/evm.utg1056.123/evm.utg1396.19/evm.utg1565.65/evm.utg1623.8/evm.utg1721.60/utg1910.equina_smart_534762.mrna1/evm.utg1962.1/evm.utg2129.44/evm.utg2216.22/evm.utg2216.29/evm.utg2801.42/evm.utg2929.4/evm.utg3092.47/evm.utg3260.1/evm.utg3283.23/evm.utg3834.24/evm.utg3839.101/evm.utg3839.103/evm.utg4082.36/evm.utg4082.37/evm.utg7066.7/evm.utg7289.31/evm.utg7595.8/evm.utg8494.50/evm.utg10628.11/evm.utg11096.5/evm.utg14703.12/evm.utg15210.4/evm.utg15506.3/evm.utg25862.7/evm.utg44416.1","evm.utg1721.60",-1.519207721746,"ORA"
"303","salinity_added","molecular_functions","DNA-binding transcription factor activity","GO:0000981","DNA-binding transcription factor activity, RNA polymerase II-specific",0.0101688022608595,"evm.utg86.58/evm.utg92.89/evm.utg92.154.157/evm.utg109.23/evm.utg109.42/evm.utg116.210/evm.utg194.31/evm.utg194.35/evm.utg207.61/evm.utg207.64/evm.utg207.80/evm.utg214.63/evm.utg219.28/evm.utg256.12/evm.utg377.28/evm.utg377.30/evm.utg401.67/evm.utg411.41/evm.utg464.224/evm.utg470.38/evm.utg470.49/evm.utg479.64/evm.utg505.42/evm.utg526.16/evm.utg526.19/evm.utg564.25/evm.utg564.44/evm.utg564.47/evm.utg798.18/evm.utg801.23/evm.utg857.16/evm.utg857.24/evm.utg989.15/evm.utg1051.49/evm.utg1056.123/evm.utg1396.19/evm.utg1565.65/evm.utg1623.8/evm.utg1721.60/utg1910.equina_smart_534762.mrna1/evm.utg1962.1/evm.utg2129.44/evm.utg2216.22/evm.utg2216.29/evm.utg2801.42/evm.utg2929.4/evm.utg3092.47/evm.utg3260.1/evm.utg3283.23/evm.utg3834.24/evm.utg3839.101/evm.utg3839.103/evm.utg4082.36/evm.utg4082.37/evm.utg7066.7/evm.utg7289.31/evm.utg7595.8/evm.utg8494.50/evm.utg10628.11/evm.utg11096.5/evm.utg14703.12/evm.utg15210.4/evm.utg15506.3/evm.utg25862.7/evm.utg44416.1","utg1910.equina_smart_534762.mrna1",-1.420224554186,"ORA"
"304","salinity_added","molecular_functions","DNA-binding transcription factor activity","GO:0000981","DNA-binding transcription factor activity, RNA polymerase II-specific",0.0101688022608595,"evm.utg86.58/evm.utg92.89/evm.utg92.154.157/evm.utg109.23/evm.utg109.42/evm.utg116.210/evm.utg194.31/evm.utg194.35/evm.utg207.61/evm.utg207.64/evm.utg207.80/evm.utg214.63/evm.utg219.28/evm.utg256.12/evm.utg377.28/evm.utg377.30/evm.utg401.67/evm.utg411.41/evm.utg464.224/evm.utg470.38/evm.utg470.49/evm.utg479.64/evm.utg505.42/evm.utg526.16/evm.utg526.19/evm.utg564.25/evm.utg564.44/evm.utg564.47/evm.utg798.18/evm.utg801.23/evm.utg857.16/evm.utg857.24/evm.utg989.15/evm.utg1051.49/evm.utg1056.123/evm.utg1396.19/evm.utg1565.65/evm.utg1623.8/evm.utg1721.60/utg1910.equina_smart_534762.mrna1/evm.utg1962.1/evm.utg2129.44/evm.utg2216.22/evm.utg2216.29/evm.utg2801.42/evm.utg2929.4/evm.utg3092.47/evm.utg3260.1/evm.utg3283.23/evm.utg3834.24/evm.utg3839.101/evm.utg3839.103/evm.utg4082.36/evm.utg4082.37/evm.utg7066.7/evm.utg7289.31/evm.utg7595.8/evm.utg8494.50/evm.utg10628.11/evm.utg11096.5/evm.utg14703.12/evm.utg15210.4/evm.utg15506.3/evm.utg25862.7/evm.utg44416.1","evm.utg1962.1",-0.72064953922926,"ORA"
"305","salinity_added","molecular_functions","DNA-binding transcription factor activity","GO:0000981","DNA-binding transcription factor activity, RNA polymerase II-specific",0.0101688022608595,"evm.utg86.58/evm.utg92.89/evm.utg92.154.157/evm.utg109.23/evm.utg109.42/evm.utg116.210/evm.utg194.31/evm.utg194.35/evm.utg207.61/evm.utg207.64/evm.utg207.80/evm.utg214.63/evm.utg219.28/evm.utg256.12/evm.utg377.28/evm.utg377.30/evm.utg401.67/evm.utg411.41/evm.utg464.224/evm.utg470.38/evm.utg470.49/evm.utg479.64/evm.utg505.42/evm.utg526.16/evm.utg526.19/evm.utg564.25/evm.utg564.44/evm.utg564.47/evm.utg798.18/evm.utg801.23/evm.utg857.16/evm.utg857.24/evm.utg989.15/evm.utg1051.49/evm.utg1056.123/evm.utg1396.19/evm.utg1565.65/evm.utg1623.8/evm.utg1721.60/utg1910.equina_smart_534762.mrna1/evm.utg1962.1/evm.utg2129.44/evm.utg2216.22/evm.utg2216.29/evm.utg2801.42/evm.utg2929.4/evm.utg3092.47/evm.utg3260.1/evm.utg3283.23/evm.utg3834.24/evm.utg3839.101/evm.utg3839.103/evm.utg4082.36/evm.utg4082.37/evm.utg7066.7/evm.utg7289.31/evm.utg7595.8/evm.utg8494.50/evm.utg10628.11/evm.utg11096.5/evm.utg14703.12/evm.utg15210.4/evm.utg15506.3/evm.utg25862.7/evm.utg44416.1","evm.utg2129.44",5.76860525428459,"ORA"
"306","salinity_added","molecular_functions","DNA-binding transcription factor activity","GO:0000981","DNA-binding transcription factor activity, RNA polymerase II-specific",0.0101688022608595,"evm.utg86.58/evm.utg92.89/evm.utg92.154.157/evm.utg109.23/evm.utg109.42/evm.utg116.210/evm.utg194.31/evm.utg194.35/evm.utg207.61/evm.utg207.64/evm.utg207.80/evm.utg214.63/evm.utg219.28/evm.utg256.12/evm.utg377.28/evm.utg377.30/evm.utg401.67/evm.utg411.41/evm.utg464.224/evm.utg470.38/evm.utg470.49/evm.utg479.64/evm.utg505.42/evm.utg526.16/evm.utg526.19/evm.utg564.25/evm.utg564.44/evm.utg564.47/evm.utg798.18/evm.utg801.23/evm.utg857.16/evm.utg857.24/evm.utg989.15/evm.utg1051.49/evm.utg1056.123/evm.utg1396.19/evm.utg1565.65/evm.utg1623.8/evm.utg1721.60/utg1910.equina_smart_534762.mrna1/evm.utg1962.1/evm.utg2129.44/evm.utg2216.22/evm.utg2216.29/evm.utg2801.42/evm.utg2929.4/evm.utg3092.47/evm.utg3260.1/evm.utg3283.23/evm.utg3834.24/evm.utg3839.101/evm.utg3839.103/evm.utg4082.36/evm.utg4082.37/evm.utg7066.7/evm.utg7289.31/evm.utg7595.8/evm.utg8494.50/evm.utg10628.11/evm.utg11096.5/evm.utg14703.12/evm.utg15210.4/evm.utg15506.3/evm.utg25862.7/evm.utg44416.1","evm.utg2216.22",-2.48180971132199,"ORA"
"307","salinity_added","molecular_functions","DNA-binding transcription factor activity","GO:0000981","DNA-binding transcription factor activity, RNA polymerase II-specific",0.0101688022608595,"evm.utg86.58/evm.utg92.89/evm.utg92.154.157/evm.utg109.23/evm.utg109.42/evm.utg116.210/evm.utg194.31/evm.utg194.35/evm.utg207.61/evm.utg207.64/evm.utg207.80/evm.utg214.63/evm.utg219.28/evm.utg256.12/evm.utg377.28/evm.utg377.30/evm.utg401.67/evm.utg411.41/evm.utg464.224/evm.utg470.38/evm.utg470.49/evm.utg479.64/evm.utg505.42/evm.utg526.16/evm.utg526.19/evm.utg564.25/evm.utg564.44/evm.utg564.47/evm.utg798.18/evm.utg801.23/evm.utg857.16/evm.utg857.24/evm.utg989.15/evm.utg1051.49/evm.utg1056.123/evm.utg1396.19/evm.utg1565.65/evm.utg1623.8/evm.utg1721.60/utg1910.equina_smart_534762.mrna1/evm.utg1962.1/evm.utg2129.44/evm.utg2216.22/evm.utg2216.29/evm.utg2801.42/evm.utg2929.4/evm.utg3092.47/evm.utg3260.1/evm.utg3283.23/evm.utg3834.24/evm.utg3839.101/evm.utg3839.103/evm.utg4082.36/evm.utg4082.37/evm.utg7066.7/evm.utg7289.31/evm.utg7595.8/evm.utg8494.50/evm.utg10628.11/evm.utg11096.5/evm.utg14703.12/evm.utg15210.4/evm.utg15506.3/evm.utg25862.7/evm.utg44416.1","evm.utg2216.29",1.05822656854928,"ORA"
"308","salinity_added","molecular_functions","DNA-binding transcription factor activity","GO:0000981","DNA-binding transcription factor activity, RNA polymerase II-specific",0.0101688022608595,"evm.utg86.58/evm.utg92.89/evm.utg92.154.157/evm.utg109.23/evm.utg109.42/evm.utg116.210/evm.utg194.31/evm.utg194.35/evm.utg207.61/evm.utg207.64/evm.utg207.80/evm.utg214.63/evm.utg219.28/evm.utg256.12/evm.utg377.28/evm.utg377.30/evm.utg401.67/evm.utg411.41/evm.utg464.224/evm.utg470.38/evm.utg470.49/evm.utg479.64/evm.utg505.42/evm.utg526.16/evm.utg526.19/evm.utg564.25/evm.utg564.44/evm.utg564.47/evm.utg798.18/evm.utg801.23/evm.utg857.16/evm.utg857.24/evm.utg989.15/evm.utg1051.49/evm.utg1056.123/evm.utg1396.19/evm.utg1565.65/evm.utg1623.8/evm.utg1721.60/utg1910.equina_smart_534762.mrna1/evm.utg1962.1/evm.utg2129.44/evm.utg2216.22/evm.utg2216.29/evm.utg2801.42/evm.utg2929.4/evm.utg3092.47/evm.utg3260.1/evm.utg3283.23/evm.utg3834.24/evm.utg3839.101/evm.utg3839.103/evm.utg4082.36/evm.utg4082.37/evm.utg7066.7/evm.utg7289.31/evm.utg7595.8/evm.utg8494.50/evm.utg10628.11/evm.utg11096.5/evm.utg14703.12/evm.utg15210.4/evm.utg15506.3/evm.utg25862.7/evm.utg44416.1","evm.utg2801.42",1.99448932937331,"ORA"
"309","salinity_added","molecular_functions","DNA-binding transcription factor activity","GO:0000981","DNA-binding transcription factor activity, RNA polymerase II-specific",0.0101688022608595,"evm.utg86.58/evm.utg92.89/evm.utg92.154.157/evm.utg109.23/evm.utg109.42/evm.utg116.210/evm.utg194.31/evm.utg194.35/evm.utg207.61/evm.utg207.64/evm.utg207.80/evm.utg214.63/evm.utg219.28/evm.utg256.12/evm.utg377.28/evm.utg377.30/evm.utg401.67/evm.utg411.41/evm.utg464.224/evm.utg470.38/evm.utg470.49/evm.utg479.64/evm.utg505.42/evm.utg526.16/evm.utg526.19/evm.utg564.25/evm.utg564.44/evm.utg564.47/evm.utg798.18/evm.utg801.23/evm.utg857.16/evm.utg857.24/evm.utg989.15/evm.utg1051.49/evm.utg1056.123/evm.utg1396.19/evm.utg1565.65/evm.utg1623.8/evm.utg1721.60/utg1910.equina_smart_534762.mrna1/evm.utg1962.1/evm.utg2129.44/evm.utg2216.22/evm.utg2216.29/evm.utg2801.42/evm.utg2929.4/evm.utg3092.47/evm.utg3260.1/evm.utg3283.23/evm.utg3834.24/evm.utg3839.101/evm.utg3839.103/evm.utg4082.36/evm.utg4082.37/evm.utg7066.7/evm.utg7289.31/evm.utg7595.8/evm.utg8494.50/evm.utg10628.11/evm.utg11096.5/evm.utg14703.12/evm.utg15210.4/evm.utg15506.3/evm.utg25862.7/evm.utg44416.1","evm.utg2929.4",-0.847107493786312,"ORA"
"310","salinity_added","molecular_functions","DNA-binding transcription factor activity","GO:0000981","DNA-binding transcription factor activity, RNA polymerase II-specific",0.0101688022608595,"evm.utg86.58/evm.utg92.89/evm.utg92.154.157/evm.utg109.23/evm.utg109.42/evm.utg116.210/evm.utg194.31/evm.utg194.35/evm.utg207.61/evm.utg207.64/evm.utg207.80/evm.utg214.63/evm.utg219.28/evm.utg256.12/evm.utg377.28/evm.utg377.30/evm.utg401.67/evm.utg411.41/evm.utg464.224/evm.utg470.38/evm.utg470.49/evm.utg479.64/evm.utg505.42/evm.utg526.16/evm.utg526.19/evm.utg564.25/evm.utg564.44/evm.utg564.47/evm.utg798.18/evm.utg801.23/evm.utg857.16/evm.utg857.24/evm.utg989.15/evm.utg1051.49/evm.utg1056.123/evm.utg1396.19/evm.utg1565.65/evm.utg1623.8/evm.utg1721.60/utg1910.equina_smart_534762.mrna1/evm.utg1962.1/evm.utg2129.44/evm.utg2216.22/evm.utg2216.29/evm.utg2801.42/evm.utg2929.4/evm.utg3092.47/evm.utg3260.1/evm.utg3283.23/evm.utg3834.24/evm.utg3839.101/evm.utg3839.103/evm.utg4082.36/evm.utg4082.37/evm.utg7066.7/evm.utg7289.31/evm.utg7595.8/evm.utg8494.50/evm.utg10628.11/evm.utg11096.5/evm.utg14703.12/evm.utg15210.4/evm.utg15506.3/evm.utg25862.7/evm.utg44416.1","evm.utg3092.47",1.18654158585776,"ORA"
"311","salinity_added","molecular_functions","DNA-binding transcription factor activity","GO:0000981","DNA-binding transcription factor activity, RNA polymerase II-specific",0.0101688022608595,"evm.utg86.58/evm.utg92.89/evm.utg92.154.157/evm.utg109.23/evm.utg109.42/evm.utg116.210/evm.utg194.31/evm.utg194.35/evm.utg207.61/evm.utg207.64/evm.utg207.80/evm.utg214.63/evm.utg219.28/evm.utg256.12/evm.utg377.28/evm.utg377.30/evm.utg401.67/evm.utg411.41/evm.utg464.224/evm.utg470.38/evm.utg470.49/evm.utg479.64/evm.utg505.42/evm.utg526.16/evm.utg526.19/evm.utg564.25/evm.utg564.44/evm.utg564.47/evm.utg798.18/evm.utg801.23/evm.utg857.16/evm.utg857.24/evm.utg989.15/evm.utg1051.49/evm.utg1056.123/evm.utg1396.19/evm.utg1565.65/evm.utg1623.8/evm.utg1721.60/utg1910.equina_smart_534762.mrna1/evm.utg1962.1/evm.utg2129.44/evm.utg2216.22/evm.utg2216.29/evm.utg2801.42/evm.utg2929.4/evm.utg3092.47/evm.utg3260.1/evm.utg3283.23/evm.utg3834.24/evm.utg3839.101/evm.utg3839.103/evm.utg4082.36/evm.utg4082.37/evm.utg7066.7/evm.utg7289.31/evm.utg7595.8/evm.utg8494.50/evm.utg10628.11/evm.utg11096.5/evm.utg14703.12/evm.utg15210.4/evm.utg15506.3/evm.utg25862.7/evm.utg44416.1","evm.utg3260.1",-2.5025972637258,"ORA"
"312","salinity_added","molecular_functions","DNA-binding transcription factor activity","GO:0000981","DNA-binding transcription factor activity, RNA polymerase II-specific",0.0101688022608595,"evm.utg86.58/evm.utg92.89/evm.utg92.154.157/evm.utg109.23/evm.utg109.42/evm.utg116.210/evm.utg194.31/evm.utg194.35/evm.utg207.61/evm.utg207.64/evm.utg207.80/evm.utg214.63/evm.utg219.28/evm.utg256.12/evm.utg377.28/evm.utg377.30/evm.utg401.67/evm.utg411.41/evm.utg464.224/evm.utg470.38/evm.utg470.49/evm.utg479.64/evm.utg505.42/evm.utg526.16/evm.utg526.19/evm.utg564.25/evm.utg564.44/evm.utg564.47/evm.utg798.18/evm.utg801.23/evm.utg857.16/evm.utg857.24/evm.utg989.15/evm.utg1051.49/evm.utg1056.123/evm.utg1396.19/evm.utg1565.65/evm.utg1623.8/evm.utg1721.60/utg1910.equina_smart_534762.mrna1/evm.utg1962.1/evm.utg2129.44/evm.utg2216.22/evm.utg2216.29/evm.utg2801.42/evm.utg2929.4/evm.utg3092.47/evm.utg3260.1/evm.utg3283.23/evm.utg3834.24/evm.utg3839.101/evm.utg3839.103/evm.utg4082.36/evm.utg4082.37/evm.utg7066.7/evm.utg7289.31/evm.utg7595.8/evm.utg8494.50/evm.utg10628.11/evm.utg11096.5/evm.utg14703.12/evm.utg15210.4/evm.utg15506.3/evm.utg25862.7/evm.utg44416.1","evm.utg3283.23",-1.47640073393879,"ORA"
"313","salinity_added","molecular_functions","DNA-binding transcription factor activity","GO:0000981","DNA-binding transcription factor activity, RNA polymerase II-specific",0.0101688022608595,"evm.utg86.58/evm.utg92.89/evm.utg92.154.157/evm.utg109.23/evm.utg109.42/evm.utg116.210/evm.utg194.31/evm.utg194.35/evm.utg207.61/evm.utg207.64/evm.utg207.80/evm.utg214.63/evm.utg219.28/evm.utg256.12/evm.utg377.28/evm.utg377.30/evm.utg401.67/evm.utg411.41/evm.utg464.224/evm.utg470.38/evm.utg470.49/evm.utg479.64/evm.utg505.42/evm.utg526.16/evm.utg526.19/evm.utg564.25/evm.utg564.44/evm.utg564.47/evm.utg798.18/evm.utg801.23/evm.utg857.16/evm.utg857.24/evm.utg989.15/evm.utg1051.49/evm.utg1056.123/evm.utg1396.19/evm.utg1565.65/evm.utg1623.8/evm.utg1721.60/utg1910.equina_smart_534762.mrna1/evm.utg1962.1/evm.utg2129.44/evm.utg2216.22/evm.utg2216.29/evm.utg2801.42/evm.utg2929.4/evm.utg3092.47/evm.utg3260.1/evm.utg3283.23/evm.utg3834.24/evm.utg3839.101/evm.utg3839.103/evm.utg4082.36/evm.utg4082.37/evm.utg7066.7/evm.utg7289.31/evm.utg7595.8/evm.utg8494.50/evm.utg10628.11/evm.utg11096.5/evm.utg14703.12/evm.utg15210.4/evm.utg15506.3/evm.utg25862.7/evm.utg44416.1","evm.utg3834.24",-1.02883455021667,"ORA"
"314","salinity_added","molecular_functions","DNA-binding transcription factor activity","GO:0000981","DNA-binding transcription factor activity, RNA polymerase II-specific",0.0101688022608595,"evm.utg86.58/evm.utg92.89/evm.utg92.154.157/evm.utg109.23/evm.utg109.42/evm.utg116.210/evm.utg194.31/evm.utg194.35/evm.utg207.61/evm.utg207.64/evm.utg207.80/evm.utg214.63/evm.utg219.28/evm.utg256.12/evm.utg377.28/evm.utg377.30/evm.utg401.67/evm.utg411.41/evm.utg464.224/evm.utg470.38/evm.utg470.49/evm.utg479.64/evm.utg505.42/evm.utg526.16/evm.utg526.19/evm.utg564.25/evm.utg564.44/evm.utg564.47/evm.utg798.18/evm.utg801.23/evm.utg857.16/evm.utg857.24/evm.utg989.15/evm.utg1051.49/evm.utg1056.123/evm.utg1396.19/evm.utg1565.65/evm.utg1623.8/evm.utg1721.60/utg1910.equina_smart_534762.mrna1/evm.utg1962.1/evm.utg2129.44/evm.utg2216.22/evm.utg2216.29/evm.utg2801.42/evm.utg2929.4/evm.utg3092.47/evm.utg3260.1/evm.utg3283.23/evm.utg3834.24/evm.utg3839.101/evm.utg3839.103/evm.utg4082.36/evm.utg4082.37/evm.utg7066.7/evm.utg7289.31/evm.utg7595.8/evm.utg8494.50/evm.utg10628.11/evm.utg11096.5/evm.utg14703.12/evm.utg15210.4/evm.utg15506.3/evm.utg25862.7/evm.utg44416.1","evm.utg3839.101",-1.51636845453875,"ORA"
"315","salinity_added","molecular_functions","DNA-binding transcription factor activity","GO:0000981","DNA-binding transcription factor activity, RNA polymerase II-specific",0.0101688022608595,"evm.utg86.58/evm.utg92.89/evm.utg92.154.157/evm.utg109.23/evm.utg109.42/evm.utg116.210/evm.utg194.31/evm.utg194.35/evm.utg207.61/evm.utg207.64/evm.utg207.80/evm.utg214.63/evm.utg219.28/evm.utg256.12/evm.utg377.28/evm.utg377.30/evm.utg401.67/evm.utg411.41/evm.utg464.224/evm.utg470.38/evm.utg470.49/evm.utg479.64/evm.utg505.42/evm.utg526.16/evm.utg526.19/evm.utg564.25/evm.utg564.44/evm.utg564.47/evm.utg798.18/evm.utg801.23/evm.utg857.16/evm.utg857.24/evm.utg989.15/evm.utg1051.49/evm.utg1056.123/evm.utg1396.19/evm.utg1565.65/evm.utg1623.8/evm.utg1721.60/utg1910.equina_smart_534762.mrna1/evm.utg1962.1/evm.utg2129.44/evm.utg2216.22/evm.utg2216.29/evm.utg2801.42/evm.utg2929.4/evm.utg3092.47/evm.utg3260.1/evm.utg3283.23/evm.utg3834.24/evm.utg3839.101/evm.utg3839.103/evm.utg4082.36/evm.utg4082.37/evm.utg7066.7/evm.utg7289.31/evm.utg7595.8/evm.utg8494.50/evm.utg10628.11/evm.utg11096.5/evm.utg14703.12/evm.utg15210.4/evm.utg15506.3/evm.utg25862.7/evm.utg44416.1","evm.utg3839.103",-2.4279530616046,"ORA"
"316","salinity_added","molecular_functions","DNA-binding transcription factor activity","GO:0000981","DNA-binding transcription factor activity, RNA polymerase II-specific",0.0101688022608595,"evm.utg86.58/evm.utg92.89/evm.utg92.154.157/evm.utg109.23/evm.utg109.42/evm.utg116.210/evm.utg194.31/evm.utg194.35/evm.utg207.61/evm.utg207.64/evm.utg207.80/evm.utg214.63/evm.utg219.28/evm.utg256.12/evm.utg377.28/evm.utg377.30/evm.utg401.67/evm.utg411.41/evm.utg464.224/evm.utg470.38/evm.utg470.49/evm.utg479.64/evm.utg505.42/evm.utg526.16/evm.utg526.19/evm.utg564.25/evm.utg564.44/evm.utg564.47/evm.utg798.18/evm.utg801.23/evm.utg857.16/evm.utg857.24/evm.utg989.15/evm.utg1051.49/evm.utg1056.123/evm.utg1396.19/evm.utg1565.65/evm.utg1623.8/evm.utg1721.60/utg1910.equina_smart_534762.mrna1/evm.utg1962.1/evm.utg2129.44/evm.utg2216.22/evm.utg2216.29/evm.utg2801.42/evm.utg2929.4/evm.utg3092.47/evm.utg3260.1/evm.utg3283.23/evm.utg3834.24/evm.utg3839.101/evm.utg3839.103/evm.utg4082.36/evm.utg4082.37/evm.utg7066.7/evm.utg7289.31/evm.utg7595.8/evm.utg8494.50/evm.utg10628.11/evm.utg11096.5/evm.utg14703.12/evm.utg15210.4/evm.utg15506.3/evm.utg25862.7/evm.utg44416.1","evm.utg4082.36",-5.011135580092,"ORA"
"317","salinity_added","molecular_functions","DNA-binding transcription factor activity","GO:0000981","DNA-binding transcription factor activity, RNA polymerase II-specific",0.0101688022608595,"evm.utg86.58/evm.utg92.89/evm.utg92.154.157/evm.utg109.23/evm.utg109.42/evm.utg116.210/evm.utg194.31/evm.utg194.35/evm.utg207.61/evm.utg207.64/evm.utg207.80/evm.utg214.63/evm.utg219.28/evm.utg256.12/evm.utg377.28/evm.utg377.30/evm.utg401.67/evm.utg411.41/evm.utg464.224/evm.utg470.38/evm.utg470.49/evm.utg479.64/evm.utg505.42/evm.utg526.16/evm.utg526.19/evm.utg564.25/evm.utg564.44/evm.utg564.47/evm.utg798.18/evm.utg801.23/evm.utg857.16/evm.utg857.24/evm.utg989.15/evm.utg1051.49/evm.utg1056.123/evm.utg1396.19/evm.utg1565.65/evm.utg1623.8/evm.utg1721.60/utg1910.equina_smart_534762.mrna1/evm.utg1962.1/evm.utg2129.44/evm.utg2216.22/evm.utg2216.29/evm.utg2801.42/evm.utg2929.4/evm.utg3092.47/evm.utg3260.1/evm.utg3283.23/evm.utg3834.24/evm.utg3839.101/evm.utg3839.103/evm.utg4082.36/evm.utg4082.37/evm.utg7066.7/evm.utg7289.31/evm.utg7595.8/evm.utg8494.50/evm.utg10628.11/evm.utg11096.5/evm.utg14703.12/evm.utg15210.4/evm.utg15506.3/evm.utg25862.7/evm.utg44416.1","evm.utg4082.37",-1.31936813512634,"ORA"
"318","salinity_added","molecular_functions","DNA-binding transcription factor activity","GO:0000981","DNA-binding transcription factor activity, RNA polymerase II-specific",0.0101688022608595,"evm.utg86.58/evm.utg92.89/evm.utg92.154.157/evm.utg109.23/evm.utg109.42/evm.utg116.210/evm.utg194.31/evm.utg194.35/evm.utg207.61/evm.utg207.64/evm.utg207.80/evm.utg214.63/evm.utg219.28/evm.utg256.12/evm.utg377.28/evm.utg377.30/evm.utg401.67/evm.utg411.41/evm.utg464.224/evm.utg470.38/evm.utg470.49/evm.utg479.64/evm.utg505.42/evm.utg526.16/evm.utg526.19/evm.utg564.25/evm.utg564.44/evm.utg564.47/evm.utg798.18/evm.utg801.23/evm.utg857.16/evm.utg857.24/evm.utg989.15/evm.utg1051.49/evm.utg1056.123/evm.utg1396.19/evm.utg1565.65/evm.utg1623.8/evm.utg1721.60/utg1910.equina_smart_534762.mrna1/evm.utg1962.1/evm.utg2129.44/evm.utg2216.22/evm.utg2216.29/evm.utg2801.42/evm.utg2929.4/evm.utg3092.47/evm.utg3260.1/evm.utg3283.23/evm.utg3834.24/evm.utg3839.101/evm.utg3839.103/evm.utg4082.36/evm.utg4082.37/evm.utg7066.7/evm.utg7289.31/evm.utg7595.8/evm.utg8494.50/evm.utg10628.11/evm.utg11096.5/evm.utg14703.12/evm.utg15210.4/evm.utg15506.3/evm.utg25862.7/evm.utg44416.1","evm.utg7066.7",0.953046859791647,"ORA"
"319","salinity_added","molecular_functions","DNA-binding transcription factor activity","GO:0000981","DNA-binding transcription factor activity, RNA polymerase II-specific",0.0101688022608595,"evm.utg86.58/evm.utg92.89/evm.utg92.154.157/evm.utg109.23/evm.utg109.42/evm.utg116.210/evm.utg194.31/evm.utg194.35/evm.utg207.61/evm.utg207.64/evm.utg207.80/evm.utg214.63/evm.utg219.28/evm.utg256.12/evm.utg377.28/evm.utg377.30/evm.utg401.67/evm.utg411.41/evm.utg464.224/evm.utg470.38/evm.utg470.49/evm.utg479.64/evm.utg505.42/evm.utg526.16/evm.utg526.19/evm.utg564.25/evm.utg564.44/evm.utg564.47/evm.utg798.18/evm.utg801.23/evm.utg857.16/evm.utg857.24/evm.utg989.15/evm.utg1051.49/evm.utg1056.123/evm.utg1396.19/evm.utg1565.65/evm.utg1623.8/evm.utg1721.60/utg1910.equina_smart_534762.mrna1/evm.utg1962.1/evm.utg2129.44/evm.utg2216.22/evm.utg2216.29/evm.utg2801.42/evm.utg2929.4/evm.utg3092.47/evm.utg3260.1/evm.utg3283.23/evm.utg3834.24/evm.utg3839.101/evm.utg3839.103/evm.utg4082.36/evm.utg4082.37/evm.utg7066.7/evm.utg7289.31/evm.utg7595.8/evm.utg8494.50/evm.utg10628.11/evm.utg11096.5/evm.utg14703.12/evm.utg15210.4/evm.utg15506.3/evm.utg25862.7/evm.utg44416.1","evm.utg7289.31",-1.88117924955843,"ORA"
"320","salinity_added","molecular_functions","DNA-binding transcription factor activity","GO:0000981","DNA-binding transcription factor activity, RNA polymerase II-specific",0.0101688022608595,"evm.utg86.58/evm.utg92.89/evm.utg92.154.157/evm.utg109.23/evm.utg109.42/evm.utg116.210/evm.utg194.31/evm.utg194.35/evm.utg207.61/evm.utg207.64/evm.utg207.80/evm.utg214.63/evm.utg219.28/evm.utg256.12/evm.utg377.28/evm.utg377.30/evm.utg401.67/evm.utg411.41/evm.utg464.224/evm.utg470.38/evm.utg470.49/evm.utg479.64/evm.utg505.42/evm.utg526.16/evm.utg526.19/evm.utg564.25/evm.utg564.44/evm.utg564.47/evm.utg798.18/evm.utg801.23/evm.utg857.16/evm.utg857.24/evm.utg989.15/evm.utg1051.49/evm.utg1056.123/evm.utg1396.19/evm.utg1565.65/evm.utg1623.8/evm.utg1721.60/utg1910.equina_smart_534762.mrna1/evm.utg1962.1/evm.utg2129.44/evm.utg2216.22/evm.utg2216.29/evm.utg2801.42/evm.utg2929.4/evm.utg3092.47/evm.utg3260.1/evm.utg3283.23/evm.utg3834.24/evm.utg3839.101/evm.utg3839.103/evm.utg4082.36/evm.utg4082.37/evm.utg7066.7/evm.utg7289.31/evm.utg7595.8/evm.utg8494.50/evm.utg10628.11/evm.utg11096.5/evm.utg14703.12/evm.utg15210.4/evm.utg15506.3/evm.utg25862.7/evm.utg44416.1","evm.utg7595.8",2.74462241704096,"ORA"
"321","salinity_added","molecular_functions","DNA-binding transcription factor activity","GO:0000981","DNA-binding transcription factor activity, RNA polymerase II-specific",0.0101688022608595,"evm.utg86.58/evm.utg92.89/evm.utg92.154.157/evm.utg109.23/evm.utg109.42/evm.utg116.210/evm.utg194.31/evm.utg194.35/evm.utg207.61/evm.utg207.64/evm.utg207.80/evm.utg214.63/evm.utg219.28/evm.utg256.12/evm.utg377.28/evm.utg377.30/evm.utg401.67/evm.utg411.41/evm.utg464.224/evm.utg470.38/evm.utg470.49/evm.utg479.64/evm.utg505.42/evm.utg526.16/evm.utg526.19/evm.utg564.25/evm.utg564.44/evm.utg564.47/evm.utg798.18/evm.utg801.23/evm.utg857.16/evm.utg857.24/evm.utg989.15/evm.utg1051.49/evm.utg1056.123/evm.utg1396.19/evm.utg1565.65/evm.utg1623.8/evm.utg1721.60/utg1910.equina_smart_534762.mrna1/evm.utg1962.1/evm.utg2129.44/evm.utg2216.22/evm.utg2216.29/evm.utg2801.42/evm.utg2929.4/evm.utg3092.47/evm.utg3260.1/evm.utg3283.23/evm.utg3834.24/evm.utg3839.101/evm.utg3839.103/evm.utg4082.36/evm.utg4082.37/evm.utg7066.7/evm.utg7289.31/evm.utg7595.8/evm.utg8494.50/evm.utg10628.11/evm.utg11096.5/evm.utg14703.12/evm.utg15210.4/evm.utg15506.3/evm.utg25862.7/evm.utg44416.1","evm.utg8494.50",1.74106838986515,"ORA"
"322","salinity_added","molecular_functions","DNA-binding transcription factor activity","GO:0000981","DNA-binding transcription factor activity, RNA polymerase II-specific",0.0101688022608595,"evm.utg86.58/evm.utg92.89/evm.utg92.154.157/evm.utg109.23/evm.utg109.42/evm.utg116.210/evm.utg194.31/evm.utg194.35/evm.utg207.61/evm.utg207.64/evm.utg207.80/evm.utg214.63/evm.utg219.28/evm.utg256.12/evm.utg377.28/evm.utg377.30/evm.utg401.67/evm.utg411.41/evm.utg464.224/evm.utg470.38/evm.utg470.49/evm.utg479.64/evm.utg505.42/evm.utg526.16/evm.utg526.19/evm.utg564.25/evm.utg564.44/evm.utg564.47/evm.utg798.18/evm.utg801.23/evm.utg857.16/evm.utg857.24/evm.utg989.15/evm.utg1051.49/evm.utg1056.123/evm.utg1396.19/evm.utg1565.65/evm.utg1623.8/evm.utg1721.60/utg1910.equina_smart_534762.mrna1/evm.utg1962.1/evm.utg2129.44/evm.utg2216.22/evm.utg2216.29/evm.utg2801.42/evm.utg2929.4/evm.utg3092.47/evm.utg3260.1/evm.utg3283.23/evm.utg3834.24/evm.utg3839.101/evm.utg3839.103/evm.utg4082.36/evm.utg4082.37/evm.utg7066.7/evm.utg7289.31/evm.utg7595.8/evm.utg8494.50/evm.utg10628.11/evm.utg11096.5/evm.utg14703.12/evm.utg15210.4/evm.utg15506.3/evm.utg25862.7/evm.utg44416.1","evm.utg10628.11",1.15602958269873,"ORA"
"323","salinity_added","molecular_functions","DNA-binding transcription factor activity","GO:0000981","DNA-binding transcription factor activity, RNA polymerase II-specific",0.0101688022608595,"evm.utg86.58/evm.utg92.89/evm.utg92.154.157/evm.utg109.23/evm.utg109.42/evm.utg116.210/evm.utg194.31/evm.utg194.35/evm.utg207.61/evm.utg207.64/evm.utg207.80/evm.utg214.63/evm.utg219.28/evm.utg256.12/evm.utg377.28/evm.utg377.30/evm.utg401.67/evm.utg411.41/evm.utg464.224/evm.utg470.38/evm.utg470.49/evm.utg479.64/evm.utg505.42/evm.utg526.16/evm.utg526.19/evm.utg564.25/evm.utg564.44/evm.utg564.47/evm.utg798.18/evm.utg801.23/evm.utg857.16/evm.utg857.24/evm.utg989.15/evm.utg1051.49/evm.utg1056.123/evm.utg1396.19/evm.utg1565.65/evm.utg1623.8/evm.utg1721.60/utg1910.equina_smart_534762.mrna1/evm.utg1962.1/evm.utg2129.44/evm.utg2216.22/evm.utg2216.29/evm.utg2801.42/evm.utg2929.4/evm.utg3092.47/evm.utg3260.1/evm.utg3283.23/evm.utg3834.24/evm.utg3839.101/evm.utg3839.103/evm.utg4082.36/evm.utg4082.37/evm.utg7066.7/evm.utg7289.31/evm.utg7595.8/evm.utg8494.50/evm.utg10628.11/evm.utg11096.5/evm.utg14703.12/evm.utg15210.4/evm.utg15506.3/evm.utg25862.7/evm.utg44416.1","evm.utg11096.5",1.09697234995183,"ORA"
"324","salinity_added","molecular_functions","DNA-binding transcription factor activity","GO:0000981","DNA-binding transcription factor activity, RNA polymerase II-specific",0.0101688022608595,"evm.utg86.58/evm.utg92.89/evm.utg92.154.157/evm.utg109.23/evm.utg109.42/evm.utg116.210/evm.utg194.31/evm.utg194.35/evm.utg207.61/evm.utg207.64/evm.utg207.80/evm.utg214.63/evm.utg219.28/evm.utg256.12/evm.utg377.28/evm.utg377.30/evm.utg401.67/evm.utg411.41/evm.utg464.224/evm.utg470.38/evm.utg470.49/evm.utg479.64/evm.utg505.42/evm.utg526.16/evm.utg526.19/evm.utg564.25/evm.utg564.44/evm.utg564.47/evm.utg798.18/evm.utg801.23/evm.utg857.16/evm.utg857.24/evm.utg989.15/evm.utg1051.49/evm.utg1056.123/evm.utg1396.19/evm.utg1565.65/evm.utg1623.8/evm.utg1721.60/utg1910.equina_smart_534762.mrna1/evm.utg1962.1/evm.utg2129.44/evm.utg2216.22/evm.utg2216.29/evm.utg2801.42/evm.utg2929.4/evm.utg3092.47/evm.utg3260.1/evm.utg3283.23/evm.utg3834.24/evm.utg3839.101/evm.utg3839.103/evm.utg4082.36/evm.utg4082.37/evm.utg7066.7/evm.utg7289.31/evm.utg7595.8/evm.utg8494.50/evm.utg10628.11/evm.utg11096.5/evm.utg14703.12/evm.utg15210.4/evm.utg15506.3/evm.utg25862.7/evm.utg44416.1","evm.utg14703.12",1.18635013313966,"ORA"
"325","salinity_added","molecular_functions","DNA-binding transcription factor activity","GO:0000981","DNA-binding transcription factor activity, RNA polymerase II-specific",0.0101688022608595,"evm.utg86.58/evm.utg92.89/evm.utg92.154.157/evm.utg109.23/evm.utg109.42/evm.utg116.210/evm.utg194.31/evm.utg194.35/evm.utg207.61/evm.utg207.64/evm.utg207.80/evm.utg214.63/evm.utg219.28/evm.utg256.12/evm.utg377.28/evm.utg377.30/evm.utg401.67/evm.utg411.41/evm.utg464.224/evm.utg470.38/evm.utg470.49/evm.utg479.64/evm.utg505.42/evm.utg526.16/evm.utg526.19/evm.utg564.25/evm.utg564.44/evm.utg564.47/evm.utg798.18/evm.utg801.23/evm.utg857.16/evm.utg857.24/evm.utg989.15/evm.utg1051.49/evm.utg1056.123/evm.utg1396.19/evm.utg1565.65/evm.utg1623.8/evm.utg1721.60/utg1910.equina_smart_534762.mrna1/evm.utg1962.1/evm.utg2129.44/evm.utg2216.22/evm.utg2216.29/evm.utg2801.42/evm.utg2929.4/evm.utg3092.47/evm.utg3260.1/evm.utg3283.23/evm.utg3834.24/evm.utg3839.101/evm.utg3839.103/evm.utg4082.36/evm.utg4082.37/evm.utg7066.7/evm.utg7289.31/evm.utg7595.8/evm.utg8494.50/evm.utg10628.11/evm.utg11096.5/evm.utg14703.12/evm.utg15210.4/evm.utg15506.3/evm.utg25862.7/evm.utg44416.1","evm.utg15210.4",0.92525928961099,"ORA"
"326","salinity_added","molecular_functions","DNA-binding transcription factor activity","GO:0000981","DNA-binding transcription factor activity, RNA polymerase II-specific",0.0101688022608595,"evm.utg86.58/evm.utg92.89/evm.utg92.154.157/evm.utg109.23/evm.utg109.42/evm.utg116.210/evm.utg194.31/evm.utg194.35/evm.utg207.61/evm.utg207.64/evm.utg207.80/evm.utg214.63/evm.utg219.28/evm.utg256.12/evm.utg377.28/evm.utg377.30/evm.utg401.67/evm.utg411.41/evm.utg464.224/evm.utg470.38/evm.utg470.49/evm.utg479.64/evm.utg505.42/evm.utg526.16/evm.utg526.19/evm.utg564.25/evm.utg564.44/evm.utg564.47/evm.utg798.18/evm.utg801.23/evm.utg857.16/evm.utg857.24/evm.utg989.15/evm.utg1051.49/evm.utg1056.123/evm.utg1396.19/evm.utg1565.65/evm.utg1623.8/evm.utg1721.60/utg1910.equina_smart_534762.mrna1/evm.utg1962.1/evm.utg2129.44/evm.utg2216.22/evm.utg2216.29/evm.utg2801.42/evm.utg2929.4/evm.utg3092.47/evm.utg3260.1/evm.utg3283.23/evm.utg3834.24/evm.utg3839.101/evm.utg3839.103/evm.utg4082.36/evm.utg4082.37/evm.utg7066.7/evm.utg7289.31/evm.utg7595.8/evm.utg8494.50/evm.utg10628.11/evm.utg11096.5/evm.utg14703.12/evm.utg15210.4/evm.utg15506.3/evm.utg25862.7/evm.utg44416.1","evm.utg15506.3",-1.66333222027007,"ORA"
"327","salinity_added","molecular_functions","DNA-binding transcription factor activity","GO:0000981","DNA-binding transcription factor activity, RNA polymerase II-specific",0.0101688022608595,"evm.utg86.58/evm.utg92.89/evm.utg92.154.157/evm.utg109.23/evm.utg109.42/evm.utg116.210/evm.utg194.31/evm.utg194.35/evm.utg207.61/evm.utg207.64/evm.utg207.80/evm.utg214.63/evm.utg219.28/evm.utg256.12/evm.utg377.28/evm.utg377.30/evm.utg401.67/evm.utg411.41/evm.utg464.224/evm.utg470.38/evm.utg470.49/evm.utg479.64/evm.utg505.42/evm.utg526.16/evm.utg526.19/evm.utg564.25/evm.utg564.44/evm.utg564.47/evm.utg798.18/evm.utg801.23/evm.utg857.16/evm.utg857.24/evm.utg989.15/evm.utg1051.49/evm.utg1056.123/evm.utg1396.19/evm.utg1565.65/evm.utg1623.8/evm.utg1721.60/utg1910.equina_smart_534762.mrna1/evm.utg1962.1/evm.utg2129.44/evm.utg2216.22/evm.utg2216.29/evm.utg2801.42/evm.utg2929.4/evm.utg3092.47/evm.utg3260.1/evm.utg3283.23/evm.utg3834.24/evm.utg3839.101/evm.utg3839.103/evm.utg4082.36/evm.utg4082.37/evm.utg7066.7/evm.utg7289.31/evm.utg7595.8/evm.utg8494.50/evm.utg10628.11/evm.utg11096.5/evm.utg14703.12/evm.utg15210.4/evm.utg15506.3/evm.utg25862.7/evm.utg44416.1","evm.utg25862.7",-2.58353915077653,"ORA"
"328","salinity_added","molecular_functions","DNA-binding transcription factor activity","GO:0000981","DNA-binding transcription factor activity, RNA polymerase II-specific",0.0101688022608595,"evm.utg86.58/evm.utg92.89/evm.utg92.154.157/evm.utg109.23/evm.utg109.42/evm.utg116.210/evm.utg194.31/evm.utg194.35/evm.utg207.61/evm.utg207.64/evm.utg207.80/evm.utg214.63/evm.utg219.28/evm.utg256.12/evm.utg377.28/evm.utg377.30/evm.utg401.67/evm.utg411.41/evm.utg464.224/evm.utg470.38/evm.utg470.49/evm.utg479.64/evm.utg505.42/evm.utg526.16/evm.utg526.19/evm.utg564.25/evm.utg564.44/evm.utg564.47/evm.utg798.18/evm.utg801.23/evm.utg857.16/evm.utg857.24/evm.utg989.15/evm.utg1051.49/evm.utg1056.123/evm.utg1396.19/evm.utg1565.65/evm.utg1623.8/evm.utg1721.60/utg1910.equina_smart_534762.mrna1/evm.utg1962.1/evm.utg2129.44/evm.utg2216.22/evm.utg2216.29/evm.utg2801.42/evm.utg2929.4/evm.utg3092.47/evm.utg3260.1/evm.utg3283.23/evm.utg3834.24/evm.utg3839.101/evm.utg3839.103/evm.utg4082.36/evm.utg4082.37/evm.utg7066.7/evm.utg7289.31/evm.utg7595.8/evm.utg8494.50/evm.utg10628.11/evm.utg11096.5/evm.utg14703.12/evm.utg15210.4/evm.utg15506.3/evm.utg25862.7/evm.utg44416.1","evm.utg44416.1",0.847982419740104,"ORA"
"329","combined","molecular_functions","peptidase inhibitor activity","GO:0030414","peptidase inhibitor activity",3.82486615659039e-05,"evm.utg8.10/evm.utg52.99/evm.utg104.63/evm.utg104.64/evm.utg334.78/utg334.equina_smart_1340223.mrna2/evm.utg379.46/evm.utg413.23/evm.utg413.26/evm.utg544.11/utg544.equina_smart_1559235utrorf.mrna1/evm.utg544.14/evm.utg580.6/evm.utg580.26/evm.utg616.126/evm.utg616.127/evm.utg912.49/evm.utg1290.2/evm.utg1609.5/evm.utg2100.31/evm.utg2417.38/evm.utg2858.29/evm.utg4049.2/evm.utg4207.23/evm.utg5073.2/evm.utg5689.7/evm.utg5689.8/evm.utg8615.4/evm.utg9740.7/evm.utg14703.2/evm.utg15552.12/evm.utg19074.8/utg19074.equina_smart_1694011.mrna2/evm.utg20736.15/evm.utg24357.20/evm.utg32458.10/evm.utg37512.1","evm.utg8.10",-1.31261806001408,"ORA"
"330","combined","molecular_functions","peptidase inhibitor activity","GO:0030414","peptidase inhibitor activity",3.82486615659039e-05,"evm.utg8.10/evm.utg52.99/evm.utg104.63/evm.utg104.64/evm.utg334.78/utg334.equina_smart_1340223.mrna2/evm.utg379.46/evm.utg413.23/evm.utg413.26/evm.utg544.11/utg544.equina_smart_1559235utrorf.mrna1/evm.utg544.14/evm.utg580.6/evm.utg580.26/evm.utg616.126/evm.utg616.127/evm.utg912.49/evm.utg1290.2/evm.utg1609.5/evm.utg2100.31/evm.utg2417.38/evm.utg2858.29/evm.utg4049.2/evm.utg4207.23/evm.utg5073.2/evm.utg5689.7/evm.utg5689.8/evm.utg8615.4/evm.utg9740.7/evm.utg14703.2/evm.utg15552.12/evm.utg19074.8/utg19074.equina_smart_1694011.mrna2/evm.utg20736.15/evm.utg24357.20/evm.utg32458.10/evm.utg37512.1","evm.utg52.99",-20.9873950490861,"ORA"
"331","combined","molecular_functions","peptidase inhibitor activity","GO:0030414","peptidase inhibitor activity",3.82486615659039e-05,"evm.utg8.10/evm.utg52.99/evm.utg104.63/evm.utg104.64/evm.utg334.78/utg334.equina_smart_1340223.mrna2/evm.utg379.46/evm.utg413.23/evm.utg413.26/evm.utg544.11/utg544.equina_smart_1559235utrorf.mrna1/evm.utg544.14/evm.utg580.6/evm.utg580.26/evm.utg616.126/evm.utg616.127/evm.utg912.49/evm.utg1290.2/evm.utg1609.5/evm.utg2100.31/evm.utg2417.38/evm.utg2858.29/evm.utg4049.2/evm.utg4207.23/evm.utg5073.2/evm.utg5689.7/evm.utg5689.8/evm.utg8615.4/evm.utg9740.7/evm.utg14703.2/evm.utg15552.12/evm.utg19074.8/utg19074.equina_smart_1694011.mrna2/evm.utg20736.15/evm.utg24357.20/evm.utg32458.10/evm.utg37512.1","evm.utg104.63",-4.61211859119635,"ORA"
"332","combined","molecular_functions","peptidase inhibitor activity","GO:0030414","peptidase inhibitor activity",3.82486615659039e-05,"evm.utg8.10/evm.utg52.99/evm.utg104.63/evm.utg104.64/evm.utg334.78/utg334.equina_smart_1340223.mrna2/evm.utg379.46/evm.utg413.23/evm.utg413.26/evm.utg544.11/utg544.equina_smart_1559235utrorf.mrna1/evm.utg544.14/evm.utg580.6/evm.utg580.26/evm.utg616.126/evm.utg616.127/evm.utg912.49/evm.utg1290.2/evm.utg1609.5/evm.utg2100.31/evm.utg2417.38/evm.utg2858.29/evm.utg4049.2/evm.utg4207.23/evm.utg5073.2/evm.utg5689.7/evm.utg5689.8/evm.utg8615.4/evm.utg9740.7/evm.utg14703.2/evm.utg15552.12/evm.utg19074.8/utg19074.equina_smart_1694011.mrna2/evm.utg20736.15/evm.utg24357.20/evm.utg32458.10/evm.utg37512.1","evm.utg104.64",-1.15542535139013,"ORA"
"333","combined","molecular_functions","peptidase inhibitor activity","GO:0030414","peptidase inhibitor activity",3.82486615659039e-05,"evm.utg8.10/evm.utg52.99/evm.utg104.63/evm.utg104.64/evm.utg334.78/utg334.equina_smart_1340223.mrna2/evm.utg379.46/evm.utg413.23/evm.utg413.26/evm.utg544.11/utg544.equina_smart_1559235utrorf.mrna1/evm.utg544.14/evm.utg580.6/evm.utg580.26/evm.utg616.126/evm.utg616.127/evm.utg912.49/evm.utg1290.2/evm.utg1609.5/evm.utg2100.31/evm.utg2417.38/evm.utg2858.29/evm.utg4049.2/evm.utg4207.23/evm.utg5073.2/evm.utg5689.7/evm.utg5689.8/evm.utg8615.4/evm.utg9740.7/evm.utg14703.2/evm.utg15552.12/evm.utg19074.8/utg19074.equina_smart_1694011.mrna2/evm.utg20736.15/evm.utg24357.20/evm.utg32458.10/evm.utg37512.1","evm.utg334.78",-1.572688895605,"ORA"
"334","combined","molecular_functions","peptidase inhibitor activity","GO:0030414","peptidase inhibitor activity",3.82486615659039e-05,"evm.utg8.10/evm.utg52.99/evm.utg104.63/evm.utg104.64/evm.utg334.78/utg334.equina_smart_1340223.mrna2/evm.utg379.46/evm.utg413.23/evm.utg413.26/evm.utg544.11/utg544.equina_smart_1559235utrorf.mrna1/evm.utg544.14/evm.utg580.6/evm.utg580.26/evm.utg616.126/evm.utg616.127/evm.utg912.49/evm.utg1290.2/evm.utg1609.5/evm.utg2100.31/evm.utg2417.38/evm.utg2858.29/evm.utg4049.2/evm.utg4207.23/evm.utg5073.2/evm.utg5689.7/evm.utg5689.8/evm.utg8615.4/evm.utg9740.7/evm.utg14703.2/evm.utg15552.12/evm.utg19074.8/utg19074.equina_smart_1694011.mrna2/evm.utg20736.15/evm.utg24357.20/evm.utg32458.10/evm.utg37512.1","utg334.equina_smart_1340223.mrna2",-1.89868361547729,"ORA"
"335","combined","molecular_functions","peptidase inhibitor activity","GO:0030414","peptidase inhibitor activity",3.82486615659039e-05,"evm.utg8.10/evm.utg52.99/evm.utg104.63/evm.utg104.64/evm.utg334.78/utg334.equina_smart_1340223.mrna2/evm.utg379.46/evm.utg413.23/evm.utg413.26/evm.utg544.11/utg544.equina_smart_1559235utrorf.mrna1/evm.utg544.14/evm.utg580.6/evm.utg580.26/evm.utg616.126/evm.utg616.127/evm.utg912.49/evm.utg1290.2/evm.utg1609.5/evm.utg2100.31/evm.utg2417.38/evm.utg2858.29/evm.utg4049.2/evm.utg4207.23/evm.utg5073.2/evm.utg5689.7/evm.utg5689.8/evm.utg8615.4/evm.utg9740.7/evm.utg14703.2/evm.utg15552.12/evm.utg19074.8/utg19074.equina_smart_1694011.mrna2/evm.utg20736.15/evm.utg24357.20/evm.utg32458.10/evm.utg37512.1","evm.utg379.46",-1.47158938161785,"ORA"
"336","combined","molecular_functions","peptidase inhibitor activity","GO:0030414","peptidase inhibitor activity",3.82486615659039e-05,"evm.utg8.10/evm.utg52.99/evm.utg104.63/evm.utg104.64/evm.utg334.78/utg334.equina_smart_1340223.mrna2/evm.utg379.46/evm.utg413.23/evm.utg413.26/evm.utg544.11/utg544.equina_smart_1559235utrorf.mrna1/evm.utg544.14/evm.utg580.6/evm.utg580.26/evm.utg616.126/evm.utg616.127/evm.utg912.49/evm.utg1290.2/evm.utg1609.5/evm.utg2100.31/evm.utg2417.38/evm.utg2858.29/evm.utg4049.2/evm.utg4207.23/evm.utg5073.2/evm.utg5689.7/evm.utg5689.8/evm.utg8615.4/evm.utg9740.7/evm.utg14703.2/evm.utg15552.12/evm.utg19074.8/utg19074.equina_smart_1694011.mrna2/evm.utg20736.15/evm.utg24357.20/evm.utg32458.10/evm.utg37512.1","evm.utg413.23",-1.39568591111294,"ORA"
"337","combined","molecular_functions","peptidase inhibitor activity","GO:0030414","peptidase inhibitor activity",3.82486615659039e-05,"evm.utg8.10/evm.utg52.99/evm.utg104.63/evm.utg104.64/evm.utg334.78/utg334.equina_smart_1340223.mrna2/evm.utg379.46/evm.utg413.23/evm.utg413.26/evm.utg544.11/utg544.equina_smart_1559235utrorf.mrna1/evm.utg544.14/evm.utg580.6/evm.utg580.26/evm.utg616.126/evm.utg616.127/evm.utg912.49/evm.utg1290.2/evm.utg1609.5/evm.utg2100.31/evm.utg2417.38/evm.utg2858.29/evm.utg4049.2/evm.utg4207.23/evm.utg5073.2/evm.utg5689.7/evm.utg5689.8/evm.utg8615.4/evm.utg9740.7/evm.utg14703.2/evm.utg15552.12/evm.utg19074.8/utg19074.equina_smart_1694011.mrna2/evm.utg20736.15/evm.utg24357.20/evm.utg32458.10/evm.utg37512.1","evm.utg413.26",-1.20384365551202,"ORA"
"338","combined","molecular_functions","peptidase inhibitor activity","GO:0030414","peptidase inhibitor activity",3.82486615659039e-05,"evm.utg8.10/evm.utg52.99/evm.utg104.63/evm.utg104.64/evm.utg334.78/utg334.equina_smart_1340223.mrna2/evm.utg379.46/evm.utg413.23/evm.utg413.26/evm.utg544.11/utg544.equina_smart_1559235utrorf.mrna1/evm.utg544.14/evm.utg580.6/evm.utg580.26/evm.utg616.126/evm.utg616.127/evm.utg912.49/evm.utg1290.2/evm.utg1609.5/evm.utg2100.31/evm.utg2417.38/evm.utg2858.29/evm.utg4049.2/evm.utg4207.23/evm.utg5073.2/evm.utg5689.7/evm.utg5689.8/evm.utg8615.4/evm.utg9740.7/evm.utg14703.2/evm.utg15552.12/evm.utg19074.8/utg19074.equina_smart_1694011.mrna2/evm.utg20736.15/evm.utg24357.20/evm.utg32458.10/evm.utg37512.1","evm.utg544.11",-3.60576780852338,"ORA"
"339","combined","molecular_functions","peptidase inhibitor activity","GO:0030414","peptidase inhibitor activity",3.82486615659039e-05,"evm.utg8.10/evm.utg52.99/evm.utg104.63/evm.utg104.64/evm.utg334.78/utg334.equina_smart_1340223.mrna2/evm.utg379.46/evm.utg413.23/evm.utg413.26/evm.utg544.11/utg544.equina_smart_1559235utrorf.mrna1/evm.utg544.14/evm.utg580.6/evm.utg580.26/evm.utg616.126/evm.utg616.127/evm.utg912.49/evm.utg1290.2/evm.utg1609.5/evm.utg2100.31/evm.utg2417.38/evm.utg2858.29/evm.utg4049.2/evm.utg4207.23/evm.utg5073.2/evm.utg5689.7/evm.utg5689.8/evm.utg8615.4/evm.utg9740.7/evm.utg14703.2/evm.utg15552.12/evm.utg19074.8/utg19074.equina_smart_1694011.mrna2/evm.utg20736.15/evm.utg24357.20/evm.utg32458.10/evm.utg37512.1","utg544.equina_smart_1559235utrorf.mrna1",-2.4604026573392,"ORA"
"340","combined","molecular_functions","peptidase inhibitor activity","GO:0030414","peptidase inhibitor activity",3.82486615659039e-05,"evm.utg8.10/evm.utg52.99/evm.utg104.63/evm.utg104.64/evm.utg334.78/utg334.equina_smart_1340223.mrna2/evm.utg379.46/evm.utg413.23/evm.utg413.26/evm.utg544.11/utg544.equina_smart_1559235utrorf.mrna1/evm.utg544.14/evm.utg580.6/evm.utg580.26/evm.utg616.126/evm.utg616.127/evm.utg912.49/evm.utg1290.2/evm.utg1609.5/evm.utg2100.31/evm.utg2417.38/evm.utg2858.29/evm.utg4049.2/evm.utg4207.23/evm.utg5073.2/evm.utg5689.7/evm.utg5689.8/evm.utg8615.4/evm.utg9740.7/evm.utg14703.2/evm.utg15552.12/evm.utg19074.8/utg19074.equina_smart_1694011.mrna2/evm.utg20736.15/evm.utg24357.20/evm.utg32458.10/evm.utg37512.1","evm.utg544.14",-1.45905979985535,"ORA"
"341","combined","molecular_functions","peptidase inhibitor activity","GO:0030414","peptidase inhibitor activity",3.82486615659039e-05,"evm.utg8.10/evm.utg52.99/evm.utg104.63/evm.utg104.64/evm.utg334.78/utg334.equina_smart_1340223.mrna2/evm.utg379.46/evm.utg413.23/evm.utg413.26/evm.utg544.11/utg544.equina_smart_1559235utrorf.mrna1/evm.utg544.14/evm.utg580.6/evm.utg580.26/evm.utg616.126/evm.utg616.127/evm.utg912.49/evm.utg1290.2/evm.utg1609.5/evm.utg2100.31/evm.utg2417.38/evm.utg2858.29/evm.utg4049.2/evm.utg4207.23/evm.utg5073.2/evm.utg5689.7/evm.utg5689.8/evm.utg8615.4/evm.utg9740.7/evm.utg14703.2/evm.utg15552.12/evm.utg19074.8/utg19074.equina_smart_1694011.mrna2/evm.utg20736.15/evm.utg24357.20/evm.utg32458.10/evm.utg37512.1","evm.utg580.6",-3.91514142625339,"ORA"
"342","combined","molecular_functions","peptidase inhibitor activity","GO:0030414","peptidase inhibitor activity",3.82486615659039e-05,"evm.utg8.10/evm.utg52.99/evm.utg104.63/evm.utg104.64/evm.utg334.78/utg334.equina_smart_1340223.mrna2/evm.utg379.46/evm.utg413.23/evm.utg413.26/evm.utg544.11/utg544.equina_smart_1559235utrorf.mrna1/evm.utg544.14/evm.utg580.6/evm.utg580.26/evm.utg616.126/evm.utg616.127/evm.utg912.49/evm.utg1290.2/evm.utg1609.5/evm.utg2100.31/evm.utg2417.38/evm.utg2858.29/evm.utg4049.2/evm.utg4207.23/evm.utg5073.2/evm.utg5689.7/evm.utg5689.8/evm.utg8615.4/evm.utg9740.7/evm.utg14703.2/evm.utg15552.12/evm.utg19074.8/utg19074.equina_smart_1694011.mrna2/evm.utg20736.15/evm.utg24357.20/evm.utg32458.10/evm.utg37512.1","evm.utg580.26",-1.39822191574172,"ORA"
"343","combined","molecular_functions","peptidase inhibitor activity","GO:0030414","peptidase inhibitor activity",3.82486615659039e-05,"evm.utg8.10/evm.utg52.99/evm.utg104.63/evm.utg104.64/evm.utg334.78/utg334.equina_smart_1340223.mrna2/evm.utg379.46/evm.utg413.23/evm.utg413.26/evm.utg544.11/utg544.equina_smart_1559235utrorf.mrna1/evm.utg544.14/evm.utg580.6/evm.utg580.26/evm.utg616.126/evm.utg616.127/evm.utg912.49/evm.utg1290.2/evm.utg1609.5/evm.utg2100.31/evm.utg2417.38/evm.utg2858.29/evm.utg4049.2/evm.utg4207.23/evm.utg5073.2/evm.utg5689.7/evm.utg5689.8/evm.utg8615.4/evm.utg9740.7/evm.utg14703.2/evm.utg15552.12/evm.utg19074.8/utg19074.equina_smart_1694011.mrna2/evm.utg20736.15/evm.utg24357.20/evm.utg32458.10/evm.utg37512.1","evm.utg616.126",-1.85656736342908,"ORA"
"344","combined","molecular_functions","peptidase inhibitor activity","GO:0030414","peptidase inhibitor activity",3.82486615659039e-05,"evm.utg8.10/evm.utg52.99/evm.utg104.63/evm.utg104.64/evm.utg334.78/utg334.equina_smart_1340223.mrna2/evm.utg379.46/evm.utg413.23/evm.utg413.26/evm.utg544.11/utg544.equina_smart_1559235utrorf.mrna1/evm.utg544.14/evm.utg580.6/evm.utg580.26/evm.utg616.126/evm.utg616.127/evm.utg912.49/evm.utg1290.2/evm.utg1609.5/evm.utg2100.31/evm.utg2417.38/evm.utg2858.29/evm.utg4049.2/evm.utg4207.23/evm.utg5073.2/evm.utg5689.7/evm.utg5689.8/evm.utg8615.4/evm.utg9740.7/evm.utg14703.2/evm.utg15552.12/evm.utg19074.8/utg19074.equina_smart_1694011.mrna2/evm.utg20736.15/evm.utg24357.20/evm.utg32458.10/evm.utg37512.1","evm.utg616.127",-1.17553721258891,"ORA"
"345","combined","molecular_functions","peptidase inhibitor activity","GO:0030414","peptidase inhibitor activity",3.82486615659039e-05,"evm.utg8.10/evm.utg52.99/evm.utg104.63/evm.utg104.64/evm.utg334.78/utg334.equina_smart_1340223.mrna2/evm.utg379.46/evm.utg413.23/evm.utg413.26/evm.utg544.11/utg544.equina_smart_1559235utrorf.mrna1/evm.utg544.14/evm.utg580.6/evm.utg580.26/evm.utg616.126/evm.utg616.127/evm.utg912.49/evm.utg1290.2/evm.utg1609.5/evm.utg2100.31/evm.utg2417.38/evm.utg2858.29/evm.utg4049.2/evm.utg4207.23/evm.utg5073.2/evm.utg5689.7/evm.utg5689.8/evm.utg8615.4/evm.utg9740.7/evm.utg14703.2/evm.utg15552.12/evm.utg19074.8/utg19074.equina_smart_1694011.mrna2/evm.utg20736.15/evm.utg24357.20/evm.utg32458.10/evm.utg37512.1","evm.utg912.49",2.80534630796362,"ORA"
"346","combined","molecular_functions","peptidase inhibitor activity","GO:0030414","peptidase inhibitor activity",3.82486615659039e-05,"evm.utg8.10/evm.utg52.99/evm.utg104.63/evm.utg104.64/evm.utg334.78/utg334.equina_smart_1340223.mrna2/evm.utg379.46/evm.utg413.23/evm.utg413.26/evm.utg544.11/utg544.equina_smart_1559235utrorf.mrna1/evm.utg544.14/evm.utg580.6/evm.utg580.26/evm.utg616.126/evm.utg616.127/evm.utg912.49/evm.utg1290.2/evm.utg1609.5/evm.utg2100.31/evm.utg2417.38/evm.utg2858.29/evm.utg4049.2/evm.utg4207.23/evm.utg5073.2/evm.utg5689.7/evm.utg5689.8/evm.utg8615.4/evm.utg9740.7/evm.utg14703.2/evm.utg15552.12/evm.utg19074.8/utg19074.equina_smart_1694011.mrna2/evm.utg20736.15/evm.utg24357.20/evm.utg32458.10/evm.utg37512.1","evm.utg1290.2",-1.70663852055398,"ORA"
"347","combined","molecular_functions","peptidase inhibitor activity","GO:0030414","peptidase inhibitor activity",3.82486615659039e-05,"evm.utg8.10/evm.utg52.99/evm.utg104.63/evm.utg104.64/evm.utg334.78/utg334.equina_smart_1340223.mrna2/evm.utg379.46/evm.utg413.23/evm.utg413.26/evm.utg544.11/utg544.equina_smart_1559235utrorf.mrna1/evm.utg544.14/evm.utg580.6/evm.utg580.26/evm.utg616.126/evm.utg616.127/evm.utg912.49/evm.utg1290.2/evm.utg1609.5/evm.utg2100.31/evm.utg2417.38/evm.utg2858.29/evm.utg4049.2/evm.utg4207.23/evm.utg5073.2/evm.utg5689.7/evm.utg5689.8/evm.utg8615.4/evm.utg9740.7/evm.utg14703.2/evm.utg15552.12/evm.utg19074.8/utg19074.equina_smart_1694011.mrna2/evm.utg20736.15/evm.utg24357.20/evm.utg32458.10/evm.utg37512.1","evm.utg1609.5",-1.33530537847236,"ORA"
"348","combined","molecular_functions","peptidase inhibitor activity","GO:0030414","peptidase inhibitor activity",3.82486615659039e-05,"evm.utg8.10/evm.utg52.99/evm.utg104.63/evm.utg104.64/evm.utg334.78/utg334.equina_smart_1340223.mrna2/evm.utg379.46/evm.utg413.23/evm.utg413.26/evm.utg544.11/utg544.equina_smart_1559235utrorf.mrna1/evm.utg544.14/evm.utg580.6/evm.utg580.26/evm.utg616.126/evm.utg616.127/evm.utg912.49/evm.utg1290.2/evm.utg1609.5/evm.utg2100.31/evm.utg2417.38/evm.utg2858.29/evm.utg4049.2/evm.utg4207.23/evm.utg5073.2/evm.utg5689.7/evm.utg5689.8/evm.utg8615.4/evm.utg9740.7/evm.utg14703.2/evm.utg15552.12/evm.utg19074.8/utg19074.equina_smart_1694011.mrna2/evm.utg20736.15/evm.utg24357.20/evm.utg32458.10/evm.utg37512.1","evm.utg2100.31",-0.919355810262419,"ORA"
"349","combined","molecular_functions","peptidase inhibitor activity","GO:0030414","peptidase inhibitor activity",3.82486615659039e-05,"evm.utg8.10/evm.utg52.99/evm.utg104.63/evm.utg104.64/evm.utg334.78/utg334.equina_smart_1340223.mrna2/evm.utg379.46/evm.utg413.23/evm.utg413.26/evm.utg544.11/utg544.equina_smart_1559235utrorf.mrna1/evm.utg544.14/evm.utg580.6/evm.utg580.26/evm.utg616.126/evm.utg616.127/evm.utg912.49/evm.utg1290.2/evm.utg1609.5/evm.utg2100.31/evm.utg2417.38/evm.utg2858.29/evm.utg4049.2/evm.utg4207.23/evm.utg5073.2/evm.utg5689.7/evm.utg5689.8/evm.utg8615.4/evm.utg9740.7/evm.utg14703.2/evm.utg15552.12/evm.utg19074.8/utg19074.equina_smart_1694011.mrna2/evm.utg20736.15/evm.utg24357.20/evm.utg32458.10/evm.utg37512.1","evm.utg2417.38",-2.07498343985153,"ORA"
"350","combined","molecular_functions","peptidase inhibitor activity","GO:0030414","peptidase inhibitor activity",3.82486615659039e-05,"evm.utg8.10/evm.utg52.99/evm.utg104.63/evm.utg104.64/evm.utg334.78/utg334.equina_smart_1340223.mrna2/evm.utg379.46/evm.utg413.23/evm.utg413.26/evm.utg544.11/utg544.equina_smart_1559235utrorf.mrna1/evm.utg544.14/evm.utg580.6/evm.utg580.26/evm.utg616.126/evm.utg616.127/evm.utg912.49/evm.utg1290.2/evm.utg1609.5/evm.utg2100.31/evm.utg2417.38/evm.utg2858.29/evm.utg4049.2/evm.utg4207.23/evm.utg5073.2/evm.utg5689.7/evm.utg5689.8/evm.utg8615.4/evm.utg9740.7/evm.utg14703.2/evm.utg15552.12/evm.utg19074.8/utg19074.equina_smart_1694011.mrna2/evm.utg20736.15/evm.utg24357.20/evm.utg32458.10/evm.utg37512.1","evm.utg2858.29",-0.907962638915742,"ORA"
"351","combined","molecular_functions","peptidase inhibitor activity","GO:0030414","peptidase inhibitor activity",3.82486615659039e-05,"evm.utg8.10/evm.utg52.99/evm.utg104.63/evm.utg104.64/evm.utg334.78/utg334.equina_smart_1340223.mrna2/evm.utg379.46/evm.utg413.23/evm.utg413.26/evm.utg544.11/utg544.equina_smart_1559235utrorf.mrna1/evm.utg544.14/evm.utg580.6/evm.utg580.26/evm.utg616.126/evm.utg616.127/evm.utg912.49/evm.utg1290.2/evm.utg1609.5/evm.utg2100.31/evm.utg2417.38/evm.utg2858.29/evm.utg4049.2/evm.utg4207.23/evm.utg5073.2/evm.utg5689.7/evm.utg5689.8/evm.utg8615.4/evm.utg9740.7/evm.utg14703.2/evm.utg15552.12/evm.utg19074.8/utg19074.equina_smart_1694011.mrna2/evm.utg20736.15/evm.utg24357.20/evm.utg32458.10/evm.utg37512.1","evm.utg4049.2",-1.0495856939703,"ORA"
"352","combined","molecular_functions","peptidase inhibitor activity","GO:0030414","peptidase inhibitor activity",3.82486615659039e-05,"evm.utg8.10/evm.utg52.99/evm.utg104.63/evm.utg104.64/evm.utg334.78/utg334.equina_smart_1340223.mrna2/evm.utg379.46/evm.utg413.23/evm.utg413.26/evm.utg544.11/utg544.equina_smart_1559235utrorf.mrna1/evm.utg544.14/evm.utg580.6/evm.utg580.26/evm.utg616.126/evm.utg616.127/evm.utg912.49/evm.utg1290.2/evm.utg1609.5/evm.utg2100.31/evm.utg2417.38/evm.utg2858.29/evm.utg4049.2/evm.utg4207.23/evm.utg5073.2/evm.utg5689.7/evm.utg5689.8/evm.utg8615.4/evm.utg9740.7/evm.utg14703.2/evm.utg15552.12/evm.utg19074.8/utg19074.equina_smart_1694011.mrna2/evm.utg20736.15/evm.utg24357.20/evm.utg32458.10/evm.utg37512.1","evm.utg4207.23",-2.54643371274411,"ORA"
"353","combined","molecular_functions","peptidase inhibitor activity","GO:0030414","peptidase inhibitor activity",3.82486615659039e-05,"evm.utg8.10/evm.utg52.99/evm.utg104.63/evm.utg104.64/evm.utg334.78/utg334.equina_smart_1340223.mrna2/evm.utg379.46/evm.utg413.23/evm.utg413.26/evm.utg544.11/utg544.equina_smart_1559235utrorf.mrna1/evm.utg544.14/evm.utg580.6/evm.utg580.26/evm.utg616.126/evm.utg616.127/evm.utg912.49/evm.utg1290.2/evm.utg1609.5/evm.utg2100.31/evm.utg2417.38/evm.utg2858.29/evm.utg4049.2/evm.utg4207.23/evm.utg5073.2/evm.utg5689.7/evm.utg5689.8/evm.utg8615.4/evm.utg9740.7/evm.utg14703.2/evm.utg15552.12/evm.utg19074.8/utg19074.equina_smart_1694011.mrna2/evm.utg20736.15/evm.utg24357.20/evm.utg32458.10/evm.utg37512.1","evm.utg5073.2",-1.58565226650637,"ORA"
"354","combined","molecular_functions","peptidase inhibitor activity","GO:0030414","peptidase inhibitor activity",3.82486615659039e-05,"evm.utg8.10/evm.utg52.99/evm.utg104.63/evm.utg104.64/evm.utg334.78/utg334.equina_smart_1340223.mrna2/evm.utg379.46/evm.utg413.23/evm.utg413.26/evm.utg544.11/utg544.equina_smart_1559235utrorf.mrna1/evm.utg544.14/evm.utg580.6/evm.utg580.26/evm.utg616.126/evm.utg616.127/evm.utg912.49/evm.utg1290.2/evm.utg1609.5/evm.utg2100.31/evm.utg2417.38/evm.utg2858.29/evm.utg4049.2/evm.utg4207.23/evm.utg5073.2/evm.utg5689.7/evm.utg5689.8/evm.utg8615.4/evm.utg9740.7/evm.utg14703.2/evm.utg15552.12/evm.utg19074.8/utg19074.equina_smart_1694011.mrna2/evm.utg20736.15/evm.utg24357.20/evm.utg32458.10/evm.utg37512.1","evm.utg5689.7",-1.7147310943085,"ORA"
"355","combined","molecular_functions","peptidase inhibitor activity","GO:0030414","peptidase inhibitor activity",3.82486615659039e-05,"evm.utg8.10/evm.utg52.99/evm.utg104.63/evm.utg104.64/evm.utg334.78/utg334.equina_smart_1340223.mrna2/evm.utg379.46/evm.utg413.23/evm.utg413.26/evm.utg544.11/utg544.equina_smart_1559235utrorf.mrna1/evm.utg544.14/evm.utg580.6/evm.utg580.26/evm.utg616.126/evm.utg616.127/evm.utg912.49/evm.utg1290.2/evm.utg1609.5/evm.utg2100.31/evm.utg2417.38/evm.utg2858.29/evm.utg4049.2/evm.utg4207.23/evm.utg5073.2/evm.utg5689.7/evm.utg5689.8/evm.utg8615.4/evm.utg9740.7/evm.utg14703.2/evm.utg15552.12/evm.utg19074.8/utg19074.equina_smart_1694011.mrna2/evm.utg20736.15/evm.utg24357.20/evm.utg32458.10/evm.utg37512.1","evm.utg5689.8",-1.64649814781837,"ORA"
"356","combined","molecular_functions","peptidase inhibitor activity","GO:0030414","peptidase inhibitor activity",3.82486615659039e-05,"evm.utg8.10/evm.utg52.99/evm.utg104.63/evm.utg104.64/evm.utg334.78/utg334.equina_smart_1340223.mrna2/evm.utg379.46/evm.utg413.23/evm.utg413.26/evm.utg544.11/utg544.equina_smart_1559235utrorf.mrna1/evm.utg544.14/evm.utg580.6/evm.utg580.26/evm.utg616.126/evm.utg616.127/evm.utg912.49/evm.utg1290.2/evm.utg1609.5/evm.utg2100.31/evm.utg2417.38/evm.utg2858.29/evm.utg4049.2/evm.utg4207.23/evm.utg5073.2/evm.utg5689.7/evm.utg5689.8/evm.utg8615.4/evm.utg9740.7/evm.utg14703.2/evm.utg15552.12/evm.utg19074.8/utg19074.equina_smart_1694011.mrna2/evm.utg20736.15/evm.utg24357.20/evm.utg32458.10/evm.utg37512.1","evm.utg8615.4",-1.51904241281676,"ORA"
"357","combined","molecular_functions","peptidase inhibitor activity","GO:0030414","peptidase inhibitor activity",3.82486615659039e-05,"evm.utg8.10/evm.utg52.99/evm.utg104.63/evm.utg104.64/evm.utg334.78/utg334.equina_smart_1340223.mrna2/evm.utg379.46/evm.utg413.23/evm.utg413.26/evm.utg544.11/utg544.equina_smart_1559235utrorf.mrna1/evm.utg544.14/evm.utg580.6/evm.utg580.26/evm.utg616.126/evm.utg616.127/evm.utg912.49/evm.utg1290.2/evm.utg1609.5/evm.utg2100.31/evm.utg2417.38/evm.utg2858.29/evm.utg4049.2/evm.utg4207.23/evm.utg5073.2/evm.utg5689.7/evm.utg5689.8/evm.utg8615.4/evm.utg9740.7/evm.utg14703.2/evm.utg15552.12/evm.utg19074.8/utg19074.equina_smart_1694011.mrna2/evm.utg20736.15/evm.utg24357.20/evm.utg32458.10/evm.utg37512.1","evm.utg9740.7",-1.41142404613362,"ORA"
"358","combined","molecular_functions","peptidase inhibitor activity","GO:0030414","peptidase inhibitor activity",3.82486615659039e-05,"evm.utg8.10/evm.utg52.99/evm.utg104.63/evm.utg104.64/evm.utg334.78/utg334.equina_smart_1340223.mrna2/evm.utg379.46/evm.utg413.23/evm.utg413.26/evm.utg544.11/utg544.equina_smart_1559235utrorf.mrna1/evm.utg544.14/evm.utg580.6/evm.utg580.26/evm.utg616.126/evm.utg616.127/evm.utg912.49/evm.utg1290.2/evm.utg1609.5/evm.utg2100.31/evm.utg2417.38/evm.utg2858.29/evm.utg4049.2/evm.utg4207.23/evm.utg5073.2/evm.utg5689.7/evm.utg5689.8/evm.utg8615.4/evm.utg9740.7/evm.utg14703.2/evm.utg15552.12/evm.utg19074.8/utg19074.equina_smart_1694011.mrna2/evm.utg20736.15/evm.utg24357.20/evm.utg32458.10/evm.utg37512.1","evm.utg14703.2",-2.42215788225805,"ORA"
"359","combined","molecular_functions","peptidase inhibitor activity","GO:0030414","peptidase inhibitor activity",3.82486615659039e-05,"evm.utg8.10/evm.utg52.99/evm.utg104.63/evm.utg104.64/evm.utg334.78/utg334.equina_smart_1340223.mrna2/evm.utg379.46/evm.utg413.23/evm.utg413.26/evm.utg544.11/utg544.equina_smart_1559235utrorf.mrna1/evm.utg544.14/evm.utg580.6/evm.utg580.26/evm.utg616.126/evm.utg616.127/evm.utg912.49/evm.utg1290.2/evm.utg1609.5/evm.utg2100.31/evm.utg2417.38/evm.utg2858.29/evm.utg4049.2/evm.utg4207.23/evm.utg5073.2/evm.utg5689.7/evm.utg5689.8/evm.utg8615.4/evm.utg9740.7/evm.utg14703.2/evm.utg15552.12/evm.utg19074.8/utg19074.equina_smart_1694011.mrna2/evm.utg20736.15/evm.utg24357.20/evm.utg32458.10/evm.utg37512.1","evm.utg15552.12",1.67172503102714,"ORA"
"360","combined","molecular_functions","peptidase inhibitor activity","GO:0030414","peptidase inhibitor activity",3.82486615659039e-05,"evm.utg8.10/evm.utg52.99/evm.utg104.63/evm.utg104.64/evm.utg334.78/utg334.equina_smart_1340223.mrna2/evm.utg379.46/evm.utg413.23/evm.utg413.26/evm.utg544.11/utg544.equina_smart_1559235utrorf.mrna1/evm.utg544.14/evm.utg580.6/evm.utg580.26/evm.utg616.126/evm.utg616.127/evm.utg912.49/evm.utg1290.2/evm.utg1609.5/evm.utg2100.31/evm.utg2417.38/evm.utg2858.29/evm.utg4049.2/evm.utg4207.23/evm.utg5073.2/evm.utg5689.7/evm.utg5689.8/evm.utg8615.4/evm.utg9740.7/evm.utg14703.2/evm.utg15552.12/evm.utg19074.8/utg19074.equina_smart_1694011.mrna2/evm.utg20736.15/evm.utg24357.20/evm.utg32458.10/evm.utg37512.1","evm.utg19074.8",-2.62057168267941,"ORA"
"361","combined","molecular_functions","peptidase inhibitor activity","GO:0030414","peptidase inhibitor activity",3.82486615659039e-05,"evm.utg8.10/evm.utg52.99/evm.utg104.63/evm.utg104.64/evm.utg334.78/utg334.equina_smart_1340223.mrna2/evm.utg379.46/evm.utg413.23/evm.utg413.26/evm.utg544.11/utg544.equina_smart_1559235utrorf.mrna1/evm.utg544.14/evm.utg580.6/evm.utg580.26/evm.utg616.126/evm.utg616.127/evm.utg912.49/evm.utg1290.2/evm.utg1609.5/evm.utg2100.31/evm.utg2417.38/evm.utg2858.29/evm.utg4049.2/evm.utg4207.23/evm.utg5073.2/evm.utg5689.7/evm.utg5689.8/evm.utg8615.4/evm.utg9740.7/evm.utg14703.2/evm.utg15552.12/evm.utg19074.8/utg19074.equina_smart_1694011.mrna2/evm.utg20736.15/evm.utg24357.20/evm.utg32458.10/evm.utg37512.1","utg19074.equina_smart_1694011.mrna2",-2.21604113858702,"ORA"
"362","combined","molecular_functions","peptidase inhibitor activity","GO:0030414","peptidase inhibitor activity",3.82486615659039e-05,"evm.utg8.10/evm.utg52.99/evm.utg104.63/evm.utg104.64/evm.utg334.78/utg334.equina_smart_1340223.mrna2/evm.utg379.46/evm.utg413.23/evm.utg413.26/evm.utg544.11/utg544.equina_smart_1559235utrorf.mrna1/evm.utg544.14/evm.utg580.6/evm.utg580.26/evm.utg616.126/evm.utg616.127/evm.utg912.49/evm.utg1290.2/evm.utg1609.5/evm.utg2100.31/evm.utg2417.38/evm.utg2858.29/evm.utg4049.2/evm.utg4207.23/evm.utg5073.2/evm.utg5689.7/evm.utg5689.8/evm.utg8615.4/evm.utg9740.7/evm.utg14703.2/evm.utg15552.12/evm.utg19074.8/utg19074.equina_smart_1694011.mrna2/evm.utg20736.15/evm.utg24357.20/evm.utg32458.10/evm.utg37512.1","evm.utg20736.15",-2.02616796410849,"ORA"
"363","combined","molecular_functions","peptidase inhibitor activity","GO:0030414","peptidase inhibitor activity",3.82486615659039e-05,"evm.utg8.10/evm.utg52.99/evm.utg104.63/evm.utg104.64/evm.utg334.78/utg334.equina_smart_1340223.mrna2/evm.utg379.46/evm.utg413.23/evm.utg413.26/evm.utg544.11/utg544.equina_smart_1559235utrorf.mrna1/evm.utg544.14/evm.utg580.6/evm.utg580.26/evm.utg616.126/evm.utg616.127/evm.utg912.49/evm.utg1290.2/evm.utg1609.5/evm.utg2100.31/evm.utg2417.38/evm.utg2858.29/evm.utg4049.2/evm.utg4207.23/evm.utg5073.2/evm.utg5689.7/evm.utg5689.8/evm.utg8615.4/evm.utg9740.7/evm.utg14703.2/evm.utg15552.12/evm.utg19074.8/utg19074.equina_smart_1694011.mrna2/evm.utg20736.15/evm.utg24357.20/evm.utg32458.10/evm.utg37512.1","evm.utg24357.20",-1.60336452124089,"ORA"
"364","combined","molecular_functions","peptidase inhibitor activity","GO:0030414","peptidase inhibitor activity",3.82486615659039e-05,"evm.utg8.10/evm.utg52.99/evm.utg104.63/evm.utg104.64/evm.utg334.78/utg334.equina_smart_1340223.mrna2/evm.utg379.46/evm.utg413.23/evm.utg413.26/evm.utg544.11/utg544.equina_smart_1559235utrorf.mrna1/evm.utg544.14/evm.utg580.6/evm.utg580.26/evm.utg616.126/evm.utg616.127/evm.utg912.49/evm.utg1290.2/evm.utg1609.5/evm.utg2100.31/evm.utg2417.38/evm.utg2858.29/evm.utg4049.2/evm.utg4207.23/evm.utg5073.2/evm.utg5689.7/evm.utg5689.8/evm.utg8615.4/evm.utg9740.7/evm.utg14703.2/evm.utg15552.12/evm.utg19074.8/utg19074.equina_smart_1694011.mrna2/evm.utg20736.15/evm.utg24357.20/evm.utg32458.10/evm.utg37512.1","evm.utg32458.10",-3.73954991388695,"ORA"
"365","combined","molecular_functions","peptidase inhibitor activity","GO:0030414","peptidase inhibitor activity",3.82486615659039e-05,"evm.utg8.10/evm.utg52.99/evm.utg104.63/evm.utg104.64/evm.utg334.78/utg334.equina_smart_1340223.mrna2/evm.utg379.46/evm.utg413.23/evm.utg413.26/evm.utg544.11/utg544.equina_smart_1559235utrorf.mrna1/evm.utg544.14/evm.utg580.6/evm.utg580.26/evm.utg616.126/evm.utg616.127/evm.utg912.49/evm.utg1290.2/evm.utg1609.5/evm.utg2100.31/evm.utg2417.38/evm.utg2858.29/evm.utg4049.2/evm.utg4207.23/evm.utg5073.2/evm.utg5689.7/evm.utg5689.8/evm.utg8615.4/evm.utg9740.7/evm.utg14703.2/evm.utg15552.12/evm.utg19074.8/utg19074.equina_smart_1694011.mrna2/evm.utg20736.15/evm.utg24357.20/evm.utg32458.10/evm.utg37512.1","evm.utg37512.1",-2.48834343321805,"ORA"
"366","combined","molecular_functions","DNA-binding transcription factor activity","GO:0000981","DNA-binding transcription factor activity, RNA polymerase II-specific",0.0049093070186745,"evm.utg86.58/evm.utg92.154.157/evm.utg109.23/evm.utg109.42/evm.utg116.210/evm.utg194.31/evm.utg194.35/evm.utg207.9/evm.utg207.61/evm.utg207.64/evm.utg207.80/evm.utg209.58/evm.utg214.63/evm.utg219.26/evm.utg219.28/evm.utg356.131/evm.utg377.28/evm.utg377.30/evm.utg401.67/evm.utg411.41/evm.utg464.224/evm.utg470.38/evm.utg470.49/evm.utg479.64/evm.utg505.42/evm.utg522.9/evm.utg526.19/evm.utg564.44/evm.utg564.47/evm.utg798.18/evm.utg801.23/evm.utg857.16/evm.utg857.24/evm.utg989.15/evm.utg1051.49/evm.utg1056.123/evm.utg1056.142/evm.utg1396.19/evm.utg1565.65/evm.utg1571.10/evm.utg1623.8/evm.utg2129.25/evm.utg2129.44/evm.utg2216.22/evm.utg2216.29/evm.utg2801.42/evm.utg2929.4/evm.utg3092.47/evm.utg3260.1/evm.utg3283.23/evm.utg3283.25/evm.utg3839.101/evm.utg3839.103/evm.utg4082.36/evm.utg4082.37/evm.utg5059.29/evm.utg7066.7/evm.utg7289.31/evm.utg7595.8/evm.utg8494.50/evm.utg11096.5/evm.utg15210.4/evm.utg15506.3/evm.utg25862.7/evm.utg26037.2/evm.utg44416.1","evm.utg86.58",1.64619236327569,"ORA"
"367","combined","molecular_functions","DNA-binding transcription factor activity","GO:0000981","DNA-binding transcription factor activity, RNA polymerase II-specific",0.0049093070186745,"evm.utg86.58/evm.utg92.154.157/evm.utg109.23/evm.utg109.42/evm.utg116.210/evm.utg194.31/evm.utg194.35/evm.utg207.9/evm.utg207.61/evm.utg207.64/evm.utg207.80/evm.utg209.58/evm.utg214.63/evm.utg219.26/evm.utg219.28/evm.utg356.131/evm.utg377.28/evm.utg377.30/evm.utg401.67/evm.utg411.41/evm.utg464.224/evm.utg470.38/evm.utg470.49/evm.utg479.64/evm.utg505.42/evm.utg522.9/evm.utg526.19/evm.utg564.44/evm.utg564.47/evm.utg798.18/evm.utg801.23/evm.utg857.16/evm.utg857.24/evm.utg989.15/evm.utg1051.49/evm.utg1056.123/evm.utg1056.142/evm.utg1396.19/evm.utg1565.65/evm.utg1571.10/evm.utg1623.8/evm.utg2129.25/evm.utg2129.44/evm.utg2216.22/evm.utg2216.29/evm.utg2801.42/evm.utg2929.4/evm.utg3092.47/evm.utg3260.1/evm.utg3283.23/evm.utg3283.25/evm.utg3839.101/evm.utg3839.103/evm.utg4082.36/evm.utg4082.37/evm.utg5059.29/evm.utg7066.7/evm.utg7289.31/evm.utg7595.8/evm.utg8494.50/evm.utg11096.5/evm.utg15210.4/evm.utg15506.3/evm.utg25862.7/evm.utg26037.2/evm.utg44416.1","evm.utg92.154.157",-1.53775857422612,"ORA"
"368","combined","molecular_functions","DNA-binding transcription factor activity","GO:0000981","DNA-binding transcription factor activity, RNA polymerase II-specific",0.0049093070186745,"evm.utg86.58/evm.utg92.154.157/evm.utg109.23/evm.utg109.42/evm.utg116.210/evm.utg194.31/evm.utg194.35/evm.utg207.9/evm.utg207.61/evm.utg207.64/evm.utg207.80/evm.utg209.58/evm.utg214.63/evm.utg219.26/evm.utg219.28/evm.utg356.131/evm.utg377.28/evm.utg377.30/evm.utg401.67/evm.utg411.41/evm.utg464.224/evm.utg470.38/evm.utg470.49/evm.utg479.64/evm.utg505.42/evm.utg522.9/evm.utg526.19/evm.utg564.44/evm.utg564.47/evm.utg798.18/evm.utg801.23/evm.utg857.16/evm.utg857.24/evm.utg989.15/evm.utg1051.49/evm.utg1056.123/evm.utg1056.142/evm.utg1396.19/evm.utg1565.65/evm.utg1571.10/evm.utg1623.8/evm.utg2129.25/evm.utg2129.44/evm.utg2216.22/evm.utg2216.29/evm.utg2801.42/evm.utg2929.4/evm.utg3092.47/evm.utg3260.1/evm.utg3283.23/evm.utg3283.25/evm.utg3839.101/evm.utg3839.103/evm.utg4082.36/evm.utg4082.37/evm.utg5059.29/evm.utg7066.7/evm.utg7289.31/evm.utg7595.8/evm.utg8494.50/evm.utg11096.5/evm.utg15210.4/evm.utg15506.3/evm.utg25862.7/evm.utg26037.2/evm.utg44416.1","evm.utg109.23",-1.66554398263857,"ORA"
"369","combined","molecular_functions","DNA-binding transcription factor activity","GO:0000981","DNA-binding transcription factor activity, RNA polymerase II-specific",0.0049093070186745,"evm.utg86.58/evm.utg92.154.157/evm.utg109.23/evm.utg109.42/evm.utg116.210/evm.utg194.31/evm.utg194.35/evm.utg207.9/evm.utg207.61/evm.utg207.64/evm.utg207.80/evm.utg209.58/evm.utg214.63/evm.utg219.26/evm.utg219.28/evm.utg356.131/evm.utg377.28/evm.utg377.30/evm.utg401.67/evm.utg411.41/evm.utg464.224/evm.utg470.38/evm.utg470.49/evm.utg479.64/evm.utg505.42/evm.utg522.9/evm.utg526.19/evm.utg564.44/evm.utg564.47/evm.utg798.18/evm.utg801.23/evm.utg857.16/evm.utg857.24/evm.utg989.15/evm.utg1051.49/evm.utg1056.123/evm.utg1056.142/evm.utg1396.19/evm.utg1565.65/evm.utg1571.10/evm.utg1623.8/evm.utg2129.25/evm.utg2129.44/evm.utg2216.22/evm.utg2216.29/evm.utg2801.42/evm.utg2929.4/evm.utg3092.47/evm.utg3260.1/evm.utg3283.23/evm.utg3283.25/evm.utg3839.101/evm.utg3839.103/evm.utg4082.36/evm.utg4082.37/evm.utg5059.29/evm.utg7066.7/evm.utg7289.31/evm.utg7595.8/evm.utg8494.50/evm.utg11096.5/evm.utg15210.4/evm.utg15506.3/evm.utg25862.7/evm.utg26037.2/evm.utg44416.1","evm.utg109.42",-2.1200475503891,"ORA"
"370","combined","molecular_functions","DNA-binding transcription factor activity","GO:0000981","DNA-binding transcription factor activity, RNA polymerase II-specific",0.0049093070186745,"evm.utg86.58/evm.utg92.154.157/evm.utg109.23/evm.utg109.42/evm.utg116.210/evm.utg194.31/evm.utg194.35/evm.utg207.9/evm.utg207.61/evm.utg207.64/evm.utg207.80/evm.utg209.58/evm.utg214.63/evm.utg219.26/evm.utg219.28/evm.utg356.131/evm.utg377.28/evm.utg377.30/evm.utg401.67/evm.utg411.41/evm.utg464.224/evm.utg470.38/evm.utg470.49/evm.utg479.64/evm.utg505.42/evm.utg522.9/evm.utg526.19/evm.utg564.44/evm.utg564.47/evm.utg798.18/evm.utg801.23/evm.utg857.16/evm.utg857.24/evm.utg989.15/evm.utg1051.49/evm.utg1056.123/evm.utg1056.142/evm.utg1396.19/evm.utg1565.65/evm.utg1571.10/evm.utg1623.8/evm.utg2129.25/evm.utg2129.44/evm.utg2216.22/evm.utg2216.29/evm.utg2801.42/evm.utg2929.4/evm.utg3092.47/evm.utg3260.1/evm.utg3283.23/evm.utg3283.25/evm.utg3839.101/evm.utg3839.103/evm.utg4082.36/evm.utg4082.37/evm.utg5059.29/evm.utg7066.7/evm.utg7289.31/evm.utg7595.8/evm.utg8494.50/evm.utg11096.5/evm.utg15210.4/evm.utg15506.3/evm.utg25862.7/evm.utg26037.2/evm.utg44416.1","evm.utg116.210",-1.61130076528159,"ORA"
"371","combined","molecular_functions","DNA-binding transcription factor activity","GO:0000981","DNA-binding transcription factor activity, RNA polymerase II-specific",0.0049093070186745,"evm.utg86.58/evm.utg92.154.157/evm.utg109.23/evm.utg109.42/evm.utg116.210/evm.utg194.31/evm.utg194.35/evm.utg207.9/evm.utg207.61/evm.utg207.64/evm.utg207.80/evm.utg209.58/evm.utg214.63/evm.utg219.26/evm.utg219.28/evm.utg356.131/evm.utg377.28/evm.utg377.30/evm.utg401.67/evm.utg411.41/evm.utg464.224/evm.utg470.38/evm.utg470.49/evm.utg479.64/evm.utg505.42/evm.utg522.9/evm.utg526.19/evm.utg564.44/evm.utg564.47/evm.utg798.18/evm.utg801.23/evm.utg857.16/evm.utg857.24/evm.utg989.15/evm.utg1051.49/evm.utg1056.123/evm.utg1056.142/evm.utg1396.19/evm.utg1565.65/evm.utg1571.10/evm.utg1623.8/evm.utg2129.25/evm.utg2129.44/evm.utg2216.22/evm.utg2216.29/evm.utg2801.42/evm.utg2929.4/evm.utg3092.47/evm.utg3260.1/evm.utg3283.23/evm.utg3283.25/evm.utg3839.101/evm.utg3839.103/evm.utg4082.36/evm.utg4082.37/evm.utg5059.29/evm.utg7066.7/evm.utg7289.31/evm.utg7595.8/evm.utg8494.50/evm.utg11096.5/evm.utg15210.4/evm.utg15506.3/evm.utg25862.7/evm.utg26037.2/evm.utg44416.1","evm.utg194.31",1.16026422580843,"ORA"
"372","combined","molecular_functions","DNA-binding transcription factor activity","GO:0000981","DNA-binding transcription factor activity, RNA polymerase II-specific",0.0049093070186745,"evm.utg86.58/evm.utg92.154.157/evm.utg109.23/evm.utg109.42/evm.utg116.210/evm.utg194.31/evm.utg194.35/evm.utg207.9/evm.utg207.61/evm.utg207.64/evm.utg207.80/evm.utg209.58/evm.utg214.63/evm.utg219.26/evm.utg219.28/evm.utg356.131/evm.utg377.28/evm.utg377.30/evm.utg401.67/evm.utg411.41/evm.utg464.224/evm.utg470.38/evm.utg470.49/evm.utg479.64/evm.utg505.42/evm.utg522.9/evm.utg526.19/evm.utg564.44/evm.utg564.47/evm.utg798.18/evm.utg801.23/evm.utg857.16/evm.utg857.24/evm.utg989.15/evm.utg1051.49/evm.utg1056.123/evm.utg1056.142/evm.utg1396.19/evm.utg1565.65/evm.utg1571.10/evm.utg1623.8/evm.utg2129.25/evm.utg2129.44/evm.utg2216.22/evm.utg2216.29/evm.utg2801.42/evm.utg2929.4/evm.utg3092.47/evm.utg3260.1/evm.utg3283.23/evm.utg3283.25/evm.utg3839.101/evm.utg3839.103/evm.utg4082.36/evm.utg4082.37/evm.utg5059.29/evm.utg7066.7/evm.utg7289.31/evm.utg7595.8/evm.utg8494.50/evm.utg11096.5/evm.utg15210.4/evm.utg15506.3/evm.utg25862.7/evm.utg26037.2/evm.utg44416.1","evm.utg194.35",1.19145907063806,"ORA"
"373","combined","molecular_functions","DNA-binding transcription factor activity","GO:0000981","DNA-binding transcription factor activity, RNA polymerase II-specific",0.0049093070186745,"evm.utg86.58/evm.utg92.154.157/evm.utg109.23/evm.utg109.42/evm.utg116.210/evm.utg194.31/evm.utg194.35/evm.utg207.9/evm.utg207.61/evm.utg207.64/evm.utg207.80/evm.utg209.58/evm.utg214.63/evm.utg219.26/evm.utg219.28/evm.utg356.131/evm.utg377.28/evm.utg377.30/evm.utg401.67/evm.utg411.41/evm.utg464.224/evm.utg470.38/evm.utg470.49/evm.utg479.64/evm.utg505.42/evm.utg522.9/evm.utg526.19/evm.utg564.44/evm.utg564.47/evm.utg798.18/evm.utg801.23/evm.utg857.16/evm.utg857.24/evm.utg989.15/evm.utg1051.49/evm.utg1056.123/evm.utg1056.142/evm.utg1396.19/evm.utg1565.65/evm.utg1571.10/evm.utg1623.8/evm.utg2129.25/evm.utg2129.44/evm.utg2216.22/evm.utg2216.29/evm.utg2801.42/evm.utg2929.4/evm.utg3092.47/evm.utg3260.1/evm.utg3283.23/evm.utg3283.25/evm.utg3839.101/evm.utg3839.103/evm.utg4082.36/evm.utg4082.37/evm.utg5059.29/evm.utg7066.7/evm.utg7289.31/evm.utg7595.8/evm.utg8494.50/evm.utg11096.5/evm.utg15210.4/evm.utg15506.3/evm.utg25862.7/evm.utg26037.2/evm.utg44416.1","evm.utg207.9",1.10514894147571,"ORA"
"374","combined","molecular_functions","DNA-binding transcription factor activity","GO:0000981","DNA-binding transcription factor activity, RNA polymerase II-specific",0.0049093070186745,"evm.utg86.58/evm.utg92.154.157/evm.utg109.23/evm.utg109.42/evm.utg116.210/evm.utg194.31/evm.utg194.35/evm.utg207.9/evm.utg207.61/evm.utg207.64/evm.utg207.80/evm.utg209.58/evm.utg214.63/evm.utg219.26/evm.utg219.28/evm.utg356.131/evm.utg377.28/evm.utg377.30/evm.utg401.67/evm.utg411.41/evm.utg464.224/evm.utg470.38/evm.utg470.49/evm.utg479.64/evm.utg505.42/evm.utg522.9/evm.utg526.19/evm.utg564.44/evm.utg564.47/evm.utg798.18/evm.utg801.23/evm.utg857.16/evm.utg857.24/evm.utg989.15/evm.utg1051.49/evm.utg1056.123/evm.utg1056.142/evm.utg1396.19/evm.utg1565.65/evm.utg1571.10/evm.utg1623.8/evm.utg2129.25/evm.utg2129.44/evm.utg2216.22/evm.utg2216.29/evm.utg2801.42/evm.utg2929.4/evm.utg3092.47/evm.utg3260.1/evm.utg3283.23/evm.utg3283.25/evm.utg3839.101/evm.utg3839.103/evm.utg4082.36/evm.utg4082.37/evm.utg5059.29/evm.utg7066.7/evm.utg7289.31/evm.utg7595.8/evm.utg8494.50/evm.utg11096.5/evm.utg15210.4/evm.utg15506.3/evm.utg25862.7/evm.utg26037.2/evm.utg44416.1","evm.utg207.61",-1.04591351150296,"ORA"
"375","combined","molecular_functions","DNA-binding transcription factor activity","GO:0000981","DNA-binding transcription factor activity, RNA polymerase II-specific",0.0049093070186745,"evm.utg86.58/evm.utg92.154.157/evm.utg109.23/evm.utg109.42/evm.utg116.210/evm.utg194.31/evm.utg194.35/evm.utg207.9/evm.utg207.61/evm.utg207.64/evm.utg207.80/evm.utg209.58/evm.utg214.63/evm.utg219.26/evm.utg219.28/evm.utg356.131/evm.utg377.28/evm.utg377.30/evm.utg401.67/evm.utg411.41/evm.utg464.224/evm.utg470.38/evm.utg470.49/evm.utg479.64/evm.utg505.42/evm.utg522.9/evm.utg526.19/evm.utg564.44/evm.utg564.47/evm.utg798.18/evm.utg801.23/evm.utg857.16/evm.utg857.24/evm.utg989.15/evm.utg1051.49/evm.utg1056.123/evm.utg1056.142/evm.utg1396.19/evm.utg1565.65/evm.utg1571.10/evm.utg1623.8/evm.utg2129.25/evm.utg2129.44/evm.utg2216.22/evm.utg2216.29/evm.utg2801.42/evm.utg2929.4/evm.utg3092.47/evm.utg3260.1/evm.utg3283.23/evm.utg3283.25/evm.utg3839.101/evm.utg3839.103/evm.utg4082.36/evm.utg4082.37/evm.utg5059.29/evm.utg7066.7/evm.utg7289.31/evm.utg7595.8/evm.utg8494.50/evm.utg11096.5/evm.utg15210.4/evm.utg15506.3/evm.utg25862.7/evm.utg26037.2/evm.utg44416.1","evm.utg207.64",-1.61498813851092,"ORA"
"376","combined","molecular_functions","DNA-binding transcription factor activity","GO:0000981","DNA-binding transcription factor activity, RNA polymerase II-specific",0.0049093070186745,"evm.utg86.58/evm.utg92.154.157/evm.utg109.23/evm.utg109.42/evm.utg116.210/evm.utg194.31/evm.utg194.35/evm.utg207.9/evm.utg207.61/evm.utg207.64/evm.utg207.80/evm.utg209.58/evm.utg214.63/evm.utg219.26/evm.utg219.28/evm.utg356.131/evm.utg377.28/evm.utg377.30/evm.utg401.67/evm.utg411.41/evm.utg464.224/evm.utg470.38/evm.utg470.49/evm.utg479.64/evm.utg505.42/evm.utg522.9/evm.utg526.19/evm.utg564.44/evm.utg564.47/evm.utg798.18/evm.utg801.23/evm.utg857.16/evm.utg857.24/evm.utg989.15/evm.utg1051.49/evm.utg1056.123/evm.utg1056.142/evm.utg1396.19/evm.utg1565.65/evm.utg1571.10/evm.utg1623.8/evm.utg2129.25/evm.utg2129.44/evm.utg2216.22/evm.utg2216.29/evm.utg2801.42/evm.utg2929.4/evm.utg3092.47/evm.utg3260.1/evm.utg3283.23/evm.utg3283.25/evm.utg3839.101/evm.utg3839.103/evm.utg4082.36/evm.utg4082.37/evm.utg5059.29/evm.utg7066.7/evm.utg7289.31/evm.utg7595.8/evm.utg8494.50/evm.utg11096.5/evm.utg15210.4/evm.utg15506.3/evm.utg25862.7/evm.utg26037.2/evm.utg44416.1","evm.utg207.80",-1.36549374386553,"ORA"
"377","combined","molecular_functions","DNA-binding transcription factor activity","GO:0000981","DNA-binding transcription factor activity, RNA polymerase II-specific",0.0049093070186745,"evm.utg86.58/evm.utg92.154.157/evm.utg109.23/evm.utg109.42/evm.utg116.210/evm.utg194.31/evm.utg194.35/evm.utg207.9/evm.utg207.61/evm.utg207.64/evm.utg207.80/evm.utg209.58/evm.utg214.63/evm.utg219.26/evm.utg219.28/evm.utg356.131/evm.utg377.28/evm.utg377.30/evm.utg401.67/evm.utg411.41/evm.utg464.224/evm.utg470.38/evm.utg470.49/evm.utg479.64/evm.utg505.42/evm.utg522.9/evm.utg526.19/evm.utg564.44/evm.utg564.47/evm.utg798.18/evm.utg801.23/evm.utg857.16/evm.utg857.24/evm.utg989.15/evm.utg1051.49/evm.utg1056.123/evm.utg1056.142/evm.utg1396.19/evm.utg1565.65/evm.utg1571.10/evm.utg1623.8/evm.utg2129.25/evm.utg2129.44/evm.utg2216.22/evm.utg2216.29/evm.utg2801.42/evm.utg2929.4/evm.utg3092.47/evm.utg3260.1/evm.utg3283.23/evm.utg3283.25/evm.utg3839.101/evm.utg3839.103/evm.utg4082.36/evm.utg4082.37/evm.utg5059.29/evm.utg7066.7/evm.utg7289.31/evm.utg7595.8/evm.utg8494.50/evm.utg11096.5/evm.utg15210.4/evm.utg15506.3/evm.utg25862.7/evm.utg26037.2/evm.utg44416.1","evm.utg209.58",0.947114574027262,"ORA"
"378","combined","molecular_functions","DNA-binding transcription factor activity","GO:0000981","DNA-binding transcription factor activity, RNA polymerase II-specific",0.0049093070186745,"evm.utg86.58/evm.utg92.154.157/evm.utg109.23/evm.utg109.42/evm.utg116.210/evm.utg194.31/evm.utg194.35/evm.utg207.9/evm.utg207.61/evm.utg207.64/evm.utg207.80/evm.utg209.58/evm.utg214.63/evm.utg219.26/evm.utg219.28/evm.utg356.131/evm.utg377.28/evm.utg377.30/evm.utg401.67/evm.utg411.41/evm.utg464.224/evm.utg470.38/evm.utg470.49/evm.utg479.64/evm.utg505.42/evm.utg522.9/evm.utg526.19/evm.utg564.44/evm.utg564.47/evm.utg798.18/evm.utg801.23/evm.utg857.16/evm.utg857.24/evm.utg989.15/evm.utg1051.49/evm.utg1056.123/evm.utg1056.142/evm.utg1396.19/evm.utg1565.65/evm.utg1571.10/evm.utg1623.8/evm.utg2129.25/evm.utg2129.44/evm.utg2216.22/evm.utg2216.29/evm.utg2801.42/evm.utg2929.4/evm.utg3092.47/evm.utg3260.1/evm.utg3283.23/evm.utg3283.25/evm.utg3839.101/evm.utg3839.103/evm.utg4082.36/evm.utg4082.37/evm.utg5059.29/evm.utg7066.7/evm.utg7289.31/evm.utg7595.8/evm.utg8494.50/evm.utg11096.5/evm.utg15210.4/evm.utg15506.3/evm.utg25862.7/evm.utg26037.2/evm.utg44416.1","evm.utg214.63",-1.8663020802678,"ORA"
"379","combined","molecular_functions","DNA-binding transcription factor activity","GO:0000981","DNA-binding transcription factor activity, RNA polymerase II-specific",0.0049093070186745,"evm.utg86.58/evm.utg92.154.157/evm.utg109.23/evm.utg109.42/evm.utg116.210/evm.utg194.31/evm.utg194.35/evm.utg207.9/evm.utg207.61/evm.utg207.64/evm.utg207.80/evm.utg209.58/evm.utg214.63/evm.utg219.26/evm.utg219.28/evm.utg356.131/evm.utg377.28/evm.utg377.30/evm.utg401.67/evm.utg411.41/evm.utg464.224/evm.utg470.38/evm.utg470.49/evm.utg479.64/evm.utg505.42/evm.utg522.9/evm.utg526.19/evm.utg564.44/evm.utg564.47/evm.utg798.18/evm.utg801.23/evm.utg857.16/evm.utg857.24/evm.utg989.15/evm.utg1051.49/evm.utg1056.123/evm.utg1056.142/evm.utg1396.19/evm.utg1565.65/evm.utg1571.10/evm.utg1623.8/evm.utg2129.25/evm.utg2129.44/evm.utg2216.22/evm.utg2216.29/evm.utg2801.42/evm.utg2929.4/evm.utg3092.47/evm.utg3260.1/evm.utg3283.23/evm.utg3283.25/evm.utg3839.101/evm.utg3839.103/evm.utg4082.36/evm.utg4082.37/evm.utg5059.29/evm.utg7066.7/evm.utg7289.31/evm.utg7595.8/evm.utg8494.50/evm.utg11096.5/evm.utg15210.4/evm.utg15506.3/evm.utg25862.7/evm.utg26037.2/evm.utg44416.1","evm.utg219.26",-1.13223146789372,"ORA"
"380","combined","molecular_functions","DNA-binding transcription factor activity","GO:0000981","DNA-binding transcription factor activity, RNA polymerase II-specific",0.0049093070186745,"evm.utg86.58/evm.utg92.154.157/evm.utg109.23/evm.utg109.42/evm.utg116.210/evm.utg194.31/evm.utg194.35/evm.utg207.9/evm.utg207.61/evm.utg207.64/evm.utg207.80/evm.utg209.58/evm.utg214.63/evm.utg219.26/evm.utg219.28/evm.utg356.131/evm.utg377.28/evm.utg377.30/evm.utg401.67/evm.utg411.41/evm.utg464.224/evm.utg470.38/evm.utg470.49/evm.utg479.64/evm.utg505.42/evm.utg522.9/evm.utg526.19/evm.utg564.44/evm.utg564.47/evm.utg798.18/evm.utg801.23/evm.utg857.16/evm.utg857.24/evm.utg989.15/evm.utg1051.49/evm.utg1056.123/evm.utg1056.142/evm.utg1396.19/evm.utg1565.65/evm.utg1571.10/evm.utg1623.8/evm.utg2129.25/evm.utg2129.44/evm.utg2216.22/evm.utg2216.29/evm.utg2801.42/evm.utg2929.4/evm.utg3092.47/evm.utg3260.1/evm.utg3283.23/evm.utg3283.25/evm.utg3839.101/evm.utg3839.103/evm.utg4082.36/evm.utg4082.37/evm.utg5059.29/evm.utg7066.7/evm.utg7289.31/evm.utg7595.8/evm.utg8494.50/evm.utg11096.5/evm.utg15210.4/evm.utg15506.3/evm.utg25862.7/evm.utg26037.2/evm.utg44416.1","evm.utg219.28",1.48264882920956,"ORA"
"381","combined","molecular_functions","DNA-binding transcription factor activity","GO:0000981","DNA-binding transcription factor activity, RNA polymerase II-specific",0.0049093070186745,"evm.utg86.58/evm.utg92.154.157/evm.utg109.23/evm.utg109.42/evm.utg116.210/evm.utg194.31/evm.utg194.35/evm.utg207.9/evm.utg207.61/evm.utg207.64/evm.utg207.80/evm.utg209.58/evm.utg214.63/evm.utg219.26/evm.utg219.28/evm.utg356.131/evm.utg377.28/evm.utg377.30/evm.utg401.67/evm.utg411.41/evm.utg464.224/evm.utg470.38/evm.utg470.49/evm.utg479.64/evm.utg505.42/evm.utg522.9/evm.utg526.19/evm.utg564.44/evm.utg564.47/evm.utg798.18/evm.utg801.23/evm.utg857.16/evm.utg857.24/evm.utg989.15/evm.utg1051.49/evm.utg1056.123/evm.utg1056.142/evm.utg1396.19/evm.utg1565.65/evm.utg1571.10/evm.utg1623.8/evm.utg2129.25/evm.utg2129.44/evm.utg2216.22/evm.utg2216.29/evm.utg2801.42/evm.utg2929.4/evm.utg3092.47/evm.utg3260.1/evm.utg3283.23/evm.utg3283.25/evm.utg3839.101/evm.utg3839.103/evm.utg4082.36/evm.utg4082.37/evm.utg5059.29/evm.utg7066.7/evm.utg7289.31/evm.utg7595.8/evm.utg8494.50/evm.utg11096.5/evm.utg15210.4/evm.utg15506.3/evm.utg25862.7/evm.utg26037.2/evm.utg44416.1","evm.utg356.131",-0.817539309138901,"ORA"
"382","combined","molecular_functions","DNA-binding transcription factor activity","GO:0000981","DNA-binding transcription factor activity, RNA polymerase II-specific",0.0049093070186745,"evm.utg86.58/evm.utg92.154.157/evm.utg109.23/evm.utg109.42/evm.utg116.210/evm.utg194.31/evm.utg194.35/evm.utg207.9/evm.utg207.61/evm.utg207.64/evm.utg207.80/evm.utg209.58/evm.utg214.63/evm.utg219.26/evm.utg219.28/evm.utg356.131/evm.utg377.28/evm.utg377.30/evm.utg401.67/evm.utg411.41/evm.utg464.224/evm.utg470.38/evm.utg470.49/evm.utg479.64/evm.utg505.42/evm.utg522.9/evm.utg526.19/evm.utg564.44/evm.utg564.47/evm.utg798.18/evm.utg801.23/evm.utg857.16/evm.utg857.24/evm.utg989.15/evm.utg1051.49/evm.utg1056.123/evm.utg1056.142/evm.utg1396.19/evm.utg1565.65/evm.utg1571.10/evm.utg1623.8/evm.utg2129.25/evm.utg2129.44/evm.utg2216.22/evm.utg2216.29/evm.utg2801.42/evm.utg2929.4/evm.utg3092.47/evm.utg3260.1/evm.utg3283.23/evm.utg3283.25/evm.utg3839.101/evm.utg3839.103/evm.utg4082.36/evm.utg4082.37/evm.utg5059.29/evm.utg7066.7/evm.utg7289.31/evm.utg7595.8/evm.utg8494.50/evm.utg11096.5/evm.utg15210.4/evm.utg15506.3/evm.utg25862.7/evm.utg26037.2/evm.utg44416.1","evm.utg377.28",-1.24341194328633,"ORA"
"383","combined","molecular_functions","DNA-binding transcription factor activity","GO:0000981","DNA-binding transcription factor activity, RNA polymerase II-specific",0.0049093070186745,"evm.utg86.58/evm.utg92.154.157/evm.utg109.23/evm.utg109.42/evm.utg116.210/evm.utg194.31/evm.utg194.35/evm.utg207.9/evm.utg207.61/evm.utg207.64/evm.utg207.80/evm.utg209.58/evm.utg214.63/evm.utg219.26/evm.utg219.28/evm.utg356.131/evm.utg377.28/evm.utg377.30/evm.utg401.67/evm.utg411.41/evm.utg464.224/evm.utg470.38/evm.utg470.49/evm.utg479.64/evm.utg505.42/evm.utg522.9/evm.utg526.19/evm.utg564.44/evm.utg564.47/evm.utg798.18/evm.utg801.23/evm.utg857.16/evm.utg857.24/evm.utg989.15/evm.utg1051.49/evm.utg1056.123/evm.utg1056.142/evm.utg1396.19/evm.utg1565.65/evm.utg1571.10/evm.utg1623.8/evm.utg2129.25/evm.utg2129.44/evm.utg2216.22/evm.utg2216.29/evm.utg2801.42/evm.utg2929.4/evm.utg3092.47/evm.utg3260.1/evm.utg3283.23/evm.utg3283.25/evm.utg3839.101/evm.utg3839.103/evm.utg4082.36/evm.utg4082.37/evm.utg5059.29/evm.utg7066.7/evm.utg7289.31/evm.utg7595.8/evm.utg8494.50/evm.utg11096.5/evm.utg15210.4/evm.utg15506.3/evm.utg25862.7/evm.utg26037.2/evm.utg44416.1","evm.utg377.30",-1.23149214777062,"ORA"
"384","combined","molecular_functions","DNA-binding transcription factor activity","GO:0000981","DNA-binding transcription factor activity, RNA polymerase II-specific",0.0049093070186745,"evm.utg86.58/evm.utg92.154.157/evm.utg109.23/evm.utg109.42/evm.utg116.210/evm.utg194.31/evm.utg194.35/evm.utg207.9/evm.utg207.61/evm.utg207.64/evm.utg207.80/evm.utg209.58/evm.utg214.63/evm.utg219.26/evm.utg219.28/evm.utg356.131/evm.utg377.28/evm.utg377.30/evm.utg401.67/evm.utg411.41/evm.utg464.224/evm.utg470.38/evm.utg470.49/evm.utg479.64/evm.utg505.42/evm.utg522.9/evm.utg526.19/evm.utg564.44/evm.utg564.47/evm.utg798.18/evm.utg801.23/evm.utg857.16/evm.utg857.24/evm.utg989.15/evm.utg1051.49/evm.utg1056.123/evm.utg1056.142/evm.utg1396.19/evm.utg1565.65/evm.utg1571.10/evm.utg1623.8/evm.utg2129.25/evm.utg2129.44/evm.utg2216.22/evm.utg2216.29/evm.utg2801.42/evm.utg2929.4/evm.utg3092.47/evm.utg3260.1/evm.utg3283.23/evm.utg3283.25/evm.utg3839.101/evm.utg3839.103/evm.utg4082.36/evm.utg4082.37/evm.utg5059.29/evm.utg7066.7/evm.utg7289.31/evm.utg7595.8/evm.utg8494.50/evm.utg11096.5/evm.utg15210.4/evm.utg15506.3/evm.utg25862.7/evm.utg26037.2/evm.utg44416.1","evm.utg401.67",-0.953536629503567,"ORA"
"385","combined","molecular_functions","DNA-binding transcription factor activity","GO:0000981","DNA-binding transcription factor activity, RNA polymerase II-specific",0.0049093070186745,"evm.utg86.58/evm.utg92.154.157/evm.utg109.23/evm.utg109.42/evm.utg116.210/evm.utg194.31/evm.utg194.35/evm.utg207.9/evm.utg207.61/evm.utg207.64/evm.utg207.80/evm.utg209.58/evm.utg214.63/evm.utg219.26/evm.utg219.28/evm.utg356.131/evm.utg377.28/evm.utg377.30/evm.utg401.67/evm.utg411.41/evm.utg464.224/evm.utg470.38/evm.utg470.49/evm.utg479.64/evm.utg505.42/evm.utg522.9/evm.utg526.19/evm.utg564.44/evm.utg564.47/evm.utg798.18/evm.utg801.23/evm.utg857.16/evm.utg857.24/evm.utg989.15/evm.utg1051.49/evm.utg1056.123/evm.utg1056.142/evm.utg1396.19/evm.utg1565.65/evm.utg1571.10/evm.utg1623.8/evm.utg2129.25/evm.utg2129.44/evm.utg2216.22/evm.utg2216.29/evm.utg2801.42/evm.utg2929.4/evm.utg3092.47/evm.utg3260.1/evm.utg3283.23/evm.utg3283.25/evm.utg3839.101/evm.utg3839.103/evm.utg4082.36/evm.utg4082.37/evm.utg5059.29/evm.utg7066.7/evm.utg7289.31/evm.utg7595.8/evm.utg8494.50/evm.utg11096.5/evm.utg15210.4/evm.utg15506.3/evm.utg25862.7/evm.utg26037.2/evm.utg44416.1","evm.utg411.41",0.893366787789519,"ORA"
"386","combined","molecular_functions","DNA-binding transcription factor activity","GO:0000981","DNA-binding transcription factor activity, RNA polymerase II-specific",0.0049093070186745,"evm.utg86.58/evm.utg92.154.157/evm.utg109.23/evm.utg109.42/evm.utg116.210/evm.utg194.31/evm.utg194.35/evm.utg207.9/evm.utg207.61/evm.utg207.64/evm.utg207.80/evm.utg209.58/evm.utg214.63/evm.utg219.26/evm.utg219.28/evm.utg356.131/evm.utg377.28/evm.utg377.30/evm.utg401.67/evm.utg411.41/evm.utg464.224/evm.utg470.38/evm.utg470.49/evm.utg479.64/evm.utg505.42/evm.utg522.9/evm.utg526.19/evm.utg564.44/evm.utg564.47/evm.utg798.18/evm.utg801.23/evm.utg857.16/evm.utg857.24/evm.utg989.15/evm.utg1051.49/evm.utg1056.123/evm.utg1056.142/evm.utg1396.19/evm.utg1565.65/evm.utg1571.10/evm.utg1623.8/evm.utg2129.25/evm.utg2129.44/evm.utg2216.22/evm.utg2216.29/evm.utg2801.42/evm.utg2929.4/evm.utg3092.47/evm.utg3260.1/evm.utg3283.23/evm.utg3283.25/evm.utg3839.101/evm.utg3839.103/evm.utg4082.36/evm.utg4082.37/evm.utg5059.29/evm.utg7066.7/evm.utg7289.31/evm.utg7595.8/evm.utg8494.50/evm.utg11096.5/evm.utg15210.4/evm.utg15506.3/evm.utg25862.7/evm.utg26037.2/evm.utg44416.1","evm.utg464.224",1.0292651869475,"ORA"
"387","combined","molecular_functions","DNA-binding transcription factor activity","GO:0000981","DNA-binding transcription factor activity, RNA polymerase II-specific",0.0049093070186745,"evm.utg86.58/evm.utg92.154.157/evm.utg109.23/evm.utg109.42/evm.utg116.210/evm.utg194.31/evm.utg194.35/evm.utg207.9/evm.utg207.61/evm.utg207.64/evm.utg207.80/evm.utg209.58/evm.utg214.63/evm.utg219.26/evm.utg219.28/evm.utg356.131/evm.utg377.28/evm.utg377.30/evm.utg401.67/evm.utg411.41/evm.utg464.224/evm.utg470.38/evm.utg470.49/evm.utg479.64/evm.utg505.42/evm.utg522.9/evm.utg526.19/evm.utg564.44/evm.utg564.47/evm.utg798.18/evm.utg801.23/evm.utg857.16/evm.utg857.24/evm.utg989.15/evm.utg1051.49/evm.utg1056.123/evm.utg1056.142/evm.utg1396.19/evm.utg1565.65/evm.utg1571.10/evm.utg1623.8/evm.utg2129.25/evm.utg2129.44/evm.utg2216.22/evm.utg2216.29/evm.utg2801.42/evm.utg2929.4/evm.utg3092.47/evm.utg3260.1/evm.utg3283.23/evm.utg3283.25/evm.utg3839.101/evm.utg3839.103/evm.utg4082.36/evm.utg4082.37/evm.utg5059.29/evm.utg7066.7/evm.utg7289.31/evm.utg7595.8/evm.utg8494.50/evm.utg11096.5/evm.utg15210.4/evm.utg15506.3/evm.utg25862.7/evm.utg26037.2/evm.utg44416.1","evm.utg470.38",-2.72195616528918,"ORA"
"388","combined","molecular_functions","DNA-binding transcription factor activity","GO:0000981","DNA-binding transcription factor activity, RNA polymerase II-specific",0.0049093070186745,"evm.utg86.58/evm.utg92.154.157/evm.utg109.23/evm.utg109.42/evm.utg116.210/evm.utg194.31/evm.utg194.35/evm.utg207.9/evm.utg207.61/evm.utg207.64/evm.utg207.80/evm.utg209.58/evm.utg214.63/evm.utg219.26/evm.utg219.28/evm.utg356.131/evm.utg377.28/evm.utg377.30/evm.utg401.67/evm.utg411.41/evm.utg464.224/evm.utg470.38/evm.utg470.49/evm.utg479.64/evm.utg505.42/evm.utg522.9/evm.utg526.19/evm.utg564.44/evm.utg564.47/evm.utg798.18/evm.utg801.23/evm.utg857.16/evm.utg857.24/evm.utg989.15/evm.utg1051.49/evm.utg1056.123/evm.utg1056.142/evm.utg1396.19/evm.utg1565.65/evm.utg1571.10/evm.utg1623.8/evm.utg2129.25/evm.utg2129.44/evm.utg2216.22/evm.utg2216.29/evm.utg2801.42/evm.utg2929.4/evm.utg3092.47/evm.utg3260.1/evm.utg3283.23/evm.utg3283.25/evm.utg3839.101/evm.utg3839.103/evm.utg4082.36/evm.utg4082.37/evm.utg5059.29/evm.utg7066.7/evm.utg7289.31/evm.utg7595.8/evm.utg8494.50/evm.utg11096.5/evm.utg15210.4/evm.utg15506.3/evm.utg25862.7/evm.utg26037.2/evm.utg44416.1","evm.utg470.49",-1.13504706218025,"ORA"
"389","combined","molecular_functions","DNA-binding transcription factor activity","GO:0000981","DNA-binding transcription factor activity, RNA polymerase II-specific",0.0049093070186745,"evm.utg86.58/evm.utg92.154.157/evm.utg109.23/evm.utg109.42/evm.utg116.210/evm.utg194.31/evm.utg194.35/evm.utg207.9/evm.utg207.61/evm.utg207.64/evm.utg207.80/evm.utg209.58/evm.utg214.63/evm.utg219.26/evm.utg219.28/evm.utg356.131/evm.utg377.28/evm.utg377.30/evm.utg401.67/evm.utg411.41/evm.utg464.224/evm.utg470.38/evm.utg470.49/evm.utg479.64/evm.utg505.42/evm.utg522.9/evm.utg526.19/evm.utg564.44/evm.utg564.47/evm.utg798.18/evm.utg801.23/evm.utg857.16/evm.utg857.24/evm.utg989.15/evm.utg1051.49/evm.utg1056.123/evm.utg1056.142/evm.utg1396.19/evm.utg1565.65/evm.utg1571.10/evm.utg1623.8/evm.utg2129.25/evm.utg2129.44/evm.utg2216.22/evm.utg2216.29/evm.utg2801.42/evm.utg2929.4/evm.utg3092.47/evm.utg3260.1/evm.utg3283.23/evm.utg3283.25/evm.utg3839.101/evm.utg3839.103/evm.utg4082.36/evm.utg4082.37/evm.utg5059.29/evm.utg7066.7/evm.utg7289.31/evm.utg7595.8/evm.utg8494.50/evm.utg11096.5/evm.utg15210.4/evm.utg15506.3/evm.utg25862.7/evm.utg26037.2/evm.utg44416.1","evm.utg479.64",-1.01434234695174,"ORA"
"390","combined","molecular_functions","DNA-binding transcription factor activity","GO:0000981","DNA-binding transcription factor activity, RNA polymerase II-specific",0.0049093070186745,"evm.utg86.58/evm.utg92.154.157/evm.utg109.23/evm.utg109.42/evm.utg116.210/evm.utg194.31/evm.utg194.35/evm.utg207.9/evm.utg207.61/evm.utg207.64/evm.utg207.80/evm.utg209.58/evm.utg214.63/evm.utg219.26/evm.utg219.28/evm.utg356.131/evm.utg377.28/evm.utg377.30/evm.utg401.67/evm.utg411.41/evm.utg464.224/evm.utg470.38/evm.utg470.49/evm.utg479.64/evm.utg505.42/evm.utg522.9/evm.utg526.19/evm.utg564.44/evm.utg564.47/evm.utg798.18/evm.utg801.23/evm.utg857.16/evm.utg857.24/evm.utg989.15/evm.utg1051.49/evm.utg1056.123/evm.utg1056.142/evm.utg1396.19/evm.utg1565.65/evm.utg1571.10/evm.utg1623.8/evm.utg2129.25/evm.utg2129.44/evm.utg2216.22/evm.utg2216.29/evm.utg2801.42/evm.utg2929.4/evm.utg3092.47/evm.utg3260.1/evm.utg3283.23/evm.utg3283.25/evm.utg3839.101/evm.utg3839.103/evm.utg4082.36/evm.utg4082.37/evm.utg5059.29/evm.utg7066.7/evm.utg7289.31/evm.utg7595.8/evm.utg8494.50/evm.utg11096.5/evm.utg15210.4/evm.utg15506.3/evm.utg25862.7/evm.utg26037.2/evm.utg44416.1","evm.utg505.42",-1.04371728138807,"ORA"
"391","combined","molecular_functions","DNA-binding transcription factor activity","GO:0000981","DNA-binding transcription factor activity, RNA polymerase II-specific",0.0049093070186745,"evm.utg86.58/evm.utg92.154.157/evm.utg109.23/evm.utg109.42/evm.utg116.210/evm.utg194.31/evm.utg194.35/evm.utg207.9/evm.utg207.61/evm.utg207.64/evm.utg207.80/evm.utg209.58/evm.utg214.63/evm.utg219.26/evm.utg219.28/evm.utg356.131/evm.utg377.28/evm.utg377.30/evm.utg401.67/evm.utg411.41/evm.utg464.224/evm.utg470.38/evm.utg470.49/evm.utg479.64/evm.utg505.42/evm.utg522.9/evm.utg526.19/evm.utg564.44/evm.utg564.47/evm.utg798.18/evm.utg801.23/evm.utg857.16/evm.utg857.24/evm.utg989.15/evm.utg1051.49/evm.utg1056.123/evm.utg1056.142/evm.utg1396.19/evm.utg1565.65/evm.utg1571.10/evm.utg1623.8/evm.utg2129.25/evm.utg2129.44/evm.utg2216.22/evm.utg2216.29/evm.utg2801.42/evm.utg2929.4/evm.utg3092.47/evm.utg3260.1/evm.utg3283.23/evm.utg3283.25/evm.utg3839.101/evm.utg3839.103/evm.utg4082.36/evm.utg4082.37/evm.utg5059.29/evm.utg7066.7/evm.utg7289.31/evm.utg7595.8/evm.utg8494.50/evm.utg11096.5/evm.utg15210.4/evm.utg15506.3/evm.utg25862.7/evm.utg26037.2/evm.utg44416.1","evm.utg522.9",-0.67381489519134,"ORA"
"392","combined","molecular_functions","DNA-binding transcription factor activity","GO:0000981","DNA-binding transcription factor activity, RNA polymerase II-specific",0.0049093070186745,"evm.utg86.58/evm.utg92.154.157/evm.utg109.23/evm.utg109.42/evm.utg116.210/evm.utg194.31/evm.utg194.35/evm.utg207.9/evm.utg207.61/evm.utg207.64/evm.utg207.80/evm.utg209.58/evm.utg214.63/evm.utg219.26/evm.utg219.28/evm.utg356.131/evm.utg377.28/evm.utg377.30/evm.utg401.67/evm.utg411.41/evm.utg464.224/evm.utg470.38/evm.utg470.49/evm.utg479.64/evm.utg505.42/evm.utg522.9/evm.utg526.19/evm.utg564.44/evm.utg564.47/evm.utg798.18/evm.utg801.23/evm.utg857.16/evm.utg857.24/evm.utg989.15/evm.utg1051.49/evm.utg1056.123/evm.utg1056.142/evm.utg1396.19/evm.utg1565.65/evm.utg1571.10/evm.utg1623.8/evm.utg2129.25/evm.utg2129.44/evm.utg2216.22/evm.utg2216.29/evm.utg2801.42/evm.utg2929.4/evm.utg3092.47/evm.utg3260.1/evm.utg3283.23/evm.utg3283.25/evm.utg3839.101/evm.utg3839.103/evm.utg4082.36/evm.utg4082.37/evm.utg5059.29/evm.utg7066.7/evm.utg7289.31/evm.utg7595.8/evm.utg8494.50/evm.utg11096.5/evm.utg15210.4/evm.utg15506.3/evm.utg25862.7/evm.utg26037.2/evm.utg44416.1","evm.utg526.19",-1.10934660851074,"ORA"
"393","combined","molecular_functions","DNA-binding transcription factor activity","GO:0000981","DNA-binding transcription factor activity, RNA polymerase II-specific",0.0049093070186745,"evm.utg86.58/evm.utg92.154.157/evm.utg109.23/evm.utg109.42/evm.utg116.210/evm.utg194.31/evm.utg194.35/evm.utg207.9/evm.utg207.61/evm.utg207.64/evm.utg207.80/evm.utg209.58/evm.utg214.63/evm.utg219.26/evm.utg219.28/evm.utg356.131/evm.utg377.28/evm.utg377.30/evm.utg401.67/evm.utg411.41/evm.utg464.224/evm.utg470.38/evm.utg470.49/evm.utg479.64/evm.utg505.42/evm.utg522.9/evm.utg526.19/evm.utg564.44/evm.utg564.47/evm.utg798.18/evm.utg801.23/evm.utg857.16/evm.utg857.24/evm.utg989.15/evm.utg1051.49/evm.utg1056.123/evm.utg1056.142/evm.utg1396.19/evm.utg1565.65/evm.utg1571.10/evm.utg1623.8/evm.utg2129.25/evm.utg2129.44/evm.utg2216.22/evm.utg2216.29/evm.utg2801.42/evm.utg2929.4/evm.utg3092.47/evm.utg3260.1/evm.utg3283.23/evm.utg3283.25/evm.utg3839.101/evm.utg3839.103/evm.utg4082.36/evm.utg4082.37/evm.utg5059.29/evm.utg7066.7/evm.utg7289.31/evm.utg7595.8/evm.utg8494.50/evm.utg11096.5/evm.utg15210.4/evm.utg15506.3/evm.utg25862.7/evm.utg26037.2/evm.utg44416.1","evm.utg564.44",1.22451086724178,"ORA"
"394","combined","molecular_functions","DNA-binding transcription factor activity","GO:0000981","DNA-binding transcription factor activity, RNA polymerase II-specific",0.0049093070186745,"evm.utg86.58/evm.utg92.154.157/evm.utg109.23/evm.utg109.42/evm.utg116.210/evm.utg194.31/evm.utg194.35/evm.utg207.9/evm.utg207.61/evm.utg207.64/evm.utg207.80/evm.utg209.58/evm.utg214.63/evm.utg219.26/evm.utg219.28/evm.utg356.131/evm.utg377.28/evm.utg377.30/evm.utg401.67/evm.utg411.41/evm.utg464.224/evm.utg470.38/evm.utg470.49/evm.utg479.64/evm.utg505.42/evm.utg522.9/evm.utg526.19/evm.utg564.44/evm.utg564.47/evm.utg798.18/evm.utg801.23/evm.utg857.16/evm.utg857.24/evm.utg989.15/evm.utg1051.49/evm.utg1056.123/evm.utg1056.142/evm.utg1396.19/evm.utg1565.65/evm.utg1571.10/evm.utg1623.8/evm.utg2129.25/evm.utg2129.44/evm.utg2216.22/evm.utg2216.29/evm.utg2801.42/evm.utg2929.4/evm.utg3092.47/evm.utg3260.1/evm.utg3283.23/evm.utg3283.25/evm.utg3839.101/evm.utg3839.103/evm.utg4082.36/evm.utg4082.37/evm.utg5059.29/evm.utg7066.7/evm.utg7289.31/evm.utg7595.8/evm.utg8494.50/evm.utg11096.5/evm.utg15210.4/evm.utg15506.3/evm.utg25862.7/evm.utg26037.2/evm.utg44416.1","evm.utg564.47",-1.19890218284346,"ORA"
"395","combined","molecular_functions","DNA-binding transcription factor activity","GO:0000981","DNA-binding transcription factor activity, RNA polymerase II-specific",0.0049093070186745,"evm.utg86.58/evm.utg92.154.157/evm.utg109.23/evm.utg109.42/evm.utg116.210/evm.utg194.31/evm.utg194.35/evm.utg207.9/evm.utg207.61/evm.utg207.64/evm.utg207.80/evm.utg209.58/evm.utg214.63/evm.utg219.26/evm.utg219.28/evm.utg356.131/evm.utg377.28/evm.utg377.30/evm.utg401.67/evm.utg411.41/evm.utg464.224/evm.utg470.38/evm.utg470.49/evm.utg479.64/evm.utg505.42/evm.utg522.9/evm.utg526.19/evm.utg564.44/evm.utg564.47/evm.utg798.18/evm.utg801.23/evm.utg857.16/evm.utg857.24/evm.utg989.15/evm.utg1051.49/evm.utg1056.123/evm.utg1056.142/evm.utg1396.19/evm.utg1565.65/evm.utg1571.10/evm.utg1623.8/evm.utg2129.25/evm.utg2129.44/evm.utg2216.22/evm.utg2216.29/evm.utg2801.42/evm.utg2929.4/evm.utg3092.47/evm.utg3260.1/evm.utg3283.23/evm.utg3283.25/evm.utg3839.101/evm.utg3839.103/evm.utg4082.36/evm.utg4082.37/evm.utg5059.29/evm.utg7066.7/evm.utg7289.31/evm.utg7595.8/evm.utg8494.50/evm.utg11096.5/evm.utg15210.4/evm.utg15506.3/evm.utg25862.7/evm.utg26037.2/evm.utg44416.1","evm.utg798.18",1.01197872657105,"ORA"
"396","combined","molecular_functions","DNA-binding transcription factor activity","GO:0000981","DNA-binding transcription factor activity, RNA polymerase II-specific",0.0049093070186745,"evm.utg86.58/evm.utg92.154.157/evm.utg109.23/evm.utg109.42/evm.utg116.210/evm.utg194.31/evm.utg194.35/evm.utg207.9/evm.utg207.61/evm.utg207.64/evm.utg207.80/evm.utg209.58/evm.utg214.63/evm.utg219.26/evm.utg219.28/evm.utg356.131/evm.utg377.28/evm.utg377.30/evm.utg401.67/evm.utg411.41/evm.utg464.224/evm.utg470.38/evm.utg470.49/evm.utg479.64/evm.utg505.42/evm.utg522.9/evm.utg526.19/evm.utg564.44/evm.utg564.47/evm.utg798.18/evm.utg801.23/evm.utg857.16/evm.utg857.24/evm.utg989.15/evm.utg1051.49/evm.utg1056.123/evm.utg1056.142/evm.utg1396.19/evm.utg1565.65/evm.utg1571.10/evm.utg1623.8/evm.utg2129.25/evm.utg2129.44/evm.utg2216.22/evm.utg2216.29/evm.utg2801.42/evm.utg2929.4/evm.utg3092.47/evm.utg3260.1/evm.utg3283.23/evm.utg3283.25/evm.utg3839.101/evm.utg3839.103/evm.utg4082.36/evm.utg4082.37/evm.utg5059.29/evm.utg7066.7/evm.utg7289.31/evm.utg7595.8/evm.utg8494.50/evm.utg11096.5/evm.utg15210.4/evm.utg15506.3/evm.utg25862.7/evm.utg26037.2/evm.utg44416.1","evm.utg801.23",-1.73312769507566,"ORA"
"397","combined","molecular_functions","DNA-binding transcription factor activity","GO:0000981","DNA-binding transcription factor activity, RNA polymerase II-specific",0.0049093070186745,"evm.utg86.58/evm.utg92.154.157/evm.utg109.23/evm.utg109.42/evm.utg116.210/evm.utg194.31/evm.utg194.35/evm.utg207.9/evm.utg207.61/evm.utg207.64/evm.utg207.80/evm.utg209.58/evm.utg214.63/evm.utg219.26/evm.utg219.28/evm.utg356.131/evm.utg377.28/evm.utg377.30/evm.utg401.67/evm.utg411.41/evm.utg464.224/evm.utg470.38/evm.utg470.49/evm.utg479.64/evm.utg505.42/evm.utg522.9/evm.utg526.19/evm.utg564.44/evm.utg564.47/evm.utg798.18/evm.utg801.23/evm.utg857.16/evm.utg857.24/evm.utg989.15/evm.utg1051.49/evm.utg1056.123/evm.utg1056.142/evm.utg1396.19/evm.utg1565.65/evm.utg1571.10/evm.utg1623.8/evm.utg2129.25/evm.utg2129.44/evm.utg2216.22/evm.utg2216.29/evm.utg2801.42/evm.utg2929.4/evm.utg3092.47/evm.utg3260.1/evm.utg3283.23/evm.utg3283.25/evm.utg3839.101/evm.utg3839.103/evm.utg4082.36/evm.utg4082.37/evm.utg5059.29/evm.utg7066.7/evm.utg7289.31/evm.utg7595.8/evm.utg8494.50/evm.utg11096.5/evm.utg15210.4/evm.utg15506.3/evm.utg25862.7/evm.utg26037.2/evm.utg44416.1","evm.utg857.16",-1.58098359992086,"ORA"
"398","combined","molecular_functions","DNA-binding transcription factor activity","GO:0000981","DNA-binding transcription factor activity, RNA polymerase II-specific",0.0049093070186745,"evm.utg86.58/evm.utg92.154.157/evm.utg109.23/evm.utg109.42/evm.utg116.210/evm.utg194.31/evm.utg194.35/evm.utg207.9/evm.utg207.61/evm.utg207.64/evm.utg207.80/evm.utg209.58/evm.utg214.63/evm.utg219.26/evm.utg219.28/evm.utg356.131/evm.utg377.28/evm.utg377.30/evm.utg401.67/evm.utg411.41/evm.utg464.224/evm.utg470.38/evm.utg470.49/evm.utg479.64/evm.utg505.42/evm.utg522.9/evm.utg526.19/evm.utg564.44/evm.utg564.47/evm.utg798.18/evm.utg801.23/evm.utg857.16/evm.utg857.24/evm.utg989.15/evm.utg1051.49/evm.utg1056.123/evm.utg1056.142/evm.utg1396.19/evm.utg1565.65/evm.utg1571.10/evm.utg1623.8/evm.utg2129.25/evm.utg2129.44/evm.utg2216.22/evm.utg2216.29/evm.utg2801.42/evm.utg2929.4/evm.utg3092.47/evm.utg3260.1/evm.utg3283.23/evm.utg3283.25/evm.utg3839.101/evm.utg3839.103/evm.utg4082.36/evm.utg4082.37/evm.utg5059.29/evm.utg7066.7/evm.utg7289.31/evm.utg7595.8/evm.utg8494.50/evm.utg11096.5/evm.utg15210.4/evm.utg15506.3/evm.utg25862.7/evm.utg26037.2/evm.utg44416.1","evm.utg857.24",-1.77540793375951,"ORA"
"399","combined","molecular_functions","DNA-binding transcription factor activity","GO:0000981","DNA-binding transcription factor activity, RNA polymerase II-specific",0.0049093070186745,"evm.utg86.58/evm.utg92.154.157/evm.utg109.23/evm.utg109.42/evm.utg116.210/evm.utg194.31/evm.utg194.35/evm.utg207.9/evm.utg207.61/evm.utg207.64/evm.utg207.80/evm.utg209.58/evm.utg214.63/evm.utg219.26/evm.utg219.28/evm.utg356.131/evm.utg377.28/evm.utg377.30/evm.utg401.67/evm.utg411.41/evm.utg464.224/evm.utg470.38/evm.utg470.49/evm.utg479.64/evm.utg505.42/evm.utg522.9/evm.utg526.19/evm.utg564.44/evm.utg564.47/evm.utg798.18/evm.utg801.23/evm.utg857.16/evm.utg857.24/evm.utg989.15/evm.utg1051.49/evm.utg1056.123/evm.utg1056.142/evm.utg1396.19/evm.utg1565.65/evm.utg1571.10/evm.utg1623.8/evm.utg2129.25/evm.utg2129.44/evm.utg2216.22/evm.utg2216.29/evm.utg2801.42/evm.utg2929.4/evm.utg3092.47/evm.utg3260.1/evm.utg3283.23/evm.utg3283.25/evm.utg3839.101/evm.utg3839.103/evm.utg4082.36/evm.utg4082.37/evm.utg5059.29/evm.utg7066.7/evm.utg7289.31/evm.utg7595.8/evm.utg8494.50/evm.utg11096.5/evm.utg15210.4/evm.utg15506.3/evm.utg25862.7/evm.utg26037.2/evm.utg44416.1","evm.utg989.15",-1.21028957466126,"ORA"
"400","combined","molecular_functions","DNA-binding transcription factor activity","GO:0000981","DNA-binding transcription factor activity, RNA polymerase II-specific",0.0049093070186745,"evm.utg86.58/evm.utg92.154.157/evm.utg109.23/evm.utg109.42/evm.utg116.210/evm.utg194.31/evm.utg194.35/evm.utg207.9/evm.utg207.61/evm.utg207.64/evm.utg207.80/evm.utg209.58/evm.utg214.63/evm.utg219.26/evm.utg219.28/evm.utg356.131/evm.utg377.28/evm.utg377.30/evm.utg401.67/evm.utg411.41/evm.utg464.224/evm.utg470.38/evm.utg470.49/evm.utg479.64/evm.utg505.42/evm.utg522.9/evm.utg526.19/evm.utg564.44/evm.utg564.47/evm.utg798.18/evm.utg801.23/evm.utg857.16/evm.utg857.24/evm.utg989.15/evm.utg1051.49/evm.utg1056.123/evm.utg1056.142/evm.utg1396.19/evm.utg1565.65/evm.utg1571.10/evm.utg1623.8/evm.utg2129.25/evm.utg2129.44/evm.utg2216.22/evm.utg2216.29/evm.utg2801.42/evm.utg2929.4/evm.utg3092.47/evm.utg3260.1/evm.utg3283.23/evm.utg3283.25/evm.utg3839.101/evm.utg3839.103/evm.utg4082.36/evm.utg4082.37/evm.utg5059.29/evm.utg7066.7/evm.utg7289.31/evm.utg7595.8/evm.utg8494.50/evm.utg11096.5/evm.utg15210.4/evm.utg15506.3/evm.utg25862.7/evm.utg26037.2/evm.utg44416.1","evm.utg1051.49",1.08292438098897,"ORA"
"401","combined","molecular_functions","DNA-binding transcription factor activity","GO:0000981","DNA-binding transcription factor activity, RNA polymerase II-specific",0.0049093070186745,"evm.utg86.58/evm.utg92.154.157/evm.utg109.23/evm.utg109.42/evm.utg116.210/evm.utg194.31/evm.utg194.35/evm.utg207.9/evm.utg207.61/evm.utg207.64/evm.utg207.80/evm.utg209.58/evm.utg214.63/evm.utg219.26/evm.utg219.28/evm.utg356.131/evm.utg377.28/evm.utg377.30/evm.utg401.67/evm.utg411.41/evm.utg464.224/evm.utg470.38/evm.utg470.49/evm.utg479.64/evm.utg505.42/evm.utg522.9/evm.utg526.19/evm.utg564.44/evm.utg564.47/evm.utg798.18/evm.utg801.23/evm.utg857.16/evm.utg857.24/evm.utg989.15/evm.utg1051.49/evm.utg1056.123/evm.utg1056.142/evm.utg1396.19/evm.utg1565.65/evm.utg1571.10/evm.utg1623.8/evm.utg2129.25/evm.utg2129.44/evm.utg2216.22/evm.utg2216.29/evm.utg2801.42/evm.utg2929.4/evm.utg3092.47/evm.utg3260.1/evm.utg3283.23/evm.utg3283.25/evm.utg3839.101/evm.utg3839.103/evm.utg4082.36/evm.utg4082.37/evm.utg5059.29/evm.utg7066.7/evm.utg7289.31/evm.utg7595.8/evm.utg8494.50/evm.utg11096.5/evm.utg15210.4/evm.utg15506.3/evm.utg25862.7/evm.utg26037.2/evm.utg44416.1","evm.utg1056.123",-1.04564368170871,"ORA"
"402","combined","molecular_functions","DNA-binding transcription factor activity","GO:0000981","DNA-binding transcription factor activity, RNA polymerase II-specific",0.0049093070186745,"evm.utg86.58/evm.utg92.154.157/evm.utg109.23/evm.utg109.42/evm.utg116.210/evm.utg194.31/evm.utg194.35/evm.utg207.9/evm.utg207.61/evm.utg207.64/evm.utg207.80/evm.utg209.58/evm.utg214.63/evm.utg219.26/evm.utg219.28/evm.utg356.131/evm.utg377.28/evm.utg377.30/evm.utg401.67/evm.utg411.41/evm.utg464.224/evm.utg470.38/evm.utg470.49/evm.utg479.64/evm.utg505.42/evm.utg522.9/evm.utg526.19/evm.utg564.44/evm.utg564.47/evm.utg798.18/evm.utg801.23/evm.utg857.16/evm.utg857.24/evm.utg989.15/evm.utg1051.49/evm.utg1056.123/evm.utg1056.142/evm.utg1396.19/evm.utg1565.65/evm.utg1571.10/evm.utg1623.8/evm.utg2129.25/evm.utg2129.44/evm.utg2216.22/evm.utg2216.29/evm.utg2801.42/evm.utg2929.4/evm.utg3092.47/evm.utg3260.1/evm.utg3283.23/evm.utg3283.25/evm.utg3839.101/evm.utg3839.103/evm.utg4082.36/evm.utg4082.37/evm.utg5059.29/evm.utg7066.7/evm.utg7289.31/evm.utg7595.8/evm.utg8494.50/evm.utg11096.5/evm.utg15210.4/evm.utg15506.3/evm.utg25862.7/evm.utg26037.2/evm.utg44416.1","evm.utg1056.142",-0.535456302390927,"ORA"
"403","combined","molecular_functions","DNA-binding transcription factor activity","GO:0000981","DNA-binding transcription factor activity, RNA polymerase II-specific",0.0049093070186745,"evm.utg86.58/evm.utg92.154.157/evm.utg109.23/evm.utg109.42/evm.utg116.210/evm.utg194.31/evm.utg194.35/evm.utg207.9/evm.utg207.61/evm.utg207.64/evm.utg207.80/evm.utg209.58/evm.utg214.63/evm.utg219.26/evm.utg219.28/evm.utg356.131/evm.utg377.28/evm.utg377.30/evm.utg401.67/evm.utg411.41/evm.utg464.224/evm.utg470.38/evm.utg470.49/evm.utg479.64/evm.utg505.42/evm.utg522.9/evm.utg526.19/evm.utg564.44/evm.utg564.47/evm.utg798.18/evm.utg801.23/evm.utg857.16/evm.utg857.24/evm.utg989.15/evm.utg1051.49/evm.utg1056.123/evm.utg1056.142/evm.utg1396.19/evm.utg1565.65/evm.utg1571.10/evm.utg1623.8/evm.utg2129.25/evm.utg2129.44/evm.utg2216.22/evm.utg2216.29/evm.utg2801.42/evm.utg2929.4/evm.utg3092.47/evm.utg3260.1/evm.utg3283.23/evm.utg3283.25/evm.utg3839.101/evm.utg3839.103/evm.utg4082.36/evm.utg4082.37/evm.utg5059.29/evm.utg7066.7/evm.utg7289.31/evm.utg7595.8/evm.utg8494.50/evm.utg11096.5/evm.utg15210.4/evm.utg15506.3/evm.utg25862.7/evm.utg26037.2/evm.utg44416.1","evm.utg1396.19",-1.42555207438379,"ORA"
"404","combined","molecular_functions","DNA-binding transcription factor activity","GO:0000981","DNA-binding transcription factor activity, RNA polymerase II-specific",0.0049093070186745,"evm.utg86.58/evm.utg92.154.157/evm.utg109.23/evm.utg109.42/evm.utg116.210/evm.utg194.31/evm.utg194.35/evm.utg207.9/evm.utg207.61/evm.utg207.64/evm.utg207.80/evm.utg209.58/evm.utg214.63/evm.utg219.26/evm.utg219.28/evm.utg356.131/evm.utg377.28/evm.utg377.30/evm.utg401.67/evm.utg411.41/evm.utg464.224/evm.utg470.38/evm.utg470.49/evm.utg479.64/evm.utg505.42/evm.utg522.9/evm.utg526.19/evm.utg564.44/evm.utg564.47/evm.utg798.18/evm.utg801.23/evm.utg857.16/evm.utg857.24/evm.utg989.15/evm.utg1051.49/evm.utg1056.123/evm.utg1056.142/evm.utg1396.19/evm.utg1565.65/evm.utg1571.10/evm.utg1623.8/evm.utg2129.25/evm.utg2129.44/evm.utg2216.22/evm.utg2216.29/evm.utg2801.42/evm.utg2929.4/evm.utg3092.47/evm.utg3260.1/evm.utg3283.23/evm.utg3283.25/evm.utg3839.101/evm.utg3839.103/evm.utg4082.36/evm.utg4082.37/evm.utg5059.29/evm.utg7066.7/evm.utg7289.31/evm.utg7595.8/evm.utg8494.50/evm.utg11096.5/evm.utg15210.4/evm.utg15506.3/evm.utg25862.7/evm.utg26037.2/evm.utg44416.1","evm.utg1565.65",-0.979633829719419,"ORA"
"405","combined","molecular_functions","DNA-binding transcription factor activity","GO:0000981","DNA-binding transcription factor activity, RNA polymerase II-specific",0.0049093070186745,"evm.utg86.58/evm.utg92.154.157/evm.utg109.23/evm.utg109.42/evm.utg116.210/evm.utg194.31/evm.utg194.35/evm.utg207.9/evm.utg207.61/evm.utg207.64/evm.utg207.80/evm.utg209.58/evm.utg214.63/evm.utg219.26/evm.utg219.28/evm.utg356.131/evm.utg377.28/evm.utg377.30/evm.utg401.67/evm.utg411.41/evm.utg464.224/evm.utg470.38/evm.utg470.49/evm.utg479.64/evm.utg505.42/evm.utg522.9/evm.utg526.19/evm.utg564.44/evm.utg564.47/evm.utg798.18/evm.utg801.23/evm.utg857.16/evm.utg857.24/evm.utg989.15/evm.utg1051.49/evm.utg1056.123/evm.utg1056.142/evm.utg1396.19/evm.utg1565.65/evm.utg1571.10/evm.utg1623.8/evm.utg2129.25/evm.utg2129.44/evm.utg2216.22/evm.utg2216.29/evm.utg2801.42/evm.utg2929.4/evm.utg3092.47/evm.utg3260.1/evm.utg3283.23/evm.utg3283.25/evm.utg3839.101/evm.utg3839.103/evm.utg4082.36/evm.utg4082.37/evm.utg5059.29/evm.utg7066.7/evm.utg7289.31/evm.utg7595.8/evm.utg8494.50/evm.utg11096.5/evm.utg15210.4/evm.utg15506.3/evm.utg25862.7/evm.utg26037.2/evm.utg44416.1","evm.utg1571.10",0.939992610619431,"ORA"
"406","combined","molecular_functions","DNA-binding transcription factor activity","GO:0000981","DNA-binding transcription factor activity, RNA polymerase II-specific",0.0049093070186745,"evm.utg86.58/evm.utg92.154.157/evm.utg109.23/evm.utg109.42/evm.utg116.210/evm.utg194.31/evm.utg194.35/evm.utg207.9/evm.utg207.61/evm.utg207.64/evm.utg207.80/evm.utg209.58/evm.utg214.63/evm.utg219.26/evm.utg219.28/evm.utg356.131/evm.utg377.28/evm.utg377.30/evm.utg401.67/evm.utg411.41/evm.utg464.224/evm.utg470.38/evm.utg470.49/evm.utg479.64/evm.utg505.42/evm.utg522.9/evm.utg526.19/evm.utg564.44/evm.utg564.47/evm.utg798.18/evm.utg801.23/evm.utg857.16/evm.utg857.24/evm.utg989.15/evm.utg1051.49/evm.utg1056.123/evm.utg1056.142/evm.utg1396.19/evm.utg1565.65/evm.utg1571.10/evm.utg1623.8/evm.utg2129.25/evm.utg2129.44/evm.utg2216.22/evm.utg2216.29/evm.utg2801.42/evm.utg2929.4/evm.utg3092.47/evm.utg3260.1/evm.utg3283.23/evm.utg3283.25/evm.utg3839.101/evm.utg3839.103/evm.utg4082.36/evm.utg4082.37/evm.utg5059.29/evm.utg7066.7/evm.utg7289.31/evm.utg7595.8/evm.utg8494.50/evm.utg11096.5/evm.utg15210.4/evm.utg15506.3/evm.utg25862.7/evm.utg26037.2/evm.utg44416.1","evm.utg1623.8",1.12023987199887,"ORA"
"407","combined","molecular_functions","DNA-binding transcription factor activity","GO:0000981","DNA-binding transcription factor activity, RNA polymerase II-specific",0.0049093070186745,"evm.utg86.58/evm.utg92.154.157/evm.utg109.23/evm.utg109.42/evm.utg116.210/evm.utg194.31/evm.utg194.35/evm.utg207.9/evm.utg207.61/evm.utg207.64/evm.utg207.80/evm.utg209.58/evm.utg214.63/evm.utg219.26/evm.utg219.28/evm.utg356.131/evm.utg377.28/evm.utg377.30/evm.utg401.67/evm.utg411.41/evm.utg464.224/evm.utg470.38/evm.utg470.49/evm.utg479.64/evm.utg505.42/evm.utg522.9/evm.utg526.19/evm.utg564.44/evm.utg564.47/evm.utg798.18/evm.utg801.23/evm.utg857.16/evm.utg857.24/evm.utg989.15/evm.utg1051.49/evm.utg1056.123/evm.utg1056.142/evm.utg1396.19/evm.utg1565.65/evm.utg1571.10/evm.utg1623.8/evm.utg2129.25/evm.utg2129.44/evm.utg2216.22/evm.utg2216.29/evm.utg2801.42/evm.utg2929.4/evm.utg3092.47/evm.utg3260.1/evm.utg3283.23/evm.utg3283.25/evm.utg3839.101/evm.utg3839.103/evm.utg4082.36/evm.utg4082.37/evm.utg5059.29/evm.utg7066.7/evm.utg7289.31/evm.utg7595.8/evm.utg8494.50/evm.utg11096.5/evm.utg15210.4/evm.utg15506.3/evm.utg25862.7/evm.utg26037.2/evm.utg44416.1","evm.utg2129.25",1.10927572333296,"ORA"
"408","combined","molecular_functions","DNA-binding transcription factor activity","GO:0000981","DNA-binding transcription factor activity, RNA polymerase II-specific",0.0049093070186745,"evm.utg86.58/evm.utg92.154.157/evm.utg109.23/evm.utg109.42/evm.utg116.210/evm.utg194.31/evm.utg194.35/evm.utg207.9/evm.utg207.61/evm.utg207.64/evm.utg207.80/evm.utg209.58/evm.utg214.63/evm.utg219.26/evm.utg219.28/evm.utg356.131/evm.utg377.28/evm.utg377.30/evm.utg401.67/evm.utg411.41/evm.utg464.224/evm.utg470.38/evm.utg470.49/evm.utg479.64/evm.utg505.42/evm.utg522.9/evm.utg526.19/evm.utg564.44/evm.utg564.47/evm.utg798.18/evm.utg801.23/evm.utg857.16/evm.utg857.24/evm.utg989.15/evm.utg1051.49/evm.utg1056.123/evm.utg1056.142/evm.utg1396.19/evm.utg1565.65/evm.utg1571.10/evm.utg1623.8/evm.utg2129.25/evm.utg2129.44/evm.utg2216.22/evm.utg2216.29/evm.utg2801.42/evm.utg2929.4/evm.utg3092.47/evm.utg3260.1/evm.utg3283.23/evm.utg3283.25/evm.utg3839.101/evm.utg3839.103/evm.utg4082.36/evm.utg4082.37/evm.utg5059.29/evm.utg7066.7/evm.utg7289.31/evm.utg7595.8/evm.utg8494.50/evm.utg11096.5/evm.utg15210.4/evm.utg15506.3/evm.utg25862.7/evm.utg26037.2/evm.utg44416.1","evm.utg2129.44",4.95171313683644,"ORA"
"409","combined","molecular_functions","DNA-binding transcription factor activity","GO:0000981","DNA-binding transcription factor activity, RNA polymerase II-specific",0.0049093070186745,"evm.utg86.58/evm.utg92.154.157/evm.utg109.23/evm.utg109.42/evm.utg116.210/evm.utg194.31/evm.utg194.35/evm.utg207.9/evm.utg207.61/evm.utg207.64/evm.utg207.80/evm.utg209.58/evm.utg214.63/evm.utg219.26/evm.utg219.28/evm.utg356.131/evm.utg377.28/evm.utg377.30/evm.utg401.67/evm.utg411.41/evm.utg464.224/evm.utg470.38/evm.utg470.49/evm.utg479.64/evm.utg505.42/evm.utg522.9/evm.utg526.19/evm.utg564.44/evm.utg564.47/evm.utg798.18/evm.utg801.23/evm.utg857.16/evm.utg857.24/evm.utg989.15/evm.utg1051.49/evm.utg1056.123/evm.utg1056.142/evm.utg1396.19/evm.utg1565.65/evm.utg1571.10/evm.utg1623.8/evm.utg2129.25/evm.utg2129.44/evm.utg2216.22/evm.utg2216.29/evm.utg2801.42/evm.utg2929.4/evm.utg3092.47/evm.utg3260.1/evm.utg3283.23/evm.utg3283.25/evm.utg3839.101/evm.utg3839.103/evm.utg4082.36/evm.utg4082.37/evm.utg5059.29/evm.utg7066.7/evm.utg7289.31/evm.utg7595.8/evm.utg8494.50/evm.utg11096.5/evm.utg15210.4/evm.utg15506.3/evm.utg25862.7/evm.utg26037.2/evm.utg44416.1","evm.utg2216.22",-1.47135616625851,"ORA"
"410","combined","molecular_functions","DNA-binding transcription factor activity","GO:0000981","DNA-binding transcription factor activity, RNA polymerase II-specific",0.0049093070186745,"evm.utg86.58/evm.utg92.154.157/evm.utg109.23/evm.utg109.42/evm.utg116.210/evm.utg194.31/evm.utg194.35/evm.utg207.9/evm.utg207.61/evm.utg207.64/evm.utg207.80/evm.utg209.58/evm.utg214.63/evm.utg219.26/evm.utg219.28/evm.utg356.131/evm.utg377.28/evm.utg377.30/evm.utg401.67/evm.utg411.41/evm.utg464.224/evm.utg470.38/evm.utg470.49/evm.utg479.64/evm.utg505.42/evm.utg522.9/evm.utg526.19/evm.utg564.44/evm.utg564.47/evm.utg798.18/evm.utg801.23/evm.utg857.16/evm.utg857.24/evm.utg989.15/evm.utg1051.49/evm.utg1056.123/evm.utg1056.142/evm.utg1396.19/evm.utg1565.65/evm.utg1571.10/evm.utg1623.8/evm.utg2129.25/evm.utg2129.44/evm.utg2216.22/evm.utg2216.29/evm.utg2801.42/evm.utg2929.4/evm.utg3092.47/evm.utg3260.1/evm.utg3283.23/evm.utg3283.25/evm.utg3839.101/evm.utg3839.103/evm.utg4082.36/evm.utg4082.37/evm.utg5059.29/evm.utg7066.7/evm.utg7289.31/evm.utg7595.8/evm.utg8494.50/evm.utg11096.5/evm.utg15210.4/evm.utg15506.3/evm.utg25862.7/evm.utg26037.2/evm.utg44416.1","evm.utg2216.29",1.24756371245127,"ORA"
"411","combined","molecular_functions","DNA-binding transcription factor activity","GO:0000981","DNA-binding transcription factor activity, RNA polymerase II-specific",0.0049093070186745,"evm.utg86.58/evm.utg92.154.157/evm.utg109.23/evm.utg109.42/evm.utg116.210/evm.utg194.31/evm.utg194.35/evm.utg207.9/evm.utg207.61/evm.utg207.64/evm.utg207.80/evm.utg209.58/evm.utg214.63/evm.utg219.26/evm.utg219.28/evm.utg356.131/evm.utg377.28/evm.utg377.30/evm.utg401.67/evm.utg411.41/evm.utg464.224/evm.utg470.38/evm.utg470.49/evm.utg479.64/evm.utg505.42/evm.utg522.9/evm.utg526.19/evm.utg564.44/evm.utg564.47/evm.utg798.18/evm.utg801.23/evm.utg857.16/evm.utg857.24/evm.utg989.15/evm.utg1051.49/evm.utg1056.123/evm.utg1056.142/evm.utg1396.19/evm.utg1565.65/evm.utg1571.10/evm.utg1623.8/evm.utg2129.25/evm.utg2129.44/evm.utg2216.22/evm.utg2216.29/evm.utg2801.42/evm.utg2929.4/evm.utg3092.47/evm.utg3260.1/evm.utg3283.23/evm.utg3283.25/evm.utg3839.101/evm.utg3839.103/evm.utg4082.36/evm.utg4082.37/evm.utg5059.29/evm.utg7066.7/evm.utg7289.31/evm.utg7595.8/evm.utg8494.50/evm.utg11096.5/evm.utg15210.4/evm.utg15506.3/evm.utg25862.7/evm.utg26037.2/evm.utg44416.1","evm.utg2801.42",2.49813563750901,"ORA"
"412","combined","molecular_functions","DNA-binding transcription factor activity","GO:0000981","DNA-binding transcription factor activity, RNA polymerase II-specific",0.0049093070186745,"evm.utg86.58/evm.utg92.154.157/evm.utg109.23/evm.utg109.42/evm.utg116.210/evm.utg194.31/evm.utg194.35/evm.utg207.9/evm.utg207.61/evm.utg207.64/evm.utg207.80/evm.utg209.58/evm.utg214.63/evm.utg219.26/evm.utg219.28/evm.utg356.131/evm.utg377.28/evm.utg377.30/evm.utg401.67/evm.utg411.41/evm.utg464.224/evm.utg470.38/evm.utg470.49/evm.utg479.64/evm.utg505.42/evm.utg522.9/evm.utg526.19/evm.utg564.44/evm.utg564.47/evm.utg798.18/evm.utg801.23/evm.utg857.16/evm.utg857.24/evm.utg989.15/evm.utg1051.49/evm.utg1056.123/evm.utg1056.142/evm.utg1396.19/evm.utg1565.65/evm.utg1571.10/evm.utg1623.8/evm.utg2129.25/evm.utg2129.44/evm.utg2216.22/evm.utg2216.29/evm.utg2801.42/evm.utg2929.4/evm.utg3092.47/evm.utg3260.1/evm.utg3283.23/evm.utg3283.25/evm.utg3839.101/evm.utg3839.103/evm.utg4082.36/evm.utg4082.37/evm.utg5059.29/evm.utg7066.7/evm.utg7289.31/evm.utg7595.8/evm.utg8494.50/evm.utg11096.5/evm.utg15210.4/evm.utg15506.3/evm.utg25862.7/evm.utg26037.2/evm.utg44416.1","evm.utg2929.4",-0.619754608079392,"ORA"
"413","combined","molecular_functions","DNA-binding transcription factor activity","GO:0000981","DNA-binding transcription factor activity, RNA polymerase II-specific",0.0049093070186745,"evm.utg86.58/evm.utg92.154.157/evm.utg109.23/evm.utg109.42/evm.utg116.210/evm.utg194.31/evm.utg194.35/evm.utg207.9/evm.utg207.61/evm.utg207.64/evm.utg207.80/evm.utg209.58/evm.utg214.63/evm.utg219.26/evm.utg219.28/evm.utg356.131/evm.utg377.28/evm.utg377.30/evm.utg401.67/evm.utg411.41/evm.utg464.224/evm.utg470.38/evm.utg470.49/evm.utg479.64/evm.utg505.42/evm.utg522.9/evm.utg526.19/evm.utg564.44/evm.utg564.47/evm.utg798.18/evm.utg801.23/evm.utg857.16/evm.utg857.24/evm.utg989.15/evm.utg1051.49/evm.utg1056.123/evm.utg1056.142/evm.utg1396.19/evm.utg1565.65/evm.utg1571.10/evm.utg1623.8/evm.utg2129.25/evm.utg2129.44/evm.utg2216.22/evm.utg2216.29/evm.utg2801.42/evm.utg2929.4/evm.utg3092.47/evm.utg3260.1/evm.utg3283.23/evm.utg3283.25/evm.utg3839.101/evm.utg3839.103/evm.utg4082.36/evm.utg4082.37/evm.utg5059.29/evm.utg7066.7/evm.utg7289.31/evm.utg7595.8/evm.utg8494.50/evm.utg11096.5/evm.utg15210.4/evm.utg15506.3/evm.utg25862.7/evm.utg26037.2/evm.utg44416.1","evm.utg3092.47",1.37581930381251,"ORA"
"414","combined","molecular_functions","DNA-binding transcription factor activity","GO:0000981","DNA-binding transcription factor activity, RNA polymerase II-specific",0.0049093070186745,"evm.utg86.58/evm.utg92.154.157/evm.utg109.23/evm.utg109.42/evm.utg116.210/evm.utg194.31/evm.utg194.35/evm.utg207.9/evm.utg207.61/evm.utg207.64/evm.utg207.80/evm.utg209.58/evm.utg214.63/evm.utg219.26/evm.utg219.28/evm.utg356.131/evm.utg377.28/evm.utg377.30/evm.utg401.67/evm.utg411.41/evm.utg464.224/evm.utg470.38/evm.utg470.49/evm.utg479.64/evm.utg505.42/evm.utg522.9/evm.utg526.19/evm.utg564.44/evm.utg564.47/evm.utg798.18/evm.utg801.23/evm.utg857.16/evm.utg857.24/evm.utg989.15/evm.utg1051.49/evm.utg1056.123/evm.utg1056.142/evm.utg1396.19/evm.utg1565.65/evm.utg1571.10/evm.utg1623.8/evm.utg2129.25/evm.utg2129.44/evm.utg2216.22/evm.utg2216.29/evm.utg2801.42/evm.utg2929.4/evm.utg3092.47/evm.utg3260.1/evm.utg3283.23/evm.utg3283.25/evm.utg3839.101/evm.utg3839.103/evm.utg4082.36/evm.utg4082.37/evm.utg5059.29/evm.utg7066.7/evm.utg7289.31/evm.utg7595.8/evm.utg8494.50/evm.utg11096.5/evm.utg15210.4/evm.utg15506.3/evm.utg25862.7/evm.utg26037.2/evm.utg44416.1","evm.utg3260.1",-2.37572222689241,"ORA"
"415","combined","molecular_functions","DNA-binding transcription factor activity","GO:0000981","DNA-binding transcription factor activity, RNA polymerase II-specific",0.0049093070186745,"evm.utg86.58/evm.utg92.154.157/evm.utg109.23/evm.utg109.42/evm.utg116.210/evm.utg194.31/evm.utg194.35/evm.utg207.9/evm.utg207.61/evm.utg207.64/evm.utg207.80/evm.utg209.58/evm.utg214.63/evm.utg219.26/evm.utg219.28/evm.utg356.131/evm.utg377.28/evm.utg377.30/evm.utg401.67/evm.utg411.41/evm.utg464.224/evm.utg470.38/evm.utg470.49/evm.utg479.64/evm.utg505.42/evm.utg522.9/evm.utg526.19/evm.utg564.44/evm.utg564.47/evm.utg798.18/evm.utg801.23/evm.utg857.16/evm.utg857.24/evm.utg989.15/evm.utg1051.49/evm.utg1056.123/evm.utg1056.142/evm.utg1396.19/evm.utg1565.65/evm.utg1571.10/evm.utg1623.8/evm.utg2129.25/evm.utg2129.44/evm.utg2216.22/evm.utg2216.29/evm.utg2801.42/evm.utg2929.4/evm.utg3092.47/evm.utg3260.1/evm.utg3283.23/evm.utg3283.25/evm.utg3839.101/evm.utg3839.103/evm.utg4082.36/evm.utg4082.37/evm.utg5059.29/evm.utg7066.7/evm.utg7289.31/evm.utg7595.8/evm.utg8494.50/evm.utg11096.5/evm.utg15210.4/evm.utg15506.3/evm.utg25862.7/evm.utg26037.2/evm.utg44416.1","evm.utg3283.23",-1.34500055735704,"ORA"
"416","combined","molecular_functions","DNA-binding transcription factor activity","GO:0000981","DNA-binding transcription factor activity, RNA polymerase II-specific",0.0049093070186745,"evm.utg86.58/evm.utg92.154.157/evm.utg109.23/evm.utg109.42/evm.utg116.210/evm.utg194.31/evm.utg194.35/evm.utg207.9/evm.utg207.61/evm.utg207.64/evm.utg207.80/evm.utg209.58/evm.utg214.63/evm.utg219.26/evm.utg219.28/evm.utg356.131/evm.utg377.28/evm.utg377.30/evm.utg401.67/evm.utg411.41/evm.utg464.224/evm.utg470.38/evm.utg470.49/evm.utg479.64/evm.utg505.42/evm.utg522.9/evm.utg526.19/evm.utg564.44/evm.utg564.47/evm.utg798.18/evm.utg801.23/evm.utg857.16/evm.utg857.24/evm.utg989.15/evm.utg1051.49/evm.utg1056.123/evm.utg1056.142/evm.utg1396.19/evm.utg1565.65/evm.utg1571.10/evm.utg1623.8/evm.utg2129.25/evm.utg2129.44/evm.utg2216.22/evm.utg2216.29/evm.utg2801.42/evm.utg2929.4/evm.utg3092.47/evm.utg3260.1/evm.utg3283.23/evm.utg3283.25/evm.utg3839.101/evm.utg3839.103/evm.utg4082.36/evm.utg4082.37/evm.utg5059.29/evm.utg7066.7/evm.utg7289.31/evm.utg7595.8/evm.utg8494.50/evm.utg11096.5/evm.utg15210.4/evm.utg15506.3/evm.utg25862.7/evm.utg26037.2/evm.utg44416.1","evm.utg3283.25",-0.914445103673866,"ORA"
"417","combined","molecular_functions","DNA-binding transcription factor activity","GO:0000981","DNA-binding transcription factor activity, RNA polymerase II-specific",0.0049093070186745,"evm.utg86.58/evm.utg92.154.157/evm.utg109.23/evm.utg109.42/evm.utg116.210/evm.utg194.31/evm.utg194.35/evm.utg207.9/evm.utg207.61/evm.utg207.64/evm.utg207.80/evm.utg209.58/evm.utg214.63/evm.utg219.26/evm.utg219.28/evm.utg356.131/evm.utg377.28/evm.utg377.30/evm.utg401.67/evm.utg411.41/evm.utg464.224/evm.utg470.38/evm.utg470.49/evm.utg479.64/evm.utg505.42/evm.utg522.9/evm.utg526.19/evm.utg564.44/evm.utg564.47/evm.utg798.18/evm.utg801.23/evm.utg857.16/evm.utg857.24/evm.utg989.15/evm.utg1051.49/evm.utg1056.123/evm.utg1056.142/evm.utg1396.19/evm.utg1565.65/evm.utg1571.10/evm.utg1623.8/evm.utg2129.25/evm.utg2129.44/evm.utg2216.22/evm.utg2216.29/evm.utg2801.42/evm.utg2929.4/evm.utg3092.47/evm.utg3260.1/evm.utg3283.23/evm.utg3283.25/evm.utg3839.101/evm.utg3839.103/evm.utg4082.36/evm.utg4082.37/evm.utg5059.29/evm.utg7066.7/evm.utg7289.31/evm.utg7595.8/evm.utg8494.50/evm.utg11096.5/evm.utg15210.4/evm.utg15506.3/evm.utg25862.7/evm.utg26037.2/evm.utg44416.1","evm.utg3839.101",-1.29347784156354,"ORA"
"418","combined","molecular_functions","DNA-binding transcription factor activity","GO:0000981","DNA-binding transcription factor activity, RNA polymerase II-specific",0.0049093070186745,"evm.utg86.58/evm.utg92.154.157/evm.utg109.23/evm.utg109.42/evm.utg116.210/evm.utg194.31/evm.utg194.35/evm.utg207.9/evm.utg207.61/evm.utg207.64/evm.utg207.80/evm.utg209.58/evm.utg214.63/evm.utg219.26/evm.utg219.28/evm.utg356.131/evm.utg377.28/evm.utg377.30/evm.utg401.67/evm.utg411.41/evm.utg464.224/evm.utg470.38/evm.utg470.49/evm.utg479.64/evm.utg505.42/evm.utg522.9/evm.utg526.19/evm.utg564.44/evm.utg564.47/evm.utg798.18/evm.utg801.23/evm.utg857.16/evm.utg857.24/evm.utg989.15/evm.utg1051.49/evm.utg1056.123/evm.utg1056.142/evm.utg1396.19/evm.utg1565.65/evm.utg1571.10/evm.utg1623.8/evm.utg2129.25/evm.utg2129.44/evm.utg2216.22/evm.utg2216.29/evm.utg2801.42/evm.utg2929.4/evm.utg3092.47/evm.utg3260.1/evm.utg3283.23/evm.utg3283.25/evm.utg3839.101/evm.utg3839.103/evm.utg4082.36/evm.utg4082.37/evm.utg5059.29/evm.utg7066.7/evm.utg7289.31/evm.utg7595.8/evm.utg8494.50/evm.utg11096.5/evm.utg15210.4/evm.utg15506.3/evm.utg25862.7/evm.utg26037.2/evm.utg44416.1","evm.utg3839.103",-2.75130479911923,"ORA"
"419","combined","molecular_functions","DNA-binding transcription factor activity","GO:0000981","DNA-binding transcription factor activity, RNA polymerase II-specific",0.0049093070186745,"evm.utg86.58/evm.utg92.154.157/evm.utg109.23/evm.utg109.42/evm.utg116.210/evm.utg194.31/evm.utg194.35/evm.utg207.9/evm.utg207.61/evm.utg207.64/evm.utg207.80/evm.utg209.58/evm.utg214.63/evm.utg219.26/evm.utg219.28/evm.utg356.131/evm.utg377.28/evm.utg377.30/evm.utg401.67/evm.utg411.41/evm.utg464.224/evm.utg470.38/evm.utg470.49/evm.utg479.64/evm.utg505.42/evm.utg522.9/evm.utg526.19/evm.utg564.44/evm.utg564.47/evm.utg798.18/evm.utg801.23/evm.utg857.16/evm.utg857.24/evm.utg989.15/evm.utg1051.49/evm.utg1056.123/evm.utg1056.142/evm.utg1396.19/evm.utg1565.65/evm.utg1571.10/evm.utg1623.8/evm.utg2129.25/evm.utg2129.44/evm.utg2216.22/evm.utg2216.29/evm.utg2801.42/evm.utg2929.4/evm.utg3092.47/evm.utg3260.1/evm.utg3283.23/evm.utg3283.25/evm.utg3839.101/evm.utg3839.103/evm.utg4082.36/evm.utg4082.37/evm.utg5059.29/evm.utg7066.7/evm.utg7289.31/evm.utg7595.8/evm.utg8494.50/evm.utg11096.5/evm.utg15210.4/evm.utg15506.3/evm.utg25862.7/evm.utg26037.2/evm.utg44416.1","evm.utg4082.36",-4.66088259956761,"ORA"
"420","combined","molecular_functions","DNA-binding transcription factor activity","GO:0000981","DNA-binding transcription factor activity, RNA polymerase II-specific",0.0049093070186745,"evm.utg86.58/evm.utg92.154.157/evm.utg109.23/evm.utg109.42/evm.utg116.210/evm.utg194.31/evm.utg194.35/evm.utg207.9/evm.utg207.61/evm.utg207.64/evm.utg207.80/evm.utg209.58/evm.utg214.63/evm.utg219.26/evm.utg219.28/evm.utg356.131/evm.utg377.28/evm.utg377.30/evm.utg401.67/evm.utg411.41/evm.utg464.224/evm.utg470.38/evm.utg470.49/evm.utg479.64/evm.utg505.42/evm.utg522.9/evm.utg526.19/evm.utg564.44/evm.utg564.47/evm.utg798.18/evm.utg801.23/evm.utg857.16/evm.utg857.24/evm.utg989.15/evm.utg1051.49/evm.utg1056.123/evm.utg1056.142/evm.utg1396.19/evm.utg1565.65/evm.utg1571.10/evm.utg1623.8/evm.utg2129.25/evm.utg2129.44/evm.utg2216.22/evm.utg2216.29/evm.utg2801.42/evm.utg2929.4/evm.utg3092.47/evm.utg3260.1/evm.utg3283.23/evm.utg3283.25/evm.utg3839.101/evm.utg3839.103/evm.utg4082.36/evm.utg4082.37/evm.utg5059.29/evm.utg7066.7/evm.utg7289.31/evm.utg7595.8/evm.utg8494.50/evm.utg11096.5/evm.utg15210.4/evm.utg15506.3/evm.utg25862.7/evm.utg26037.2/evm.utg44416.1","evm.utg4082.37",-1.73447399437807,"ORA"
"421","combined","molecular_functions","DNA-binding transcription factor activity","GO:0000981","DNA-binding transcription factor activity, RNA polymerase II-specific",0.0049093070186745,"evm.utg86.58/evm.utg92.154.157/evm.utg109.23/evm.utg109.42/evm.utg116.210/evm.utg194.31/evm.utg194.35/evm.utg207.9/evm.utg207.61/evm.utg207.64/evm.utg207.80/evm.utg209.58/evm.utg214.63/evm.utg219.26/evm.utg219.28/evm.utg356.131/evm.utg377.28/evm.utg377.30/evm.utg401.67/evm.utg411.41/evm.utg464.224/evm.utg470.38/evm.utg470.49/evm.utg479.64/evm.utg505.42/evm.utg522.9/evm.utg526.19/evm.utg564.44/evm.utg564.47/evm.utg798.18/evm.utg801.23/evm.utg857.16/evm.utg857.24/evm.utg989.15/evm.utg1051.49/evm.utg1056.123/evm.utg1056.142/evm.utg1396.19/evm.utg1565.65/evm.utg1571.10/evm.utg1623.8/evm.utg2129.25/evm.utg2129.44/evm.utg2216.22/evm.utg2216.29/evm.utg2801.42/evm.utg2929.4/evm.utg3092.47/evm.utg3260.1/evm.utg3283.23/evm.utg3283.25/evm.utg3839.101/evm.utg3839.103/evm.utg4082.36/evm.utg4082.37/evm.utg5059.29/evm.utg7066.7/evm.utg7289.31/evm.utg7595.8/evm.utg8494.50/evm.utg11096.5/evm.utg15210.4/evm.utg15506.3/evm.utg25862.7/evm.utg26037.2/evm.utg44416.1","evm.utg5059.29",-1.33779446413053,"ORA"
"422","combined","molecular_functions","DNA-binding transcription factor activity","GO:0000981","DNA-binding transcription factor activity, RNA polymerase II-specific",0.0049093070186745,"evm.utg86.58/evm.utg92.154.157/evm.utg109.23/evm.utg109.42/evm.utg116.210/evm.utg194.31/evm.utg194.35/evm.utg207.9/evm.utg207.61/evm.utg207.64/evm.utg207.80/evm.utg209.58/evm.utg214.63/evm.utg219.26/evm.utg219.28/evm.utg356.131/evm.utg377.28/evm.utg377.30/evm.utg401.67/evm.utg411.41/evm.utg464.224/evm.utg470.38/evm.utg470.49/evm.utg479.64/evm.utg505.42/evm.utg522.9/evm.utg526.19/evm.utg564.44/evm.utg564.47/evm.utg798.18/evm.utg801.23/evm.utg857.16/evm.utg857.24/evm.utg989.15/evm.utg1051.49/evm.utg1056.123/evm.utg1056.142/evm.utg1396.19/evm.utg1565.65/evm.utg1571.10/evm.utg1623.8/evm.utg2129.25/evm.utg2129.44/evm.utg2216.22/evm.utg2216.29/evm.utg2801.42/evm.utg2929.4/evm.utg3092.47/evm.utg3260.1/evm.utg3283.23/evm.utg3283.25/evm.utg3839.101/evm.utg3839.103/evm.utg4082.36/evm.utg4082.37/evm.utg5059.29/evm.utg7066.7/evm.utg7289.31/evm.utg7595.8/evm.utg8494.50/evm.utg11096.5/evm.utg15210.4/evm.utg15506.3/evm.utg25862.7/evm.utg26037.2/evm.utg44416.1","evm.utg7066.7",0.83300912451626,"ORA"
"423","combined","molecular_functions","DNA-binding transcription factor activity","GO:0000981","DNA-binding transcription factor activity, RNA polymerase II-specific",0.0049093070186745,"evm.utg86.58/evm.utg92.154.157/evm.utg109.23/evm.utg109.42/evm.utg116.210/evm.utg194.31/evm.utg194.35/evm.utg207.9/evm.utg207.61/evm.utg207.64/evm.utg207.80/evm.utg209.58/evm.utg214.63/evm.utg219.26/evm.utg219.28/evm.utg356.131/evm.utg377.28/evm.utg377.30/evm.utg401.67/evm.utg411.41/evm.utg464.224/evm.utg470.38/evm.utg470.49/evm.utg479.64/evm.utg505.42/evm.utg522.9/evm.utg526.19/evm.utg564.44/evm.utg564.47/evm.utg798.18/evm.utg801.23/evm.utg857.16/evm.utg857.24/evm.utg989.15/evm.utg1051.49/evm.utg1056.123/evm.utg1056.142/evm.utg1396.19/evm.utg1565.65/evm.utg1571.10/evm.utg1623.8/evm.utg2129.25/evm.utg2129.44/evm.utg2216.22/evm.utg2216.29/evm.utg2801.42/evm.utg2929.4/evm.utg3092.47/evm.utg3260.1/evm.utg3283.23/evm.utg3283.25/evm.utg3839.101/evm.utg3839.103/evm.utg4082.36/evm.utg4082.37/evm.utg5059.29/evm.utg7066.7/evm.utg7289.31/evm.utg7595.8/evm.utg8494.50/evm.utg11096.5/evm.utg15210.4/evm.utg15506.3/evm.utg25862.7/evm.utg26037.2/evm.utg44416.1","evm.utg7289.31",-1.63851415720548,"ORA"
"424","combined","molecular_functions","DNA-binding transcription factor activity","GO:0000981","DNA-binding transcription factor activity, RNA polymerase II-specific",0.0049093070186745,"evm.utg86.58/evm.utg92.154.157/evm.utg109.23/evm.utg109.42/evm.utg116.210/evm.utg194.31/evm.utg194.35/evm.utg207.9/evm.utg207.61/evm.utg207.64/evm.utg207.80/evm.utg209.58/evm.utg214.63/evm.utg219.26/evm.utg219.28/evm.utg356.131/evm.utg377.28/evm.utg377.30/evm.utg401.67/evm.utg411.41/evm.utg464.224/evm.utg470.38/evm.utg470.49/evm.utg479.64/evm.utg505.42/evm.utg522.9/evm.utg526.19/evm.utg564.44/evm.utg564.47/evm.utg798.18/evm.utg801.23/evm.utg857.16/evm.utg857.24/evm.utg989.15/evm.utg1051.49/evm.utg1056.123/evm.utg1056.142/evm.utg1396.19/evm.utg1565.65/evm.utg1571.10/evm.utg1623.8/evm.utg2129.25/evm.utg2129.44/evm.utg2216.22/evm.utg2216.29/evm.utg2801.42/evm.utg2929.4/evm.utg3092.47/evm.utg3260.1/evm.utg3283.23/evm.utg3283.25/evm.utg3839.101/evm.utg3839.103/evm.utg4082.36/evm.utg4082.37/evm.utg5059.29/evm.utg7066.7/evm.utg7289.31/evm.utg7595.8/evm.utg8494.50/evm.utg11096.5/evm.utg15210.4/evm.utg15506.3/evm.utg25862.7/evm.utg26037.2/evm.utg44416.1","evm.utg7595.8",1.82024996103242,"ORA"
"425","combined","molecular_functions","DNA-binding transcription factor activity","GO:0000981","DNA-binding transcription factor activity, RNA polymerase II-specific",0.0049093070186745,"evm.utg86.58/evm.utg92.154.157/evm.utg109.23/evm.utg109.42/evm.utg116.210/evm.utg194.31/evm.utg194.35/evm.utg207.9/evm.utg207.61/evm.utg207.64/evm.utg207.80/evm.utg209.58/evm.utg214.63/evm.utg219.26/evm.utg219.28/evm.utg356.131/evm.utg377.28/evm.utg377.30/evm.utg401.67/evm.utg411.41/evm.utg464.224/evm.utg470.38/evm.utg470.49/evm.utg479.64/evm.utg505.42/evm.utg522.9/evm.utg526.19/evm.utg564.44/evm.utg564.47/evm.utg798.18/evm.utg801.23/evm.utg857.16/evm.utg857.24/evm.utg989.15/evm.utg1051.49/evm.utg1056.123/evm.utg1056.142/evm.utg1396.19/evm.utg1565.65/evm.utg1571.10/evm.utg1623.8/evm.utg2129.25/evm.utg2129.44/evm.utg2216.22/evm.utg2216.29/evm.utg2801.42/evm.utg2929.4/evm.utg3092.47/evm.utg3260.1/evm.utg3283.23/evm.utg3283.25/evm.utg3839.101/evm.utg3839.103/evm.utg4082.36/evm.utg4082.37/evm.utg5059.29/evm.utg7066.7/evm.utg7289.31/evm.utg7595.8/evm.utg8494.50/evm.utg11096.5/evm.utg15210.4/evm.utg15506.3/evm.utg25862.7/evm.utg26037.2/evm.utg44416.1","evm.utg8494.50",1.90815233626454,"ORA"
"426","combined","molecular_functions","DNA-binding transcription factor activity","GO:0000981","DNA-binding transcription factor activity, RNA polymerase II-specific",0.0049093070186745,"evm.utg86.58/evm.utg92.154.157/evm.utg109.23/evm.utg109.42/evm.utg116.210/evm.utg194.31/evm.utg194.35/evm.utg207.9/evm.utg207.61/evm.utg207.64/evm.utg207.80/evm.utg209.58/evm.utg214.63/evm.utg219.26/evm.utg219.28/evm.utg356.131/evm.utg377.28/evm.utg377.30/evm.utg401.67/evm.utg411.41/evm.utg464.224/evm.utg470.38/evm.utg470.49/evm.utg479.64/evm.utg505.42/evm.utg522.9/evm.utg526.19/evm.utg564.44/evm.utg564.47/evm.utg798.18/evm.utg801.23/evm.utg857.16/evm.utg857.24/evm.utg989.15/evm.utg1051.49/evm.utg1056.123/evm.utg1056.142/evm.utg1396.19/evm.utg1565.65/evm.utg1571.10/evm.utg1623.8/evm.utg2129.25/evm.utg2129.44/evm.utg2216.22/evm.utg2216.29/evm.utg2801.42/evm.utg2929.4/evm.utg3092.47/evm.utg3260.1/evm.utg3283.23/evm.utg3283.25/evm.utg3839.101/evm.utg3839.103/evm.utg4082.36/evm.utg4082.37/evm.utg5059.29/evm.utg7066.7/evm.utg7289.31/evm.utg7595.8/evm.utg8494.50/evm.utg11096.5/evm.utg15210.4/evm.utg15506.3/evm.utg25862.7/evm.utg26037.2/evm.utg44416.1","evm.utg11096.5",1.0112751548654,"ORA"
"427","combined","molecular_functions","DNA-binding transcription factor activity","GO:0000981","DNA-binding transcription factor activity, RNA polymerase II-specific",0.0049093070186745,"evm.utg86.58/evm.utg92.154.157/evm.utg109.23/evm.utg109.42/evm.utg116.210/evm.utg194.31/evm.utg194.35/evm.utg207.9/evm.utg207.61/evm.utg207.64/evm.utg207.80/evm.utg209.58/evm.utg214.63/evm.utg219.26/evm.utg219.28/evm.utg356.131/evm.utg377.28/evm.utg377.30/evm.utg401.67/evm.utg411.41/evm.utg464.224/evm.utg470.38/evm.utg470.49/evm.utg479.64/evm.utg505.42/evm.utg522.9/evm.utg526.19/evm.utg564.44/evm.utg564.47/evm.utg798.18/evm.utg801.23/evm.utg857.16/evm.utg857.24/evm.utg989.15/evm.utg1051.49/evm.utg1056.123/evm.utg1056.142/evm.utg1396.19/evm.utg1565.65/evm.utg1571.10/evm.utg1623.8/evm.utg2129.25/evm.utg2129.44/evm.utg2216.22/evm.utg2216.29/evm.utg2801.42/evm.utg2929.4/evm.utg3092.47/evm.utg3260.1/evm.utg3283.23/evm.utg3283.25/evm.utg3839.101/evm.utg3839.103/evm.utg4082.36/evm.utg4082.37/evm.utg5059.29/evm.utg7066.7/evm.utg7289.31/evm.utg7595.8/evm.utg8494.50/evm.utg11096.5/evm.utg15210.4/evm.utg15506.3/evm.utg25862.7/evm.utg26037.2/evm.utg44416.1","evm.utg15210.4",0.905765752652608,"ORA"
"428","combined","molecular_functions","DNA-binding transcription factor activity","GO:0000981","DNA-binding transcription factor activity, RNA polymerase II-specific",0.0049093070186745,"evm.utg86.58/evm.utg92.154.157/evm.utg109.23/evm.utg109.42/evm.utg116.210/evm.utg194.31/evm.utg194.35/evm.utg207.9/evm.utg207.61/evm.utg207.64/evm.utg207.80/evm.utg209.58/evm.utg214.63/evm.utg219.26/evm.utg219.28/evm.utg356.131/evm.utg377.28/evm.utg377.30/evm.utg401.67/evm.utg411.41/evm.utg464.224/evm.utg470.38/evm.utg470.49/evm.utg479.64/evm.utg505.42/evm.utg522.9/evm.utg526.19/evm.utg564.44/evm.utg564.47/evm.utg798.18/evm.utg801.23/evm.utg857.16/evm.utg857.24/evm.utg989.15/evm.utg1051.49/evm.utg1056.123/evm.utg1056.142/evm.utg1396.19/evm.utg1565.65/evm.utg1571.10/evm.utg1623.8/evm.utg2129.25/evm.utg2129.44/evm.utg2216.22/evm.utg2216.29/evm.utg2801.42/evm.utg2929.4/evm.utg3092.47/evm.utg3260.1/evm.utg3283.23/evm.utg3283.25/evm.utg3839.101/evm.utg3839.103/evm.utg4082.36/evm.utg4082.37/evm.utg5059.29/evm.utg7066.7/evm.utg7289.31/evm.utg7595.8/evm.utg8494.50/evm.utg11096.5/evm.utg15210.4/evm.utg15506.3/evm.utg25862.7/evm.utg26037.2/evm.utg44416.1","evm.utg15506.3",-2.17915973809057,"ORA"
"429","combined","molecular_functions","DNA-binding transcription factor activity","GO:0000981","DNA-binding transcription factor activity, RNA polymerase II-specific",0.0049093070186745,"evm.utg86.58/evm.utg92.154.157/evm.utg109.23/evm.utg109.42/evm.utg116.210/evm.utg194.31/evm.utg194.35/evm.utg207.9/evm.utg207.61/evm.utg207.64/evm.utg207.80/evm.utg209.58/evm.utg214.63/evm.utg219.26/evm.utg219.28/evm.utg356.131/evm.utg377.28/evm.utg377.30/evm.utg401.67/evm.utg411.41/evm.utg464.224/evm.utg470.38/evm.utg470.49/evm.utg479.64/evm.utg505.42/evm.utg522.9/evm.utg526.19/evm.utg564.44/evm.utg564.47/evm.utg798.18/evm.utg801.23/evm.utg857.16/evm.utg857.24/evm.utg989.15/evm.utg1051.49/evm.utg1056.123/evm.utg1056.142/evm.utg1396.19/evm.utg1565.65/evm.utg1571.10/evm.utg1623.8/evm.utg2129.25/evm.utg2129.44/evm.utg2216.22/evm.utg2216.29/evm.utg2801.42/evm.utg2929.4/evm.utg3092.47/evm.utg3260.1/evm.utg3283.23/evm.utg3283.25/evm.utg3839.101/evm.utg3839.103/evm.utg4082.36/evm.utg4082.37/evm.utg5059.29/evm.utg7066.7/evm.utg7289.31/evm.utg7595.8/evm.utg8494.50/evm.utg11096.5/evm.utg15210.4/evm.utg15506.3/evm.utg25862.7/evm.utg26037.2/evm.utg44416.1","evm.utg25862.7",-2.08535089947336,"ORA"
"430","combined","molecular_functions","DNA-binding transcription factor activity","GO:0000981","DNA-binding transcription factor activity, RNA polymerase II-specific",0.0049093070186745,"evm.utg86.58/evm.utg92.154.157/evm.utg109.23/evm.utg109.42/evm.utg116.210/evm.utg194.31/evm.utg194.35/evm.utg207.9/evm.utg207.61/evm.utg207.64/evm.utg207.80/evm.utg209.58/evm.utg214.63/evm.utg219.26/evm.utg219.28/evm.utg356.131/evm.utg377.28/evm.utg377.30/evm.utg401.67/evm.utg411.41/evm.utg464.224/evm.utg470.38/evm.utg470.49/evm.utg479.64/evm.utg505.42/evm.utg522.9/evm.utg526.19/evm.utg564.44/evm.utg564.47/evm.utg798.18/evm.utg801.23/evm.utg857.16/evm.utg857.24/evm.utg989.15/evm.utg1051.49/evm.utg1056.123/evm.utg1056.142/evm.utg1396.19/evm.utg1565.65/evm.utg1571.10/evm.utg1623.8/evm.utg2129.25/evm.utg2129.44/evm.utg2216.22/evm.utg2216.29/evm.utg2801.42/evm.utg2929.4/evm.utg3092.47/evm.utg3260.1/evm.utg3283.23/evm.utg3283.25/evm.utg3839.101/evm.utg3839.103/evm.utg4082.36/evm.utg4082.37/evm.utg5059.29/evm.utg7066.7/evm.utg7289.31/evm.utg7595.8/evm.utg8494.50/evm.utg11096.5/evm.utg15210.4/evm.utg15506.3/evm.utg25862.7/evm.utg26037.2/evm.utg44416.1","evm.utg26037.2",-0.819608407934363,"ORA"
"431","combined","molecular_functions","DNA-binding transcription factor activity","GO:0000981","DNA-binding transcription factor activity, RNA polymerase II-specific",0.0049093070186745,"evm.utg86.58/evm.utg92.154.157/evm.utg109.23/evm.utg109.42/evm.utg116.210/evm.utg194.31/evm.utg194.35/evm.utg207.9/evm.utg207.61/evm.utg207.64/evm.utg207.80/evm.utg209.58/evm.utg214.63/evm.utg219.26/evm.utg219.28/evm.utg356.131/evm.utg377.28/evm.utg377.30/evm.utg401.67/evm.utg411.41/evm.utg464.224/evm.utg470.38/evm.utg470.49/evm.utg479.64/evm.utg505.42/evm.utg522.9/evm.utg526.19/evm.utg564.44/evm.utg564.47/evm.utg798.18/evm.utg801.23/evm.utg857.16/evm.utg857.24/evm.utg989.15/evm.utg1051.49/evm.utg1056.123/evm.utg1056.142/evm.utg1396.19/evm.utg1565.65/evm.utg1571.10/evm.utg1623.8/evm.utg2129.25/evm.utg2129.44/evm.utg2216.22/evm.utg2216.29/evm.utg2801.42/evm.utg2929.4/evm.utg3092.47/evm.utg3260.1/evm.utg3283.23/evm.utg3283.25/evm.utg3839.101/evm.utg3839.103/evm.utg4082.36/evm.utg4082.37/evm.utg5059.29/evm.utg7066.7/evm.utg7289.31/evm.utg7595.8/evm.utg8494.50/evm.utg11096.5/evm.utg15210.4/evm.utg15506.3/evm.utg25862.7/evm.utg26037.2/evm.utg44416.1","evm.utg44416.1",1.01391068083001,"ORA"
"432","interactive","biological_processes","iron ion transmembrane transport","GO:0034755","iron ion transmembrane transport",0.0280547752808987,"evm.utg203.11/evm.utg4898.16","evm.utg203.11",1.4282123502549,"ORA"
"433","interactive","biological_processes","iron ion transmembrane transport","GO:0034755","iron ion transmembrane transport",0.0280547752808987,"evm.utg203.11/evm.utg4898.16","evm.utg4898.16",1.05841146756718,"ORA"
"434","interactive","biological_processes","positive regulation of dendrite morphogenesis","GO:0050775","positive regulation of dendrite morphogenesis",0.0280547752808987,"evm.utg194.33","evm.utg194.33",-0.826160654873574,"ORA"
"435","interactive","biological_processes","spongiotrophoblast layer development","GO:0060712","spongiotrophoblast layer development",0.0280547752808987,"evm.utg194.33","evm.utg194.33",-0.826160654873574,"ORA"
"436","interactive","biological_processes","positive regulation of transcription factor catabolic process","GO:1901485","positive regulation of transcription factor catabolic process",0.0280547752808987,"evm.utg194.33","evm.utg194.33",-0.826160654873574,"ORA"
"437","interactive","biological_processes","actin filament organization","GO:0000915","actomyosin contractile ring assembly",0.0320280743690897,"evm.utg4172.37","evm.utg4172.37",-1.33006735218334,"ORA"
"438","interactive","biological_processes","actin filament organization","GO:0031106","septin ring organization",0.0320280743690897,"evm.utg4172.37","evm.utg4172.37",-1.33006735218334,"ORA"
"439","interactive","biological_processes","spongiotrophoblast layer development","GO:0060716","labyrinthine layer blood vessel development",0.0320280743690897,"evm.utg194.33","evm.utg194.33",-0.826160654873574,"ORA"
"440","interactive","biological_processes","translation","GO:0006425","glutaminyl-tRNA aminoacylation",0.0372055305685901,"evm.utg6851.26","evm.utg6851.26",0.831529181824326,"ORA"
"441","interactive","biological_processes","positive regulation of transcription factor catabolic process","GO:0010950","positive regulation of endopeptidase activity",0.0372055305685901,"evm.utg1663.42","evm.utg1663.42",-0.77433030723705,"ORA"
"442","interactive","biological_processes","mitotic cohesin loading","GO:0000070","mitotic sister chromatid segregation",0.0372055305685901,"evm.utg729.78","evm.utg729.78",-1.22090562788127,"ORA"
"443","interactive","biological_processes","protein localization to centrosome","GO:0008298","intracellular mRNA localization",0.0372055305685901,"evm.utg12655.32","evm.utg12655.32",-1.72284686164113,"ORA"
"444","interactive","biological_processes","protein localization to centrosome","GO:1904108","protein localization to ciliary inversin compartment",0.0372055305685901,"evm.utg2216.46","evm.utg2216.46",-0.670630194879589,"ORA"
"445","interactive","biological_processes","hematopoietic progenitor cell differentiation","GO:0002244","hematopoietic progenitor cell differentiation",0.0372055305685901,"evm.utg2129.169","evm.utg2129.169",-1.40752083078294,"ORA"
"446","interactive","biological_processes","positive regulation of transcription factor catabolic process","GO:0061136","regulation of proteasomal protein catabolic process",0.0372055305685901,"evm.utg1663.42","evm.utg1663.42",-0.77433030723705,"ORA"
"447","interactive","biological_processes","spermine biosynthetic process","GO:0006597","spermine biosynthetic process",0.0372055305685901,"evm.utg126.133","evm.utg126.133",-1.45067989039982,"ORA"
"448","interactive","biological_processes","post-chaperonin tubulin folding pathway","GO:0007023","post-chaperonin tubulin folding pathway",0.0372055305685901,"evm.utg10321.15","evm.utg10321.15",-0.841698890898948,"ORA"
"449","interactive","biological_processes","actin filament organization","GO:0051298","centrosome duplication",0.0372055305685901,"evm.utg172.38","evm.utg172.38",-2.19524669584533,"ORA"
"450","interactive","biological_processes","regulation of G1/S transition of mitotic cell cycle","GO:2000045","regulation of G1/S transition of mitotic cell cycle",0.0372055305685901,"evm.utg1663.42","evm.utg1663.42",-0.77433030723705,"ORA"
