"ID","Description","GeneRatio","BgRatio","pvalue","p.adjust","qvalue","geneID","Count","context","GO","region","experiment"
"GO:0061920","protein propionyltransferase activity",0.0285714285714286,2.89678746270386e-05,0.00101387561194644,0.00412309415524884,0.00145855789788785,"evm.utg320.52",1,"CHH","Molecular Functions","gene","Primed Experiment"
"GO:0120301","histone lactyltransferase activity",0.0285714285714286,2.89678746270386e-05,0.00101387561194644,0.00412309415524884,0.00145855789788785,"evm.utg320.52",1,"CHH","Molecular Functions","gene","Primed Experiment"
"GO:0140068","histone crotonyltransferase activity",0.0285714285714286,2.89678746270386e-05,0.00101387561194644,0.00412309415524884,0.00145855789788785,"evm.utg320.52",1,"CHH","Molecular Functions","gene","Primed Experiment"
"GO:0140069","histone butyryltransferase activity",0.0285714285714286,2.89678746270386e-05,0.00101387561194644,0.00412309415524884,0.00145855789788785,"evm.utg320.52",1,"CHH","Molecular Functions","gene","Primed Experiment"
"GO:0140908","histone H3K122 acetyltransferase activity",0.0285714285714286,2.89678746270386e-05,0.00101387561194644,0.00412309415524884,0.00145855789788785,"evm.utg320.52",1,"CHH","Molecular Functions","gene","Primed Experiment"
"GO:0015215","nucleotide transmembrane transporter activity",0.0285714285714286,5.79357492540772e-05,0.00202675262103014,0.00650694262541254,0.00230185200726414,"evm.utg3522.31",1,"CHH","Molecular Functions","gene","Primed Experiment"
"GO:0043426","MRF binding",0.0285714285714286,5.79357492540772e-05,0.00202675262103014,0.00650694262541254,0.00230185200726414,"evm.utg320.52",1,"CHH","Molecular Functions","gene","Primed Experiment"
"GO:0044013","histone H2B acetyltransferase activity",0.0285714285714286,5.79357492540772e-05,0.00202675262103014,0.00650694262541254,0.00230185200726414,"evm.utg320.52",1,"CHH","Molecular Functions","gene","Primed Experiment"
"GO:0106226","peptide 2-hydroxyisobutyryltransferase activity",0.0285714285714286,5.79357492540772e-05,0.00202675262103014,0.00650694262541254,0.00230185200726414,"evm.utg320.52",1,"CHH","Molecular Functions","gene","Primed Experiment"
"GO:0140065","peptide butyryltransferase activity",0.0285714285714286,5.79357492540772e-05,0.00202675262103014,0.00650694262541254,0.00230185200726414,"evm.utg320.52",1,"CHH","Molecular Functions","gene","Primed Experiment"
"GO:0000215","tRNA 2-phosphotransferase activity",0.0285714285714286,8.69036238811158e-05,0.00303863198191179,0.00904178297056678,0.00319855998095978,"evm.utg24438.18",1,"CHG","Molecular Functions","gene","Primed Experiment"
"GO:0004468","lysine N-acetyltransferase activity, acting on acetyl phosphate as donor",0.0285714285714286,8.69036238811158e-05,0.00303863198191179,0.00904178297056678,0.00319855998095978,"evm.utg320.52",1,"CHH","Molecular Functions","gene","Primed Experiment"
"GO:0003823","antigen binding",0.0285714285714286,0.000115871498508154,0.00404951464836456,0.011228199706829,0.00397201197566859,"evm.utg320.52",1,"CHH","Molecular Functions","gene","Primed Experiment"
"GO:0004454","ketohexokinase activity",0.0285714285714286,0.000115871498508154,0.00404951464836456,0.011228199706829,0.00397201197566859,"evm.utg43451.17",1,"CpG","Molecular Functions","gene","Primed Experiment"
"GO:0001056","RNA polymerase III activity",0.0285714285714286,0.000144839373135193,0.00505940157328044,0.0128593123320878,0.00454902334439689,"evm.utg159619.2",1,"CHG","Molecular Functions","gene","Primed Experiment"
"GO:0010484","histone H3 acetyltransferase activity",0.0285714285714286,0.000144839373135193,0.00505940157328044,0.0128593123320878,0.00454902334439689,"evm.utg320.52",1,"CHH","Molecular Functions","gene","Primed Experiment"
"GO:0042975","peroxisome proliferator activated receptor binding",0.0285714285714286,0.000144839373135193,0.00505940157328044,0.0128593123320878,0.00454902334439689,"evm.utg320.52",1,"CHH","Molecular Functions","gene","Primed Experiment"
"GO:1990405","protein antigen binding",0.0285714285714286,0.000144839373135193,0.00505940157328044,0.0128593123320878,0.00454902334439689,"evm.utg320.52",1,"CHH","Molecular Functions","gene","Primed Experiment"
"GO:0001093","TFIIB-class transcription factor binding",0.0285714285714286,0.000173807247762232,0.00606829370866491,0.0148066366491424,0.00523789562221603,"evm.utg320.52",1,"CHH","Molecular Functions","gene","Primed Experiment"
"GO:0061733","peptide-lysine-N-acetyltransferase activity",0.0285714285714286,0.00020277512238927,0.00707619200564324,0.016601835090163,0.00587295287917759,"evm.utg320.52",1,"CHH","Molecular Functions","gene","Primed Experiment"
"GO:0098821","BMP receptor activity",0.0285714285714286,0.00020277512238927,0.00707619200564324,0.016601835090163,0.00587295287917759,"evm.utg483.15",1,"CHH","Molecular Functions","gene","Primed Experiment"
"GO:0001054","RNA polymerase I activity",0.0285714285714286,0.000231742997016309,0.00808309741445701,0.0182618126771066,0.00646017532149585,"evm.utg159619.2",1,"CHG","Molecular Functions","gene","Primed Experiment"
"GO:0035259","nuclear glucocorticoid receptor binding",0.0285714285714286,0.000231742997016309,0.00808309741445701,0.0182618126771066,0.00646017532149585,"evm.utg320.52",1,"CHH","Molecular Functions","gene","Primed Experiment"
"GO:0008140","cAMP response element binding protein binding",0.0285714285714286,0.000260710871643348,0.00908901088446756,0.0198010594268758,0.00700468883953327,"evm.utg320.52",1,"CHH","Molecular Functions","gene","Primed Experiment"
"GO:0097677","STAT family protein binding",0.0285714285714286,0.000260710871643348,0.00908901088446756,0.0198010594268758,0.00700468883953327,"evm.utg320.52",1,"CHH","Molecular Functions","gene","Primed Experiment"
"GO:0005527","macrolide binding",0.0285714285714286,0.000318646620897425,0.0110978658011273,0.0233437866851298,0.00825794006980431,"evm.utg1970.27",1,"CHH","Molecular Functions","gene","Primed Experiment"
"GO:0043422","protein kinase B binding",0.0285714285714286,0.000318646620897425,0.0110978658011273,0.0233437866851298,0.00825794006980431,"utg11962.evm.utg628.4.mrna2",1,"CpG","Molecular Functions","gene","Primed Experiment"
"GO:0001162","RNA polymerase II intronic transcription regulatory region sequence-specific DNA binding",0.0285714285714286,0.000405550244778541,0.0141037323185568,0.0277525055300633,0.0098175386258205,"evm.utg2606.44",1,"CHH","Molecular Functions","gene","Primed Experiment"
"GO:0003884","D-amino-acid oxidase activity",0.0285714285714286,0.000405550244778541,0.0141037323185568,0.0277525055300633,0.0098175386258205,"evm.utg684.27",1,"CHH","Molecular Functions","gene","Primed Experiment"
"GO:0005025","transforming growth factor beta receptor activity, type I [GO:0005025]""",0.0285714285714286,0.000405550244778541,0.0141037323185568,0.0277525055300633,0.0098175386258205,"evm.utg483.15",1,"CHH","Molecular Functions","gene","Primed Experiment"
"GO:0016361","activin receptor activity, type I",0.0285714285714286,0.000405550244778541,0.0141037323185568,0.0277525055300633,0.0098175386258205,"evm.utg483.15",1,"CHH","Molecular Functions","gene","Primed Experiment"
"GO:0005024","transforming growth factor beta receptor activity",0.0285714285714286,0.000492453868659656,0.0171007224809026,0.0320967406564633,0.0113543258577653,"evm.utg483.15",1,"CHH","Molecular Functions","gene","Primed Experiment"
"GO:0010485","histone H4 acetyltransferase activity",0.0285714285714286,0.000492453868659656,0.0171007224809026,0.0320967406564633,0.0113543258577653,"evm.utg320.52",1,"CHH","Molecular Functions","gene","Primed Experiment"
"GO:0036122","BMP binding",0.0285714285714286,0.000492453868659656,0.0171007224809026,0.0320967406564633,0.0113543258577653,"evm.utg483.15",1,"CHH","Molecular Functions","gene","Primed Experiment"
"GO:0097157","pre-mRNA intronic binding",0.0285714285714286,0.000550389617913734,0.0190937971815617,0.0352945947901595,0.0124855771043705,"evm.utg320.52",1,"CHH","Molecular Functions","gene","Primed Experiment"
"GO:0016407","acetyltransferase activity",0.0285714285714286,0.000608325367167811,0.0210829456663446,0.0383898413625976,0.013580530594189,"evm.utg320.52",1,"CHH","Molecular Functions","gene","Primed Experiment"
"GO:0004675","transmembrane receptor protein serine/threonine kinase activity",0.0285714285714286,0.000637293241794849,0.0220760499243643,0.0396070307466536,0.0140111152770733,"evm.utg483.15",1,"CHH","Molecular Functions","gene","Primed Experiment"
"GO:0030695","GTPase regulator activity",0.0285714285714286,0.000666261116421888,0.0230681754425721,0.0407872087535333,0.0144286070655295,"evm.utg7656.7",1,"CHG","Molecular Functions","gene","Primed Experiment"
"GO:0001221","transcription coregulator binding",0.0285714285714286,0.000695228991048927,0.0240593231572076,0.0413413721856243,0.014624644172654,"evm.utg320.52",1,"CHH","Molecular Functions","gene","Primed Experiment"
"GO:0005049","nuclear export signal receptor activity",0.0285714285714286,0.000695228991048927,0.0240593231572076,0.0413413721856243,0.014624644172654,"evm.utg3522.30",1,"CHH","Molecular Functions","gene","Primed Experiment"
"GO:0051059","NF-kappaB binding",0.0285714285714286,0.000753164740303004,0.0260386889163834,0.044121111774983,0.0156079860463702,"evm.utg320.52",1,"CHH","Molecular Functions","gene","Primed Experiment"
"GO:0048185","""activin binding",0.0285714285714286,0.000782132614930043,0.0270269088290642,0.0451682585910388,0.0159784176206436,"evm.utg483.15",1,"CHH","Molecular Functions","gene","Primed Experiment"
"GO:0001223","transcription coactivator binding",0.0285714285714286,0.000869036238811158,0.0299857278901373,0.0487767840346234,0.0172549451718685,"evm.utg320.52",1,"CHH","Molecular Functions","gene","Primed Experiment"
"GO:0050681","nuclear androgen receptor binding",0.0285714285714286,0.000898004113438197,0.0309700571216424,0.049715091695268,0.0175868745427609,"evm.utg320.52",1,"CHH","Molecular Functions","gene","Primed Experiment"
"GO:0004482","mRNA (guanine-N7-)-methyltransferase activity",0.0285714285714286,0.000955939862692274,0.0329358054785551,0.0521840034855029,0.0184602600768388,"evm.utg43451.17",1,"CpG","Molecular Functions","gene","Primed Experiment"
"GO:0004483","mRNA (nucleoside-2-O-)-methyltransferase activity",0.0285714285714286,0.00101387561194635,0.0348976798793776,0.054583550580565,0.0193091076255666,"evm.utg43451.17",1,"CpG","Molecular Functions","gene","Primed Experiment"
"GO:0008242","omega peptidase activity",0.0285714285714286,0.00121665073433562,0.0417338397417267,0.0644497271960843,0.0227992995257934,"evm.utg43451.17",1,"CpG","Molecular Functions","gene","Primed Experiment"
"GO:0000987","""cis-regulatory region sequence-specific DNA binding",0.0285714285714286,0.00124561860896266,0.042706585923723,0.0651275435336776,0.0230390792483243,"evm.utg320.52",1,"CHH","Molecular Functions","gene","Primed Experiment"
"GO:0004402","histone acetyltransferase activity",0.0285714285714286,0.00130355435821674,0.0446492014255402,0.0672494144927889,0.023789697965525,"evm.utg320.52",1,"CHH","Molecular Functions","gene","Primed Experiment"
"GO:0061631","ubiquitin conjugating enzyme activity",0.0285714285714286,0.00170910460299528,0.0581406877890615,0.0865019989056768,0.0306003619942429,"evm.utg816.5",1,"CHG","Molecular Functions","gene","Primed Experiment"
"GO:0004970","ionotropic glutamate receptor activity",0.0285714285714286,0.00188291185075751,0.0638659276689094,0.0927576568524637,0.0328133212333996,"evm.utg2606.44",1,"CHH","Molecular Functions","gene","Primed Experiment"
"GO:0016702","oxidoreductase activity, acting on single donors with incorporation of molecular oxygen, incorporation of two atoms of oxygen [GO:0016702]""",0.0285714285714286,0.00194084760001159,0.0657668172976846,0.0943947260037356,0.0333924397424777,"evm.utg1818.18",1,"CHG","Molecular Functions","gene","Primed Experiment"
"GO:0031490","chromatin DNA binding",0.0285714285714286,0.00220155847165493,0.0742745199965139,0.1041550740181,0.0368451944326324,"evm.utg320.52",1,"CHH","Molecular Functions","gene","Primed Experiment"
"GO:0008013","beta-catenin binding",0.0285714285714286,0.00223052634628197,0.0752151613610114,0.104275564614129,0.0368878183708309,"evm.utg320.52",1,"CHH","Molecular Functions","gene","Primed Experiment"
"GO:0003746","translation elongation factor activity",0.0285714285714286,0.00237536571941717,0.0799044582228565,0.10953195396841,0.0387472831122072,"evm.utg1684.11",1,"CHH","Molecular Functions","gene","Primed Experiment"
"GO:0003968","RNA-dependent RNA polymerase activity",0.0285714285714286,0.0025491729671794,0.0855011296188937,0.114627888060495,0.0405499862854209,"evm.utg43451.17",1,"CpG","Molecular Functions","gene","Primed Experiment"
"GO:0044183","protein folding chaperone",0.0285714285714286,0.0025491729671794,0.0855011296188937,0.114627888060495,0.0405499862854209,"evm.utg1781.11",1,"CHH","Molecular Functions","gene","Primed Experiment"
"GO:0000175","3-5-RNA exonuclease activity",0.0285714285714286,0.00278091596419571,0.0929119394080339,0.12188447965355,0.0431170290405137,"evm.utg43451.17",1,"CpG","Molecular Functions","gene","Primed Experiment"
"GO:0042626","ATPase-coupled transmembrane transporter activity",0.0285714285714286,0.00278091596419571,0.0929119394080339,0.12188447965355,0.0431170290405137,"evm.utg7656.7",1,"CHG","Molecular Functions","gene","Primed Experiment"
"GO:0003727","single-stranded RNA binding",0.0285714285714286,0.00286781958807682,0.09567592503763,0.124175136750967,0.0439273564002557,"evm.utg43451.17",1,"CpG","Molecular Functions","gene","Primed Experiment"
"GO:0003684","damaged DNA binding",0.0285714285714286,0.00338924133136352,0.112088832943151,0.143945659148046,0.0509212426666944,"evm.utg320.52",1,"CHH","Molecular Functions","gene","Primed Experiment"
"GO:0071949","FAD binding",0.0285714285714286,0.00356304857912575,0.117495217116413,0.149316838418775,0.0528213147124225,"evm.utg684.27",1,"CHH","Molecular Functions","gene","Primed Experiment"
"GO:0061629","RNA polymerase II-specific DNA-binding transcription factor binding",0.0285714285714286,0.00362098432837983,0.119290228559833,0.150035132827832,0.0530754136837023,"evm.utg320.52",1,"CHH","Molecular Functions","gene","Primed Experiment"
"GO:0003712","transcription coregulator activity",0.0285714285714286,0.00428724544480171,0.139679627893954,0.173886883704719,0.0615130477298832,"evm.utg320.52",1,"CHH","Molecular Functions","gene","Primed Experiment"
"GO:0008201","heparin binding",0.0285714285714286,0.00472176356420729,0.152729222388042,0.188211769003446,0.0665805222531604,"evm.utg1828.1",1,"CHG","Molecular Functions","gene","Primed Experiment"
"GO:0051213","""dioxygenase activity",0.0285714285714286,0.00530112105674807,0.169829919377412,0.207192501640442,0.0732950178365672,"evm.utg1818.18",1,"CHG","Molecular Functions","gene","Primed Experiment"
"GO:0000977","RNA polymerase II transcription regulatory region sequence-specific DNA binding",0.0285714285714286,0.00573563917615365,0.182434931500873,0.220199818623354,0.0778963983050691,"evm.utg320.52",1,"CHH","Molecular Functions","gene","Primed Experiment"
"GO:0003724","RNA helicase activity",0.0285714285714286,0.00579357492540772,0.184101487701493,0.220199818623354,0.0778963983050691,"evm.utg43451.17",1,"CpG","Molecular Functions","gene","Primed Experiment"
"GO:0060090","molecular adaptor activity",0.0285714285714286,0.00593841429854292,0.188253453252641,0.22297981841575,0.0788798322264516,"evm.utg320.52",1,"CHH","Molecular Functions","gene","Primed Experiment"
"GO:0016746","acyltransferase activity",0.0285714285714286,0.00602531792242403,0.190734772855942,0.223746560465624,0.0791510697074252,"evm.utg320.52",1,"CHH","Molecular Functions","gene","Primed Experiment"
"GO:0004197","cysteine-type endopeptidase activity",0.0285714285714286,0.00634396454332146,0.199770062340871,0.232113786719869,0.0821110030674256,"evm.utg43451.17",1,"CpG","Molecular Functions","gene","Primed Experiment"
"GO:0005516","calmodulin binding",0.0285714285714286,0.00683641841198111,0.213541249089317,0.245773890461289,0.0869433089638727,"evm.utg1781.11",1,"CHH","Molecular Functions","gene","Primed Experiment"
"GO:0016779","nucleotidyltransferase activity",0.0285714285714286,0.00715506503287854,0.222329044176779,0.253496667192215,0.0896752662198518,"evm.utg1127.12",1,"CHH","Molecular Functions","gene","Primed Experiment"
"GO:0008236","serine-type peptidase activity",0.0285714285714286,0.00776339040004635,0.238841626165972,0.269067496732507,0.0951834975498945,"evm.utg579.116",1,"CHG","Molecular Functions","gene","Primed Experiment"
"GO:0016829","lyase activity",0.0285714285714286,0.00782132614930043,0.240396370031502,0.269067496732507,0.0951834975498945,"evm.utg43451.17",1,"CpG","Molecular Functions","gene","Primed Experiment"
"GO:0004519","endonuclease activity",0.0285714285714286,0.00799513339706266,0.245042114375116,0.271020860247751,0.0958745062136134,"evm.utg43451.17",1,"CpG","Molecular Functions","gene","Primed Experiment"
"GO:0004843","cysteine-type deubiquitinase activity",0.0285714285714286,0.00805306914631673,0.246584553176233,0.271020860247751,0.0958745062136134,"evm.utg43451.17",1,"CpG","Molecular Functions","gene","Primed Experiment"
"GO:0043130","ubiquitin binding",0.0285714285714286,0.00819790851945193,0.250427269166019,0.272786846770128,0.0964992296598382,"evm.utg2526.24",1,"CHG","Molecular Functions","gene","Primed Experiment"
"GO:0008237","metallopeptidase activity",0.0285714285714286,0.00990701312244721,0.294357874718491,0.317802307218194,0.11242359444302,"utg579.evm.utg11123.1.6.5c22e8a4.mrna3",1,"CHG","Molecular Functions","gene","Primed Experiment"
"GO:0005085","guanyl-nucleotide exchange factor activity",0.0285714285714286,0.0110077923582747,0.321316844293293,0.343865394770015,0.121643495992844,"evm.utg6373.20",1,"CpG","Molecular Functions","gene","Primed Experiment"
"GO:0031267","small GTPase binding",0.0285714285714286,0.0113264389791721,0.328932194558468,0.348954154227244,0.123443661115764,"evm.utg7656.7",1,"CHG","Molecular Functions","gene","Primed Experiment"
"GO:0031625","ubiquitin protein ligase binding",0.0285714285714286,0.0116450856000695,0.33646450948598,0.353867846183531,0.125181895543786,"evm.utg816.5",1,"CHG","Molecular Functions","gene","Primed Experiment"
"GO:0106310","protein serine kinase activity",0.0285714285714286,0.012745864835897,0.361858562150969,0.377003804714474,0.133366315731609,"evm.utg1890.18",1,"CHG","Molecular Functions","gene","Primed Experiment"
"GO:0003779","actin binding",0.0285714285714286,0.0129196720836592,0.365780861830318,0.377003804714474,0.133366315731609,"evm.utg1970.27",1,"CHH","Molecular Functions","gene","Primed Experiment"
"GO:0004252","serine-type endopeptidase activity",0.0285714285714286,0.0130065757075403,0.367733219352643,0.377003804714474,0.133366315731609,"evm.utg579.116",1,"CHG","Molecular Functions","gene","Primed Experiment"
"GO:0008234","cysteine-type peptidase activity",0.0285714285714286,0.0134990295762,0.378686785727459,0.381816428584711,0.13506879699718,"utg5074.evm.utg7286.34.mrna4",1,"CpG","Molecular Functions","gene","Primed Experiment"
"GO:0008234","cysteine-type peptidase activity",0.0285714285714286,0.0134990295762,0.378686785727459,0.381816428584711,0.13506879699718,"utg5074.evm.utg7286.34.mrna4",1,"CpG","Molecular Functions","gene","Primed Experiment"
"GO:0019901","protein kinase binding",0.0285714285714286,0.0134990295762,0.378686785727459,0.381816428584711,0.13506879699718,"evm.utg320.52",1,"CHH","Molecular Functions","gene","Primed Experiment"
"GO:0016874","ligase activity",0.0285714285714286,0.01428116219113,0.395705768400367,0.395705768400367,0.139982195896592,"evm.utg2526.24",1,"CHG","Molecular Functions","gene","Primed Experiment"
"GO:0001550","ovarian cumulus expansion",0.037037037037037,3.46476335666274e-05,0.000935486106298233,0.00369270831433513,0.000632295318384401,"evm.utg483.15",1,"CHH","Biological Processes","gene","Primed Experiment"
"GO:0001880","Mullerian duct regression",0.037037037037037,3.46476335666274e-05,0.000935486106298233,0.00369270831433513,0.000632295318384401,"evm.utg483.15",1,"CHH","Biological Processes","gene","Primed Experiment"
"GO:0002209","behavioral defense response",0.037037037037037,3.46476335666274e-05,0.000935486106298233,0.00369270831433513,0.000632295318384401,"evm.utg320.52",1,"CHH","Biological Processes","gene","Primed Experiment"
"GO:0010560","positive regulation of glycoprotein biosynthetic process",0.037037037037037,3.46476335666274e-05,0.000935486106298233,0.00369270831433513,0.000632295318384401,"evm.utg320.52",1,"CHH","Biological Processes","gene","Primed Experiment"
"GO:0021998","neural plate mediolateral regionalization",0.037037037037037,3.46476335666274e-05,0.000935486106298233,0.00369270831433513,0.000632295318384401,"evm.utg483.15",1,"CHH","Biological Processes","gene","Primed Experiment"
"GO:0036268","swimming",0.037037037037037,3.46476335666274e-05,0.000935486106298233,0.00369270831433513,0.000632295318384401,"evm.utg320.52",1,"CHH","Biological Processes","gene","Primed Experiment"
"GO:0048352","paraxial mesoderm structural organization",0.037037037037037,3.46476335666274e-05,0.000935486106298233,0.00369270831433513,0.000632295318384401,"evm.utg483.15",1,"CHH","Biological Processes","gene","Primed Experiment"
"GO:0048378","regulation of lateral mesodermal cell fate specification",0.037037037037037,3.46476335666274e-05,0.000935486106298233,0.00369270831433513,0.000632295318384401,"evm.utg483.15",1,"CHH","Biological Processes","gene","Primed Experiment"
"GO:0060177","regulation of angiotensin metabolic process",0.037037037037037,3.46476335666274e-05,0.000935486106298233,0.00369270831433513,0.000632295318384401,"evm.utg320.52",1,"CHH","Biological Processes","gene","Primed Experiment"
"GO:0061921","peptidyl-lysine propionylation",0.037037037037037,3.46476335666274e-05,0.000935486106298233,0.00369270831433513,0.000632295318384401,"evm.utg320.52",1,"CHH","Biological Processes","gene","Primed Experiment"
"GO:0065004","protein-DNA complex assembly",0.037037037037037,3.46476335666274e-05,0.000935486106298233,0.00369270831433513,0.000632295318384401,"evm.utg320.52",1,"CHH","Biological Processes","gene","Primed Experiment"
"GO:0140066","peptidyl-lysine crotonylation",0.037037037037037,3.46476335666274e-05,0.000935486106298233,0.00369270831433513,0.000632295318384401,"evm.utg320.52",1,"CHH","Biological Processes","gene","Primed Experiment"
"GO:0140067","peptidyl-lysine butyrylation",0.037037037037037,3.46476335666274e-05,0.000935486106298233,0.00369270831433513,0.000632295318384401,"evm.utg320.52",1,"CHH","Biological Processes","gene","Primed Experiment"
"GO:1904414","positive regulation of cardiac ventricle development",0.037037037037037,3.46476335666274e-05,0.000935486106298233,0.00369270831433513,0.000632295318384401,"evm.utg483.15",1,"CHH","Biological Processes","gene","Primed Experiment"
"GO:1905285","fibrous ring of heart morphogenesis",0.037037037037037,3.46476335666274e-05,0.000935486106298233,0.00369270831433513,0.000632295318384401,"evm.utg483.15",1,"CHH","Biological Processes","gene","Primed Experiment"
"GO:2000629","negative regulation of miRNA metabolic process",0.037037037037037,3.46476335666274e-05,0.000935486106298233,0.00369270831433513,0.000632295318384401,"evm.utg320.52",1,"CHH","Biological Processes","gene","Primed Experiment"
"GO:0001966","thigmotaxis",0.037037037037037,6.92952671332548e-05,0.00187012946152298,0.00589326510984134,0.00100909241179038,"evm.utg320.52",1,"CHH","Biological Processes","gene","Primed Experiment"
"GO:0003171","atrioventricular valve development",0.037037037037037,6.92952671332548e-05,0.00187012946152298,0.00589326510984134,0.00100909241179038,"evm.utg483.15",1,"CHH","Biological Processes","gene","Primed Experiment"
"GO:0014737","positive regulation of muscle atrophy",0.037037037037037,6.92952671332548e-05,0.00187012946152298,0.00589326510984134,0.00100909241179038,"evm.utg320.52",1,"CHH","Biological Processes","gene","Primed Experiment"
"GO:0018076","N-terminal peptidyl-lysine acetylation",0.037037037037037,6.92952671332548e-05,0.00187012946152298,0.00589326510984134,0.00100909241179038,"evm.utg320.52",1,"CHH","Biological Processes","gene","Primed Experiment"
"GO:0032915","positive regulation of transforming growth factor beta2 production",0.037037037037037,6.92952671332548e-05,0.00187012946152298,0.00589326510984134,0.00100909241179038,"evm.utg483.15",1,"CHH","Biological Processes","gene","Primed Experiment"
"GO:0048525","negative regulation of viral process",0.037037037037037,6.92952671332548e-05,0.00187012946152298,0.00589326510984134,0.00100909241179038,"evm.utg320.52",1,"CHH","Biological Processes","gene","Primed Experiment"
"GO:0060298","positive regulation of sarcomere organization",0.037037037037037,6.92952671332548e-05,0.00187012946152298,0.00589326510984134,0.00100909241179038,"evm.utg320.52",1,"CHH","Biological Processes","gene","Primed Experiment"
"GO:0060928","atrioventricular node cell development",0.037037037037037,6.92952671332548e-05,0.00187012946152298,0.00589326510984134,0.00100909241179038,"evm.utg483.15",1,"CHH","Biological Processes","gene","Primed Experiment"
"GO:0070202","regulation of establishment of protein localization to chromosome",0.037037037037037,6.92952671332548e-05,0.00187012946152298,0.00589326510984134,0.00100909241179038,"evm.utg43451.17",1,"CpG","Biological Processes","gene","Primed Experiment"
"GO:2000614","positive regulation of thyroid-stimulating hormone secretion",0.037037037037037,6.92952671332548e-05,0.00187012946152298,0.00589326510984134,0.00100909241179038,"utg11962.evm.utg628.4.mrna2",1,"CpG","Biological Processes","gene","Primed Experiment"
"GO:0014858","positive regulation of skeletal muscle cell proliferation",0.037037037037037,0.000103942900699882,0.00280393079570662,0.00778869665474062,0.00133364349737313,"utg11962.evm.utg628.4.mrna2",1,"CpG","Biological Processes","gene","Primed Experiment"
"GO:0042698","ovulation cycle",0.037037037037037,0.000103942900699882,0.00280393079570662,0.00778869665474062,0.00133364349737313,"evm.utg483.15",1,"CHH","Biological Processes","gene","Primed Experiment"
"GO:0051503","adenine nucleotide transport",0.037037037037037,0.000103942900699882,0.00280393079570662,0.00778869665474062,0.00133364349737313,"evm.utg3522.31",1,"CHH","Biological Processes","gene","Primed Experiment"
"GO:0060125","negative regulation of growth hormone secretion",0.037037037037037,0.000103942900699882,0.00280393079570662,0.00778869665474062,0.00133364349737313,"utg11962.evm.utg628.4.mrna2",1,"CpG","Biological Processes","gene","Primed Experiment"
"GO:0060355","positive regulation of cell adhesion molecule production",0.037037037037037,0.000103942900699882,0.00280393079570662,0.00778869665474062,0.00133364349737313,"evm.utg320.52",1,"CHH","Biological Processes","gene","Primed Experiment"
"GO:1900039","positive regulation of cellular response to hypoxia",0.037037037037037,0.000103942900699882,0.00280393079570662,0.00778869665474062,0.00133364349737313,"evm.utg320.52",1,"CHH","Biological Processes","gene","Primed Experiment"
"GO:0003272","endocardial cushion formation",0.037037037037037,0.00013859053426651,0.003736890838276,0.00979953891156293,0.00167795613643604,"evm.utg483.15",1,"CHH","Biological Processes","gene","Primed Experiment"
"GO:0035137","hindlimb morphogenesis",0.037037037037037,0.00013859053426651,0.003736890838276,0.00979953891156293,0.00167795613643604,"evm.utg483.15",1,"CHH","Biological Processes","gene","Primed Experiment"
"GO:0046427","positive regulation of receptor signaling pathway via JAK-STAT",0.037037037037037,0.00013859053426651,0.003736890838276,0.00979953891156293,0.00167795613643604,"evm.utg320.52",1,"CHH","Biological Processes","gene","Primed Experiment"
"GO:0048382","mesendoderm development",0.037037037037037,0.00013859053426651,0.003736890838276,0.00979953891156293,0.00167795613643604,"evm.utg483.15",1,"CHH","Biological Processes","gene","Primed Experiment"
"GO:1902731","negative regulation of chondrocyte proliferation",0.037037037037037,0.00013859053426651,0.003736890838276,0.00979953891156293,0.00167795613643604,"evm.utg483.15",1,"CHH","Biological Processes","gene","Primed Experiment"
"GO:1905636","positive regulation of RNA polymerase II regulatory region sequence-specific DNA binding",0.037037037037037,0.00013859053426651,0.003736890838276,0.00979953891156293,0.00167795613643604,"evm.utg320.52",1,"CHH","Biological Processes","gene","Primed Experiment"
"GO:1990258","histone glutamine methylation",0.037037037037037,0.00013859053426651,0.003736890838276,0.00979953891156293,0.00167795613643604,"evm.utg320.52",1,"CHH","Biological Processes","gene","Primed Experiment"
"GO:0003186","tricuspid valve morphogenesis",0.037037037037037,0.000173238167833137,0.00466901031805189,0.0114436527403233,0.00195947457448342,"evm.utg483.15",1,"CHH","Biological Processes","gene","Primed Experiment"
"GO:0006703","estrogen biosynthetic process",0.037037037037037,0.000173238167833137,0.00466901031805189,0.0114436527403233,0.00195947457448342,"evm.utg483.15",1,"CHH","Biological Processes","gene","Primed Experiment"
"GO:0021953","central nervous system neuron differentiation",0.037037037037037,0.000173238167833137,0.00466901031805189,0.0114436527403233,0.00195947457448342,"evm.utg483.15",1,"CHH","Biological Processes","gene","Primed Experiment"
"GO:0060914","heart formation",0.037037037037037,0.000173238167833137,0.00466901031805189,0.0114436527403233,0.00195947457448342,"evm.utg483.15",1,"CHH","Biological Processes","gene","Primed Experiment"
"GO:0070245","positive regulation of thymocyte apoptotic process",0.037037037037037,0.000173238167833137,0.00466901031805189,0.0114436527403233,0.00195947457448342,"evm.utg2606.44",1,"CHH","Biological Processes","gene","Primed Experiment"
"GO:0090312","positive regulation of protein deacetylation",0.037037037037037,0.000173238167833137,0.00466901031805189,0.0114436527403233,0.00195947457448342,"utg11962.evm.utg628.4.mrna2",1,"CpG","Biological Processes","gene","Primed Experiment"
"GO:0003215","cardiac right ventricle morphogenesis",0.037037037037037,0.000207885801399764,0.00560028996324791,0.0128841026761838,0.00220612003718516,"evm.utg483.15",1,"CHH","Biological Processes","gene","Primed Experiment"
"GO:0007398","ectoderm development",0.037037037037037,0.000207885801399764,0.00560028996324791,0.0128841026761838,0.00220612003718516,"evm.utg483.15",1,"CHH","Biological Processes","gene","Primed Experiment"
"GO:0033085","negative regulation of T cell differentiation in thymus",0.037037037037037,0.000207885801399764,0.00560028996324791,0.0128841026761838,0.00220612003718516,"evm.utg2606.44",1,"CHH","Biological Processes","gene","Primed Experiment"
"GO:0035519","protein K29-linked ubiquitination",0.037037037037037,0.000207885801399764,0.00560028996324791,0.0128841026761838,0.00220612003718516,"evm.utg816.5",1,"CHG","Biological Processes","gene","Primed Experiment"
"GO:0045793","positive regulation of cell size",0.037037037037037,0.000207885801399764,0.00560028996324791,0.0128841026761838,0.00220612003718516,"evm.utg320.52",1,"CHH","Biological Processes","gene","Primed Experiment"
"GO:0048368","lateral mesoderm development",0.037037037037037,0.000207885801399764,0.00560028996324791,0.0128841026761838,0.00220612003718516,"evm.utg483.15",1,"CHH","Biological Processes","gene","Primed Experiment"
"GO:0003161","cardiac conduction system development",0.037037037037037,0.000242533434966392,0.00653073050147146,0.0143217774155076,0.00245229030833954,"evm.utg483.15",1,"CHH","Biological Processes","gene","Primed Experiment"
"GO:0006475","internal protein amino acid acetylation",0.037037037037037,0.000242533434966392,0.00653073050147146,0.0143217774155076,0.00245229030833954,"evm.utg320.52",1,"CHH","Biological Processes","gene","Primed Experiment"
"GO:0030718","germ-line stem cell population maintenance",0.037037037037037,0.000242533434966392,0.00653073050147146,0.0143217774155076,0.00245229030833954,"evm.utg320.52",1,"CHH","Biological Processes","gene","Primed Experiment"
"GO:0038061","NIK/NF-kappaB signaling",0.037037037037037,0.000242533434966392,0.00653073050147146,0.0143217774155076,0.00245229030833954,"evm.utg320.52",1,"CHH","Biological Processes","gene","Primed Experiment"
"GO:0044314","protein K27-linked ubiquitination",0.037037037037037,0.000242533434966392,0.00653073050147146,0.0143217774155076,0.00245229030833954,"evm.utg816.5",1,"CHG","Biological Processes","gene","Primed Experiment"
"GO:0010460","positive regulation of heart rate",0.037037037037037,0.000277181068533019,0.00746033265972679,0.0158955951556679,0.00272177208279506,"utg11962.evm.utg628.4.mrna2",1,"CpG","Biological Processes","gene","Primed Experiment"
"GO:0010742","macrophage derived foam cell differentiation",0.037037037037037,0.000277181068533019,0.00746033265972679,0.0158955951556679,0.00272177208279506,"evm.utg320.52",1,"CHH","Biological Processes","gene","Primed Experiment"
"GO:0044770","cell cycle phase transition",0.037037037037037,0.000277181068533019,0.00746033265972679,0.0158955951556679,0.00272177208279506,"evm.utg1890.18",1,"CHG","Biological Processes","gene","Primed Experiment"
"GO:0061312","BMP signaling pathway involved in heart development",0.037037037037037,0.000277181068533019,0.00746033265972679,0.0158955951556679,0.00272177208279506,"evm.utg483.15",1,"CHH","Biological Processes","gene","Primed Experiment"
"GO:0006110","regulation of glycolytic process",0.037037037037037,0.000311828702099647,0.00838909716441227,0.0177735109415514,0.00304332397876389,"evm.utg320.52",1,"CHH","Biological Processes","gene","Primed Experiment"
"GO:0001502","cartilage condensation",0.037037037037037,0.000346476335666274,0.00931702474132134,0.0190922638141831,0.00326913148818293,"evm.utg483.15",1,"CHH","Biological Processes","gene","Primed Experiment"
"GO:0014912","negative regulation of smooth muscle cell migration",0.037037037037037,0.000346476335666274,0.00931702474132134,0.0190922638141831,0.00326913148818293,"evm.utg483.15",1,"CHH","Biological Processes","gene","Primed Experiment"
"GO:0035855","megakaryocyte development",0.037037037037037,0.000346476335666274,0.00931702474132134,0.0190922638141831,0.00326913148818293,"evm.utg320.52",1,"CHH","Biological Processes","gene","Primed Experiment"
"GO:0048148","behavioral response to cocaine",0.037037037037037,0.000346476335666274,0.00931702474132134,0.0190922638141831,0.00326913148818293,"evm.utg320.52",1,"CHH","Biological Processes","gene","Primed Experiment"
"GO:1902043","positive regulation of extrinsic apoptotic signaling pathway via death domain receptors",0.037037037037037,0.000346476335666274,0.00931702474132134,0.0190922638141831,0.00326913148818293,"evm.utg483.15",1,"CHH","Biological Processes","gene","Primed Experiment"
"GO:2000270","negative regulation of fibroblast apoptotic process",0.037037037037037,0.000346476335666274,0.00931702474132134,0.0190922638141831,0.00326913148818293,"utg11962.evm.utg628.4.mrna2",1,"CpG","Biological Processes","gene","Primed Experiment"
"GO:0010571","positive regulation of nuclear cell cycle DNA replication",0.037037037037037,0.000381123969232901,0.0102441161156452,0.0205430136008929,0.00351754057446867,"evm.utg1890.18",1,"CHG","Biological Processes","gene","Primed Experiment"
"GO:0032332","positive regulation of chondrocyte differentiation",0.037037037037037,0.000381123969232901,0.0102441161156452,0.0205430136008929,0.00351754057446867,"evm.utg483.15",1,"CHH","Biological Processes","gene","Primed Experiment"
"GO:0085020","protein K6-linked ubiquitination",0.037037037037037,0.000381123969232901,0.0102441161156452,0.0205430136008929,0.00351754057446867,"evm.utg816.5",1,"CHG","Biological Processes","gene","Primed Experiment"
"GO:0009950","dorsal/ventral axis specification",0.037037037037037,0.000415771602799529,0.0111703720119701,0.0218171328358792,0.00373570555224878,"evm.utg483.15",1,"CHH","Biological Processes","gene","Primed Experiment"
"GO:0014032","neural crest cell development",0.037037037037037,0.000415771602799529,0.0111703720119701,0.0218171328358792,0.00373570555224878,"evm.utg483.15",1,"CHH","Biological Processes","gene","Primed Experiment"
"GO:0051148","negative regulation of muscle cell differentiation",0.037037037037037,0.000415771602799529,0.0111703720119701,0.0218171328358792,0.00373570555224878,"evm.utg483.15",1,"CHH","Biological Processes","gene","Primed Experiment"
"GO:0061626","pharyngeal arch artery morphogenesis",0.037037037037037,0.000415771602799529,0.0111703720119701,0.0218171328358792,0.00373570555224878,"evm.utg483.15",1,"CHH","Biological Processes","gene","Primed Experiment"
"GO:1901985","positive regulation of protein acetylation",0.037037037037037,0.000415771602799529,0.0111703720119701,0.0218171328358792,0.00373570555224878,"evm.utg320.52",1,"CHH","Biological Processes","gene","Primed Experiment"
"GO:0030220","platelet formation",0.037037037037037,0.000450419236366156,0.0120957931542811,0.0230249869688092,0.00394252408448382,"evm.utg320.52",1,"CHH","Biological Processes","gene","Primed Experiment"
"GO:0032688","negative regulation of interferon-beta production",0.037037037037037,0.000450419236366156,0.0120957931542811,0.0230249869688092,0.00394252408448382,"evm.utg320.52",1,"CHH","Biological Processes","gene","Primed Experiment"
"GO:0032793","positive regulation of CREB transcription factor activity",0.037037037037037,0.000450419236366156,0.0120957931542811,0.0230249869688092,0.00394252408448382,"evm.utg320.52",1,"CHH","Biological Processes","gene","Primed Experiment"
"GO:0035912","dorsal aorta morphogenesis",0.037037037037037,0.000450419236366156,0.0120957931542811,0.0230249869688092,0.00394252408448382,"evm.utg483.15",1,"CHH","Biological Processes","gene","Primed Experiment"
"GO:0061036","positive regulation of cartilage development",0.037037037037037,0.000450419236366156,0.0120957931542811,0.0230249869688092,0.00394252408448382,"evm.utg483.15",1,"CHH","Biological Processes","gene","Primed Experiment"
"GO:0003223","ventricular compact myocardium morphogenesis",0.037037037037037,0.000485066869932784,0.0130203802659605,0.0241714980184911,0.00413883895895567,"evm.utg483.15",1,"CHH","Biological Processes","gene","Primed Experiment"
"GO:0031290","retinal ganglion cell axon guidance",0.037037037037037,0.000485066869932784,0.0130203802659605,0.0241714980184911,0.00413883895895567,"evm.utg483.15",1,"CHH","Biological Processes","gene","Primed Experiment"
"GO:0046416","D-amino acid metabolic process",0.037037037037037,0.000485066869932784,0.0130203802659605,0.0241714980184911,0.00413883895895567,"evm.utg684.27",1,"CHH","Biological Processes","gene","Primed Experiment"
"GO:0060350","endochondral bone morphogenesis",0.037037037037037,0.000485066869932784,0.0130203802659605,0.0241714980184911,0.00413883895895567,"evm.utg483.15",1,"CHH","Biological Processes","gene","Primed Experiment"
"GO:0090043","regulation of tubulin deacetylation",0.037037037037037,0.000485066869932784,0.0130203802659605,0.0241714980184911,0.00413883895895567,"evm.utg320.52",1,"CHH","Biological Processes","gene","Primed Experiment"
"GO:0016479","negative regulation of transcription by RNA polymerase I",0.037037037037037,0.000519714503499411,0.0139441340697878,0.0256325993929922,0.00438902052764218,"evm.utg320.52",1,"CHH","Biological Processes","gene","Primed Experiment"
"GO:0030510","regulation of BMP signaling pathway",0.037037037037037,0.000519714503499411,0.0139441340697878,0.0256325993929922,0.00438902052764218,"evm.utg1781.11",1,"CHH","Biological Processes","gene","Primed Experiment"
"GO:0003148","outflow tract septum morphogenesis",0.037037037037037,0.000554362137066038,0.0148670552879431,0.0268035852547051,0.00458952617694599,"evm.utg483.15",1,"CHH","Biological Processes","gene","Primed Experiment"
"GO:0018393","internal peptidyl-lysine acetylation",0.037037037037037,0.000554362137066038,0.0148670552879431,0.0268035852547051,0.00458952617694599,"evm.utg320.52",1,"CHH","Biological Processes","gene","Primed Experiment"
"GO:0060043","regulation of cardiac muscle cell proliferation",0.037037037037037,0.000554362137066038,0.0148670552879431,0.0268035852547051,0.00458952617694599,"evm.utg483.15",1,"CHH","Biological Processes","gene","Primed Experiment"
"GO:0060765","regulation of androgen receptor signaling pathway",0.037037037037037,0.000554362137066038,0.0148670552879431,0.0268035852547051,0.00458952617694599,"evm.utg320.52",1,"CHH","Biological Processes","gene","Primed Experiment"
"GO:0021904","dorsal/ventral neural tube patterning",0.037037037037037,0.000589009770632666,0.0157891446420033,0.027539205770936,0.00471548505832168,"evm.utg1781.11",1,"CHH","Biological Processes","gene","Primed Experiment"
"GO:0032967","positive regulation of collagen biosynthetic process",0.037037037037037,0.000589009770632666,0.0157891446420033,0.027539205770936,0.00471548505832168,"evm.utg320.52",1,"CHH","Biological Processes","gene","Primed Experiment"
"GO:0035066","positive regulation of histone acetylation",0.037037037037037,0.000589009770632666,0.0157891446420033,0.027539205770936,0.00471548505832168,"evm.utg320.52",1,"CHH","Biological Processes","gene","Primed Experiment"
"GO:0042796","snRNA transcription by RNA polymerase III",0.037037037037037,0.000589009770632666,0.0157891446420033,0.027539205770936,0.00471548505832168,"evm.utg2606.44",1,"CHH","Biological Processes","gene","Primed Experiment"
"GO:0060045","positive regulation of cardiac muscle cell proliferation",0.037037037037037,0.000589009770632666,0.0157891446420033,0.027539205770936,0.00471548505832168,"evm.utg483.15",1,"CHH","Biological Processes","gene","Primed Experiment"
"GO:0006000","fructose metabolic process [GO:0006000]""",0.037037037037037,0.000623657404199293,0.0167104028529468,0.0288774242850463,0.00494462563196582,"evm.utg43451.17",1,"CpG","Biological Processes","gene","Primed Experiment"
"GO:1903427","negative regulation of reactive oxygen species biosynthetic process",0.037037037037037,0.000623657404199293,0.0167104028529468,0.0288774242850463,0.00494462563196582,"utg11962.evm.utg628.4.mrna2",1,"CpG","Biological Processes","gene","Primed Experiment"
"GO:0002063","chondrocyte development",0.037037037037037,0.000658305037765921,0.0176308306411518,0.0295158995108568,0.00505395051273618,"evm.utg483.15",1,"CHH","Biological Processes","gene","Primed Experiment"
"GO:0003183","mitral valve morphogenesis",0.037037037037037,0.000658305037765921,0.0176308306411518,0.0295158995108568,0.00505395051273618,"evm.utg483.15",1,"CHH","Biological Processes","gene","Primed Experiment"
"GO:0003203","endocardial cushion morphogenesis",0.037037037037037,0.000658305037765921,0.0176308306411518,0.0295158995108568,0.00505395051273618,"evm.utg483.15",1,"CHH","Biological Processes","gene","Primed Experiment"
"GO:0007178","transmembrane receptor protein serine/threonine kinase signaling pathway",0.037037037037037,0.000658305037765921,0.0176308306411518,0.0295158995108568,0.00505395051273618,"evm.utg483.15",1,"CHH","Biological Processes","gene","Primed Experiment"
"GO:0021983","pituitary gland development",0.037037037037037,0.000658305037765921,0.0176308306411518,0.0295158995108568,0.00505395051273618,"evm.utg483.15",1,"CHH","Biological Processes","gene","Primed Experiment"
"GO:0042795","snRNA transcription by RNA polymerase II",0.037037037037037,0.000658305037765921,0.0176308306411518,0.0295158995108568,0.00505395051273618,"evm.utg2606.44",1,"CHH","Biological Processes","gene","Primed Experiment"
"GO:0043923","positive regulation by host of viral transcription",0.037037037037037,0.000658305037765921,0.0176308306411518,0.0295158995108568,0.00505395051273618,"evm.utg320.52",1,"CHH","Biological Processes","gene","Primed Experiment"
"GO:0043388","positive regulation of DNA binding",0.037037037037037,0.000692952671332548,0.0185504287263951,0.0309173812106585,0.00529392351957943,"evm.utg320.52",1,"CHH","Biological Processes","gene","Primed Experiment"
"GO:0010971","positive regulation of G2/M transition of mitotic cell cycle",0.037037037037037,0.000727600304899175,0.0194691978278583,0.031881874172257,0.00545907178809173,"evm.utg1890.18",1,"CHG","Biological Processes","gene","Primed Experiment"
"GO:0043029","T cell homeostasis",0.037037037037037,0.000727600304899175,0.0194691978278583,0.031881874172257,0.00545907178809173,"evm.utg2606.44",1,"CHH","Biological Processes","gene","Primed Experiment"
"GO:0045721","negative regulation of gluconeogenesis",0.037037037037037,0.000727600304899175,0.0194691978278583,0.031881874172257,0.00545907178809173,"evm.utg320.52",1,"CHH","Biological Processes","gene","Primed Experiment"
"GO:0070585","protein localization to mitochondrion",0.037037037037037,0.000727600304899175,0.0194691978278583,0.031881874172257,0.00545907178809173,"evm.utg1781.11",1,"CHH","Biological Processes","gene","Primed Experiment"
"GO:0035729","cellular response to hepatocyte growth factor stimulus",0.037037037037037,0.000762247938465803,0.0203871386641207,0.0324629421818485,0.00555856694201476,"evm.utg320.52",1,"CHH","Biological Processes","gene","Primed Experiment"
"GO:0043392","negative regulation of DNA binding",0.037037037037037,0.000762247938465803,0.0203871386641207,0.0324629421818485,0.00555856694201476,"utg11962.evm.utg628.4.mrna2",1,"CpG","Biological Processes","gene","Primed Experiment"
"GO:0060391","positive regulation of SMAD protein signal transduction",0.037037037037037,0.000762247938465803,0.0203871386641207,0.0324629421818485,0.00555856694201476,"evm.utg483.15",1,"CHH","Biological Processes","gene","Primed Experiment"
"GO:0071548","response to dexamethasone",0.037037037037037,0.000762247938465803,0.0203871386641207,0.0324629421818485,0.00555856694201476,"evm.utg320.52",1,"CHH","Biological Processes","gene","Primed Experiment"
"GO:1900181","negative regulation of protein localization to nucleus",0.037037037037037,0.000762247938465803,0.0203871386641207,0.0324629421818485,0.00555856694201476,"utg11962.evm.utg628.4.mrna2",1,"CpG","Biological Processes","gene","Primed Experiment"
"GO:1904646","cellular response to amyloid-beta",0.037037037037037,0.000762247938465803,0.0203871386641207,0.0324629421818485,0.00555856694201476,"utg11962.evm.utg628.4.mrna2",1,"CpG","Biological Processes","gene","Primed Experiment"
"GO:0002053","positive regulation of mesenchymal cell proliferation",0.037037037037037,0.00079689557203243,0.0213042519531659,0.0335676238757866,0.00574771945662591,"evm.utg483.15",1,"CHH","Biological Processes","gene","Primed Experiment"
"GO:0035023","regulation of Rho protein signal transduction",0.037037037037037,0.00079689557203243,0.0213042519531659,0.0335676238757866,0.00574771945662591,"evm.utg6373.20",1,"CpG","Biological Processes","gene","Primed Experiment"
"GO:0030166","proteoglycan biosynthetic process",0.037037037037037,0.000831543205599058,0.02222053841238,0.0347195912693438,0.00594496861032975,"evm.utg483.15",1,"CHH","Biological Processes","gene","Primed Experiment"
"GO:0070555","response to interleukin-1",0.037037037037037,0.000831543205599058,0.02222053841238,0.0347195912693438,0.00594496861032975,"evm.utg320.52",1,"CHH","Biological Processes","gene","Primed Experiment"
"GO:0007616","long-term memory",0.037037037037037,0.000866190839165685,0.0231359987585503,0.0357037017878863,0.00611347595525913,"evm.utg320.52",1,"CHH","Biological Processes","gene","Primed Experiment"
"GO:0030501","positive regulation of bone mineralization",0.037037037037037,0.000866190839165685,0.0231359987585503,0.0357037017878863,0.00611347595525913,"evm.utg483.15",1,"CHH","Biological Processes","gene","Primed Experiment"
"GO:0071773","cellular response to BMP stimulus",0.037037037037037,0.000866190839165685,0.0231359987585503,0.0357037017878863,0.00611347595525913,"evm.utg483.15",1,"CHH","Biological Processes","gene","Primed Experiment"
"GO:1904707","positive regulation of vascular associated smooth muscle cell proliferation",0.037037037037037,0.000900838472732312,0.0240506337078696,0.0369630641002095,0.00632911413364991,"evm.utg483.15",1,"CHH","Biological Processes","gene","Primed Experiment"
"GO:0003222","ventricular trabecula myocardium morphogenesis",0.037037037037037,0.00093548610629894,0.0249644439759332,0.0380555548413616,0.00651617921494192,"evm.utg483.15",1,"CHH","Biological Processes","gene","Primed Experiment"
"GO:0006473","protein acetylation",0.037037037037037,0.00093548610629894,0.0249644439759332,0.0380555548413616,0.00651617921494192,"evm.utg320.52",1,"CHH","Biological Processes","gene","Primed Experiment"
"GO:0035108","limb morphogenesis",0.037037037037037,0.000970133739865567,0.0258774302777421,0.0385080807704496,0.006593664356484,"evm.utg483.15",1,"CHH","Biological Processes","gene","Primed Experiment"
"GO:0045945","positive regulation of transcription by RNA polymerase III",0.037037037037037,0.000970133739865567,0.0258774302777421,0.0385080807704496,0.006593664356484,"evm.utg2606.44",1,"CHH","Biological Processes","gene","Primed Experiment"
"GO:0048568","embryonic organ development",0.037037037037037,0.000970133739865567,0.0258774302777421,0.0385080807704496,0.006593664356484,"evm.utg483.15",1,"CHH","Biological Processes","gene","Primed Experiment"
"GO:0048665","neuron fate specification",0.037037037037037,0.000970133739865567,0.0258774302777421,0.0385080807704496,0.006593664356484,"evm.utg1781.11",1,"CHH","Biological Processes","gene","Primed Experiment"
"GO:0060999","positive regulation of dendritic spine development",0.037037037037037,0.000970133739865567,0.0258774302777421,0.0385080807704496,0.006593664356484,"evm.utg320.52",1,"CHH","Biological Processes","gene","Primed Experiment"
"GO:1903146","regulation of autophagy of mitochondrion",0.037037037037037,0.000970133739865567,0.0258774302777421,0.0385080807704496,0.006593664356484,"evm.utg1781.11",1,"CHH","Biological Processes","gene","Primed Experiment"
"GO:0000727","double-strand break repair via break-induced replication",0.037037037037037,0.00100478137343219,0.0267895933277001,0.0392425683511233,0.00671942924749058,"evm.utg1890.18",1,"CHG","Biological Processes","gene","Primed Experiment"
"GO:0001708","cell fate specification",0.037037037037037,0.00100478137343219,0.0267895933277001,0.0392425683511233,0.00671942924749058,"evm.utg1781.11",1,"CHH","Biological Processes","gene","Primed Experiment"
"GO:0006360","transcription by RNA polymerase I",0.037037037037037,0.00100478137343219,0.0267895933277001,0.0392425683511233,0.00671942924749058,"evm.utg159619.2",1,"CHG","Biological Processes","gene","Primed Experiment"
"GO:1900182","positive regulation of protein localization to nucleus",0.037037037037037,0.00100478137343219,0.0267895933277001,0.0392425683511233,0.00671942924749058,"evm.utg320.52",1,"CHH","Biological Processes","gene","Primed Experiment"
"GO:1902895","positive regulation of miRNA transcription",0.037037037037037,0.00103942900699882,0.0277009338396191,0.0402629852320046,0.00689415326077832,"evm.utg483.15",1,"CHH","Biological Processes","gene","Primed Experiment"
"GO:0030511","positive regulation of transforming growth factor beta receptor signaling pathway",0.037037037037037,0.00107407664056545,0.0286114525267143,0.0407957973289652,0.00698538564790702,"evm.utg320.52",1,"CHH","Biological Processes","gene","Primed Experiment"
"GO:0031669","cellular response to nutrient levels",0.037037037037037,0.00107407664056545,0.0286114525267143,0.0407957973289652,0.00698538564790702,"evm.utg320.52",1,"CHH","Biological Processes","gene","Primed Experiment"
"GO:0039644","suppression by virus of host NF-kappaB cascade",0.037037037037037,0.00107407664056545,0.0286114525267143,0.0407957973289652,0.00698538564790702,"evm.utg43451.17",1,"CpG","Biological Processes","gene","Primed Experiment"
"GO:0045862","positive regulation of proteolysis",0.037037037037037,0.00107407664056545,0.0286114525267143,0.0407957973289652,0.00698538564790702,"evm.utg320.52",1,"CHH","Biological Processes","gene","Primed Experiment"
"GO:0046677","response to antibiotic",0.037037037037037,0.00110872427413208,0.0295211501016084,0.0419334518488755,0.00718018403587764,"evm.utg2606.44",1,"CHH","Biological Processes","gene","Primed Experiment"
"GO:0003151","outflow tract morphogenesis",0.037037037037037,0.0011433719076987,0.0304300272763309,0.0425793292112839,0.00729077637021283,"evm.utg483.15",1,"CHH","Biological Processes","gene","Primed Experiment"
"GO:0032924","activin receptor signaling pathway",0.037037037037037,0.0011433719076987,0.0304300272763309,0.0425793292112839,0.00729077637021283,"evm.utg483.15",1,"CHH","Biological Processes","gene","Primed Experiment"
"GO:0050768","negative regulation of neurogenesis",0.037037037037037,0.0011433719076987,0.0304300272763309,0.0425793292112839,0.00729077637021283,"evm.utg483.15",1,"CHH","Biological Processes","gene","Primed Experiment"
"GO:0060325","face morphogenesis",0.037037037037037,0.0011433719076987,0.0304300272763309,0.0425793292112839,0.00729077637021283,"evm.utg320.52",1,"CHH","Biological Processes","gene","Primed Experiment"
"GO:2000772","regulation of cellular senescence",0.037037037037037,0.00117801954126533,0.031338084762319,0.0436869211370618,0.00748042719820568,"evm.utg483.15",1,"CHH","Biological Processes","gene","Primed Experiment"
"GO:0007519","skeletal muscle tissue development",0.037037037037037,0.00121266717483196,0.0322453232704158,0.0442930264703514,0.0075842094447479,"evm.utg320.52",1,"CHH","Biological Processes","gene","Primed Experiment"
"GO:0010667","negative regulation of cardiac muscle cell apoptotic process",0.037037037037037,0.00121266717483196,0.0322453232704158,0.0442930264703514,0.0075842094447479,"utg11962.evm.utg628.4.mrna2",1,"CpG","Biological Processes","gene","Primed Experiment"
"GO:0010942","positive regulation of cell death",0.037037037037037,0.00121266717483196,0.0322453232704158,0.0442930264703514,0.0075842094447479,"evm.utg320.52",1,"CHH","Biological Processes","gene","Primed Experiment"
"GO:0030574","collagen catabolic process",0.037037037037037,0.00121266717483196,0.0322453232704158,0.0442930264703514,0.0075842094447479,"utg579.evm.utg11123.1.6.5c22e8a4.mrna3",1,"CHG","Biological Processes","gene","Primed Experiment"
"GO:0032720","negative regulation of tumor necrosis factor production",0.037037037037037,0.00131661007553184,0.0349621320269304,0.0475028967757207,0.00813382934264972,"utg11962.evm.utg628.4.mrna2",1,"CpG","Biological Processes","gene","Primed Experiment"
"GO:0050673","epithelial cell proliferation",0.037037037037037,0.00131661007553184,0.0349621320269304,0.0475028967757207,0.00813382934264972,"evm.utg483.15",1,"CHH","Biological Processes","gene","Primed Experiment"
"GO:0060412","ventricular septum morphogenesis",0.037037037037037,0.00131661007553184,0.0349621320269304,0.0475028967757207,0.00813382934264972,"evm.utg483.15",1,"CHH","Biological Processes","gene","Primed Experiment"
"GO:0010821","regulation of mitochondrion organization",0.037037037037037,0.00135125770909847,0.0358661017200772,0.0483805328957876,0.00828410528180503,"evm.utg320.52",1,"CHH","Biological Processes","gene","Primed Experiment"
"GO:0042475","odontogenesis of dentin-containing tooth",0.037037037037037,0.00135125770909847,0.0358661017200772,0.0483805328957876,0.00828410528180503,"evm.utg483.15",1,"CHH","Biological Processes","gene","Primed Experiment"
"GO:0043491","protein kinase B signaling",0.037037037037037,0.0013859053426651,0.0367692559806875,0.0490515566615366,0.0083990033862561,"evm.utg320.52",1,"CHH","Biological Processes","gene","Primed Experiment"
"GO:1901224","positive regulation of NIK/NF-kappaB signaling",0.037037037037037,0.0013859053426651,0.0367692559806875,0.0490515566615366,0.0083990033862561,"evm.utg320.52",1,"CHH","Biological Processes","gene","Primed Experiment"
"GO:0002062","chondrocyte differentiation",0.037037037037037,0.00142055297623172,0.0376715955160601,0.0490515566615366,0.0083990033862561,"evm.utg483.15",1,"CHH","Biological Processes","gene","Primed Experiment"
"GO:0007611","learning or memory",0.037037037037037,0.00142055297623172,0.0376715955160601,0.0490515566615366,0.0083990033862561,"evm.utg320.52",1,"CHH","Biological Processes","gene","Primed Experiment"
"GO:0039520","induction by virus of host autophagy",0.037037037037037,0.00142055297623172,0.0376715955160601,0.0490515566615366,0.0083990033862561,"evm.utg43451.17",1,"CpG","Biological Processes","gene","Primed Experiment"
"GO:0039579","suppression by virus of host ISG15-protein conjugation",0.037037037037037,0.00142055297623172,0.0376715955160601,0.0490515566615366,0.0083990033862561,"evm.utg43451.17",1,"CpG","Biological Processes","gene","Primed Experiment"
"GO:0039595","induction by virus of catabolism of host mRNA",0.037037037037037,0.00142055297623172,0.0376715955160601,0.0490515566615366,0.0083990033862561,"evm.utg43451.17",1,"CpG","Biological Processes","gene","Primed Experiment"
"GO:0039648","modulation by symbiont of host protein ubiquitination",0.037037037037037,0.00142055297623172,0.0376715955160601,0.0490515566615366,0.0083990033862561,"evm.utg43451.17",1,"CpG","Biological Processes","gene","Primed Experiment"
"GO:0039657","suppression by virus of host gene expression",0.037037037037037,0.00142055297623172,0.0376715955160601,0.0490515566615366,0.0083990033862561,"evm.utg43451.17",1,"CpG","Biological Processes","gene","Primed Experiment"
"GO:0045773","positive regulation of axon extension",0.037037037037037,0.00142055297623172,0.0376715955160601,0.0490515566615366,0.0083990033862561,"evm.utg320.52",1,"CHH","Biological Processes","gene","Primed Experiment"
"GO:0039502","suppression by virus of host type I interferon-mediated signaling pathway",0.037037037037037,0.00145520060979835,0.038573121032908,0.0495373985867825,0.00848219316152627,"evm.utg43451.17",1,"CpG","Biological Processes","gene","Primed Experiment"
"GO:0042307","positive regulation of protein import into nucleus",0.037037037037037,0.00145520060979835,0.038573121032908,0.0495373985867825,0.00848219316152627,"evm.utg320.52",1,"CHH","Biological Processes","gene","Primed Experiment"
"GO:0043627","response to estrogen",0.037037037037037,0.00145520060979835,0.038573121032908,0.0495373985867825,0.00848219316152627,"evm.utg320.52",1,"CHH","Biological Processes","gene","Primed Experiment"
"GO:0045736","negative regulation of cyclin-dependent protein serine/threonine kinase activity",0.037037037037037,0.00145520060979835,0.038573121032908,0.0495373985867825,0.00848219316152627,"evm.utg7656.7",1,"CHG","Biological Processes","gene","Primed Experiment"
"GO:0034440","lipid oxidation",0.037037037037037,0.00148984824336498,0.0394738332373532,0.0503492770884607,0.00862120955058556,"evm.utg1818.18",1,"CHG","Biological Processes","gene","Primed Experiment"
"GO:0035774","positive regulation of insulin secretion involved in cellular response to glucose stimulus",0.037037037037037,0.00148984824336498,0.0394738332373532,0.0503492770884607,0.00862120955058556,"utg11962.evm.utg628.4.mrna2",1,"CpG","Biological Processes","gene","Primed Experiment"
"GO:0045669","positive regulation of osteoblast differentiation",0.037037037037037,0.00152449587693161,0.0403737328349306,0.0513225417393186,0.00878785977852192,"evm.utg483.15",1,"CHH","Biological Processes","gene","Primed Experiment"
"GO:0010862","positive regulation of pathway-restricted SMAD protein phosphorylation",0.037037037037037,0.00155914351049823,0.0412728205305881,0.0519372741576193,0.00889311922418183,"evm.utg483.15",1,"CHH","Biological Processes","gene","Primed Experiment"
"GO:0030513","positive regulation of BMP signaling pathway",0.037037037037037,0.00155914351049823,0.0412728205305881,0.0519372741576193,0.00889311922418183,"evm.utg1781.11",1,"CHH","Biological Processes","gene","Primed Experiment"
"GO:0042311","vasodilation",0.037037037037037,0.00159379114406486,0.0421710970286858,0.0527138712858573,0.00902609445175381,"utg11962.evm.utg628.4.mrna2",1,"CpG","Biological Processes","gene","Primed Experiment"
"GO:1900087","positive regulation of G1/S transition of mitotic cell cycle",0.037037037037037,0.00159379114406486,0.0421710970286858,0.0527138712858573,0.00902609445175381,"evm.utg320.52",1,"CHH","Biological Processes","gene","Primed Experiment"
"GO:0045597","positive regulation of cell differentiation",0.037037037037037,0.00162843877763149,0.0430685630329964,0.0536568476324707,0.0091875584718055,"evm.utg483.15",1,"CHH","Biological Processes","gene","Primed Experiment"
"GO:0001707","mesoderm formation",0.037037037037037,0.00169773404476474,0.0448610663724232,0.0553384864791404,0.00947550224625281,"evm.utg483.15",1,"CHH","Biological Processes","gene","Primed Experiment"
"GO:0050714","positive regulation of protein secretion",0.037037037037037,0.00169773404476474,0.0448610663724232,0.0553384864791404,0.00947550224625281,"evm.utg320.52",1,"CHH","Biological Processes","gene","Primed Experiment"
"GO:0051592","response to calcium ion",0.037037037037037,0.00169773404476474,0.0448610663724232,0.0553384864791404,0.00947550224625281,"evm.utg320.52",1,"CHH","Biological Processes","gene","Primed Experiment"
"GO:0019079","viral genome replication",0.037037037037037,0.00173238167833137,0.0457561051121568,0.0558910078731557,0.00957010941828069,"evm.utg43451.17",1,"CpG","Biological Processes","gene","Primed Experiment"
"GO:0070979","protein K11-linked ubiquitination",0.037037037037037,0.00173238167833137,0.0457561051121568,0.0558910078731557,0.00957010941828069,"evm.utg816.5",1,"CHG","Biological Processes","gene","Primed Experiment"
"GO:0098586","cellular response to virus",0.037037037037037,0.00173238167833137,0.0457561051121568,0.0558910078731557,0.00957010941828069,"evm.utg320.52",1,"CHH","Biological Processes","gene","Primed Experiment"
"GO:0001654","eye development",0.037037037037037,0.001767029311898,0.0466503361673407,0.0566144856399766,0.00969398912010827,"evm.utg483.15",1,"CHH","Biological Processes","gene","Primed Experiment"
"GO:0016070","RNA metabolic process",0.037037037037037,0.001767029311898,0.0466503361673407,0.0566144856399766,0.00969398912010827,"evm.utg2606.44",1,"CHH","Biological Processes","gene","Primed Experiment"
"GO:0035019","somatic stem cell population maintenance",0.037037037037037,0.00180167694546462,0.0475437602388235,0.0575126131921251,0.00984777376763406,"evm.utg483.15",1,"CHH","Biological Processes","gene","Primed Experiment"
"GO:0030183","B cell differentiation",0.037037037037037,0.00187097221259788,0.0493281902311536,0.058911055212365,0.010087226296012,"evm.utg320.52",1,"CHH","Biological Processes","gene","Primed Experiment"
"GO:0031333","negative regulation of protein-containing complex assembly",0.037037037037037,0.00187097221259788,0.0493281902311536,0.058911055212365,0.010087226296012,"evm.utg320.52",1,"CHH","Biological Processes","gene","Primed Experiment"
"GO:0060021","roof of mouth development",0.037037037037037,0.00187097221259788,0.0493281902311536,0.058911055212365,0.010087226296012,"evm.utg483.15",1,"CHH","Biological Processes","gene","Primed Experiment"
"GO:0021915","neural tube development",0.037037037037037,0.00190561984616451,0.0502191975507789,0.0594075680805744,0.0101722432362527,"evm.utg1781.11",1,"CHH","Biological Processes","gene","Primed Experiment"
"GO:0043154","negative regulation of cysteine-type endopeptidase activity involved in apoptotic process",0.037037037037037,0.00190561984616451,0.0502191975507789,0.0594075680805744,0.0101722432362527,"evm.utg320.52",1,"CHH","Biological Processes","gene","Primed Experiment"
"GO:0050679","positive regulation of epithelial cell proliferation",0.037037037037037,0.00190561984616451,0.0502191975507789,0.0594075680805744,0.0101722432362527,"evm.utg483.15",1,"CHH","Biological Processes","gene","Primed Experiment"
"GO:0008630","intrinsic apoptotic signaling pathway in response to DNA damage",0.037037037037037,0.00207885801399764,0.0546621853066498,0.0638576931152451,0.0109342295579788,"utg11962.evm.utg628.4.mrna2",1,"CpG","Biological Processes","gene","Primed Experiment"
"GO:0009749","response to glucose",0.037037037037037,0.00207885801399764,0.0546621853066498,0.0638576931152451,0.0109342295579788,"evm.utg320.52",1,"CHH","Biological Processes","gene","Primed Experiment"
"GO:0060348","bone development",0.037037037037037,0.00207885801399764,0.0546621853066498,0.0638576931152451,0.0109342295579788,"evm.utg483.15",1,"CHH","Biological Processes","gene","Primed Experiment"
"GO:0016570","histone modification",0.037037037037037,0.00211350564756427,0.0555483779667681,0.0642921041282039,0.0110086129173907,"evm.utg320.52",1,"CHH","Biological Processes","gene","Primed Experiment"
"GO:0034644","cellular response to UV",0.037037037037037,0.00211350564756427,0.0555483779667681,0.0642921041282039,0.0110086129173907,"evm.utg320.52",1,"CHH","Biological Processes","gene","Primed Experiment"
"GO:0045815","transcription initiation-coupled chromatin remodeling",0.037037037037037,0.00211350564756427,0.0555483779667681,0.0642921041282039,0.0110086129173907,"evm.utg320.52",1,"CHH","Biological Processes","gene","Primed Experiment"
"GO:0002931","response to ischemia",0.037037037037037,0.00218280091469753,0.0573183639596677,0.0657320687610868,0.0112551752826001,"evm.utg320.52",1,"CHH","Biological Processes","gene","Primed Experiment"
"GO:0051216","cartilage development",0.037037037037037,0.00218280091469753,0.0573183639596677,0.0657320687610868,0.0112551752826001,"evm.utg320.52",1,"CHH","Biological Processes","gene","Primed Experiment"
"GO:0016573","histone acetylation",0.037037037037037,0.00221744854826415,0.0582021586807722,0.0661388166826957,0.0113248219442651,"evm.utg320.52",1,"CHH","Biological Processes","gene","Primed Experiment"
"GO:0043966","histone H3 acetylation",0.037037037037037,0.00221744854826415,0.0582021586807722,0.0661388166826957,0.0113248219442651,"evm.utg320.52",1,"CHH","Biological Processes","gene","Primed Experiment"
"GO:0071363","cellular response to growth factor stimulus",0.037037037037037,0.00221744854826415,0.0582021586807722,0.0661388166826957,0.0113248219442651,"evm.utg483.15",1,"CHH","Biological Processes","gene","Primed Experiment"
"GO:0042733","embryonic digit morphogenesis",0.037037037037037,0.00239068671609729,0.0626091772472692,0.0707181971919457,0.012108940431463,"evm.utg483.15",1,"CHH","Biological Processes","gene","Primed Experiment"
"GO:0060041","retina development in camera-type eye",0.037037037037037,0.00239068671609729,0.0626091772472692,0.0707181971919457,0.012108940431463,"evm.utg483.15",1,"CHH","Biological Processes","gene","Primed Experiment"
"GO:0019082","viral protein processing",0.037037037037037,0.00242533434966392,0.0634881947936978,0.0714957148577678,0.012242073280909,"evm.utg43451.17",1,"CpG","Biological Processes","gene","Primed Experiment"
"GO:0006611","protein export from nucleus",0.037037037037037,0.00249462961679717,0.0652438492418109,0.0732528247475422,0.0125429398164213,"evm.utg3522.30",1,"CHH","Biological Processes","gene","Primed Experiment"
"GO:0006513","protein monoubiquitination",0.037037037037037,0.00259857251749706,0.0678713896323851,0.075975436155655,0.0130091273136701,"evm.utg816.5",1,"CHG","Biological Processes","gene","Primed Experiment"
"GO:0045444","fat cell differentiation",0.037037037037037,0.00277181068533019,0.0722348260062274,0.0806192254533788,0.0138042743934207,"evm.utg320.52",1,"CHH","Biological Processes","gene","Primed Experiment"
"GO:0001501","skeletal system development",0.037037037037037,0.00284110595246345,0.0739746873845391,0.0820725081929057,0.0140531171923291,"evm.utg483.15",1,"CHH","Biological Processes","gene","Primed Experiment"
"GO:0032092","positive regulation of protein binding",0.037037037037037,0.00284110595246345,0.0739746873845391,0.0820725081929057,0.0140531171923291,"evm.utg320.52",1,"CHH","Biological Processes","gene","Primed Experiment"
"GO:0070936","protein K48-linked ubiquitination",0.037037037037037,0.0029104012195967,0.0757114065834124,0.0837515559551022,0.0143406173003824,"evm.utg816.5",1,"CHG","Biological Processes","gene","Primed Experiment"
"GO:0051092","positive regulation of NF-kappaB transcription factor activity",0.037037037037037,0.00297969648672996,0.0774449890597245,0.0854172673452844,0.0146258338471926,"evm.utg320.52",1,"CHH","Biological Processes","gene","Primed Experiment"
"GO:0000082","G1/S transition of mitotic cell cycle",0.037037037037037,0.00301434412029658,0.0783106057297057,0.0858668922474844,0.0147028222514991,"evm.utg1890.18",1,"CHG","Biological Processes","gene","Primed Experiment"
"GO:0001933","negative regulation of protein phosphorylation",0.037037037037037,0.00301434412029658,0.0783106057297057,0.0858668922474844,0.0147028222514991,"evm.utg1781.11",1,"CHH","Biological Processes","gene","Primed Experiment"
"GO:0009887","animal organ morphogenesis",0.037037037037037,0.00311828702099647,0.0809027656266961,0.0884505455102362,0.0151452162136826,"evm.utg320.52",1,"CHH","Biological Processes","gene","Primed Experiment"
"GO:0051091","positive regulation of DNA-binding transcription factor activity",0.037037037037037,0.00322222992169635,0.0834879046070236,0.0910115239175403,0.0155837276041262,"evm.utg320.52",1,"CHH","Biological Processes","gene","Primed Experiment"
"GO:0048511","rhythmic process",0.037037037037037,0.00343011572309611,0.0886371929191709,0.0963447749121423,0.0164969298796931,"evm.utg320.52",1,"CHH","Biological Processes","gene","Primed Experiment"
"GO:0001649","osteoblast differentiation",0.037037037037037,0.00353405862379599,0.0912013786875154,0.0988454248780875,0.0169251113475462,"evm.utg483.15",1,"CHH","Biological Processes","gene","Primed Experiment"
"GO:0048589","""developmental growth",0.037037037037037,0.00363800152449588,0.0937586164124656,0.101032991823778,0.0172996842140363,"evm.utg483.15",1,"CHH","Biological Processes","gene","Primed Experiment"
"GO:0050896","response to stimulus",0.037037037037037,0.00363800152449588,0.0937586164124656,0.101032991823778,0.0172996842140363,"evm.utg320.52",1,"CHH","Biological Processes","gene","Primed Experiment"
"GO:0045727","positive regulation of translation",0.037037037037037,0.0036726491580625,0.0946094881082915,0.10165775942868,0.0174066619653319,"evm.utg320.52",1,"CHH","Biological Processes","gene","Primed Experiment"
"GO:0006913","nucleocytoplasmic transport",0.037037037037037,0.00374194442519576,0.0963089241985616,0.103188133069887,0.0176687048905632,"evm.utg3522.30",1,"CHH","Biological Processes","gene","Primed Experiment"
"GO:0030307","positive regulation of cell growth",0.037037037037037,0.00388053495946227,0.0996985858821428,0.106515583207417,0.0182384577562174,"evm.utg320.52",1,"CHH","Biological Processes","gene","Primed Experiment"
"GO:0051028","mRNA transport",0.037037037037037,0.0039151825930289,0.100544086340619,0.10711372834583,0.0183408769939526,"evm.utg3522.30",1,"CHH","Biological Processes","gene","Primed Experiment"
"GO:0045471","response to ethanol",0.037037037037037,0.00408842076086203,0.10476013212744,0.111289092203371,0.0190558164895597,"utg11962.evm.utg628.4.mrna2",1,"CpG","Biological Processes","gene","Primed Experiment"
"GO:0051865","protein autoubiquitination",0.037037037037037,0.0042963065622618,0.10979427029656,0.116307489720932,0.0199151070118649,"evm.utg816.5",1,"CHG","Biological Processes","gene","Primed Experiment"
"GO:0007224","smoothened signaling pathway",0.037037037037037,0.00471207816506133,0.119780892633278,0.126529111936561,0.0216653356579094,"evm.utg1781.11",1,"CHH","Biological Processes","gene","Primed Experiment"
"GO:0070534","protein K63-linked ubiquitination",0.037037037037037,0.00474672579862795,0.120608223827976,0.127045179594076,0.0217537009269856,"evm.utg816.5",1,"CHG","Biological Processes","gene","Primed Experiment"
"GO:0006955","immune response",0.037037037037037,0.00495461160002772,0.125556508015619,0.131887088251701,0.0225827716023965,"evm.utg483.15",1,"CHH","Biological Processes","gene","Primed Experiment"
"GO:0001666","response to hypoxia",0.037037037037037,0.00502390686716097,0.127199969596679,0.133240191616633,0.0228144608803218,"evm.utg320.52",1,"CHH","Biological Processes","gene","Primed Experiment"
"GO:0006606","protein import into nucleus",0.037037037037037,0.00561291663779364,0.141049815098926,0.14733615783314,0.0252280859728324,"evm.utg7656.7",1,"CHG","Biological Processes","gene","Primed Experiment"
"GO:0006954","inflammatory response",0.037037037037037,0.00568221190492689,0.142665226227529,0.148609610653676,0.0254461368417522,"evm.utg483.15",1,"CHH","Biological Processes","gene","Primed Experiment"
"GO:0030198","extracellular matrix organization",0.037037037037037,0.00606333587415979,0.151497825982922,0.157373087932398,0.0269466901442141,"utg579.evm.utg11123.1.6.5c22e8a4.mrna3",1,"CHG","Biological Processes","gene","Primed Experiment"
"GO:0000724","double-strand break repair via homologous recombination",0.037037037037037,0.00637516457625944,0.158659258929332,0.164356967122927,0.0281425263003468,"evm.utg43451.17",1,"CpG","Biological Processes","gene","Primed Experiment"
"GO:0008283","cell population proliferation",0.037037037037037,0.00765712701822465,0.187493948588388,0.193692095649161,0.0331655237462423,"evm.utg320.52",1,"CHH","Biological Processes","gene","Primed Experiment"
"GO:0006457","protein folding",0.037037037037037,0.00789966045319105,0.192841039355896,0.198668653182585,0.0340176500888076,"evm.utg1781.11",1,"CHH","Biological Processes","gene","Primed Experiment"
"GO:0006338","chromatin remodeling",0.037037037037037,0.00831543205599058,0.201928739536492,0.207461033770368,0.0355231524491017,"evm.utg320.52",1,"CHH","Biological Processes","gene","Primed Experiment"
"GO:0018105","peptidyl-serine phosphorylation",0.037037037037037,0.00838472732312383,0.203433745245952,0.208436214391345,0.0356901307449039,"evm.utg1890.18",1,"CHG","Biological Processes","gene","Primed Experiment"
"GO:0055085","transmembrane transport",0.037037037037037,0.00869655602522348,0.210172516185149,0.214753933431692,0.0367719015840932,"evm.utg3522.31",1,"CHH","Biological Processes","gene","Primed Experiment"
"GO:0006897","endocytosis",0.037037037037037,0.00914697526158963,0.219809461697349,0.223990619936158,0.0383534815890684,"evm.utg1970.27",1,"CHH","Biological Processes","gene","Primed Experiment"
"GO:0050821","protein stabilization",0.037037037037037,0.00945880396368928,0.226414756768964,0.230096297529435,0.0393989449804787,"evm.utg320.52",1,"CHH","Biological Processes","gene","Primed Experiment"
"GO:0045087","innate immune response",0.037037037037037,0.00970133739865567,0.231514944831173,0.234643525166729,0.040177557993461,"evm.utg7656.7",1,"CHG","Biological Processes","gene","Primed Experiment"
"GO:0009410","response to xenobiotic stimulus",0.037037037037037,0.00980528029935555,0.233690813556803,0.236210391061459,0.0404458494168393,"evm.utg320.52",1,"CHH","Biological Processes","gene","Primed Experiment"
"GO:0001701","in utero embryonic development",0.037037037037037,0.00997851846718869,0.237304084346734,0.239217826962434,0.0409608068623395,"evm.utg483.15",1,"CHH","Biological Processes","gene","Primed Experiment"
"GO:0000209","protein polyubiquitination",0.037037037037037,0.0106714711385212,0.251593792527503,0.252942820905667,0.043310911088409,"evm.utg816.5",1,"CHG","Biological Processes","gene","Primed Experiment"
"GO:0010468","regulation of gene expression",0.037037037037037,0.0107407664056545,0.253008499223408,0.25368499253684,0.0434379917045536,"evm.utg1781.11",1,"CHH","Biological Processes","gene","Primed Experiment"
"GO:0007507","heart development",0.037037037037037,0.0113644238098538,0.265625508351609,0.265625508351609,0.0454825431844159,"evm.utg320.52",1,"CHH","Biological Processes","gene","Primed Experiment"
"GO:0004100","chitin synthase activity",0.04,0.000637293241794849,0.015816538260739,0.0897732068785895,0.061423773127456,"evm.utg590.24",1,"CpG","Molecular Functions","dispersed_repeat","Primed Experiment"
"GO:0043425","bHLH transcription factor binding",0.04,0.000724196865675965,0.0179546413757179,0.0897732068785895,0.061423773127456,"evm.utg6959.27",1,"CHH","Molecular Functions","dispersed_repeat","Primed Experiment"
"GO:0015267","channel activity",0.04,0.00136149010747081,0.0334983740391951,0.101713101727291,0.0695931748660415,"evm.utg3210.25",1,"CpG","Molecular Functions","dispersed_repeat","Primed Experiment"
"GO:0015267","channel activity",0.04,0.00136149010747081,0.0334983740391951,0.101713101727291,0.0695931748660415,"evm.utg3210.25",1,"CpG","Molecular Functions","dispersed_repeat","Primed Experiment"
"GO:0031369","translation initiation factor binding",0.04,0.00141942585672489,0.0348996694911056,0.101713101727291,0.0695931748660415,"evm.utg2353.1",1,"CHH","Molecular Functions","dispersed_repeat","Primed Experiment"
"GO:0031369","translation initiation factor binding",0.04,0.00141942585672489,0.0348996694911056,0.101713101727291,0.0695931748660415,"evm.utg2353.1",1,"CHH","Molecular Functions","dispersed_repeat","Primed Experiment"
"GO:0008483","transaminase activity",0.04,0.00144839373135193,0.035599585604552,0.101713101727291,0.0695931748660415,"evm.utg30804.6",1,"CpG","Molecular Functions","dispersed_repeat","Primed Experiment"
"GO:0008483","transaminase activity",0.04,0.00144839373135193,0.035599585604552,0.101713101727291,0.0695931748660415,"evm.utg30804.6",1,"CpG","Molecular Functions","dispersed_repeat","Primed Experiment"
"GO:0008483","transaminase activity",0.04,0.00144839373135193,0.035599585604552,0.101713101727291,0.0695931748660415,"evm.utg30804.6",1,"CHH","Molecular Functions","dispersed_repeat","Primed Experiment"
"GO:0008483","transaminase activity",0.04,0.00144839373135193,0.035599585604552,0.101713101727291,0.0695931748660415,"evm.utg30804.6",1,"CHH","Molecular Functions","dispersed_repeat","Primed Experiment"
"GO:0008483","transaminase activity",0.04,0.00144839373135193,0.035599585604552,0.101713101727291,0.0695931748660415,"evm.utg30804.6",1,"CHH","Molecular Functions","dispersed_repeat","Primed Experiment"
"GO:0005244","voltage-gated monoatomic ion channel activity",0.04,0.00391066307465021,0.0933441852729519,0.18760662223119,0.12836242573713,"evm.utg12724.17",1,"CpG","Molecular Functions","dispersed_repeat","Primed Experiment"
"GO:0005244","voltage-gated monoatomic ion channel activity",0.04,0.00391066307465021,0.0933441852729519,0.18760662223119,0.12836242573713,"evm.utg12724.17",1,"CpG","Molecular Functions","dispersed_repeat","Primed Experiment"
"GO:0005262","calcium channel activity",0.04,0.00393963094927725,0.0940033603839908,0.18760662223119,0.12836242573713,"evm.utg2849.8",1,"CHG","Molecular Functions","dispersed_repeat","Primed Experiment"
"GO:0005249","voltage-gated potassium channel activity",0.04,0.00399756669853133,0.0953203306431302,0.18760662223119,0.12836242573713,"evm.utg12724.17",1,"CpG","Molecular Functions","dispersed_repeat","Primed Experiment"
"GO:0005249","voltage-gated potassium channel activity",0.04,0.00399756669853133,0.0953203306431302,0.18760662223119,0.12836242573713,"evm.utg12724.17",1,"CpG","Molecular Functions","dispersed_repeat","Primed Experiment"
"GO:0005267","potassium channel activity",0.04,0.00434518119405579,0.103183642227155,0.18760662223119,0.12836242573713,"evm.utg12724.17",1,"CpG","Molecular Functions","dispersed_repeat","Primed Experiment"
"GO:0005267","potassium channel activity",0.04,0.00434518119405579,0.103183642227155,0.18760662223119,0.12836242573713,"evm.utg12724.17",1,"CpG","Molecular Functions","dispersed_repeat","Primed Experiment"
"GO:0051213","""dioxygenase activity",0.04,0.00530112105674807,0.124470893752856,0.197702846990968,0.13527036899382,"evm.utg412866.2",1,"CHH","Molecular Functions","dispersed_repeat","Primed Experiment"
"GO:0051213","""dioxygenase activity",0.04,0.00530112105674807,0.124470893752856,0.197702846990968,0.13527036899382,"evm.utg412866.2",1,"CHH","Molecular Functions","dispersed_repeat","Primed Experiment"
"GO:0003887","DNA-directed DNA polymerase activity",0.04,0.00579357492540772,0.13524689049688,0.197702846990968,0.13527036899382,"utg2427.evm.utg261.54.mrna8",1,"CpG","Molecular Functions","dispersed_repeat","Primed Experiment"
"GO:0003887","DNA-directed DNA polymerase activity",0.04,0.00579357492540772,0.13524689049688,0.197702846990968,0.13527036899382,"utg2427.evm.utg261.54.mrna8",1,"CpG","Molecular Functions","dispersed_repeat","Primed Experiment"
"GO:0060090","molecular adaptor activity",0.04,0.00593841429854292,0.138391992893678,0.197702846990968,0.13527036899382,"evm.utg2353.1",1,"CHH","Molecular Functions","dispersed_repeat","Primed Experiment"
"GO:0060090","molecular adaptor activity",0.04,0.00593841429854292,0.138391992893678,0.197702846990968,0.13527036899382,"evm.utg2353.1",1,"CHH","Molecular Functions","dispersed_repeat","Primed Experiment"
"GO:0016779","nucleotidyltransferase activity",0.04,0.00715506503287854,0.164380814772534,0.205476018465667,0.140588854739667,"utg2427.evm.utg261.54.mrna8",1,"CpG","Molecular Functions","dispersed_repeat","Primed Experiment"
"GO:0016779","nucleotidyltransferase activity",0.04,0.00715506503287854,0.164380814772534,0.205476018465667,0.140588854739667,"utg2427.evm.utg261.54.mrna8",1,"CpG","Molecular Functions","dispersed_repeat","Primed Experiment"
"GO:0045296","cadherin binding",0.04,0.00715506503287854,0.164380814772534,0.205476018465667,0.140588854739667,"evm.utg1162.37",1,"CHH","Molecular Functions","dispersed_repeat","Primed Experiment"
"GO:0045296","cadherin binding",0.04,0.00715506503287854,0.164380814772534,0.205476018465667,0.140588854739667,"evm.utg1162.37",1,"CHH","Molecular Functions","dispersed_repeat","Primed Experiment"
"GO:0045296","cadherin binding",0.04,0.00715506503287854,0.164380814772534,0.205476018465667,0.140588854739667,"evm.utg1162.37",1,"CHH","Molecular Functions","dispersed_repeat","Primed Experiment"
"GO:0046982","protein heterodimerization activity",0.04,0.00889313751050085,0.200205894145342,0.235536346053343,0.161156447299656,"evm.utg6959.27",1,"CHH","Molecular Functions","dispersed_repeat","Primed Experiment"
"GO:0000166","nucleotide binding",0.04,0.0102546276179717,0.227234234469766,0.252482482744184,0.172751172403915,"utg2427.evm.utg261.54.mrna8",1,"CpG","Molecular Functions","dispersed_repeat","Primed Experiment"
"GO:0000166","nucleotide binding",0.04,0.0102546276179717,0.227234234469766,0.252482482744184,0.172751172403915,"utg2427.evm.utg261.54.mrna8",1,"CpG","Molecular Functions","dispersed_repeat","Primed Experiment"
"GO:0046983","protein dimerization activity",0.04,0.0113554068537991,0.248443701295069,0.261519685573757,0.17893452170836,"evm.utg6959.27",1,"CHH","Molecular Functions","dispersed_repeat","Primed Experiment"
"GO:0016874","ligase activity",0.04,0.01428116219113,0.302134544174764,0.302134544174764,0.206723635487996,"evm.utg4290.31",1,"CpG","Molecular Functions","dispersed_repeat","Primed Experiment"
"GO:0016874","ligase activity",0.04,0.01428116219113,0.302134544174764,0.302134544174764,0.206723635487996,"evm.utg4290.31",1,"CpG","Molecular Functions","dispersed_repeat","Primed Experiment"
"GO:0016874","ligase activity",0.04,0.01428116219113,0.302134544174764,0.302134544174764,0.206723635487996,"evm.utg4290.31",1,"CpG","Molecular Functions","dispersed_repeat","Primed Experiment"
"GO:0016874","ligase activity",0.04,0.01428116219113,0.302134544174764,0.302134544174764,0.206723635487996,"evm.utg4290.31",1,"CpG","Molecular Functions","dispersed_repeat","Primed Experiment"
"GO:0016874","ligase activity",0.04,0.01428116219113,0.302134544174764,0.302134544174764,0.206723635487996,"evm.utg4290.31",1,"CHG","Molecular Functions","dispersed_repeat","Primed Experiment"
"GO:0016874","ligase activity",0.04,0.01428116219113,0.302134544174764,0.302134544174764,0.206723635487996,"evm.utg4290.31",1,"CHG","Molecular Functions","dispersed_repeat","Primed Experiment"
"GO:0016874","ligase activity",0.04,0.01428116219113,0.302134544174764,0.302134544174764,0.206723635487996,"evm.utg4290.31",1,"CHG","Molecular Functions","dispersed_repeat","Primed Experiment"
"GO:0016874","ligase activity",0.04,0.01428116219113,0.302134544174764,0.302134544174764,0.206723635487996,"evm.utg4290.31",1,"CHG","Molecular Functions","dispersed_repeat","Primed Experiment"
"GO:0048635","negative regulation of muscle organ development",0.0526315789473684,6.92952671332548e-05,0.00131619950449569,0.0368535861258792,0.0193966242767785,"evm.utg6959.27",1,"CHH","Biological Processes","dispersed_repeat","Primed Experiment"
"GO:0075525","viral translational termination-reinitiation",0.0526315789473684,0.000450419236366156,0.00852601002261522,0.0681815710121043,0.0358850373747917,"evm.utg2353.1",1,"CHH","Biological Processes","dispersed_repeat","Primed Experiment"
"GO:0075525","viral translational termination-reinitiation",0.0526315789473684,0.000450419236366156,0.00852601002261522,0.0681815710121043,0.0358850373747917,"evm.utg2353.1",1,"CHH","Biological Processes","dispersed_repeat","Primed Experiment"
"GO:0051715","cytolysis in another organism",0.0526315789473684,0.000658305037765921,0.0124378219012858,0.0681815710121043,0.0358850373747917,"evm.utg3210.25",1,"CpG","Biological Processes","dispersed_repeat","Primed Experiment"
"GO:0051715","cytolysis in another organism",0.0526315789473684,0.000658305037765921,0.0124378219012858,0.0681815710121043,0.0358850373747917,"evm.utg3210.25",1,"CpG","Biological Processes","dispersed_repeat","Primed Experiment"
"GO:1904294","positive regulation of ERAD pathway",0.0526315789473684,0.000727600304899175,0.0137385067310293,0.0681815710121043,0.0358850373747917,"evm.utg17994.17",1,"CpG","Biological Processes","dispersed_repeat","Primed Experiment"
"GO:1904294","positive regulation of ERAD pathway",0.0526315789473684,0.000727600304899175,0.0137385067310293,0.0681815710121043,0.0358850373747917,"evm.utg17994.17",1,"CpG","Biological Processes","dispersed_repeat","Primed Experiment"
"GO:0075522","IRES-dependent viral translational initiation",0.0526315789473684,0.00079689557203243,0.0150375685226763,0.0681815710121043,0.0358850373747917,"evm.utg2353.1",1,"CHH","Biological Processes","dispersed_repeat","Primed Experiment"
"GO:0075522","IRES-dependent viral translational initiation",0.0526315789473684,0.00079689557203243,0.0150375685226763,0.0681815710121043,0.0358850373747917,"evm.utg2353.1",1,"CHH","Biological Processes","dispersed_repeat","Primed Experiment"
"GO:0019752","carboxylic acid metabolic process",0.0526315789473684,0.00117801954126533,0.0221534819467967,0.0681815710121043,0.0358850373747917,"evm.utg30804.6",1,"CpG","Biological Processes","dispersed_repeat","Primed Experiment"
"GO:0019752","carboxylic acid metabolic process",0.0526315789473684,0.00117801954126533,0.0221534819467967,0.0681815710121043,0.0358850373747917,"evm.utg30804.6",1,"CpG","Biological Processes","dispersed_repeat","Primed Experiment"
"GO:0019752","carboxylic acid metabolic process",0.0526315789473684,0.00117801954126533,0.0221534819467967,0.0681815710121043,0.0358850373747917,"evm.utg30804.6",1,"CHH","Biological Processes","dispersed_repeat","Primed Experiment"
"GO:0019752","carboxylic acid metabolic process",0.0526315789473684,0.00117801954126533,0.0221534819467967,0.0681815710121043,0.0358850373747917,"evm.utg30804.6",1,"CHH","Biological Processes","dispersed_repeat","Primed Experiment"
"GO:0019752","carboxylic acid metabolic process",0.0526315789473684,0.00117801954126533,0.0221534819467967,0.0681815710121043,0.0358850373747917,"evm.utg30804.6",1,"CHH","Biological Processes","dispersed_repeat","Primed Experiment"
"GO:0046931","pore complex assembly",0.0526315789473684,0.00131661007553184,0.0247289903562041,0.0681815710121043,0.0358850373747917,"evm.utg3210.25",1,"CpG","Biological Processes","dispersed_repeat","Primed Experiment"
"GO:0046931","pore complex assembly",0.0526315789473684,0.00131661007553184,0.0247289903562041,0.0681815710121043,0.0358850373747917,"evm.utg3210.25",1,"CpG","Biological Processes","dispersed_repeat","Primed Experiment"
"GO:0030001","metal ion transport",0.0526315789473684,0.0013859053426651,0.0260143333434661,0.0681815710121043,0.0358850373747917,"evm.utg268.25.1.5c22edff",1,"CpG","Biological Processes","dispersed_repeat","Primed Experiment"
"GO:0001732","formation of cytoplasmic translation initiation complex",0.0526315789473684,0.00142055297623172,0.0266564028621142,0.0681815710121043,0.0358850373747917,"evm.utg2353.1",1,"CHH","Biological Processes","dispersed_repeat","Primed Experiment"
"GO:0001732","formation of cytoplasmic translation initiation complex",0.0526315789473684,0.00142055297623172,0.0266564028621142,0.0681815710121043,0.0358850373747917,"evm.utg2353.1",1,"CHH","Biological Processes","dispersed_repeat","Primed Experiment"
"GO:0050767","regulation of neurogenesis",0.0526315789473684,0.00152449587693161,0.0285802063577629,0.0681815710121043,0.0358850373747917,"evm.utg6959.27",1,"CHH","Biological Processes","dispersed_repeat","Primed Experiment"
"GO:0006812","monoatomic cation transport",0.0526315789473684,0.00155914351049823,0.0292206732909018,0.0681815710121043,0.0358850373747917,"evm.utg3210.25",1,"CpG","Biological Processes","dispersed_repeat","Primed Experiment"
"GO:0006812","monoatomic cation transport",0.0526315789473684,0.00155914351049823,0.0292206732909018,0.0681815710121043,0.0358850373747917,"evm.utg3210.25",1,"CpG","Biological Processes","dispersed_repeat","Primed Experiment"
"GO:0006446","regulation of translational initiation",0.0526315789473684,0.00194026747973113,0.0362394577379572,0.077559605068543,0.0408208447729174,"evm.utg2353.1",1,"CHH","Biological Processes","dispersed_repeat","Primed Experiment"
"GO:0006446","regulation of translational initiation",0.0526315789473684,0.00194026747973113,0.0362394577379572,0.077559605068543,0.0408208447729174,"evm.utg2353.1",1,"CHH","Biological Processes","dispersed_repeat","Primed Experiment"
"GO:0042273","ribosomal large subunit biogenesis",0.0526315789473684,0.00207885801399764,0.0387798025342715,0.077559605068543,0.0408208447729174,"evm.utg3753.7",1,"CHH","Biological Processes","dispersed_repeat","Primed Experiment"
"GO:0006413","translational initiation",0.0526315789473684,0.00273716305176356,0.0507600537470564,0.0921177110573045,0.0484830058196339,"evm.utg2353.1",1,"CHH","Biological Processes","dispersed_repeat","Primed Experiment"
"GO:0006413","translational initiation",0.0526315789473684,0.00273716305176356,0.0507600537470564,0.0921177110573045,0.0484830058196339,"evm.utg2353.1",1,"CHH","Biological Processes","dispersed_repeat","Primed Experiment"
"GO:0009952","""anterior/posterior pattern specification",0.0526315789473684,0.00284110595246345,0.0526386920327454,0.0921177110573045,0.0484830058196339,"evm.utg6959.27",1,"CHH","Biological Processes","dispersed_repeat","Primed Experiment"
"GO:0042254","ribosome biogenesis",0.0526315789473684,0.00353405862379599,0.0650732235491763,0.107179427022173,0.056410224748512,"evm.utg3753.7",1,"CHH","Biological Processes","dispersed_repeat","Primed Experiment"
"GO:0007154","cell communication",0.0526315789473684,0.00436560182939505,0.079790583866154,0.124118686014017,0.0653256242179039,"evm.utg268.25.1.5c22edff",1,"CpG","Biological Processes","dispersed_repeat","Primed Experiment"
"GO:0001822","kidney development",0.0526315789473684,0.00575150717206015,0.103832904542119,0.150259177968486,0.0790837778781506,"evm.utg262.3",1,"CHH","Biological Processes","dispersed_repeat","Primed Experiment"
"GO:0001822","kidney development",0.0526315789473684,0.00575150717206015,0.103832904542119,0.150259177968486,0.0790837778781506,"evm.utg262.3",1,"CHH","Biological Processes","dispersed_repeat","Primed Experiment"
"GO:0008218","bioluminescence",0.0526315789473684,0.00627122167555956,0.112694383476365,0.150259177968486,0.0790837778781506,"evm.utg3329.39",1,"CHH","Biological Processes","dispersed_repeat","Primed Experiment"
"GO:0034765","regulation of monoatomic ion transmembrane transport",0.0526315789473684,0.00627122167555956,0.112694383476365,0.150259177968486,0.0790837778781506,"evm.utg12724.17",1,"CpG","Biological Processes","dispersed_repeat","Primed Experiment"
"GO:0034765","regulation of monoatomic ion transmembrane transport",0.0526315789473684,0.00627122167555956,0.112694383476365,0.150259177968486,0.0790837778781506,"evm.utg12724.17",1,"CpG","Biological Processes","dispersed_repeat","Primed Experiment"
"GO:0051260","protein homooligomerization",0.0526315789473684,0.00706811724759199,0.126120926428239,0.156357161884084,0.0822932430968863,"evm.utg12724.17",1,"CpG","Biological Processes","dispersed_repeat","Primed Experiment"
"GO:0051260","protein homooligomerization",0.0526315789473684,0.00706811724759199,0.126120926428239,0.156357161884084,0.0822932430968863,"evm.utg12724.17",1,"CpG","Biological Processes","dispersed_repeat","Primed Experiment"
"GO:0007219","Notch signaling pathway",0.0526315789473684,0.0072067077818585,0.128436240119069,0.156357161884084,0.0822932430968863,"evm.utg6959.27",1,"CHH","Biological Processes","dispersed_repeat","Primed Experiment"
"GO:0006364","rRNA processing",0.0526315789473684,0.00824613678885732,0.145616774749874,0.169886237208186,0.08941380905694,"evm.utg3753.7",1,"CHH","Biological Processes","dispersed_repeat","Primed Experiment"
"GO:0005975","carbohydrate metabolic process",0.0526315789473684,0.0126810338853856,0.215380580348181,0.241226249989963,0.126961184205244,"evm.utg1162.37",1,"CHH","Biological Processes","dispersed_repeat","Primed Experiment"
"GO:0005975","carbohydrate metabolic process",0.0526315789473684,0.0126810338853856,0.215380580348181,0.241226249989963,0.126961184205244,"evm.utg1162.37",1,"CHH","Biological Processes","dispersed_repeat","Primed Experiment"
"GO:0005975","carbohydrate metabolic process",0.0526315789473684,0.0126810338853856,0.215380580348181,0.241226249989963,0.126961184205244,"evm.utg1162.37",1,"CHH","Biological Processes","dispersed_repeat","Primed Experiment"
"GO:0045892","negative regulation of DNA-templated transcription",0.0526315789473684,0.0142055297623172,0.23808928528072,0.256354046153103,0.134923182185844,"evm.utg6959.27",1,"CHH","Biological Processes","dispersed_repeat","Primed Experiment"
"GO:0006260","DNA replication",0.0526315789473684,0.0148291871665165,0.247198544504778,0.256354046153103,0.134923182185844,"utg2427.evm.utg261.54.mrna8",1,"CpG","Biological Processes","dispersed_repeat","Primed Experiment"
"GO:0006260","DNA replication",0.0526315789473684,0.0148291871665165,0.247198544504778,0.256354046153103,0.134923182185844,"utg2427.evm.utg261.54.mrna8",1,"CpG","Biological Processes","dispersed_repeat","Primed Experiment"
"GO:0007155","cell adhesion",0.0526315789473684,0.016180444875615,0.266582571515042,0.266582571515042,0.140306616586864,"evm.utg1162.37",1,"CHH","Biological Processes","dispersed_repeat","Primed Experiment"
"GO:0007155","cell adhesion",0.0526315789473684,0.016180444875615,0.266582571515042,0.266582571515042,0.140306616586864,"evm.utg1162.37",1,"CHH","Biological Processes","dispersed_repeat","Primed Experiment"
"GO:0007155","cell adhesion",0.0526315789473684,0.016180444875615,0.266582571515042,0.266582571515042,0.140306616586864,"evm.utg1162.37",1,"CHH","Biological Processes","dispersed_repeat","Primed Experiment"
"GO:0160012","NAD-dependent histone decrotonylase activity",0.0571428571428571,0.000115871498508154,5.98398255205001e-06,0.000173709677397819,6.14503604254579e-05,"evm.utg11962.9",2,"CpG","Molecular Functions","gene","Primed Experiment"
"GO:0160012","NAD-dependent histone decrotonylase activity",0.0571428571428571,0.000115871498508154,5.98398255205001e-06,0.000173709677397819,6.14503604254579e-05,"utg11962.evm.utg628.4.mrna2",2,"CpG","Molecular Functions","gene","Primed Experiment"
"GO:1990254","keratin filament binding",0.0571428571428571,0.000115871498508154,5.98398255205001e-06,0.000173709677397819,6.14503604254579e-05,"evm.utg11962.9",2,"CpG","Molecular Functions","gene","Primed Experiment"
"GO:1990254","keratin filament binding",0.0571428571428571,0.000115871498508154,5.98398255205001e-06,0.000173709677397819,6.14503604254579e-05,"utg11962.evm.utg628.4.mrna2",2,"CpG","Molecular Functions","gene","Primed Experiment"
"GO:0106231","protein-propionyllysine depropionylase activity",0.0571428571428571,0.000144839373135193,9.96694870315354e-06,0.000173709677397819,6.14503604254579e-05,"evm.utg11962.9",2,"CpG","Molecular Functions","gene","Primed Experiment"
"GO:0106231","protein-propionyllysine depropionylase activity",0.0571428571428571,0.000144839373135193,9.96694870315354e-06,0.000173709677397819,6.14503604254579e-05,"utg11962.evm.utg628.4.mrna2",2,"CpG","Molecular Functions","gene","Primed Experiment"
"GO:0043398","HLH domain binding",0.0571428571428571,0.000173807247762232,1.4940896357448e-05,0.000227848669451083,8.06022040336013e-05,"evm.utg11962.9",2,"CpG","Molecular Functions","gene","Primed Experiment"
"GO:0043398","HLH domain binding",0.0571428571428571,0.000173807247762232,1.4940896357448e-05,0.000227848669451083,8.06022040336013e-05,"utg11962.evm.utg628.4.mrna2",2,"CpG","Molecular Functions","gene","Primed Experiment"
"GO:0046969","NAD-dependent histone H3K9 deacetylase activity",0.0571428571428571,0.00020277512238927,2.09039267969225e-05,0.00028336434102495,0.000100241052476471,"evm.utg11962.9",2,"CpG","Molecular Functions","gene","Primed Experiment"
"GO:0046969","NAD-dependent histone H3K9 deacetylase activity",0.0571428571428571,0.00020277512238927,2.09039267969225e-05,0.00028336434102495,0.000100241052476471,"utg11962.evm.utg628.4.mrna2",2,"CpG","Molecular Functions","gene","Primed Experiment"
"GO:0019212","phosphatase inhibitor activity",0.0571428571428571,0.000231742997016309,2.78541439459279e-05,0.00033982055614032,0.00012021262124032,"evm.utg11962.9",2,"CpG","Molecular Functions","gene","Primed Experiment"
"GO:0019212","phosphatase inhibitor activity",0.0571428571428571,0.000231742997016309,2.78541439459279e-05,0.00033982055614032,0.00012021262124032,"utg11962.evm.utg628.4.mrna2",2,"CpG","Molecular Functions","gene","Primed Experiment"
"GO:0140537","transcription regulator activator activity",0.0571428571428571,0.000463485994032618,0.000118767943078721,0.00103497778968599,0.00036612674182162,"evm.utg11962.9",2,"CpG","Molecular Functions","gene","Primed Experiment"
"GO:0140537","transcription regulator activator activity",0.0571428571428571,0.000463485994032618,0.000118767943078721,0.00103497778968599,0.00036612674182162,"utg11962.evm.utg628.4.mrna2",2,"CpG","Molecular Functions","gene","Primed Experiment"
"GO:0034979","NAD-dependent protein deacetylase activity",0.0571428571428571,0.000521421743286695,0.000151236330779104,0.00123005549033671,0.000435136109610054,"evm.utg11962.9",2,"CpG","Molecular Functions","gene","Primed Experiment"
"GO:0034979","NAD-dependent protein deacetylase activity",0.0571428571428571,0.000521421743286695,0.000151236330779104,0.00123005549033671,0.000435136109610054,"utg11962.evm.utg628.4.mrna2",2,"CpG","Molecular Functions","gene","Primed Experiment"
"GO:0017136","NAD-dependent histone deacetylase activity",0.0571428571428571,0.000550389617913734,0.000168921213293797,0.0012880242513652,0.000455642746384583,"evm.utg11962.9",2,"CpG","Molecular Functions","gene","Primed Experiment"
"GO:0017136","NAD-dependent histone deacetylase activity",0.0571428571428571,0.000550389617913734,0.000168921213293797,0.0012880242513652,0.000455642746384583,"utg11962.evm.utg628.4.mrna2",2,"CpG","Molecular Functions","gene","Primed Experiment"
"GO:0033558","protein lysine deacetylase activity",0.0571428571428571,0.000579357492540772,0.00018757073456564,0.001346095859824,0.000476185765770354,"evm.utg11962.9",2,"CpG","Molecular Functions","gene","Primed Experiment"
"GO:0033558","protein lysine deacetylase activity",0.0571428571428571,0.000579357492540772,0.00018757073456564,0.001346095859824,0.000476185765770354,"utg11962.evm.utg628.4.mrna2",2,"CpG","Molecular Functions","gene","Primed Experiment"
"GO:0019213","deacetylase activity",0.0571428571428571,0.000666261116421888,0.000249288523795116,0.00168962221683356,0.000597709326058464,"evm.utg11962.9",2,"CpG","Molecular Functions","gene","Primed Experiment"
"GO:0019213","deacetylase activity",0.0571428571428571,0.000666261116421888,0.000249288523795116,0.00168962221683356,0.000597709326058464,"utg11962.evm.utg628.4.mrna2",2,"CpG","Molecular Functions","gene","Primed Experiment"
"GO:0097718","disordered domain specific binding",0.0571428571428571,0.00084006836418412,0.00039851879416197,0.00243096464438801,0.000859961608454776,"evm.utg1781.11",2,"CHH","Molecular Functions","gene","Primed Experiment"
"GO:0097718","disordered domain specific binding",0.0571428571428571,0.00084006836418412,0.00039851879416197,0.00243096464438801,0.000859961608454776,"evm.utg320.52",2,"CHH","Molecular Functions","gene","Primed Experiment"
"GO:0004407","histone deacetylase activity",0.0571428571428571,0.00107181136120043,0.000650408071700342,0.00350525646186093,0.00123999581480844,"evm.utg11962.9",2,"CpG","Molecular Functions","gene","Primed Experiment"
"GO:0004407","histone deacetylase activity",0.0571428571428571,0.00107181136120043,0.000650408071700342,0.00350525646186093,0.00123999581480844,"utg11962.evm.utg628.4.mrna2",2,"CpG","Molecular Functions","gene","Primed Experiment"
"GO:0070403","NAD+ binding",0.0571428571428571,0.00118768285970858,0.000798767515220698,0.00389798547427701,0.00137892497364415,"evm.utg11962.9",2,"CpG","Molecular Functions","gene","Primed Experiment"
"GO:0070403","NAD+ binding",0.0571428571428571,0.00118768285970858,0.000798767515220698,0.00389798547427701,0.00137892497364415,"utg11962.evm.utg628.4.mrna2",2,"CpG","Molecular Functions","gene","Primed Experiment"
"GO:0003899","DNA-directed 5-3 RNA polymerase activity",0.0571428571428571,0.0016511688537412,0.00153893907573826,0.00605646991096991,0.00214249582700402,"evm.utg159619.2",2,"CHG","Molecular Functions","gene","Primed Experiment"
"GO:0003899","DNA-directed 5-3 RNA polymerase activity",0.0571428571428571,0.0016511688537412,0.00153893907573826,0.00605646991096991,0.00214249582700402,"evm.utg1127.12",2,"CHH","Molecular Functions","gene","Primed Experiment"
"GO:0140677","molecular function activator activity",0.0571428571428571,0.00176704035224936,0.00176009367201229,0.00650694262541254,0.00230185200726414,"evm.utg11962.9",2,"CpG","Molecular Functions","gene","Primed Experiment"
"GO:0140677","molecular function activator activity",0.0571428571428571,0.00176704035224936,0.00176009367201229,0.00650694262541254,0.00230185200726414,"utg11962.evm.utg628.4.mrna2",2,"CpG","Molecular Functions","gene","Primed Experiment"
"GO:0140678","molecular function inhibitor activity",0.0571428571428571,0.00188291185075751,0.00199546649427629,0.00650694262541254,0.00230185200726414,"evm.utg11962.9",2,"CpG","Molecular Functions","gene","Primed Experiment"
"GO:0140678","molecular function inhibitor activity",0.0571428571428571,0.00188291185075751,0.00199546649427629,0.00650694262541254,0.00230185200726414,"utg11962.evm.utg628.4.mrna2",2,"CpG","Molecular Functions","gene","Primed Experiment"
"GO:0001227","""DNA-binding transcription repressor activity, RNA polymerase II-specific [GO:0001227]""",0.0571428571428571,0.00263607659106051,0.00386427559562168,0.011224800539663,0.00397080950928543,"evm.utg1724.20",2,"CHH","Molecular Functions","gene","Primed Experiment"
"GO:0001227","""DNA-binding transcription repressor activity, RNA polymerase II-specific [GO:0001227]""",0.0571428571428571,0.00263607659106051,0.00386427559562168,0.011224800539663,0.00397080950928543,"evm.utg2606.44",2,"CHH","Molecular Functions","gene","Primed Experiment"
"GO:0003755","peptidyl-prolyl cis-trans isomerase activity",0.0571428571428571,0.00327336983285536,0.00588877611286985,0.0146618507300025,0.00518667713485851,"evm.utg1781.11",2,"CHH","Molecular Functions","gene","Primed Experiment"
"GO:0003755","peptidyl-prolyl cis-trans isomerase activity",0.0571428571428571,0.00327336983285536,0.00588877611286985,0.0146618507300025,0.00518667713485851,"evm.utg1970.27",2,"CHH","Molecular Functions","gene","Primed Experiment"
"GO:0019904","protein domain specific binding",0.0571428571428571,0.00761855102691116,0.0291684977986395,0.0480886044788381,0.0170114994273716,"utg11962.evm.utg628.4.mrna2",2,"CpG","Molecular Functions","gene","Primed Experiment"
"GO:0019904","protein domain specific binding",0.0571428571428571,0.00761855102691116,0.0291684977986395,0.0480886044788381,0.0170114994273716,"evm.utg320.52",2,"CHH","Molecular Functions","gene","Primed Experiment"
"GO:0046983","protein dimerization activity",0.0571428571428571,0.0113554068537991,0.0598562227604204,0.0879814358647143,0.0311237176052915,"evm.utg159619.2",2,"CHG","Molecular Functions","gene","Primed Experiment"
"GO:0046983","protein dimerization activity",0.0571428571428571,0.0113554068537991,0.0598562227604204,0.0879814358647143,0.0311237176052915,"evm.utg1724.20",2,"CHH","Molecular Functions","gene","Primed Experiment"
"GO:0019899","enzyme binding",0.0571428571428571,0.0124561860896266,0.0703583238325561,0.0998106454368819,0.0353083387654198,"evm.utg11962.9",2,"CpG","Molecular Functions","gene","Primed Experiment"
"GO:0019899","enzyme binding",0.0571428571428571,0.0124561860896266,0.0703583238325561,0.0998106454368819,0.0353083387654198,"utg11962.evm.utg628.4.mrna2",2,"CpG","Molecular Functions","gene","Primed Experiment"
"GO:0006642","triglyceride mobilization",0.0740740740740741,0.00013859053426651,5.05066799811252e-06,0.000135285749949442,2.316471788608e-05,"evm.utg11962.9",2,"CpG","Biological Processes","gene","Primed Experiment"
"GO:0006642","triglyceride mobilization",0.0740740740740741,0.00013859053426651,5.05066799811252e-06,0.000135285749949442,2.316471788608e-05,"utg11962.evm.utg628.4.mrna2",2,"CpG","Biological Processes","gene","Primed Experiment"
"GO:0032071","regulation of endodeoxyribonuclease activity",0.0740740740740741,0.00013859053426651,5.05066799811252e-06,0.000135285749949442,2.316471788608e-05,"evm.utg11962.9",2,"CpG","Biological Processes","gene","Primed Experiment"
"GO:0032071","regulation of endodeoxyribonuclease activity",0.0740740740740741,0.00013859053426651,5.05066799811252e-06,0.000135285749949442,2.316471788608e-05,"utg11962.evm.utg628.4.mrna2",2,"CpG","Biological Processes","gene","Primed Experiment"
"GO:0034391","regulation of smooth muscle cell apoptotic process",0.0740740740740741,0.00013859053426651,5.05066799811252e-06,0.000135285749949442,2.316471788608e-05,"evm.utg11962.9",2,"CpG","Biological Processes","gene","Primed Experiment"
"GO:0034391","regulation of smooth muscle cell apoptotic process",0.0740740740740741,0.00013859053426651,5.05066799811252e-06,0.000135285749949442,2.316471788608e-05,"utg11962.evm.utg628.4.mrna2",2,"CpG","Biological Processes","gene","Primed Experiment"
"GO:0035358","regulation of peroxisome proliferator activated receptor signaling pathway",0.0740740740740741,0.00013859053426651,5.05066799811252e-06,0.000135285749949442,2.316471788608e-05,"evm.utg11962.9",2,"CpG","Biological Processes","gene","Primed Experiment"
"GO:0035358","regulation of peroxisome proliferator activated receptor signaling pathway",0.0740740740740741,0.00013859053426651,5.05066799811252e-06,0.000135285749949442,2.316471788608e-05,"utg11962.evm.utg628.4.mrna2",2,"CpG","Biological Processes","gene","Primed Experiment"
"GO:0042595","behavioral response to starvation",0.0740740740740741,0.00013859053426651,5.05066799811252e-06,0.000135285749949442,2.316471788608e-05,"evm.utg11962.9",2,"CpG","Biological Processes","gene","Primed Experiment"
"GO:0042595","behavioral response to starvation",0.0740740740740741,0.00013859053426651,5.05066799811252e-06,0.000135285749949442,2.316471788608e-05,"utg11962.evm.utg628.4.mrna2",2,"CpG","Biological Processes","gene","Primed Experiment"
"GO:0051097","negative regulation of helicase activity",0.0740740740740741,0.00013859053426651,5.05066799811252e-06,0.000135285749949442,2.316471788608e-05,"evm.utg11962.9",2,"CpG","Biological Processes","gene","Primed Experiment"
"GO:0051097","negative regulation of helicase activity",0.0740740740740741,0.00013859053426651,5.05066799811252e-06,0.000135285749949442,2.316471788608e-05,"utg11962.evm.utg628.4.mrna2",2,"CpG","Biological Processes","gene","Primed Experiment"
"GO:0051658","maintenance of nucleus location",0.0740740740740741,0.00013859053426651,5.05066799811252e-06,0.000135285749949442,2.316471788608e-05,"evm.utg11962.9",2,"CpG","Biological Processes","gene","Primed Experiment"
"GO:0051658","maintenance of nucleus location",0.0740740740740741,0.00013859053426651,5.05066799811252e-06,0.000135285749949442,2.316471788608e-05,"utg11962.evm.utg628.4.mrna2",2,"CpG","Biological Processes","gene","Primed Experiment"
"GO:0070857","regulation of bile acid biosynthetic process",0.0740740740740741,0.00013859053426651,5.05066799811252e-06,0.000135285749949442,2.316471788608e-05,"evm.utg11962.9",2,"CpG","Biological Processes","gene","Primed Experiment"
"GO:0070857","regulation of bile acid biosynthetic process",0.0740740740740741,0.00013859053426651,5.05066799811252e-06,0.000135285749949442,2.316471788608e-05,"utg11962.evm.utg628.4.mrna2",2,"CpG","Biological Processes","gene","Primed Experiment"
"GO:1900113","negative regulation of histone H3-K9 trimethylation",0.0740740740740741,0.00013859053426651,5.05066799811252e-06,0.000135285749949442,2.316471788608e-05,"evm.utg11962.9",2,"CpG","Biological Processes","gene","Primed Experiment"
"GO:1900113","negative regulation of histone H3-K9 trimethylation",0.0740740740740741,0.00013859053426651,5.05066799811252e-06,0.000135285749949442,2.316471788608e-05,"utg11962.evm.utg628.4.mrna2",2,"CpG","Biological Processes","gene","Primed Experiment"
"GO:1902424","negative regulation of attachment of mitotic spindle microtubules to kinetochore",0.0740740740740741,0.00013859053426651,5.05066799811252e-06,0.000135285749949442,2.316471788608e-05,"evm.utg11962.9",2,"CpG","Biological Processes","gene","Primed Experiment"
"GO:1902424","negative regulation of attachment of mitotic spindle microtubules to kinetochore",0.0740740740740741,0.00013859053426651,5.05066799811252e-06,0.000135285749949442,2.316471788608e-05,"utg11962.evm.utg628.4.mrna2",2,"CpG","Biological Processes","gene","Primed Experiment"
"GO:2000111","positive regulation of macrophage apoptotic process",0.0740740740740741,0.00013859053426651,5.05066799811252e-06,0.000135285749949442,2.316471788608e-05,"evm.utg11962.9",2,"CpG","Biological Processes","gene","Primed Experiment"
"GO:2000111","positive regulation of macrophage apoptotic process",0.0740740740740741,0.00013859053426651,5.05066799811252e-06,0.000135285749949442,2.316471788608e-05,"utg11962.evm.utg628.4.mrna2",2,"CpG","Biological Processes","gene","Primed Experiment"
"GO:2000655","negative regulation of cellular response to testosterone stimulus",0.0740740740740741,0.00013859053426651,5.05066799811252e-06,0.000135285749949442,2.316471788608e-05,"evm.utg11962.9",2,"CpG","Biological Processes","gene","Primed Experiment"
"GO:2000655","negative regulation of cellular response to testosterone stimulus",0.0740740740740741,0.00013859053426651,5.05066799811252e-06,0.000135285749949442,2.316471788608e-05,"utg11962.evm.utg628.4.mrna2",2,"CpG","Biological Processes","gene","Primed Experiment"
"GO:0031393","negative regulation of prostaglandin biosynthetic process",0.0740740740740741,0.000173238167833137,8.41291917377395e-06,0.000175269149453624,3.00109982222346e-05,"evm.utg11962.9",2,"CpG","Biological Processes","gene","Primed Experiment"
"GO:0031393","negative regulation of prostaglandin biosynthetic process",0.0740740740740741,0.000173238167833137,8.41291917377395e-06,0.000175269149453624,3.00109982222346e-05,"utg11962.evm.utg628.4.mrna2",2,"CpG","Biological Processes","gene","Primed Experiment"
"GO:0051152","positive regulation of smooth muscle cell differentiation",0.0740740740740741,0.000173238167833137,8.41291917377395e-06,0.000175269149453624,3.00109982222346e-05,"evm.utg11962.9",2,"CpG","Biological Processes","gene","Primed Experiment"
"GO:0051152","positive regulation of smooth muscle cell differentiation",0.0740740740740741,0.000173238167833137,8.41291917377395e-06,0.000175269149453624,3.00109982222346e-05,"utg11962.evm.utg628.4.mrna2",2,"CpG","Biological Processes","gene","Primed Experiment"
"GO:0106230","protein depropionylation",0.0740740740740741,0.000173238167833137,8.41291917377395e-06,0.000175269149453624,3.00109982222346e-05,"evm.utg11962.9",2,"CpG","Biological Processes","gene","Primed Experiment"
"GO:0106230","protein depropionylation",0.0740740740740741,0.000173238167833137,8.41291917377395e-06,0.000175269149453624,3.00109982222346e-05,"utg11962.evm.utg628.4.mrna2",2,"CpG","Biological Processes","gene","Primed Experiment"
"GO:2000481","positive regulation of cAMP-dependent protein kinase activity",0.0740740740740741,0.000173238167833137,8.41291917377395e-06,0.000175269149453624,3.00109982222346e-05,"evm.utg11962.9",2,"CpG","Biological Processes","gene","Primed Experiment"
"GO:2000481","positive regulation of cAMP-dependent protein kinase activity",0.0740740740740741,0.000173238167833137,8.41291917377395e-06,0.000175269149453624,3.00109982222346e-05,"utg11962.evm.utg628.4.mrna2",2,"CpG","Biological Processes","gene","Primed Experiment"
"GO:0001542","ovulation from ovarian follicle",0.0740740740740741,0.000207885801399764,1.26120920736193e-05,0.000197063938650302,3.37428779162622e-05,"evm.utg11962.9",2,"CpG","Biological Processes","gene","Primed Experiment"
"GO:0001542","ovulation from ovarian follicle",0.0740740740740741,0.000207885801399764,1.26120920736193e-05,0.000197063938650302,3.37428779162622e-05,"utg11962.evm.utg628.4.mrna2",2,"CpG","Biological Processes","gene","Primed Experiment"
"GO:0010868","negative regulation of triglyceride biosynthetic process",0.0740740740740741,0.000207885801399764,1.26120920736193e-05,0.000197063938650302,3.37428779162622e-05,"evm.utg11962.9",2,"CpG","Biological Processes","gene","Primed Experiment"
"GO:0010868","negative regulation of triglyceride biosynthetic process",0.0740740740740741,0.000207885801399764,1.26120920736193e-05,0.000197063938650302,3.37428779162622e-05,"utg11962.evm.utg628.4.mrna2",2,"CpG","Biological Processes","gene","Primed Experiment"
"GO:0071900","regulation of protein serine/threonine kinase activity",0.0740740740740741,0.000207885801399764,1.26120920736193e-05,0.000197063938650302,3.37428779162622e-05,"evm.utg11962.9",2,"CpG","Biological Processes","gene","Primed Experiment"
"GO:0071900","regulation of protein serine/threonine kinase activity",0.0740740740740741,0.000207885801399764,1.26120920736193e-05,0.000197063938650302,3.37428779162622e-05,"utg11962.evm.utg628.4.mrna2",2,"CpG","Biological Processes","gene","Primed Experiment"
"GO:0090335","regulation of brown fat cell differentiation",0.0740740740740741,0.000207885801399764,1.26120920736193e-05,0.000197063938650302,3.37428779162622e-05,"evm.utg11962.9",2,"CpG","Biological Processes","gene","Primed Experiment"
"GO:0090335","regulation of brown fat cell differentiation",0.0740740740740741,0.000207885801399764,1.26120920736193e-05,0.000197063938650302,3.37428779162622e-05,"utg11962.evm.utg628.4.mrna2",2,"CpG","Biological Processes","gene","Primed Experiment"
"GO:0090400","stress-induced premature senescence",0.0740740740740741,0.000207885801399764,1.26120920736193e-05,0.000197063938650302,3.37428779162622e-05,"evm.utg11962.9",2,"CpG","Biological Processes","gene","Primed Experiment"
"GO:0090400","stress-induced premature senescence",0.0740740740740741,0.000207885801399764,1.26120920736193e-05,0.000197063938650302,3.37428779162622e-05,"utg11962.evm.utg628.4.mrna2",2,"CpG","Biological Processes","gene","Primed Experiment"
"GO:1904179","positive regulation of adipose tissue development",0.0740740740740741,0.000207885801399764,1.26120920736193e-05,0.000197063938650302,3.37428779162622e-05,"evm.utg11962.9",2,"CpG","Biological Processes","gene","Primed Experiment"
"GO:1904179","positive regulation of adipose tissue development",0.0740740740740741,0.000207885801399764,1.26120920736193e-05,0.000197063938650302,3.37428779162622e-05,"utg11962.evm.utg628.4.mrna2",2,"CpG","Biological Processes","gene","Primed Experiment"
"GO:0030225","macrophage differentiation",0.0740740740740741,0.000242533434966392,1.76467339037597e-05,0.000245093526441107,4.19668915450036e-05,"evm.utg11962.9",2,"CpG","Biological Processes","gene","Primed Experiment"
"GO:0030225","macrophage differentiation",0.0740740740740741,0.000242533434966392,1.76467339037597e-05,0.000245093526441107,4.19668915450036e-05,"utg11962.evm.utg628.4.mrna2",2,"CpG","Biological Processes","gene","Primed Experiment"
"GO:0045348","positive regulation of MHC class II biosynthetic process",0.0740740740740741,0.000242533434966392,1.76467339037597e-05,0.000245093526441107,4.19668915450036e-05,"evm.utg11962.9",2,"CpG","Biological Processes","gene","Primed Experiment"
"GO:0045348","positive regulation of MHC class II biosynthetic process",0.0740740740740741,0.000242533434966392,1.76467339037597e-05,0.000245093526441107,4.19668915450036e-05,"utg11962.evm.utg628.4.mrna2",2,"CpG","Biological Processes","gene","Primed Experiment"
"GO:2000480","negative regulation of cAMP-dependent protein kinase activity",0.0740740740740741,0.000242533434966392,1.76467339037597e-05,0.000245093526441107,4.19668915450036e-05,"evm.utg11962.9",2,"CpG","Biological Processes","gene","Primed Experiment"
"GO:2000480","negative regulation of cAMP-dependent protein kinase activity",0.0740740740740741,0.000242533434966392,1.76467339037597e-05,0.000245093526441107,4.19668915450036e-05,"utg11962.evm.utg628.4.mrna2",2,"CpG","Biological Processes","gene","Primed Experiment"
"GO:0000720","pyrimidine dimer repair by nucleotide-excision repair",0.0740740740740741,0.000277181068533019,2.35153936839285e-05,0.000275571019733537,4.71854939052513e-05,"evm.utg11962.9",2,"CpG","Biological Processes","gene","Primed Experiment"
"GO:0000720","pyrimidine dimer repair by nucleotide-excision repair",0.0740740740740741,0.000277181068533019,2.35153936839285e-05,0.000275571019733537,4.71854939052513e-05,"utg11962.evm.utg628.4.mrna2",2,"CpG","Biological Processes","gene","Primed Experiment"
"GO:0035356","intracellular triglyceride homeostasis",0.0740740740740741,0.000277181068533019,2.35153936839285e-05,0.000275571019733537,4.71854939052513e-05,"evm.utg11962.9",2,"CpG","Biological Processes","gene","Primed Experiment"
"GO:0035356","intracellular triglyceride homeostasis",0.0740740740740741,0.000277181068533019,2.35153936839285e-05,0.000275571019733537,4.71854939052513e-05,"utg11962.evm.utg628.4.mrna2",2,"CpG","Biological Processes","gene","Primed Experiment"
"GO:0046015","regulation of transcription by glucose",0.0740740740740741,0.000277181068533019,2.35153936839285e-05,0.000275571019733537,4.71854939052513e-05,"evm.utg11962.9",2,"CpG","Biological Processes","gene","Primed Experiment"
"GO:0046015","regulation of transcription by glucose",0.0740740740740741,0.000277181068533019,2.35153936839285e-05,0.000275571019733537,4.71854939052513e-05,"utg11962.evm.utg628.4.mrna2",2,"CpG","Biological Processes","gene","Primed Experiment"
"GO:1902176","negative regulation of oxidative stress-induced intrinsic apoptotic signaling pathway",0.0740740740740741,0.000277181068533019,2.35153936839285e-05,0.000275571019733537,4.71854939052513e-05,"evm.utg11962.9",2,"CpG","Biological Processes","gene","Primed Experiment"
"GO:1902176","negative regulation of oxidative stress-induced intrinsic apoptotic signaling pathway",0.0740740740740741,0.000277181068533019,2.35153936839285e-05,0.000275571019733537,4.71854939052513e-05,"utg11962.evm.utg628.4.mrna2",2,"CpG","Biological Processes","gene","Primed Experiment"
"GO:0060907","positive regulation of macrophage cytokine production",0.0740740740740741,0.000311828702099647,3.02166222455536e-05,0.000343370707335836,5.87947035718905e-05,"evm.utg11962.9",2,"CpG","Biological Processes","gene","Primed Experiment"
"GO:0060907","positive regulation of macrophage cytokine production",0.0740740740740741,0.000311828702099647,3.02166222455536e-05,0.000343370707335836,5.87947035718905e-05,"utg11962.evm.utg628.4.mrna2",2,"CpG","Biological Processes","gene","Primed Experiment"
"GO:0043518","negative regulation of DNA damage response, signal transduction by p53 class mediator",0.0740740740740741,0.000346476335666274,3.77489722298305e-05,0.000382590934761796,6.55103074258794e-05,"evm.utg11962.9",2,"CpG","Biological Processes","gene","Primed Experiment"
"GO:0043518","negative regulation of DNA damage response, signal transduction by p53 class mediator",0.0740740740740741,0.000346476335666274,3.77489722298305e-05,0.000382590934761796,6.55103074258794e-05,"utg11962.evm.utg628.4.mrna2",2,"CpG","Biological Processes","gene","Primed Experiment"
"GO:0050872","white fat cell differentiation",0.0740740740740741,0.000346476335666274,3.77489722298305e-05,0.000382590934761796,6.55103074258794e-05,"evm.utg11962.9",2,"CpG","Biological Processes","gene","Primed Experiment"
"GO:0050872","white fat cell differentiation",0.0740740740740741,0.000346476335666274,3.77489722298305e-05,0.000382590934761796,6.55103074258794e-05,"utg11962.evm.utg628.4.mrna2",2,"CpG","Biological Processes","gene","Primed Experiment"
"GO:1901984","negative regulation of protein acetylation",0.0740740740740741,0.000346476335666274,3.77489722298305e-05,0.000382590934761796,6.55103074258794e-05,"evm.utg11962.9",2,"CpG","Biological Processes","gene","Primed Experiment"
"GO:1901984","negative regulation of protein acetylation",0.0740740740740741,0.000346476335666274,3.77489722298305e-05,0.000382590934761796,6.55103074258794e-05,"utg11962.evm.utg628.4.mrna2",2,"CpG","Biological Processes","gene","Primed Experiment"
"GO:2000774","positive regulation of cellular senescence",0.0740740740740741,0.000346476335666274,3.77489722298305e-05,0.000382590934761796,6.55103074258794e-05,"evm.utg11962.9",2,"CpG","Biological Processes","gene","Primed Experiment"
"GO:2000774","positive regulation of cellular senescence",0.0740740740740741,0.000346476335666274,3.77489722298305e-05,0.000382590934761796,6.55103074258794e-05,"utg11962.evm.utg628.4.mrna2",2,"CpG","Biological Processes","gene","Primed Experiment"
"GO:2000757","negative regulation of peptidyl-lysine acetylation",0.0740740740740741,0.000381123969232901,4.61109980857984e-05,0.000455042744267747,7.7916090948302e-05,"evm.utg11962.9",2,"CpG","Biological Processes","gene","Primed Experiment"
"GO:2000757","negative regulation of peptidyl-lysine acetylation",0.0740740740740741,0.000381123969232901,4.61109980857984e-05,0.000455042744267747,7.7916090948302e-05,"utg11962.evm.utg628.4.mrna2",2,"CpG","Biological Processes","gene","Primed Experiment"
"GO:0060766","negative regulation of androgen receptor signaling pathway",0.0740740740740741,0.000415771602799529,5.53012560684177e-05,0.000531742846811709,9.10493014891628e-05,"evm.utg11962.9",2,"CpG","Biological Processes","gene","Primed Experiment"
"GO:0060766","negative regulation of androgen receptor signaling pathway",0.0740740740740741,0.000415771602799529,5.53012560684177e-05,0.000531742846811709,9.10493014891628e-05,"utg11962.evm.utg628.4.mrna2",2,"CpG","Biological Processes","gene","Primed Experiment"
"GO:0001678","intracellular glucose homeostasis",0.0740740740740741,0.000450419236366156,6.53183042366484e-05,0.000569636374156817,9.75377370486059e-05,"evm.utg11962.9",2,"CpG","Biological Processes","gene","Primed Experiment"
"GO:0001678","intracellular glucose homeostasis",0.0740740740740741,0.000450419236366156,6.53183042366484e-05,0.000569636374156817,9.75377370486059e-05,"utg11962.evm.utg628.4.mrna2",2,"CpG","Biological Processes","gene","Primed Experiment"
"GO:0002821","positive regulation of adaptive immune response",0.0740740740740741,0.000450419236366156,6.53183042366484e-05,0.000569636374156817,9.75377370486059e-05,"evm.utg11962.9",2,"CpG","Biological Processes","gene","Primed Experiment"
"GO:0002821","positive regulation of adaptive immune response",0.0740740740740741,0.000450419236366156,6.53183042366484e-05,0.000569636374156817,9.75377370486059e-05,"utg11962.evm.utg628.4.mrna2",2,"CpG","Biological Processes","gene","Primed Experiment"
"GO:0010875","positive regulation of cholesterol efflux",0.0740740740740741,0.000450419236366156,6.53183042366484e-05,0.000569636374156817,9.75377370486059e-05,"evm.utg11962.9",2,"CpG","Biological Processes","gene","Primed Experiment"
"GO:0010875","positive regulation of cholesterol efflux",0.0740740740740741,0.000450419236366156,6.53183042366484e-05,0.000569636374156817,9.75377370486059e-05,"utg11962.evm.utg628.4.mrna2",2,"CpG","Biological Processes","gene","Primed Experiment"
"GO:0061051","positive regulation of cell growth involved in cardiac muscle cell development",0.0740740740740741,0.000450419236366156,6.53183042366484e-05,0.000569636374156817,9.75377370486059e-05,"utg11962.evm.utg628.4.mrna2",2,"CpG","Biological Processes","gene","Primed Experiment"
"GO:0061051","positive regulation of cell growth involved in cardiac muscle cell development",0.0740740740740741,0.000450419236366156,6.53183042366484e-05,0.000569636374156817,9.75377370486059e-05,"evm.utg320.52",2,"CHH","Biological Processes","gene","Primed Experiment"
"GO:0044321","response to leptin",0.0740740740740741,0.000485066869932784,7.61607024515318e-05,0.000634672520429432,0.000108673750866513,"evm.utg11962.9",2,"CpG","Biological Processes","gene","Primed Experiment"
"GO:0044321","response to leptin",0.0740740740740741,0.000485066869932784,7.61607024515318e-05,0.000634672520429432,0.000108673750866513,"utg11962.evm.utg628.4.mrna2",2,"CpG","Biological Processes","gene","Primed Experiment"
"GO:1902237","positive regulation of endoplasmic reticulum stress-induced intrinsic apoptotic signaling pathway",0.0740740740740741,0.000485066869932784,7.61607024515318e-05,0.000634672520429432,0.000108673750866513,"evm.utg11962.9",2,"CpG","Biological Processes","gene","Primed Experiment"
"GO:1902237","positive regulation of endoplasmic reticulum stress-induced intrinsic apoptotic signaling pathway",0.0740740740740741,0.000485066869932784,7.61607024515318e-05,0.000634672520429432,0.000108673750866513,"utg11962.evm.utg628.4.mrna2",2,"CpG","Biological Processes","gene","Primed Experiment"
"GO:0034983","peptidyl-lysine deacetylation",0.0740740740740741,0.000519714503499411,8.78270123742732e-05,0.000715981079138097,0.000122596058462944,"evm.utg11962.9",2,"CpG","Biological Processes","gene","Primed Experiment"
"GO:0034983","peptidyl-lysine deacetylation",0.0740740740740741,0.000519714503499411,8.78270123742732e-05,0.000715981079138097,0.000122596058462944,"utg11962.evm.utg628.4.mrna2",2,"CpG","Biological Processes","gene","Primed Experiment"
"GO:0042326","negative regulation of phosphorylation",0.0740740740740741,0.000589009770632666,0.000113625622977481,0.000869583849317458,0.000148897164374358,"evm.utg11962.9",2,"CpG","Biological Processes","gene","Primed Experiment"
"GO:0042326","negative regulation of phosphorylation",0.0740740740740741,0.000589009770632666,0.000113625622977481,0.000869583849317458,0.000148897164374358,"utg11962.evm.utg628.4.mrna2",2,"CpG","Biological Processes","gene","Primed Experiment"
"GO:0055089","fatty acid homeostasis",0.0740740740740741,0.000589009770632666,0.000113625622977481,0.000869583849317458,0.000148897164374358,"evm.utg11962.9",2,"CpG","Biological Processes","gene","Primed Experiment"
"GO:0055089","fatty acid homeostasis",0.0740740740740741,0.000589009770632666,0.000113625622977481,0.000869583849317458,0.000148897164374358,"utg11962.evm.utg628.4.mrna2",2,"CpG","Biological Processes","gene","Primed Experiment"
"GO:0031062","positive regulation of histone methylation",0.0740740740740741,0.000623657404199293,0.00012775505596395,0.000921310499740022,0.000157754218902853,"evm.utg11962.9",2,"CpG","Biological Processes","gene","Primed Experiment"
"GO:0031062","positive regulation of histone methylation",0.0740740740740741,0.000623657404199293,0.00012775505596395,0.000921310499740022,0.000157754218902853,"utg11962.evm.utg628.4.mrna2",2,"CpG","Biological Processes","gene","Primed Experiment"
"GO:0033210","leptin-mediated signaling pathway",0.0740740740740741,0.000623657404199293,0.00012775505596395,0.000921310499740022,0.000157754218902853,"evm.utg11962.9",2,"CpG","Biological Processes","gene","Primed Experiment"
"GO:0033210","leptin-mediated signaling pathway",0.0740740740740741,0.000623657404199293,0.00012775505596395,0.000921310499740022,0.000157754218902853,"utg11962.evm.utg628.4.mrna2",2,"CpG","Biological Processes","gene","Primed Experiment"
"GO:1902166","negative regulation of intrinsic apoptotic signaling pathway in response to DNA damage by p53 class mediator",0.0740740740740741,0.000623657404199293,0.00012775505596395,0.000921310499740022,0.000157754218902853,"evm.utg11962.9",2,"CpG","Biological Processes","gene","Primed Experiment"
"GO:1902166","negative regulation of intrinsic apoptotic signaling pathway in response to DNA damage by p53 class mediator",0.0740740740740741,0.000623657404199293,0.00012775505596395,0.000921310499740022,0.000157754218902853,"utg11962.evm.utg628.4.mrna2",2,"CpG","Biological Processes","gene","Primed Experiment"
"GO:0000012","single strand break repair",0.0740740740740741,0.000658305037765921,0.000142702665266459,0.000955598204909322,0.000163625236489736,"evm.utg11962.9",2,"CpG","Biological Processes","gene","Primed Experiment"
"GO:0000012","single strand break repair",0.0740740740740741,0.000658305037765921,0.000142702665266459,0.000955598204909322,0.000163625236489736,"utg11962.evm.utg628.4.mrna2",2,"CpG","Biological Processes","gene","Primed Experiment"
"GO:0006346","DNA methylation-dependent heterochromatin formation",0.0740740740740741,0.000658305037765921,0.000142702665266459,0.000955598204909322,0.000163625236489736,"evm.utg11962.9",2,"CpG","Biological Processes","gene","Primed Experiment"
"GO:0006346","DNA methylation-dependent heterochromatin formation",0.0740740740740741,0.000658305037765921,0.000142702665266459,0.000955598204909322,0.000163625236489736,"utg11962.evm.utg628.4.mrna2",2,"CpG","Biological Processes","gene","Primed Experiment"
"GO:0070914","UV-damage excision repair",0.0740740740740741,0.000658305037765921,0.000142702665266459,0.000955598204909322,0.000163625236489736,"evm.utg11962.9",2,"CpG","Biological Processes","gene","Primed Experiment"
"GO:0070914","UV-damage excision repair",0.0740740740740741,0.000658305037765921,0.000142702665266459,0.000955598204909322,0.000163625236489736,"utg11962.evm.utg628.4.mrna2",2,"CpG","Biological Processes","gene","Primed Experiment"
"GO:0070932","histone H3 deacetylation",0.0740740740740741,0.000658305037765921,0.000142702665266459,0.000955598204909322,0.000163625236489736,"evm.utg11962.9",2,"CpG","Biological Processes","gene","Primed Experiment"
"GO:0070932","histone H3 deacetylation",0.0740740740740741,0.000658305037765921,0.000142702665266459,0.000955598204909322,0.000163625236489736,"utg11962.evm.utg628.4.mrna2",2,"CpG","Biological Processes","gene","Primed Experiment"
"GO:0010883","regulation of lipid storage",0.0740740740740741,0.000727600304899175,0.000175046697141626,0.00113176743841569,0.000193790354367317,"evm.utg11962.9",2,"CpG","Biological Processes","gene","Primed Experiment"
"GO:0010883","regulation of lipid storage",0.0740740740740741,0.000727600304899175,0.000175046697141626,0.00113176743841569,0.000193790354367317,"utg11962.evm.utg628.4.mrna2",2,"CpG","Biological Processes","gene","Primed Experiment"
"GO:0031065","positive regulation of histone deacetylation",0.0740740740740741,0.000727600304899175,0.000175046697141626,0.00113176743841569,0.000193790354367317,"evm.utg11962.9",2,"CpG","Biological Processes","gene","Primed Experiment"
"GO:0031065","positive regulation of histone deacetylation",0.0740740740740741,0.000727600304899175,0.000175046697141626,0.00113176743841569,0.000193790354367317,"utg11962.evm.utg628.4.mrna2",2,"CpG","Biological Processes","gene","Primed Experiment"
"GO:0046628","positive regulation of insulin receptor signaling pathway",0.0740740740740741,0.000762247938465803,0.000192440266345143,0.00122313728609201,0.000209435437057159,"evm.utg11962.9",2,"CpG","Biological Processes","gene","Primed Experiment"
"GO:0046628","positive regulation of insulin receptor signaling pathway",0.0740740740740741,0.000762247938465803,0.000192440266345143,0.00122313728609201,0.000209435437057159,"utg11962.evm.utg628.4.mrna2",2,"CpG","Biological Processes","gene","Primed Experiment"
"GO:0043124","negative regulation of I-kappaB kinase/NF-kappaB signaling",0.0740740740740741,0.000866190839165685,0.000249490104287337,0.00153375064111068,0.000262621162407723,"evm.utg11962.9",2,"CpG","Biological Processes","gene","Primed Experiment"
"GO:0043124","negative regulation of I-kappaB kinase/NF-kappaB signaling",0.0740740740740741,0.000866190839165685,0.000249490104287337,0.00153375064111068,0.000262621162407723,"utg11962.evm.utg628.4.mrna2",2,"CpG","Biological Processes","gene","Primed Experiment"
"GO:0043536","positive regulation of blood vessel endothelial cell migration",0.0740740740740741,0.000866190839165685,0.000249490104287337,0.00153375064111068,0.000262621162407723,"evm.utg11962.9",2,"CpG","Biological Processes","gene","Primed Experiment"
"GO:0043536","positive regulation of blood vessel endothelial cell migration",0.0740740740740741,0.000866190839165685,0.000249490104287337,0.00153375064111068,0.000262621162407723,"utg11962.evm.utg628.4.mrna2",2,"CpG","Biological Processes","gene","Primed Experiment"
"GO:1900034","regulation of cellular response to heat",0.0740740740740741,0.000900838472732312,0.0002701250255694,0.00163382071916976,0.000279755968756085,"evm.utg11962.9",2,"CpG","Biological Processes","gene","Primed Experiment"
"GO:1900034","regulation of cellular response to heat",0.0740740740740741,0.000900838472732312,0.0002701250255694,0.00163382071916976,0.000279755968756085,"utg11962.evm.utg628.4.mrna2",2,"CpG","Biological Processes","gene","Primed Experiment"
"GO:0010906","regulation of glucose metabolic process",0.0740740740740741,0.00093548610629894,0.00029156673821123,0.00170839885670643,0.000292525839323767,"evm.utg11962.9",2,"CpG","Biological Processes","gene","Primed Experiment"
"GO:0010906","regulation of glucose metabolic process",0.0740740740740741,0.00093548610629894,0.00029156673821123,0.00170839885670643,0.000292525839323767,"utg11962.evm.utg628.4.mrna2",2,"CpG","Biological Processes","gene","Primed Experiment"
"GO:0045722","positive regulation of gluconeogenesis",0.0740740740740741,0.00093548610629894,0.00029156673821123,0.00170839885670643,0.000292525839323767,"evm.utg11962.9",2,"CpG","Biological Processes","gene","Primed Experiment"
"GO:0045722","positive regulation of gluconeogenesis",0.0740740740740741,0.00093548610629894,0.00029156673821123,0.00170839885670643,0.000292525839323767,"utg11962.evm.utg628.4.mrna2",2,"CpG","Biological Processes","gene","Primed Experiment"
"GO:0000183","rDNA heterochromatin formation",0.0740740740740741,0.000970133739865567,0.000313813827102534,0.00178303310853713,0.000305305318233726,"evm.utg11962.9",2,"CpG","Biological Processes","gene","Primed Experiment"
"GO:0000183","rDNA heterochromatin formation",0.0740740740740741,0.000970133739865567,0.000313813827102534,0.00178303310853713,0.000305305318233726,"utg11962.evm.utg628.4.mrna2",2,"CpG","Biological Processes","gene","Primed Experiment"
"GO:0006476","protein deacetylation",0.0740740740740741,0.000970133739865567,0.000313813827102534,0.00178303310853713,0.000305305318233726,"evm.utg11962.9",2,"CpG","Biological Processes","gene","Primed Experiment"
"GO:0006476","protein deacetylation",0.0740740740740741,0.000970133739865567,0.000313813827102534,0.00178303310853713,0.000305305318233726,"utg11962.evm.utg628.4.mrna2",2,"CpG","Biological Processes","gene","Primed Experiment"
"GO:0000731","DNA synthesis involved in DNA repair",0.0740740740740741,0.00103942900699882,0.000360718482058089,0.00198925633487917,0.000340616523305626,"evm.utg11962.9",2,"CpG","Biological Processes","gene","Primed Experiment"
"GO:0000731","DNA synthesis involved in DNA repair",0.0740740740740741,0.00103942900699882,0.000360718482058089,0.00198925633487917,0.000340616523305626,"utg11962.evm.utg628.4.mrna2",2,"CpG","Biological Processes","gene","Primed Experiment"
"GO:2000773","negative regulation of cellular senescence",0.0740740740740741,0.00103942900699882,0.000360718482058089,0.00198925633487917,0.000340616523305626,"evm.utg11962.9",2,"CpG","Biological Processes","gene","Primed Experiment"
"GO:2000773","negative regulation of cellular senescence",0.0740740740740741,0.00103942900699882,0.000360718482058089,0.00198925633487917,0.000340616523305626,"utg11962.evm.utg628.4.mrna2",2,"CpG","Biological Processes","gene","Primed Experiment"
"GO:0010824","regulation of centrosome duplication",0.0740740740740741,0.00117801954126533,0.000464130238737942,0.00247279828437962,0.000423412478167458,"evm.utg11962.9",2,"CpG","Biological Processes","gene","Primed Experiment"
"GO:0010824","regulation of centrosome duplication",0.0740740740740741,0.00117801954126533,0.000464130238737942,0.00247279828437962,0.000423412478167458,"utg11962.evm.utg628.4.mrna2",2,"CpG","Biological Processes","gene","Primed Experiment"
"GO:0045599","negative regulation of fat cell differentiation",0.0740740740740741,0.00117801954126533,0.000464130238737942,0.00247279828437962,0.000423412478167458,"evm.utg11962.9",2,"CpG","Biological Processes","gene","Primed Experiment"
"GO:0045599","negative regulation of fat cell differentiation",0.0740740740740741,0.00117801954126533,0.000464130238737942,0.00247279828437962,0.000423412478167458,"utg11962.evm.utg628.4.mrna2",2,"CpG","Biological Processes","gene","Primed Experiment"
"GO:0014068","positive regulation of phosphatidylinositol 3-kinase signaling",0.0740740740740741,0.00128196244196521,0.00055004694154744,0.00286482782055958,0.000490538939099325,"evm.utg11962.9",2,"CpG","Biological Processes","gene","Primed Experiment"
"GO:0014068","positive regulation of phosphatidylinositol 3-kinase signaling",0.0740740740740741,0.00128196244196521,0.00055004694154744,0.00286482782055958,0.000490538939099325,"utg11962.evm.utg628.4.mrna2",2,"CpG","Biological Processes","gene","Primed Experiment"
"GO:0042542","response to hydrogen peroxide",0.0740740740740741,0.0013859053426651,0.000643085556293104,0.00330352169328649,0.000565655644324143,"evm.utg11962.9",2,"CpG","Biological Processes","gene","Primed Experiment"
"GO:0042542","response to hydrogen peroxide",0.0740740740740741,0.0013859053426651,0.000643085556293104,0.00330352169328649,0.000565655644324143,"utg11962.evm.utg628.4.mrna2",2,"CpG","Biological Processes","gene","Primed Experiment"
"GO:0097009","energy homeostasis",0.0740740740740741,0.00148984824336498,0.000743208446208477,0.00369270831433513,0.000632295318384401,"evm.utg11962.9",2,"CpG","Biological Processes","gene","Primed Experiment"
"GO:0097009","energy homeostasis",0.0740740740740741,0.00148984824336498,0.000743208446208477,0.00369270831433513,0.000632295318384401,"utg11962.evm.utg628.4.mrna2",2,"CpG","Biological Processes","gene","Primed Experiment"
"GO:0051898","negative regulation of protein kinase B signaling",0.0740740740740741,0.00152449587693161,0.00077815054151261,0.00369270831433513,0.000632295318384401,"evm.utg11962.9",2,"CpG","Biological Processes","gene","Primed Experiment"
"GO:0051898","negative regulation of protein kinase B signaling",0.0740740740740741,0.00152449587693161,0.00077815054151261,0.00369270831433513,0.000632295318384401,"utg11962.evm.utg628.4.mrna2",2,"CpG","Biological Processes","gene","Primed Experiment"
"GO:0045786","negative regulation of cell cycle",0.0740740740740741,0.00155914351049823,0.000813874226002473,0.00369270831433513,0.000632295318384401,"evm.utg11962.9",2,"CpG","Biological Processes","gene","Primed Experiment"
"GO:0045786","negative regulation of cell cycle",0.0740740740740741,0.00155914351049823,0.000813874226002473,0.00369270831433513,0.000632295318384401,"utg11962.evm.utg628.4.mrna2",2,"CpG","Biological Processes","gene","Primed Experiment"
"GO:0001756","somitogenesis",0.0740740740740741,0.00159379114406486,0.000850378116203369,0.00369270831433513,0.000632295318384401,"evm.utg320.52",2,"CHH","Biological Processes","gene","Primed Experiment"
"GO:0001756","somitogenesis",0.0740740740740741,0.00159379114406486,0.000850378116203369,0.00369270831433513,0.000632295318384401,"evm.utg483.15",2,"CHH","Biological Processes","gene","Primed Experiment"
"GO:0043280","positive regulation of cysteine-type endopeptidase activity involved in apoptotic process",0.0740740740740741,0.00159379114406486,0.000850378116203369,0.00369270831433513,0.000632295318384401,"evm.utg11962.9",2,"CpG","Biological Processes","gene","Primed Experiment"
"GO:0043280","positive regulation of cysteine-type endopeptidase activity involved in apoptotic process",0.0740740740740741,0.00159379114406486,0.000850378116203369,0.00369270831433513,0.000632295318384401,"utg11962.evm.utg628.4.mrna2",2,"CpG","Biological Processes","gene","Primed Experiment"
"GO:2000781","positive regulation of double-strand break repair",0.0740740740740741,0.00187097221259788,0.00117033119971144,0.00457160624887283,0.00078278731559647,"evm.utg11962.9",2,"CpG","Biological Processes","gene","Primed Experiment"
"GO:2000781","positive regulation of double-strand break repair",0.0740740740740741,0.00187097221259788,0.00117033119971144,0.00457160624887283,0.00078278731559647,"utg11962.evm.utg628.4.mrna2",2,"CpG","Biological Processes","gene","Primed Experiment"
"GO:0016575","histone deacetylation",0.0740740740740741,0.00190561984616451,0.00121379497140047,0.00464462361505282,0.000795289938296764,"evm.utg11962.9",2,"CpG","Biological Processes","gene","Primed Experiment"
"GO:0016575","histone deacetylation",0.0740740740740741,0.00190561984616451,0.00121379497140047,0.00464462361505282,0.000795289938296764,"utg11962.evm.utg628.4.mrna2",2,"CpG","Biological Processes","gene","Primed Experiment"
"GO:0071479","cellular response to ionizing radiation",0.0740740740740741,0.00190561984616451,0.00121379497140047,0.00464462361505282,0.000795289938296764,"evm.utg11962.9",2,"CpG","Biological Processes","gene","Primed Experiment"
"GO:0071479","cellular response to ionizing radiation",0.0740740740740741,0.00190561984616451,0.00121379497140047,0.00464462361505282,0.000795289938296764,"utg11962.evm.utg628.4.mrna2",2,"CpG","Biological Processes","gene","Primed Experiment"
"GO:0016239","positive regulation of macroautophagy",0.0740740740740741,0.00197491511329776,0.00130302054937628,0.00483794758431787,0.000828392428472674,"evm.utg11962.9",2,"CpG","Biological Processes","gene","Primed Experiment"
"GO:0016239","positive regulation of macroautophagy",0.0740740740740741,0.00197491511329776,0.00130302054937628,0.00483794758431787,0.000828392428472674,"utg11962.evm.utg628.4.mrna2",2,"CpG","Biological Processes","gene","Primed Experiment"
"GO:0031507","heterochromatin formation",0.0740740740740741,0.00197491511329776,0.00130302054937628,0.00483794758431787,0.000828392428472674,"evm.utg11962.9",2,"CpG","Biological Processes","gene","Primed Experiment"
"GO:0031507","heterochromatin formation",0.0740740740740741,0.00197491511329776,0.00130302054937628,0.00483794758431787,0.000828392428472674,"utg11962.evm.utg628.4.mrna2",2,"CpG","Biological Processes","gene","Primed Experiment"
"GO:0032007","negative regulation of TOR signaling",0.0740740740740741,0.00197491511329776,0.00130302054937628,0.00483794758431787,0.000828392428472674,"evm.utg11962.9",2,"CpG","Biological Processes","gene","Primed Experiment"
"GO:0032007","negative regulation of TOR signaling",0.0740740740740741,0.00197491511329776,0.00130302054937628,0.00483794758431787,0.000828392428472674,"utg11962.evm.utg628.4.mrna2",2,"CpG","Biological Processes","gene","Primed Experiment"
"GO:0007517","muscle organ development",0.0740740740740741,0.00207885801399764,0.00144258356202872,0.0053036160368703,0.00090812793894481,"evm.utg11962.9",2,"CpG","Biological Processes","gene","Primed Experiment"
"GO:0007517","muscle organ development",0.0740740740740741,0.00207885801399764,0.00144258356202872,0.0053036160368703,0.00090812793894481,"utg11962.evm.utg628.4.mrna2",2,"CpG","Biological Processes","gene","Primed Experiment"
"GO:0032922","circadian regulation of gene expression",0.0740740740740741,0.00211350564756427,0.0014906256995664,0.00542703531395534,0.000929260783582528,"evm.utg11962.9",2,"CpG","Biological Processes","gene","Primed Experiment"
"GO:0032922","circadian regulation of gene expression",0.0740740740740741,0.00211350564756427,0.0014906256995664,0.00542703531395534,0.000929260783582528,"utg11962.evm.utg628.4.mrna2",2,"CpG","Biological Processes","gene","Primed Experiment"
"GO:0001938","positive regulation of endothelial cell proliferation",0.0740740740740741,0.00218280091469753,0.00158898353688958,0.00562140402201503,0.000962542162366082,"evm.utg11962.9",2,"CpG","Biological Processes","gene","Primed Experiment"
"GO:0001938","positive regulation of endothelial cell proliferation",0.0740740740740741,0.00218280091469753,0.00158898353688958,0.00562140402201503,0.000962542162366082,"utg11962.evm.utg628.4.mrna2",2,"CpG","Biological Processes","gene","Primed Experiment"
"GO:0043433","negative regulation of DNA-binding transcription factor activity",0.0740740740740741,0.00218280091469753,0.00158898353688958,0.00562140402201503,0.000962542162366082,"evm.utg11962.9",2,"CpG","Biological Processes","gene","Primed Experiment"
"GO:0043433","negative regulation of DNA-binding transcription factor activity",0.0740740740740741,0.00218280091469753,0.00158898353688958,0.00562140402201503,0.000962542162366082,"utg11962.evm.utg628.4.mrna2",2,"CpG","Biological Processes","gene","Primed Experiment"
"GO:0045739","positive regulation of DNA repair",0.0740740740740741,0.00218280091469753,0.00158898353688958,0.00562140402201503,0.000962542162366082,"evm.utg11962.9",2,"CpG","Biological Processes","gene","Primed Experiment"
"GO:0045739","positive regulation of DNA repair",0.0740740740740741,0.00218280091469753,0.00158898353688958,0.00562140402201503,0.000962542162366082,"utg11962.evm.utg628.4.mrna2",2,"CpG","Biological Processes","gene","Primed Experiment"
"GO:0071356","cellular response to tumor necrosis factor",0.0740740740740741,0.00225209618183078,0.00169036377141687,0.00589326510984134,0.00100909241179038,"evm.utg11962.9",2,"CpG","Biological Processes","gene","Primed Experiment"
"GO:0071356","cellular response to tumor necrosis factor",0.0740740740740741,0.00225209618183078,0.00169036377141687,0.00589326510984134,0.00100909241179038,"utg11962.evm.utg628.4.mrna2",2,"CpG","Biological Processes","gene","Primed Experiment"
"GO:0045766","positive regulation of angiogenesis",0.0740740740740741,0.00235603908253066,0.00184807750246456,0.00589326510984134,0.00100909241179038,"evm.utg11962.9",2,"CpG","Biological Processes","gene","Primed Experiment"
"GO:0045766","positive regulation of angiogenesis",0.0740740740740741,0.00235603908253066,0.00184807750246456,0.00589326510984134,0.00100909241179038,"utg11962.evm.utg628.4.mrna2",2,"CpG","Biological Processes","gene","Primed Experiment"
"GO:0032088","negative regulation of NF-kappaB transcription factor activity",0.0740740740740741,0.00242533434966392,0.0019569665436837,0.00611552044901155,0.00104714876460268,"evm.utg11962.9",2,"CpG","Biological Processes","gene","Primed Experiment"
"GO:0032088","negative regulation of NF-kappaB transcription factor activity",0.0740740740740741,0.00242533434966392,0.0019569665436837,0.00611552044901155,0.00104714876460268,"utg11962.evm.utg628.4.mrna2",2,"CpG","Biological Processes","gene","Primed Experiment"
"GO:0007623","circadian rhythm",0.0740740740740741,0.0025292772503638,0.00212589310864264,0.00658851170033877,0.00112813814377731,"utg11962.evm.utg628.4.mrna2",2,"CpG","Biological Processes","gene","Primed Experiment"
"GO:0007623","circadian rhythm",0.0740740740740741,0.0025292772503638,0.00212589310864264,0.00658851170033877,0.00112813814377731,"evm.utg320.52",2,"CHH","Biological Processes","gene","Primed Experiment"
"GO:0030512","negative regulation of transforming growth factor beta receptor signaling pathway",0.0740740740740741,0.00256392488393043,0.00218368808084497,0.00665758561233223,0.00113996553642741,"evm.utg11962.9",2,"CpG","Biological Processes","gene","Primed Experiment"
"GO:0030512","negative regulation of transforming growth factor beta receptor signaling pathway",0.0740740740740741,0.00256392488393043,0.00218368808084497,0.00665758561233223,0.00113996553642741,"utg11962.evm.utg628.4.mrna2",2,"CpG","Biological Processes","gene","Primed Experiment"
"GO:0032868","response to insulin [GO:0032868]""",0.0740740740740741,0.00256392488393043,0.00218368808084497,0.00665758561233223,0.00113996553642741,"evm.utg11962.9",2,"CpG","Biological Processes","gene","Primed Experiment"
"GO:0032868","response to insulin [GO:0032868]""",0.0740740740740741,0.00256392488393043,0.00218368808084497,0.00665758561233223,0.00113996553642741,"utg11962.evm.utg628.4.mrna2",2,"CpG","Biological Processes","gene","Primed Experiment"
"GO:0009953","dorsal/ventral pattern formation",0.0740740740740741,0.00259857251749706,0.00224222388729957,0.00672667166189871,0.00115179500737073,"evm.utg1781.11",2,"CHH","Biological Processes","gene","Primed Experiment"
"GO:0009953","dorsal/ventral pattern formation",0.0740740740740741,0.00259857251749706,0.00224222388729957,0.00672667166189871,0.00115179500737073,"evm.utg483.15",2,"CHH","Biological Processes","gene","Primed Experiment"
"GO:0042632","cholesterol homeostasis",0.0740740740740741,0.00259857251749706,0.00224222388729957,0.00672667166189871,0.00115179500737073,"evm.utg11962.9",2,"CpG","Biological Processes","gene","Primed Experiment"
"GO:0042632","cholesterol homeostasis",0.0740740740740741,0.00259857251749706,0.00224222388729957,0.00672667166189871,0.00115179500737073,"utg11962.evm.utg628.4.mrna2",2,"CpG","Biological Processes","gene","Primed Experiment"
"GO:0043010","camera-type eye development",0.0740740740740741,0.00270251541819694,0.00242226299977505,0.00720911607075908,0.00123440303246682,"evm.utg1781.11",2,"CHH","Biological Processes","gene","Primed Experiment"
"GO:0043010","camera-type eye development",0.0740740740740741,0.00270251541819694,0.00242226299977505,0.00720911607075908,0.00123440303246682,"evm.utg483.15",2,"CHH","Biological Processes","gene","Primed Experiment"
"GO:0042149","cellular response to glucose starvation",0.0740740740740741,0.00273716305176356,0.0024837488392536,0.00733390405291417,0.00125577023783232,"evm.utg11962.9",2,"CpG","Biological Processes","gene","Primed Experiment"
"GO:0042149","cellular response to glucose starvation",0.0740740740740741,0.00273716305176356,0.0024837488392536,0.00733390405291417,0.00125577023783232,"utg11962.evm.utg628.4.mrna2",2,"CpG","Biological Processes","gene","Primed Experiment"
"GO:0070301","cellular response to hydrogen peroxide",0.0740740740740741,0.00287575358603007,0.00273702087548308,0.00778869665474062,0.00133364349737313,"evm.utg11962.9",2,"CpG","Biological Processes","gene","Primed Experiment"
"GO:0070301","cellular response to hydrogen peroxide",0.0740740740740741,0.00287575358603007,0.00273702087548308,0.00778869665474062,0.00133364349737313,"utg11962.evm.utg628.4.mrna2",2,"CpG","Biological Processes","gene","Primed Experiment"
"GO:0030509","BMP signaling pathway",0.0740740740740741,0.0029104012195967,0.00280216444829766,0.00778869665474062,0.00133364349737313,"evm.utg1781.11",2,"CHH","Biological Processes","gene","Primed Experiment"
"GO:0030509","BMP signaling pathway",0.0740740740740741,0.0029104012195967,0.00280216444829766,0.00778869665474062,0.00133364349737313,"evm.utg483.15",2,"CHH","Biological Processes","gene","Primed Experiment"
"GO:0060548","negative regulation of cell death",0.0740740740740741,0.00318758228812972,0.00334939595913872,0.00923546679909574,0.0015813711571785,"utg11962.evm.utg628.4.mrna2",2,"CpG","Biological Processes","gene","Primed Experiment"
"GO:0060548","negative regulation of cell death",0.0740740740740741,0.00318758228812972,0.00334939595913872,0.00923546679909574,0.0015813711571785,"evm.utg320.52",2,"CHH","Biological Processes","gene","Primed Experiment"
"GO:0007346","regulation of mitotic cell cycle",0.0740740740740741,0.00343011572309611,0.00386589517316255,0.0100674353467775,0.0017238275260447,"evm.utg11962.9",2,"CpG","Biological Processes","gene","Primed Experiment"
"GO:0007346","regulation of mitotic cell cycle",0.0740740740740741,0.00343011572309611,0.00386589517316255,0.0100674353467775,0.0017238275260447,"utg11962.evm.utg628.4.mrna2",2,"CpG","Biological Processes","gene","Primed Experiment"
"GO:0030324","lung development",0.0740740740740741,0.00349941099022937,0.00401985809538385,0.0103249779847188,0.00176792605492729,"evm.utg320.52",2,"CHH","Biological Processes","gene","Primed Experiment"
"GO:0030324","lung development",0.0740740740740741,0.00349941099022937,0.00401985809538385,0.0103249779847188,0.00176792605492729,"evm.utg483.15",2,"CHH","Biological Processes","gene","Primed Experiment"
"GO:0035264","multicellular organism growth",0.0740740740740741,0.00349941099022937,0.00401985809538385,0.0103249779847188,0.00176792605492729,"evm.utg1781.11",2,"CHH","Biological Processes","gene","Primed Experiment"
"GO:0035264","multicellular organism growth",0.0740740740740741,0.00349941099022937,0.00401985809538385,0.0103249779847188,0.00176792605492729,"evm.utg320.52",2,"CHH","Biological Processes","gene","Primed Experiment"
"GO:0009267","cellular response to starvation",0.0740740740740741,0.00360335389092925,0.00425609017085018,0.0108573728848219,0.00185908700624319,"evm.utg11962.9",2,"CpG","Biological Processes","gene","Primed Experiment"
"GO:0009267","cellular response to starvation",0.0740740740740741,0.00360335389092925,0.00425609017085018,0.0108573728848219,0.00185908700624319,"utg11962.evm.utg628.4.mrna2",2,"CpG","Biological Processes","gene","Primed Experiment"
"GO:0043524","negative regulation of neuron apoptotic process",0.0740740740740741,0.00381123969232901,0.0047474629021894,0.0114857973440066,0.00196669091364043,"evm.utg11962.9",2,"CpG","Biological Processes","gene","Primed Experiment"
"GO:0043524","negative regulation of neuron apoptotic process",0.0740740740740741,0.00381123969232901,0.0047474629021894,0.0114857973440066,0.00196669091364043,"utg11962.evm.utg628.4.mrna2",2,"CpG","Biological Processes","gene","Primed Experiment"
"GO:1990830","cellular response to leukemia inhibitory factor",0.0740740740740741,0.00394983022659552,0.00508894033293969,0.0122330296464896,0.00209463805876735,"evm.utg11962.9",2,"CpG","Biological Processes","gene","Primed Experiment"
"GO:1990830","cellular response to leukemia inhibitory factor",0.0740740740740741,0.00394983022659552,0.00508894033293969,0.0122330296464896,0.00209463805876735,"utg11962.evm.utg628.4.mrna2",2,"CpG","Biological Processes","gene","Primed Experiment"
"GO:0030308","negative regulation of cell growth",0.0740740740740741,0.00398447786016215,0.00517603498046786,0.0123631408769137,0.00211691675366101,"evm.utg11962.9",2,"CpG","Biological Processes","gene","Primed Experiment"
"GO:0030308","negative regulation of cell growth",0.0740740740740741,0.00398447786016215,0.00517603498046786,0.0123631408769137,0.00211691675366101,"utg11962.evm.utg628.4.mrna2",2,"CpG","Biological Processes","gene","Primed Experiment"
"GO:0042127","regulation of cell population proliferation",0.0740740740740741,0.00433095419582843,0.00608459032415027,0.0139129351924168,0.00238228504347347,"evm.utg11962.9",2,"CpG","Biological Processes","gene","Primed Experiment"
"GO:0042127","regulation of cell population proliferation",0.0740740740740741,0.00433095419582843,0.00608459032415027,0.0139129351924168,0.00238228504347347,"utg11962.evm.utg628.4.mrna2",2,"CpG","Biological Processes","gene","Primed Experiment"
"GO:0071456","cellular response to hypoxia",0.0740740740740741,0.00436560182939505,0.00617917908628067,0.0140435888324561,0.00240465661411879,"evm.utg11962.9",2,"CpG","Biological Processes","gene","Primed Experiment"
"GO:0071456","cellular response to hypoxia",0.0740740740740741,0.00436560182939505,0.00617917908628067,0.0140435888324561,0.00240465661411879,"utg11962.evm.utg628.4.mrna2",2,"CpG","Biological Processes","gene","Primed Experiment"
"GO:0010976","positive regulation of neuron projection development",0.0740740740740741,0.00464278289792807,0.00696004003183337,0.0151745058833576,0.00259830135827317,"utg11962.evm.utg628.4.mrna2",2,"CpG","Biological Processes","gene","Primed Experiment"
"GO:0010976","positive regulation of neuron projection development",0.0740740740740741,0.00464278289792807,0.00696004003183337,0.0151745058833576,0.00259830135827317,"evm.utg320.52",2,"CHH","Biological Processes","gene","Primed Experiment"
"GO:0006366","transcription by RNA polymerase II",0.0740740740740741,0.00703346961402536,0.0153931999327942,0.027539205770936,0.00471548505832168,"evm.utg1127.12",2,"CHH","Biological Processes","gene","Primed Experiment"
"GO:0006366","transcription by RNA polymerase II",0.0740740740740741,0.00703346961402536,0.0153931999327942,0.027539205770936,0.00471548505832168,"evm.utg320.52",2,"CHH","Biological Processes","gene","Primed Experiment"
"GO:0006979","response to oxidative stress",0.0740740740740741,0.00706811724759199,0.0155367165877159,0.027539205770936,0.00471548505832168,"evm.utg11962.9",2,"CpG","Biological Processes","gene","Primed Experiment"
"GO:0006979","response to oxidative stress",0.0740740740740741,0.00706811724759199,0.0155367165877159,0.027539205770936,0.00471548505832168,"utg11962.evm.utg628.4.mrna2",2,"CpG","Biological Processes","gene","Primed Experiment"
"GO:0006351","DNA-templated transcription",0.0740740740740741,0.00817684152172407,0.02043001161311,0.0324629421818485,0.00555856694201476,"evm.utg43451.17",2,"CpG","Biological Processes","gene","Primed Experiment"
"GO:0006351","DNA-templated transcription",0.0740740740740741,0.00817684152172407,0.02043001161311,0.0324629421818485,0.00555856694201476,"evm.utg159619.2",2,"CHG","Biological Processes","gene","Primed Experiment"
"GO:0006325","chromatin organization",0.0740740740740741,0.00949345159725591,0.0269640299909744,0.0393444017378031,0.0067368659817712,"evm.utg11962.9",2,"CpG","Biological Processes","gene","Primed Experiment"
"GO:0006325","chromatin organization",0.0740740740740741,0.00949345159725591,0.0269640299909744,0.0393444017378031,0.0067368659817712,"utg11962.evm.utg628.4.mrna2",2,"CpG","Biological Processes","gene","Primed Experiment"
"GO:0043065","positive regulation of apoptotic process",0.0740740740740741,0.00966668976508905,0.0278793632769568,0.0403658734704973,0.00691177061529919,"evm.utg11962.9",2,"CpG","Biological Processes","gene","Primed Experiment"
"GO:0043065","positive regulation of apoptotic process",0.0740740740740741,0.00966668976508905,0.0278793632769568,0.0403658734704973,0.00691177061529919,"utg11962.evm.utg628.4.mrna2",2,"CpG","Biological Processes","gene","Primed Experiment"
"GO:0010628","positive regulation of gene expression",0.0740740740740741,0.0119534335804865,0.0410868831293913,0.0519372741576193,0.00889311922418183,"evm.utg320.52",2,"CHH","Biological Processes","gene","Primed Experiment"
"GO:0010628","positive regulation of gene expression",0.0740740740740741,0.0119534335804865,0.0410868831293913,0.0519372741576193,0.00889311922418183,"evm.utg483.15",2,"CHH","Biological Processes","gene","Primed Experiment"
"GO:0043161","proteasome-mediated ubiquitin-dependent protein catabolic process",0.0740740740740741,0.0131661007553184,0.0488790823841279,0.058911055212365,0.010087226296012,"evm.utg11962.9",2,"CpG","Biological Processes","gene","Primed Experiment"
"GO:0043161","proteasome-mediated ubiquitin-dependent protein catabolic process",0.0740740740740741,0.0131661007553184,0.0488790823841279,0.058911055212365,0.010087226296012,"utg11962.evm.utg628.4.mrna2",2,"CpG","Biological Processes","gene","Primed Experiment"
"GO:0007399","nervous system development",0.0740740740740741,0.0136858152588178,0.0523723250444565,0.0617598172694062,0.0105750143254282,"evm.utg1828.1",2,"CHG","Biological Processes","gene","Primed Experiment"
"GO:0007399","nervous system development",0.0740740740740741,0.0136858152588178,0.0523723250444565,0.0617598172694062,0.0105750143254282,"evm.utg483.15",2,"CHH","Biological Processes","gene","Primed Experiment"
"GO:0007283","spermatogenesis",0.0740740740740741,0.0142401773958839,0.0561952580832814,0.0648406824037863,0.0111025449168588,"evm.utg11962.9",2,"CpG","Biological Processes","gene","Primed Experiment"
"GO:0007283","spermatogenesis",0.0740740740740741,0.0142401773958839,0.0561952580832814,0.0648406824037863,0.0111025449168588,"utg11962.evm.utg628.4.mrna2",2,"CpG","Biological Processes","gene","Primed Experiment"
"GO:0003743","translation initiation factor activity",0.08,0.00643086816720257,0.01120527466521,0.0897732068785895,0.061423773127456,"evm.utg10358.16",2,"CpG","Molecular Functions","dispersed_repeat","Primed Experiment"
"GO:0003743","translation initiation factor activity",0.08,0.00643086816720257,0.01120527466521,0.0897732068785895,0.061423773127456,"evm.utg10358.16",2,"CpG","Molecular Functions","dispersed_repeat","Primed Experiment"
"GO:0003743","translation initiation factor activity",0.08,0.00643086816720257,0.01120527466521,0.0897732068785895,0.061423773127456,"evm.utg2353.1",2,"CHH","Molecular Functions","dispersed_repeat","Primed Experiment"
"GO:0003743","translation initiation factor activity",0.08,0.00643086816720257,0.01120527466521,0.0897732068785895,0.061423773127456,"evm.utg2353.1",2,"CHH","Molecular Functions","dispersed_repeat","Primed Experiment"
"GO:0004725","protein tyrosine phosphatase activity",0.08,0.00805306914631673,0.0171589211927282,0.0897732068785895,0.061423773127456,"evm.utg2355.3",2,"CpG","Molecular Functions","dispersed_repeat","Primed Experiment"
"GO:0004725","protein tyrosine phosphatase activity",0.08,0.00805306914631673,0.0171589211927282,0.0897732068785895,0.061423773127456,"evm.utg2355.3",2,"CpG","Molecular Functions","dispersed_repeat","Primed Experiment"
"GO:0004725","protein tyrosine phosphatase activity",0.08,0.00805306914631673,0.0171589211927282,0.0897732068785895,0.061423773127456,"evm.utg2355.3",2,"CpG","Molecular Functions","dispersed_repeat","Primed Experiment"
"GO:0004725","protein tyrosine phosphatase activity",0.08,0.00805306914631673,0.0171589211927282,0.0897732068785895,0.061423773127456,"evm.utg268.25.1.5c22edff",2,"CpG","Molecular Functions","dispersed_repeat","Primed Experiment"
"GO:0043425","bHLH transcription factor binding",0.0857142857142857,0.000724196865675965,2.16238272814758e-06,0.000173709677397819,6.14503604254579e-05,"evm.utg11962.9",3,"CpG","Molecular Functions","gene","Primed Experiment"
"GO:0043425","bHLH transcription factor binding",0.0857142857142857,0.000724196865675965,2.16238272814758e-06,0.000173709677397819,6.14503604254579e-05,"utg11962.evm.utg628.4.mrna2",3,"CpG","Molecular Functions","gene","Primed Experiment"
"GO:0043425","bHLH transcription factor binding",0.0857142857142857,0.000724196865675965,2.16238272814758e-06,0.000173709677397819,6.14503604254579e-05,"evm.utg320.52",3,"CHH","Molecular Functions","gene","Primed Experiment"
"GO:0051019","mitogen-activated protein kinase binding",0.0857142857142857,0.000898004113438197,4.20845869174131e-06,0.000173709677397819,6.14503604254579e-05,"evm.utg11962.9",3,"CpG","Molecular Functions","gene","Primed Experiment"
"GO:0051019","mitogen-activated protein kinase binding",0.0857142857142857,0.000898004113438197,4.20845869174131e-06,0.000173709677397819,6.14503604254579e-05,"utg11962.evm.utg628.4.mrna2",3,"CpG","Molecular Functions","gene","Primed Experiment"
"GO:0051019","mitogen-activated protein kinase binding",0.0857142857142857,0.000898004113438197,4.20845869174131e-06,0.000173709677397819,6.14503604254579e-05,"evm.utg320.52",3,"CHH","Molecular Functions","gene","Primed Experiment"
"GO:0016922","nuclear receptor binding",0.0857142857142857,0.00110077923582747,7.85989997896885e-06,0.000173709677397819,6.14503604254579e-05,"evm.utg11962.9",3,"CpG","Molecular Functions","gene","Primed Experiment"
"GO:0016922","nuclear receptor binding",0.0857142857142857,0.00110077923582747,7.85989997896885e-06,0.000173709677397819,6.14503604254579e-05,"utg11962.evm.utg628.4.mrna2",3,"CpG","Molecular Functions","gene","Primed Experiment"
"GO:0016922","nuclear receptor binding",0.0857142857142857,0.00110077923582747,7.85989997896885e-06,0.000173709677397819,6.14503604254579e-05,"evm.utg320.52",3,"CHH","Molecular Functions","gene","Primed Experiment"
"GO:0004857","enzyme inhibitor activity",0.0857142857142857,0.00115871498508154,9.19250266582302e-06,0.000173709677397819,6.14503604254579e-05,"evm.utg11962.9",3,"CpG","Molecular Functions","gene","Primed Experiment"
"GO:0004857","enzyme inhibitor activity",0.0857142857142857,0.00115871498508154,9.19250266582302e-06,0.000173709677397819,6.14503604254579e-05,"utg11962.evm.utg628.4.mrna2",3,"CpG","Molecular Functions","gene","Primed Experiment"
"GO:0004857","enzyme inhibitor activity",0.0857142857142857,0.00115871498508154,9.19250266582302e-06,0.000173709677397819,6.14503604254579e-05,"evm.utg320.52",3,"CHH","Molecular Functions","gene","Primed Experiment"
"GO:0046332","SMAD binding",0.0857142857142857,0.00185394397613047,3.81238257411787e-05,0.000422827885493072,0.000149576732573045,"evm.utg7656.7",3,"CHG","Molecular Functions","gene","Primed Experiment"
"GO:0046332","SMAD binding",0.0857142857142857,0.00185394397613047,3.81238257411787e-05,0.000422827885493072,0.000149576732573045,"evm.utg320.52",3,"CHH","Molecular Functions","gene","Primed Experiment"
"GO:0046332","SMAD binding",0.0857142857142857,0.00185394397613047,3.81238257411787e-05,0.000422827885493072,0.000149576732573045,"evm.utg483.15",3,"CHH","Molecular Functions","gene","Primed Experiment"
"GO:0002039","p53 binding",0.0857142857142857,0.00211465484777382,5.65566331931449e-05,0.00057499243746364,0.000203405435168328,"evm.utg11962.9",3,"CpG","Molecular Functions","gene","Primed Experiment"
"GO:0002039","p53 binding",0.0857142857142857,0.00211465484777382,5.65566331931449e-05,0.00057499243746364,0.000203405435168328,"utg11962.evm.utg628.4.mrna2",3,"CpG","Molecular Functions","gene","Primed Experiment"
"GO:0002039","p53 binding",0.0857142857142857,0.00211465484777382,5.65566331931449e-05,0.00057499243746364,0.000203405435168328,"evm.utg320.52",3,"CHH","Molecular Functions","gene","Primed Experiment"
"GO:1990841","promoter-specific chromatin binding",0.0857142857142857,0.00266504446568755,0.000112697183472892,0.00103497778968599,0.00036612674182162,"evm.utg11962.9",3,"CpG","Molecular Functions","gene","Primed Experiment"
"GO:1990841","promoter-specific chromatin binding",0.0857142857142857,0.00266504446568755,0.000112697183472892,0.00103497778968599,0.00036612674182162,"utg11962.evm.utg628.4.mrna2",3,"CpG","Molecular Functions","gene","Primed Experiment"
"GO:1990841","promoter-specific chromatin binding",0.0857142857142857,0.00266504446568755,0.000112697183472892,0.00103497778968599,0.00036612674182162,"evm.utg320.52",3,"CHH","Molecular Functions","gene","Primed Experiment"
"GO:0008047","enzyme activator activity",0.0857142857142857,0.0038237594507691,0.000327023196568731,0.00209983315691501,0.000742822773369417,"evm.utg11962.9",3,"CpG","Molecular Functions","gene","Primed Experiment"
"GO:0008047","enzyme activator activity",0.0857142857142857,0.0038237594507691,0.000327023196568731,0.00209983315691501,0.000742822773369417,"utg11962.evm.utg628.4.mrna2",3,"CpG","Molecular Functions","gene","Primed Experiment"
"GO:0008047","enzyme activator activity",0.0857142857142857,0.0038237594507691,0.000327023196568731,0.00209983315691501,0.000742822773369417,"evm.utg320.52",3,"CHH","Molecular Functions","gene","Primed Experiment"
"GO:0140297","DNA-binding transcription factor binding",0.0857142857142857,0.00472176356420729,0.000605322582186151,0.00350525646186093,0.00123999581480844,"evm.utg11962.9",3,"CpG","Molecular Functions","gene","Primed Experiment"
"GO:0140297","DNA-binding transcription factor binding",0.0857142857142857,0.00472176356420729,0.000605322582186151,0.00350525646186093,0.00123999581480844,"utg11962.evm.utg628.4.mrna2",3,"CpG","Molecular Functions","gene","Primed Experiment"
"GO:0140297","DNA-binding transcription factor binding",0.0857142857142857,0.00472176356420729,0.000605322582186151,0.00350525646186093,0.00123999581480844,"evm.utg320.52",3,"CHH","Molecular Functions","gene","Primed Experiment"
"GO:0042393","histone binding",0.0857142857142857,0.00486660293734249,0.000660827037891815,0.00350525646186093,0.00123999581480844,"evm.utg11962.9",3,"CpG","Molecular Functions","gene","Primed Experiment"
"GO:0042393","histone binding",0.0857142857142857,0.00486660293734249,0.000660827037891815,0.00350525646186093,0.00123999581480844,"utg11962.evm.utg628.4.mrna2",3,"CpG","Molecular Functions","gene","Primed Experiment"
"GO:0042393","histone binding",0.0857142857142857,0.00486660293734249,0.000660827037891815,0.00350525646186093,0.00123999581480844,"evm.utg7656.7",3,"CHG","Molecular Functions","gene","Primed Experiment"
"GO:0003714","transcription corepressor activity",0.0857142857142857,0.0050983459343588,0.000756218423562305,0.00384411031977505,0.00135986646342344,"evm.utg11962.9",3,"CpG","Molecular Functions","gene","Primed Experiment"
"GO:0003714","transcription corepressor activity",0.0857142857142857,0.0050983459343588,0.000756218423562305,0.00384411031977505,0.00135986646342344,"utg11962.evm.utg628.4.mrna2",3,"CpG","Molecular Functions","gene","Primed Experiment"
"GO:0003714","transcription corepressor activity",0.0857142857142857,0.0050983459343588,0.000756218423562305,0.00384411031977505,0.00135986646342344,"evm.utg320.52",3,"CHH","Molecular Functions","gene","Primed Experiment"
"GO:0003713","transcription coactivator activity",0.0857142857142857,0.00738680802989485,0.0021892848254001,0.00684853201791825,0.00242269036009187,"evm.utg11962.9",3,"CpG","Molecular Functions","gene","Primed Experiment"
"GO:0003713","transcription coactivator activity",0.0857142857142857,0.00738680802989485,0.0021892848254001,0.00684853201791825,0.00242269036009187,"utg11962.evm.utg628.4.mrna2",3,"CpG","Molecular Functions","gene","Primed Experiment"
"GO:0003713","transcription coactivator activity",0.0857142857142857,0.00738680802989485,0.0021892848254001,0.00684853201791825,0.00242269036009187,"evm.utg320.52",3,"CHH","Molecular Functions","gene","Primed Experiment"
"GO:0070593","dendrite self-avoidance",0.1,0.000970133739865567,0.00966059435299427,0.0225413868236533,0.0135587289164832,"utg4321.evm.utg13237.7.mrna4",1,"CHH","Biological Processes","exon","Primed Experiment"
"GO:0007156","homophilic cell adhesion via plasma membrane adhesion molecules",0.1,0.00828078442242395,0.0798012754938151,0.130948128256765,0.0787657914326404,"utg4321.evm.utg13237.7.mrna4",1,"CHH","Biological Processes","exon","Primed Experiment"
"GO:0007411","axon guidance",0.1,0.00977063266578893,0.0935343773262605,0.130948128256765,0.0787657914326404,"utg4321.evm.utg13237.7.mrna4",1,"CHH","Biological Processes","exon","Primed Experiment"
"GO:0006470","protein dephosphorylation",0.1,0.012646386251819,0.11952196628426,0.138191673571983,0.0831228111711177,"evm.utg268.25.1.5c22edff",1,"CHH","Biological Processes","exon","Primed Experiment"
"GO:0006259","DNA metabolic process",0.1,0.0147598918993833,0.138191673571983,0.138191673571983,0.0831228111711177,"evm.utg1746.24",1,"CHH","Biological Processes","exon","Primed Experiment"
"GO:0006470","protein dephosphorylation",0.105263157894737,0.012646386251819,0.0236647782750018,0.0681815710121043,0.0358850373747917,"evm.utg2355.3",2,"CpG","Biological Processes","dispersed_repeat","Primed Experiment"
"GO:0006470","protein dephosphorylation",0.105263157894737,0.012646386251819,0.0236647782750018,0.0681815710121043,0.0358850373747917,"evm.utg2355.3",2,"CpG","Biological Processes","dispersed_repeat","Primed Experiment"
"GO:0006470","protein dephosphorylation",0.105263157894737,0.012646386251819,0.0236647782750018,0.0681815710121043,0.0358850373747917,"evm.utg2355.3",2,"CpG","Biological Processes","dispersed_repeat","Primed Experiment"
"GO:0006470","protein dephosphorylation",0.105263157894737,0.012646386251819,0.0236647782750018,0.0681815710121043,0.0358850373747917,"evm.utg268.25.1.5c22edff",2,"CpG","Biological Processes","dispersed_repeat","Primed Experiment"
"GO:0018394","peptidyl-lysine acetylation",0.111111111111111,0.000415771602799529,1.59708172702296e-07,5.9890564763361e-05,1.02549458261474e-05,"evm.utg11962.9",3,"CpG","Biological Processes","gene","Primed Experiment"
"GO:0018394","peptidyl-lysine acetylation",0.111111111111111,0.000415771602799529,1.59708172702296e-07,5.9890564763361e-05,1.02549458261474e-05,"utg11962.evm.utg628.4.mrna2",3,"CpG","Biological Processes","gene","Primed Experiment"
"GO:0018394","peptidyl-lysine acetylation",0.111111111111111,0.000415771602799529,1.59708172702296e-07,5.9890564763361e-05,1.02549458261474e-05,"evm.utg320.52",3,"CHH","Biological Processes","gene","Primed Experiment"
"GO:0042771","intrinsic apoptotic signaling pathway in response to DNA damage by p53 class mediator",0.111111111111111,0.0011433719076987,3.90921987599762e-06,0.000135285749949442,2.316471788608e-05,"evm.utg11962.9",3,"CpG","Biological Processes","gene","Primed Experiment"
"GO:0042771","intrinsic apoptotic signaling pathway in response to DNA damage by p53 class mediator",0.111111111111111,0.0011433719076987,3.90921987599762e-06,0.000135285749949442,2.316471788608e-05,"utg11962.evm.utg628.4.mrna2",3,"CpG","Biological Processes","gene","Primed Experiment"
"GO:0042771","intrinsic apoptotic signaling pathway in response to DNA damage by p53 class mediator",0.111111111111111,0.0011433719076987,3.90921987599762e-06,0.000135285749949442,2.316471788608e-05,"evm.utg320.52",3,"CHH","Biological Processes","gene","Primed Experiment"
"GO:0031648","protein destabilization",0.111111111111111,0.00200956274686439,2.17663337905377e-05,0.000275571019733537,4.71854939052513e-05,"evm.utg11962.9",3,"CpG","Biological Processes","gene","Primed Experiment"
"GO:0031648","protein destabilization",0.111111111111111,0.00200956274686439,2.17663337905377e-05,0.000275571019733537,4.71854939052513e-05,"utg11962.evm.utg628.4.mrna2",3,"CpG","Biological Processes","gene","Primed Experiment"
"GO:0031648","protein destabilization",0.111111111111111,0.00200956274686439,2.17663337905377e-05,0.000275571019733537,4.71854939052513e-05,"evm.utg320.52",3,"CHH","Biological Processes","gene","Primed Experiment"
"GO:0007179","transforming growth factor beta receptor signaling pathway",0.111111111111111,0.00325687755526298,9.24588382486487e-05,0.00073770349666475,0.000126315546095578,"evm.utg11962.9",3,"CpG","Biological Processes","gene","Primed Experiment"
"GO:0007179","transforming growth factor beta receptor signaling pathway",0.111111111111111,0.00325687755526298,9.24588382486487e-05,0.00073770349666475,0.000126315546095578,"utg11962.evm.utg628.4.mrna2",3,"CpG","Biological Processes","gene","Primed Experiment"
"GO:0007179","transforming growth factor beta receptor signaling pathway",0.111111111111111,0.00325687755526298,9.24588382486487e-05,0.00073770349666475,0.000126315546095578,"evm.utg483.15",3,"CHH","Biological Processes","gene","Primed Experiment"
"GO:0001525","angiogenesis",0.111111111111111,0.00564756427136027,0.000468183141842542,0.00247279828437962,0.000423412478167458,"evm.utg11962.9",3,"CpG","Biological Processes","gene","Primed Experiment"
"GO:0001525","angiogenesis",0.111111111111111,0.00564756427136027,0.000468183141842542,0.00247279828437962,0.000423412478167458,"utg11962.evm.utg628.4.mrna2",3,"CpG","Biological Processes","gene","Primed Experiment"
"GO:0001525","angiogenesis",0.111111111111111,0.00564756427136027,0.000468183141842542,0.00247279828437962,0.000423412478167458,"evm.utg483.15",3,"CHH","Biological Processes","gene","Primed Experiment"
"GO:0001934","positive regulation of protein phosphorylation",0.111111111111111,0.00654840274409258,0.000719981635388895,0.00364855558474102,0.000624735131703024,"evm.utg11962.9",3,"CpG","Biological Processes","gene","Primed Experiment"
"GO:0001934","positive regulation of protein phosphorylation",0.111111111111111,0.00654840274409258,0.000719981635388895,0.00364855558474102,0.000624735131703024,"utg11962.evm.utg628.4.mrna2",3,"CpG","Biological Processes","gene","Primed Experiment"
"GO:0001934","positive regulation of protein phosphorylation",0.111111111111111,0.00654840274409258,0.000719981635388895,0.00364855558474102,0.000624735131703024,"evm.utg320.52",3,"CHH","Biological Processes","gene","Primed Experiment"
"GO:0010629","negative regulation of gene expression",0.111111111111111,0.00893908946018987,0.00176204988808725,0.00589326510984134,0.00100909241179038,"evm.utg11962.9",3,"CpG","Biological Processes","gene","Primed Experiment"
"GO:0010629","negative regulation of gene expression",0.111111111111111,0.00893908946018987,0.00176204988808725,0.00589326510984134,0.00100909241179038,"utg11962.evm.utg628.4.mrna2",3,"CpG","Biological Processes","gene","Primed Experiment"
"GO:0010629","negative regulation of gene expression",0.111111111111111,0.00893908946018987,0.00176204988808725,0.00589326510984134,0.00100909241179038,"evm.utg483.15",3,"CHH","Biological Processes","gene","Primed Experiment"
"GO:0008284","positive regulation of cell population proliferation",0.111111111111111,0.0126810338853856,0.00472037334291304,0.0114857973440066,0.00196669091364043,"evm.utg11962.9",3,"CpG","Biological Processes","gene","Primed Experiment"
"GO:0008284","positive regulation of cell population proliferation",0.111111111111111,0.0126810338853856,0.00472037334291304,0.0114857973440066,0.00196669091364043,"utg11962.evm.utg628.4.mrna2",3,"CpG","Biological Processes","gene","Primed Experiment"
"GO:0008284","positive regulation of cell population proliferation",0.111111111111111,0.0126810338853856,0.00472037334291304,0.0114857973440066,0.00196669091364043,"evm.utg1890.18",3,"CHG","Biological Processes","gene","Primed Experiment"
"GO:0045892","negative regulation of DNA-templated transcription",0.111111111111111,0.0142055297623172,0.00646276875353252,0.0143217774155076,0.00245229030833954,"evm.utg11962.9",3,"CpG","Biological Processes","gene","Primed Experiment"
"GO:0045892","negative regulation of DNA-templated transcription",0.111111111111111,0.0142055297623172,0.00646276875353252,0.0143217774155076,0.00245229030833954,"utg11962.evm.utg628.4.mrna2",3,"CpG","Biological Processes","gene","Primed Experiment"
"GO:0045892","negative regulation of DNA-templated transcription",0.111111111111111,0.0142055297623172,0.00646276875353252,0.0143217774155076,0.00245229030833954,"evm.utg2606.44",3,"CHH","Biological Processes","gene","Primed Experiment"
"GO:0006974","DNA damage response",0.111111111111111,0.016457625944148,0.00966265659195301,0.0196929142499042,0.0033719797031415,"evm.utg11962.9",3,"CpG","Biological Processes","gene","Primed Experiment"
"GO:0006974","DNA damage response",0.111111111111111,0.016457625944148,0.00966265659195301,0.0196929142499042,0.0033719797031415,"utg11962.evm.utg628.4.mrna2",3,"CpG","Biological Processes","gene","Primed Experiment"
"GO:0006974","DNA damage response",0.111111111111111,0.016457625944148,0.00966265659195301,0.0196929142499042,0.0033719797031415,"evm.utg816.5",3,"CHG","Biological Processes","gene","Primed Experiment"
"GO:0098632","cell-cell adhesion mediator activity",0.166666666666667,0.000666261116421888,0.00399120262257491,0.0159648104902996,0.0042012659184999,"utg4321.evm.utg13237.7.mrna4",1,"CHH","Molecular Functions","exon","Primed Experiment"
"GO:0001227","""DNA-binding transcription repressor activity, RNA polymerase II-specific [GO:0001227]""",0.166666666666667,0.00263607659106051,0.0157137222074545,0.031427444414909,0.00827038010918657,"evm.utg1724.20",1,"CHH","Molecular Functions","exon","Primed Experiment"
"GO:0004725","protein tyrosine phosphatase activity",0.166666666666667,0.00805306914631673,0.047359379205877,0.0631458389411693,0.0166173260371498,"evm.utg268.25.1.5c22edff",1,"CHH","Molecular Functions","exon","Primed Experiment"
"GO:0046983","protein dimerization activity",0.166666666666667,0.0113554068537991,0.0662319591584232,0.0662319591584232,0.0174294629364272,"evm.utg1724.20",1,"CHH","Molecular Functions","exon","Primed Experiment"
"GO:0008135","translation factor activity, RNA binding [GO:0008135]""",0.166666666666667,0.000955939862692274,0.00572236275494842,0.0200282696423195,0.00301176987102548,"evm.utg2661.20",1,"CHH","Molecular Functions","downstream_region","Primed Experiment"
"GO:0008135","translation factor activity, RNA binding [GO:0008135]""",0.166666666666667,0.000955939862692274,0.00572236275494842,0.0200282696423195,0.00301176987102548,"evm.utg2661.20",1,"CHH","Molecular Functions","downstream_region","Primed Experiment"
"GO:0043021","ribonucleoprotein complex binding",0.166666666666667,0.00179600822687639,0.0107285538849199,0.0250332923981464,0.00376440487190172,"evm.utg2661.20",1,"CHH","Molecular Functions","downstream_region","Primed Experiment"
"GO:0043021","ribonucleoprotein complex binding",0.166666666666667,0.00179600822687639,0.0107285538849199,0.0250332923981464,0.00376440487190172,"evm.utg2661.20",1,"CHH","Molecular Functions","downstream_region","Primed Experiment"
"GO:0003730","mRNA 3-UTR binding",0.166666666666667,0.00280988383882275,0.0167425181122151,0.0292994066963763,0.00440592581900396,"evm.utg2661.20",1,"CHH","Molecular Functions","downstream_region","Primed Experiment"
"GO:0003730","mRNA 3-UTR binding",0.166666666666667,0.00280988383882275,0.0167425181122151,0.0292994066963763,0.00440592581900396,"evm.utg2661.20",1,"CHH","Molecular Functions","downstream_region","Primed Experiment"
"GO:0042393","histone binding",0.166666666666667,0.00486660293734249,0.0288487209475433,0.0403882093265606,0.00607341493632491,"evm.utg169038.1",1,"CHG","Molecular Functions","downstream_region","Primed Experiment"
"GO:0004519","endonuclease activity",0.166666666666667,0.00799513339706266,0.0470254659472943,0.0548630436051767,0.00825008174513935,"evm.utg169038.1",1,"CHG","Molecular Functions","downstream_region","Primed Experiment"
"GO:0008237","metallopeptidase activity",0.166666666666667,0.00990701312244721,0.0579932445748019,0.0579932445748019,0.00872078865786495,"evm.utg3839.77",1,"CpG","Molecular Functions","downstream_region","Primed Experiment"
"GO:0003882","CDP-diacylglycerol-serine O-phosphatidyltransferase activity",0.166666666666667,8.69036238811158e-05,0.000521346221617591,0.00208538488647037,NA,"utg5417.equina_smart_1738001.mrna6",1,"CHH","Molecular Functions","promoter","Primed Experiment"
"GO:0106245","L-serine-phosphatidylethanolamine phosphatidyltransferase activity",0.166666666666667,0.00020277512238927,0.00121612216432576,0.00324299243820203,NA,"utg5417.equina_smart_1738001.mrna6",1,"CHH","Molecular Functions","promoter","Primed Experiment"
"GO:0030247","polysaccharide binding",0.166666666666667,0.000926971988065236,0.00554935965708936,0.00878266943715985,NA,"evm.utg4428.1",1,"CHG","Molecular Functions","promoter","Primed Experiment"
"GO:0102148","N-acetyl-beta-D-galactosaminidase activity",0.166666666666667,0.00107181136120043,0.00641412435910604,0.00878266943715985,NA,"evm.utg4428.1",1,"CHG","Molecular Functions","promoter","Primed Experiment"
"GO:0004563","beta-N-acetylhexosaminidase activity",0.166666666666667,0.00110077923582747,0.00658700207786989,0.00878266943715985,NA,"evm.utg4428.1",1,"CHG","Molecular Functions","promoter","Primed Experiment"
"GO:0004601","peroxidase activity",0.166666666666667,0.00130355435821674,0.00779644439341209,0.00891022216389954,NA,"evm.utg1253.19",1,"CHH","Molecular Functions","promoter","Primed Experiment"
"GO:0020037","""heme binding",0.166666666666667,0.00848758726572231,0.0498606222228412,0.0498606222228412,NA,"evm.utg1253.19",1,"CHH","Molecular Functions","promoter","Primed Experiment"
"GO:2000822","regulation of behavioral fear response",0.2,6.92952671332548e-05,0.000346452325663993,0.00648743346872248,NA,"evm.utg169038.1",1,"CHG","Biological Processes","downstream_region","Primed Experiment"
"GO:0002331","pre-B cell allelic exclusion",0.2,0.000103942900699882,0.000519642475988902,0.00648743346872248,NA,"evm.utg169038.1",1,"CHG","Biological Processes","downstream_region","Primed Experiment"
"GO:1904571","positive regulation of selenocysteine incorporation",0.2,0.000173238167833137,0.000865950764102008,0.00648743346872248,NA,"evm.utg2661.20",1,"CHH","Biological Processes","downstream_region","Primed Experiment"
"GO:1904571","positive regulation of selenocysteine incorporation",0.2,0.000173238167833137,0.000865950764102008,0.00648743346872248,NA,"evm.utg2661.20",1,"CHH","Biological Processes","downstream_region","Primed Experiment"
"GO:0045580","regulation of T cell differentiation",0.2,0.000242533434966392,0.0012121630521359,0.00648743346872248,NA,"evm.utg169038.1",1,"CHG","Biological Processes","downstream_region","Primed Experiment"
"GO:0070233","negative regulation of T cell apoptotic process",0.2,0.000277181068533019,0.00138523320236073,0.00648743346872248,NA,"evm.utg169038.1",1,"CHG","Biological Processes","downstream_region","Primed Experiment"
"GO:0021884","forebrain neuron development",0.2,0.000311828702099647,0.00155827936005082,0.00648743346872248,NA,"evm.utg2661.20",1,"CHH","Biological Processes","downstream_region","Primed Experiment"
"GO:0021884","forebrain neuron development",0.2,0.000311828702099647,0.00155827936005082,0.00648743346872248,NA,"evm.utg2661.20",1,"CHH","Biological Processes","downstream_region","Primed Experiment"
"GO:0070244","negative regulation of thymocyte apoptotic process",0.2,0.000381123969232901,0.00190429970780459,0.00648743346872248,NA,"evm.utg169038.1",1,"CHG","Biological Processes","downstream_region","Primed Experiment"
"GO:0033151","V(D)J recombination",0.2,0.000485066869932784,0.00242315034778395,0.00648743346872248,NA,"evm.utg169038.1",1,"CHG","Biological Processes","downstream_region","Primed Experiment"
"GO:0001514","selenocysteine incorporation",0.2,0.000589009770632666,0.0029417851896355,0.00648743346872248,NA,"evm.utg2661.20",1,"CHH","Biological Processes","downstream_region","Primed Experiment"
"GO:0001514","selenocysteine incorporation",0.2,0.000589009770632666,0.0029417851896355,0.00648743346872248,NA,"evm.utg2661.20",1,"CHH","Biological Processes","downstream_region","Primed Experiment"
"GO:0010390","histone monoubiquitination",0.2,0.000589009770632666,0.0029417851896355,0.00648743346872248,NA,"evm.utg169038.1",1,"CHG","Biological Processes","downstream_region","Primed Experiment"
"GO:2000623","""negative regulation of nuclear-transcribed mRNA catabolic process, nonsense-mediated decay",0.2,0.000623657404199293,0.0031146155267493,0.00648743346872248,NA,"evm.utg2661.20",1,"CHH","Biological Processes","downstream_region","Primed Experiment"
"GO:2000623","""negative regulation of nuclear-transcribed mRNA catabolic process, nonsense-mediated decay",0.2,0.000623657404199293,0.0031146155267493,0.00648743346872248,NA,"evm.utg2661.20",1,"CHH","Biological Processes","downstream_region","Primed Experiment"
"GO:0043029","T cell homeostasis",0.2,0.000727600304899175,0.00363296274248459,0.00648743346872248,NA,"evm.utg169038.1",1,"CHG","Biological Processes","downstream_region","Primed Experiment"
"GO:0071705","nitrogen compound transport",0.2,0.000727600304899175,0.00363296274248459,0.00648743346872248,NA,"evm.utg2353.42",1,"CpG","Biological Processes","downstream_region","Primed Experiment"
"GO:0021756","striatum development",0.2,0.00079689557203243,0.00397840774822955,0.00663067958038259,NA,"evm.utg2661.20",1,"CHH","Biological Processes","downstream_region","Primed Experiment"
"GO:0021756","striatum development",0.2,0.00079689557203243,0.00397840774822955,0.00663067958038259,NA,"evm.utg2661.20",1,"CHH","Biological Processes","downstream_region","Primed Experiment"
"GO:0033077","T cell differentiation in thymus [GO:0033077]""",0.2,0.00110872427413208,0.00553172478276487,0.00792249426056968,NA,"evm.utg169038.1",1,"CHG","Biological Processes","downstream_region","Primed Experiment"
"GO:0045582","positive regulation of T cell differentiation",0.2,0.00110872427413208,0.00553172478276487,0.00792249426056968,NA,"evm.utg169038.1",1,"CHG","Biological Processes","downstream_region","Primed Experiment"
"GO:0002250","adaptive immune response",0.2,0.0011433719076987,0.00570419586761017,0.00792249426056968,NA,"evm.utg169038.1",1,"CHG","Biological Processes","downstream_region","Primed Experiment"
"GO:0048538","thymus development",0.2,0.00131661007553184,0.00656619238832545,0.00863972682674402,NA,"evm.utg169038.1",1,"CHG","Biological Processes","downstream_region","Primed Experiment"
"GO:0008542","visual learning",0.2,0.00169773404476474,0.00846048040808522,0.0105756005101065,NA,"evm.utg169038.1",1,"CHG","Biological Processes","downstream_region","Primed Experiment"
"GO:0030183","B cell differentiation",0.2,0.00187097221259788,0.00932056460213637,0.0107869429512687,NA,"evm.utg169038.1",1,"CHG","Biological Processes","downstream_region","Primed Experiment"
"GO:0043154","negative regulation of cysteine-type endopeptidase activity involved in apoptotic process",0.2,0.00190561984616451,0.00949250979711647,0.0107869429512687,NA,"evm.utg169038.1",1,"CHG","Biological Processes","downstream_region","Primed Experiment"
"GO:0048666","neuron development",0.2,0.00245998198323055,0.01224038754275,0.0133047690682066,NA,"evm.utg2661.20",1,"CHH","Biological Processes","downstream_region","Primed Experiment"
"GO:0048666","neuron development",0.2,0.00245998198323055,0.01224038754275,0.0133047690682066,NA,"evm.utg2661.20",1,"CHH","Biological Processes","downstream_region","Primed Experiment"
"GO:0051865","protein autoubiquitination",0.2,0.0042963065622618,0.0212992049343674,0.0221866718066327,NA,"evm.utg169038.1",1,"CHG","Biological Processes","downstream_region","Primed Experiment"
"GO:0006325","chromatin organization",0.2,0.00949345159725591,0.0465776836940147,0.0465776836940147,NA,"evm.utg169038.1",1,"CHG","Biological Processes","downstream_region","Primed Experiment"
"GO:0006659","phosphatidylserine biosynthetic process",0.25,0.000311828702099647,0.00124679627620849,0.00623398138104247,0.00131241713285105,"utg5417.equina_smart_1738001.mrna6",1,"CHH","Biological Processes","promoter","Primed Experiment"
"GO:0071705","nitrogen compound transport",0.25,0.000727600304899175,0.0029073772869096,0.00726844321727399,0.00153019857205768,"evm.utg2353.44",1,"CpG","Biological Processes","promoter","Primed Experiment"
"GO:0006979","response to oxidative stress",0.25,0.00706811724759199,0.0279755677896626,0.0466259463161043,0.00981598869812723,"evm.utg1253.19",1,"CHH","Biological Processes","promoter","Primed Experiment"
"GO:0005975","carbohydrate metabolic process",0.25,0.0126810338853856,0.0497699522248427,0.0577481904492164,0.0121575137787824,"evm.utg4428.1",1,"CHG","Biological Processes","promoter","Primed Experiment"
"GO:0006259","DNA metabolic process",0.25,0.0147598918993833,0.0577481904492164,0.0577481904492164,0.0121575137787824,"evm.utg1253.19",1,"CHH","Biological Processes","promoter","Primed Experiment"
"GO:0035368","selenocysteine insertion sequence binding",0.333333333333333,0.000260710871643348,9.05805037886918e-07,6.34063526520843e-06,9.53478987249388e-07,"evm.utg2661.19",2,"CHH","Molecular Functions","downstream_region","Primed Experiment"
"GO:0035368","selenocysteine insertion sequence binding",0.333333333333333,0.000260710871643348,9.05805037886918e-07,6.34063526520843e-06,9.53478987249388e-07,"evm.utg2661.19",2,"CHH","Molecular Functions","downstream_region","Primed Experiment"
"GO:0035368","selenocysteine insertion sequence binding",0.333333333333333,0.000260710871643348,9.05805037886918e-07,6.34063526520843e-06,9.53478987249388e-07,"evm.utg2661.20",2,"CHH","Molecular Functions","downstream_region","Primed Experiment"
"GO:0035368","selenocysteine insertion sequence binding",0.333333333333333,0.000260710871643348,9.05805037886918e-07,6.34063526520843e-06,9.53478987249388e-07,"evm.utg2661.20",2,"CHH","Molecular Functions","downstream_region","Primed Experiment"
"GO:0043531","ADP binding",0.333333333333333,0.00573563917615365,0.000483598225812329,0.00208538488647037,NA,"evm.utg33757.21",2,"CHH","Molecular Functions","promoter","Primed Experiment"
"GO:0043531","ADP binding",0.333333333333333,0.00573563917615365,0.000483598225812329,0.00208538488647037,NA,"evm.utg33757.22",2,"CHH","Molecular Functions","promoter","Primed Experiment"
"GO:0006259","DNA metabolic process",0.4,0.0147598918993833,0.00211034016594883,0.00648743346872248,NA,"evm.utg3839.77",2,"CpG","Biological Processes","downstream_region","Primed Experiment"
"GO:0006259","DNA metabolic process",0.4,0.0147598918993833,0.00211034016594883,0.00648743346872248,NA,"evm.utg1746.24",2,"CHH","Biological Processes","downstream_region","Primed Experiment"
"GO:0030001","metal ion transport",0.5,0.0013859053426651,9.88861438219045e-13,6.92203006753332e-12,4.16362710829072e-12,"evm.utg268.25.1.5c22edff",5,"CHH","Biological Processes","exon","Primed Experiment"
"GO:0030001","metal ion transport",0.5,0.0013859053426651,9.88861438219045e-13,6.92203006753332e-12,4.16362710829072e-12,"evm.utg268.25",5,"CHH","Biological Processes","exon","Primed Experiment"
"GO:0030001","metal ion transport",0.5,0.0013859053426651,9.88861438219045e-13,6.92203006753332e-12,4.16362710829072e-12,"evm.utg268.25.2.5c22edff",5,"CHH","Biological Processes","exon","Primed Experiment"
"GO:0030001","metal ion transport",0.5,0.0013859053426651,9.88861438219045e-13,6.92203006753332e-12,4.16362710829072e-12,"evm.utg268.25.3.5c22edff",5,"CHH","Biological Processes","exon","Primed Experiment"
"GO:0030001","metal ion transport",0.5,0.0013859053426651,9.88861438219045e-13,6.92203006753332e-12,4.16362710829072e-12,"evm.utg268.25.3.5c22edff.1.5c2792b6",5,"CHH","Biological Processes","exon","Primed Experiment"
"GO:0007154","cell communication",0.5,0.00436560182939505,3.62481822664234e-10,1.26868637932482e-09,7.63119626661544e-10,"evm.utg268.25.1.5c22edff",5,"CHH","Biological Processes","exon","Primed Experiment"
"GO:0007154","cell communication",0.5,0.00436560182939505,3.62481822664234e-10,1.26868637932482e-09,7.63119626661544e-10,"evm.utg268.25",5,"CHH","Biological Processes","exon","Primed Experiment"
"GO:0007154","cell communication",0.5,0.00436560182939505,3.62481822664234e-10,1.26868637932482e-09,7.63119626661544e-10,"evm.utg268.25.2.5c22edff",5,"CHH","Biological Processes","exon","Primed Experiment"
"GO:0007154","cell communication",0.5,0.00436560182939505,3.62481822664234e-10,1.26868637932482e-09,7.63119626661544e-10,"evm.utg268.25.3.5c22edff",5,"CHH","Biological Processes","exon","Primed Experiment"
"GO:0007154","cell communication",0.5,0.00436560182939505,3.62481822664234e-10,1.26868637932482e-09,7.63119626661544e-10,"evm.utg268.25.3.5c22edff.1.5c2792b6",5,"CHH","Biological Processes","exon","Primed Experiment"
