"region","context","experiment","group","sample_id","bin_mid","count"
"dispersed_repeat","CpG","exp1","control","13",2.5,9394
"dispersed_repeat","CpG","exp1","control","13",7.5,456
"dispersed_repeat","CpG","exp1","control","13",12.5,106
"dispersed_repeat","CpG","exp1","control","13",17.5,162
"dispersed_repeat","CpG","exp1","control","13",22.5,92
"dispersed_repeat","CpG","exp1","control","13",27.5,92
"dispersed_repeat","CpG","exp1","control","13",32.5,64
"dispersed_repeat","CpG","exp1","control","13",37.5,74
"dispersed_repeat","CpG","exp1","control","13",42.5,43
"dispersed_repeat","CpG","exp1","control","13",47.5,71
"dispersed_repeat","CpG","exp1","control","13",52.5,40
"dispersed_repeat","CpG","exp1","control","13",57.5,53
"dispersed_repeat","CpG","exp1","control","13",62.5,29
"dispersed_repeat","CpG","exp1","control","13",67.5,50
"dispersed_repeat","CpG","exp1","control","13",72.5,31
"dispersed_repeat","CpG","exp1","control","13",77.5,56
"dispersed_repeat","CpG","exp1","control","13",82.5,45
"dispersed_repeat","CpG","exp1","control","13",87.5,69
"dispersed_repeat","CpG","exp1","control","13",92.5,53
"dispersed_repeat","CpG","exp1","control","13",97.5,179
"dispersed_repeat","CpG","exp1","control","16",2.5,6217
"dispersed_repeat","CpG","exp1","control","16",7.5,307
"dispersed_repeat","CpG","exp1","control","16",12.5,81
"dispersed_repeat","CpG","exp1","control","16",17.5,126
"dispersed_repeat","CpG","exp1","control","16",22.5,67
"dispersed_repeat","CpG","exp1","control","16",27.5,58
"dispersed_repeat","CpG","exp1","control","16",32.5,49
"dispersed_repeat","CpG","exp1","control","16",37.5,58
"dispersed_repeat","CpG","exp1","control","16",42.5,34
"dispersed_repeat","CpG","exp1","control","16",47.5,47
"dispersed_repeat","CpG","exp1","control","16",52.5,23
"dispersed_repeat","CpG","exp1","control","16",57.5,30
"dispersed_repeat","CpG","exp1","control","16",62.5,25
"dispersed_repeat","CpG","exp1","control","16",67.5,35
"dispersed_repeat","CpG","exp1","control","16",72.5,16
"dispersed_repeat","CpG","exp1","control","16",77.5,41
"dispersed_repeat","CpG","exp1","control","16",82.5,30
"dispersed_repeat","CpG","exp1","control","16",87.5,27
"dispersed_repeat","CpG","exp1","control","16",92.5,19
"dispersed_repeat","CpG","exp1","control","16",97.5,117
"dispersed_repeat","CpG","exp1","control","9",2.5,9067
"dispersed_repeat","CpG","exp1","control","9",7.5,375
"dispersed_repeat","CpG","exp1","control","9",12.5,125
"dispersed_repeat","CpG","exp1","control","9",17.5,149
"dispersed_repeat","CpG","exp1","control","9",22.5,77
"dispersed_repeat","CpG","exp1","control","9",27.5,86
"dispersed_repeat","CpG","exp1","control","9",32.5,50
"dispersed_repeat","CpG","exp1","control","9",37.5,85
"dispersed_repeat","CpG","exp1","control","9",42.5,41
"dispersed_repeat","CpG","exp1","control","9",47.5,72
"dispersed_repeat","CpG","exp1","control","9",52.5,54
"dispersed_repeat","CpG","exp1","control","9",57.5,42
"dispersed_repeat","CpG","exp1","control","9",62.5,36
"dispersed_repeat","CpG","exp1","control","9",67.5,32
"dispersed_repeat","CpG","exp1","control","9",72.5,30
"dispersed_repeat","CpG","exp1","control","9",77.5,53
"dispersed_repeat","CpG","exp1","control","9",82.5,38
"dispersed_repeat","CpG","exp1","control","9",87.5,64
"dispersed_repeat","CpG","exp1","control","9",92.5,50
"dispersed_repeat","CpG","exp1","control","9",97.5,211
"dispersed_repeat","CpG","exp1","acute","15",2.5,7766
"dispersed_repeat","CpG","exp1","acute","15",7.5,316
"dispersed_repeat","CpG","exp1","acute","15",12.5,97
"dispersed_repeat","CpG","exp1","acute","15",17.5,131
"dispersed_repeat","CpG","exp1","acute","15",22.5,66
"dispersed_repeat","CpG","exp1","acute","15",27.5,103
"dispersed_repeat","CpG","exp1","acute","15",32.5,39
"dispersed_repeat","CpG","exp1","acute","15",37.5,64
"dispersed_repeat","CpG","exp1","acute","15",42.5,37
"dispersed_repeat","CpG","exp1","acute","15",47.5,56
"dispersed_repeat","CpG","exp1","acute","15",52.5,33
"dispersed_repeat","CpG","exp1","acute","15",57.5,45
"dispersed_repeat","CpG","exp1","acute","15",62.5,19
"dispersed_repeat","CpG","exp1","acute","15",67.5,41
"dispersed_repeat","CpG","exp1","acute","15",72.5,26
"dispersed_repeat","CpG","exp1","acute","15",77.5,37
"dispersed_repeat","CpG","exp1","acute","15",82.5,33
"dispersed_repeat","CpG","exp1","acute","15",87.5,51
"dispersed_repeat","CpG","exp1","acute","15",92.5,42
"dispersed_repeat","CpG","exp1","acute","15",97.5,136
"dispersed_repeat","CpG","exp1","acute","22",2.5,4115
"dispersed_repeat","CpG","exp1","acute","22",7.5,213
"dispersed_repeat","CpG","exp1","acute","22",12.5,49
"dispersed_repeat","CpG","exp1","acute","22",17.5,75
"dispersed_repeat","CpG","exp1","acute","22",22.5,43
"dispersed_repeat","CpG","exp1","acute","22",27.5,43
"dispersed_repeat","CpG","exp1","acute","22",32.5,34
"dispersed_repeat","CpG","exp1","acute","22",37.5,43
"dispersed_repeat","CpG","exp1","acute","22",42.5,35
"dispersed_repeat","CpG","exp1","acute","22",47.5,23
"dispersed_repeat","CpG","exp1","acute","22",52.5,18
"dispersed_repeat","CpG","exp1","acute","22",57.5,21
"dispersed_repeat","CpG","exp1","acute","22",62.5,14
"dispersed_repeat","CpG","exp1","acute","22",67.5,23
"dispersed_repeat","CpG","exp1","acute","22",72.5,16
"dispersed_repeat","CpG","exp1","acute","22",77.5,26
"dispersed_repeat","CpG","exp1","acute","22",82.5,24
"dispersed_repeat","CpG","exp1","acute","22",87.5,19
"dispersed_repeat","CpG","exp1","acute","22",92.5,16
"dispersed_repeat","CpG","exp1","acute","22",97.5,48
"dispersed_repeat","CpG","exp1","acute","27",2.5,4111
"dispersed_repeat","CpG","exp1","acute","27",7.5,192
"dispersed_repeat","CpG","exp1","acute","27",12.5,69
"dispersed_repeat","CpG","exp1","acute","27",17.5,82
"dispersed_repeat","CpG","exp1","acute","27",22.5,41
"dispersed_repeat","CpG","exp1","acute","27",27.5,38
"dispersed_repeat","CpG","exp1","acute","27",32.5,28
"dispersed_repeat","CpG","exp1","acute","27",37.5,38
"dispersed_repeat","CpG","exp1","acute","27",42.5,17
"dispersed_repeat","CpG","exp1","acute","27",47.5,43
"dispersed_repeat","CpG","exp1","acute","27",52.5,19
"dispersed_repeat","CpG","exp1","acute","27",57.5,24
"dispersed_repeat","CpG","exp1","acute","27",62.5,13
"dispersed_repeat","CpG","exp1","acute","27",67.5,17
"dispersed_repeat","CpG","exp1","acute","27",72.5,20
"dispersed_repeat","CpG","exp1","acute","27",77.5,26
"dispersed_repeat","CpG","exp1","acute","27",82.5,9
"dispersed_repeat","CpG","exp1","acute","27",87.5,23
"dispersed_repeat","CpG","exp1","acute","27",92.5,25
"dispersed_repeat","CpG","exp1","acute","27",97.5,45
"dispersed_repeat","CpG","exp2","naïve","10",2.5,4877
"dispersed_repeat","CpG","exp2","naïve","10",7.5,236
"dispersed_repeat","CpG","exp2","naïve","10",12.5,76
"dispersed_repeat","CpG","exp2","naïve","10",17.5,70
"dispersed_repeat","CpG","exp2","naïve","10",22.5,31
"dispersed_repeat","CpG","exp2","naïve","10",27.5,60
"dispersed_repeat","CpG","exp2","naïve","10",32.5,28
"dispersed_repeat","CpG","exp2","naïve","10",37.5,36
"dispersed_repeat","CpG","exp2","naïve","10",42.5,27
"dispersed_repeat","CpG","exp2","naïve","10",47.5,40
"dispersed_repeat","CpG","exp2","naïve","10",52.5,17
"dispersed_repeat","CpG","exp2","naïve","10",57.5,22
"dispersed_repeat","CpG","exp2","naïve","10",62.5,19
"dispersed_repeat","CpG","exp2","naïve","10",67.5,24
"dispersed_repeat","CpG","exp2","naïve","10",72.5,20
"dispersed_repeat","CpG","exp2","naïve","10",77.5,20
"dispersed_repeat","CpG","exp2","naïve","10",82.5,20
"dispersed_repeat","CpG","exp2","naïve","10",87.5,27
"dispersed_repeat","CpG","exp2","naïve","10",92.5,23
"dispersed_repeat","CpG","exp2","naïve","10",97.5,54
"dispersed_repeat","CpG","exp2","naïve","11",2.5,5871
"dispersed_repeat","CpG","exp2","naïve","11",7.5,279
"dispersed_repeat","CpG","exp2","naïve","11",12.5,78
"dispersed_repeat","CpG","exp2","naïve","11",17.5,95
"dispersed_repeat","CpG","exp2","naïve","11",22.5,47
"dispersed_repeat","CpG","exp2","naïve","11",27.5,78
"dispersed_repeat","CpG","exp2","naïve","11",32.5,35
"dispersed_repeat","CpG","exp2","naïve","11",37.5,66
"dispersed_repeat","CpG","exp2","naïve","11",42.5,22
"dispersed_repeat","CpG","exp2","naïve","11",47.5,42
"dispersed_repeat","CpG","exp2","naïve","11",52.5,25
"dispersed_repeat","CpG","exp2","naïve","11",57.5,31
"dispersed_repeat","CpG","exp2","naïve","11",62.5,18
"dispersed_repeat","CpG","exp2","naïve","11",67.5,31
"dispersed_repeat","CpG","exp2","naïve","11",72.5,19
"dispersed_repeat","CpG","exp2","naïve","11",77.5,27
"dispersed_repeat","CpG","exp2","naïve","11",82.5,18
"dispersed_repeat","CpG","exp2","naïve","11",87.5,30
"dispersed_repeat","CpG","exp2","naïve","11",92.5,20
"dispersed_repeat","CpG","exp2","naïve","11",97.5,83
"dispersed_repeat","CpG","exp2","naïve","6",2.5,8324
"dispersed_repeat","CpG","exp2","naïve","6",7.5,361
"dispersed_repeat","CpG","exp2","naïve","6",12.5,98
"dispersed_repeat","CpG","exp2","naïve","6",17.5,149
"dispersed_repeat","CpG","exp2","naïve","6",22.5,73
"dispersed_repeat","CpG","exp2","naïve","6",27.5,94
"dispersed_repeat","CpG","exp2","naïve","6",32.5,45
"dispersed_repeat","CpG","exp2","naïve","6",37.5,75
"dispersed_repeat","CpG","exp2","naïve","6",42.5,36
"dispersed_repeat","CpG","exp2","naïve","6",47.5,49
"dispersed_repeat","CpG","exp2","naïve","6",52.5,29
"dispersed_repeat","CpG","exp2","naïve","6",57.5,53
"dispersed_repeat","CpG","exp2","naïve","6",62.5,31
"dispersed_repeat","CpG","exp2","naïve","6",67.5,50
"dispersed_repeat","CpG","exp2","naïve","6",72.5,26
"dispersed_repeat","CpG","exp2","naïve","6",77.5,39
"dispersed_repeat","CpG","exp2","naïve","6",82.5,35
"dispersed_repeat","CpG","exp2","naïve","6",87.5,46
"dispersed_repeat","CpG","exp2","naïve","6",92.5,38
"dispersed_repeat","CpG","exp2","naïve","6",97.5,157
"dispersed_repeat","CpG","exp2","naïve","7",2.5,12772
"dispersed_repeat","CpG","exp2","naïve","7",7.5,496
"dispersed_repeat","CpG","exp2","naïve","7",12.5,141
"dispersed_repeat","CpG","exp2","naïve","7",17.5,202
"dispersed_repeat","CpG","exp2","naïve","7",22.5,92
"dispersed_repeat","CpG","exp2","naïve","7",27.5,121
"dispersed_repeat","CpG","exp2","naïve","7",32.5,57
"dispersed_repeat","CpG","exp2","naïve","7",37.5,115
"dispersed_repeat","CpG","exp2","naïve","7",42.5,46
"dispersed_repeat","CpG","exp2","naïve","7",47.5,96
"dispersed_repeat","CpG","exp2","naïve","7",52.5,32
"dispersed_repeat","CpG","exp2","naïve","7",57.5,70
"dispersed_repeat","CpG","exp2","naïve","7",62.5,38
"dispersed_repeat","CpG","exp2","naïve","7",67.5,71
"dispersed_repeat","CpG","exp2","naïve","7",72.5,47
"dispersed_repeat","CpG","exp2","naïve","7",77.5,79
"dispersed_repeat","CpG","exp2","naïve","7",82.5,57
"dispersed_repeat","CpG","exp2","naïve","7",87.5,105
"dispersed_repeat","CpG","exp2","naïve","7",92.5,82
"dispersed_repeat","CpG","exp2","naïve","7",97.5,318
"dispersed_repeat","CpG","exp2","primed","14",2.5,5263
"dispersed_repeat","CpG","exp2","primed","14",7.5,258
"dispersed_repeat","CpG","exp2","primed","14",12.5,70
"dispersed_repeat","CpG","exp2","primed","14",17.5,88
"dispersed_repeat","CpG","exp2","primed","14",22.5,44
"dispersed_repeat","CpG","exp2","primed","14",27.5,64
"dispersed_repeat","CpG","exp2","primed","14",32.5,26
"dispersed_repeat","CpG","exp2","primed","14",37.5,71
"dispersed_repeat","CpG","exp2","primed","14",42.5,18
"dispersed_repeat","CpG","exp2","primed","14",47.5,55
"dispersed_repeat","CpG","exp2","primed","14",52.5,29
"dispersed_repeat","CpG","exp2","primed","14",57.5,48
"dispersed_repeat","CpG","exp2","primed","14",62.5,29
"dispersed_repeat","CpG","exp2","primed","14",67.5,16
"dispersed_repeat","CpG","exp2","primed","14",72.5,28
"dispersed_repeat","CpG","exp2","primed","14",77.5,20
"dispersed_repeat","CpG","exp2","primed","14",82.5,25
"dispersed_repeat","CpG","exp2","primed","14",87.5,28
"dispersed_repeat","CpG","exp2","primed","14",92.5,22
"dispersed_repeat","CpG","exp2","primed","14",97.5,79
"dispersed_repeat","CpG","exp2","primed","2",2.5,9362
"dispersed_repeat","CpG","exp2","primed","2",7.5,467
"dispersed_repeat","CpG","exp2","primed","2",12.5,122
"dispersed_repeat","CpG","exp2","primed","2",17.5,122
"dispersed_repeat","CpG","exp2","primed","2",22.5,80
"dispersed_repeat","CpG","exp2","primed","2",27.5,111
"dispersed_repeat","CpG","exp2","primed","2",32.5,62
"dispersed_repeat","CpG","exp2","primed","2",37.5,80
"dispersed_repeat","CpG","exp2","primed","2",42.5,37
"dispersed_repeat","CpG","exp2","primed","2",47.5,73
"dispersed_repeat","CpG","exp2","primed","2",52.5,31
"dispersed_repeat","CpG","exp2","primed","2",57.5,61
"dispersed_repeat","CpG","exp2","primed","2",62.5,39
"dispersed_repeat","CpG","exp2","primed","2",67.5,59
"dispersed_repeat","CpG","exp2","primed","2",72.5,29
"dispersed_repeat","CpG","exp2","primed","2",77.5,66
"dispersed_repeat","CpG","exp2","primed","2",82.5,36
"dispersed_repeat","CpG","exp2","primed","2",87.5,72
"dispersed_repeat","CpG","exp2","primed","2",92.5,41
"dispersed_repeat","CpG","exp2","primed","2",97.5,220
"dispersed_repeat","CpG","exp2","primed","20",2.5,3616
"dispersed_repeat","CpG","exp2","primed","20",7.5,155
"dispersed_repeat","CpG","exp2","primed","20",12.5,60
"dispersed_repeat","CpG","exp2","primed","20",17.5,62
"dispersed_repeat","CpG","exp2","primed","20",22.5,44
"dispersed_repeat","CpG","exp2","primed","20",27.5,50
"dispersed_repeat","CpG","exp2","primed","20",32.5,26
"dispersed_repeat","CpG","exp2","primed","20",37.5,33
"dispersed_repeat","CpG","exp2","primed","20",42.5,24
"dispersed_repeat","CpG","exp2","primed","20",47.5,39
"dispersed_repeat","CpG","exp2","primed","20",52.5,12
"dispersed_repeat","CpG","exp2","primed","20",57.5,35
"dispersed_repeat","CpG","exp2","primed","20",62.5,19
"dispersed_repeat","CpG","exp2","primed","20",67.5,17
"dispersed_repeat","CpG","exp2","primed","20",72.5,20
"dispersed_repeat","CpG","exp2","primed","20",77.5,25
"dispersed_repeat","CpG","exp2","primed","20",82.5,14
"dispersed_repeat","CpG","exp2","primed","20",87.5,27
"dispersed_repeat","CpG","exp2","primed","20",92.5,18
"dispersed_repeat","CpG","exp2","primed","20",97.5,42
"dispersed_repeat","CpG","exp2","primed","21",2.5,4247
"dispersed_repeat","CpG","exp2","primed","21",7.5,212
"dispersed_repeat","CpG","exp2","primed","21",12.5,44
"dispersed_repeat","CpG","exp2","primed","21",17.5,78
"dispersed_repeat","CpG","exp2","primed","21",22.5,44
"dispersed_repeat","CpG","exp2","primed","21",27.5,47
"dispersed_repeat","CpG","exp2","primed","21",32.5,33
"dispersed_repeat","CpG","exp2","primed","21",37.5,56
"dispersed_repeat","CpG","exp2","primed","21",42.5,24
"dispersed_repeat","CpG","exp2","primed","21",47.5,48
"dispersed_repeat","CpG","exp2","primed","21",52.5,14
"dispersed_repeat","CpG","exp2","primed","21",57.5,27
"dispersed_repeat","CpG","exp2","primed","21",62.5,20
"dispersed_repeat","CpG","exp2","primed","21",67.5,17
"dispersed_repeat","CpG","exp2","primed","21",72.5,21
"dispersed_repeat","CpG","exp2","primed","21",77.5,25
"dispersed_repeat","CpG","exp2","primed","21",82.5,14
"dispersed_repeat","CpG","exp2","primed","21",87.5,25
"dispersed_repeat","CpG","exp2","primed","21",92.5,17
"dispersed_repeat","CpG","exp2","primed","21",97.5,62
"dispersed_repeat","CHG","exp1","control","13",2.5,11354
"dispersed_repeat","CHG","exp1","control","13",7.5,267
"dispersed_repeat","CHG","exp1","control","13",12.5,10
"dispersed_repeat","CHG","exp1","control","13",17.5,19
"dispersed_repeat","CHG","exp1","control","13",22.5,2
"dispersed_repeat","CHG","exp1","control","13",27.5,4
"dispersed_repeat","CHG","exp1","control","13",32.5,0
"dispersed_repeat","CHG","exp1","control","13",37.5,5
"dispersed_repeat","CHG","exp1","control","13",42.5,0
"dispersed_repeat","CHG","exp1","control","13",47.5,0
"dispersed_repeat","CHG","exp1","control","13",52.5,0
"dispersed_repeat","CHG","exp1","control","13",57.5,1
"dispersed_repeat","CHG","exp1","control","13",62.5,0
"dispersed_repeat","CHG","exp1","control","13",67.5,0
"dispersed_repeat","CHG","exp1","control","13",72.5,0
"dispersed_repeat","CHG","exp1","control","13",77.5,0
"dispersed_repeat","CHG","exp1","control","13",82.5,0
"dispersed_repeat","CHG","exp1","control","13",87.5,0
"dispersed_repeat","CHG","exp1","control","13",92.5,0
"dispersed_repeat","CHG","exp1","control","13",97.5,1
"dispersed_repeat","CHG","exp1","control","16",2.5,7479
"dispersed_repeat","CHG","exp1","control","16",7.5,139
"dispersed_repeat","CHG","exp1","control","16",12.5,9
"dispersed_repeat","CHG","exp1","control","16",17.5,13
"dispersed_repeat","CHG","exp1","control","16",22.5,2
"dispersed_repeat","CHG","exp1","control","16",27.5,7
"dispersed_repeat","CHG","exp1","control","16",32.5,0
"dispersed_repeat","CHG","exp1","control","16",37.5,1
"dispersed_repeat","CHG","exp1","control","16",42.5,0
"dispersed_repeat","CHG","exp1","control","16",47.5,0
"dispersed_repeat","CHG","exp1","control","16",52.5,1
"dispersed_repeat","CHG","exp1","control","16",57.5,0
"dispersed_repeat","CHG","exp1","control","16",62.5,0
"dispersed_repeat","CHG","exp1","control","16",67.5,0
"dispersed_repeat","CHG","exp1","control","16",72.5,0
"dispersed_repeat","CHG","exp1","control","16",77.5,0
"dispersed_repeat","CHG","exp1","control","16",82.5,0
"dispersed_repeat","CHG","exp1","control","16",87.5,0
"dispersed_repeat","CHG","exp1","control","16",92.5,0
"dispersed_repeat","CHG","exp1","control","16",97.5,0
"dispersed_repeat","CHG","exp1","control","9",2.5,11069
"dispersed_repeat","CHG","exp1","control","9",7.5,202
"dispersed_repeat","CHG","exp1","control","9",12.5,11
"dispersed_repeat","CHG","exp1","control","9",17.5,9
"dispersed_repeat","CHG","exp1","control","9",22.5,6
"dispersed_repeat","CHG","exp1","control","9",27.5,5
"dispersed_repeat","CHG","exp1","control","9",32.5,2
"dispersed_repeat","CHG","exp1","control","9",37.5,1
"dispersed_repeat","CHG","exp1","control","9",42.5,1
"dispersed_repeat","CHG","exp1","control","9",47.5,2
"dispersed_repeat","CHG","exp1","control","9",52.5,0
"dispersed_repeat","CHG","exp1","control","9",57.5,0
"dispersed_repeat","CHG","exp1","control","9",62.5,0
"dispersed_repeat","CHG","exp1","control","9",67.5,0
"dispersed_repeat","CHG","exp1","control","9",72.5,0
"dispersed_repeat","CHG","exp1","control","9",77.5,0
"dispersed_repeat","CHG","exp1","control","9",82.5,0
"dispersed_repeat","CHG","exp1","control","9",87.5,0
"dispersed_repeat","CHG","exp1","control","9",92.5,0
"dispersed_repeat","CHG","exp1","control","9",97.5,0
"dispersed_repeat","CHG","exp1","acute","15",2.5,9323
"dispersed_repeat","CHG","exp1","acute","15",7.5,201
"dispersed_repeat","CHG","exp1","acute","15",12.5,15
"dispersed_repeat","CHG","exp1","acute","15",17.5,16
"dispersed_repeat","CHG","exp1","acute","15",22.5,3
"dispersed_repeat","CHG","exp1","acute","15",27.5,1
"dispersed_repeat","CHG","exp1","acute","15",32.5,0
"dispersed_repeat","CHG","exp1","acute","15",37.5,2
"dispersed_repeat","CHG","exp1","acute","15",42.5,0
"dispersed_repeat","CHG","exp1","acute","15",47.5,0
"dispersed_repeat","CHG","exp1","acute","15",52.5,0
"dispersed_repeat","CHG","exp1","acute","15",57.5,1
"dispersed_repeat","CHG","exp1","acute","15",62.5,0
"dispersed_repeat","CHG","exp1","acute","15",67.5,0
"dispersed_repeat","CHG","exp1","acute","15",72.5,0
"dispersed_repeat","CHG","exp1","acute","15",77.5,1
"dispersed_repeat","CHG","exp1","acute","15",82.5,0
"dispersed_repeat","CHG","exp1","acute","15",87.5,0
"dispersed_repeat","CHG","exp1","acute","15",92.5,0
"dispersed_repeat","CHG","exp1","acute","15",97.5,0
"dispersed_repeat","CHG","exp1","acute","22",2.5,4947
"dispersed_repeat","CHG","exp1","acute","22",7.5,89
"dispersed_repeat","CHG","exp1","acute","22",12.5,2
"dispersed_repeat","CHG","exp1","acute","22",17.5,7
"dispersed_repeat","CHG","exp1","acute","22",22.5,2
"dispersed_repeat","CHG","exp1","acute","22",27.5,1
"dispersed_repeat","CHG","exp1","acute","22",32.5,0
"dispersed_repeat","CHG","exp1","acute","22",37.5,0
"dispersed_repeat","CHG","exp1","acute","22",42.5,0
"dispersed_repeat","CHG","exp1","acute","22",47.5,1
"dispersed_repeat","CHG","exp1","acute","22",52.5,0
"dispersed_repeat","CHG","exp1","acute","22",57.5,0
"dispersed_repeat","CHG","exp1","acute","22",62.5,0
"dispersed_repeat","CHG","exp1","acute","22",67.5,0
"dispersed_repeat","CHG","exp1","acute","22",72.5,0
"dispersed_repeat","CHG","exp1","acute","22",77.5,0
"dispersed_repeat","CHG","exp1","acute","22",82.5,0
"dispersed_repeat","CHG","exp1","acute","22",87.5,0
"dispersed_repeat","CHG","exp1","acute","22",92.5,0
"dispersed_repeat","CHG","exp1","acute","22",97.5,0
"dispersed_repeat","CHG","exp1","acute","27",2.5,4998
"dispersed_repeat","CHG","exp1","acute","27",7.5,83
"dispersed_repeat","CHG","exp1","acute","27",12.5,8
"dispersed_repeat","CHG","exp1","acute","27",17.5,8
"dispersed_repeat","CHG","exp1","acute","27",22.5,4
"dispersed_repeat","CHG","exp1","acute","27",27.5,3
"dispersed_repeat","CHG","exp1","acute","27",32.5,0
"dispersed_repeat","CHG","exp1","acute","27",37.5,0
"dispersed_repeat","CHG","exp1","acute","27",42.5,0
"dispersed_repeat","CHG","exp1","acute","27",47.5,2
"dispersed_repeat","CHG","exp1","acute","27",52.5,0
"dispersed_repeat","CHG","exp1","acute","27",57.5,0
"dispersed_repeat","CHG","exp1","acute","27",62.5,0
"dispersed_repeat","CHG","exp1","acute","27",67.5,0
"dispersed_repeat","CHG","exp1","acute","27",72.5,0
"dispersed_repeat","CHG","exp1","acute","27",77.5,0
"dispersed_repeat","CHG","exp1","acute","27",82.5,0
"dispersed_repeat","CHG","exp1","acute","27",87.5,0
"dispersed_repeat","CHG","exp1","acute","27",92.5,0
"dispersed_repeat","CHG","exp1","acute","27",97.5,0
"dispersed_repeat","CHG","exp2","naïve","10",2.5,5869
"dispersed_repeat","CHG","exp2","naïve","10",7.5,120
"dispersed_repeat","CHG","exp2","naïve","10",12.5,10
"dispersed_repeat","CHG","exp2","naïve","10",17.5,5
"dispersed_repeat","CHG","exp2","naïve","10",22.5,6
"dispersed_repeat","CHG","exp2","naïve","10",27.5,0
"dispersed_repeat","CHG","exp2","naïve","10",32.5,0
"dispersed_repeat","CHG","exp2","naïve","10",37.5,1
"dispersed_repeat","CHG","exp2","naïve","10",42.5,0
"dispersed_repeat","CHG","exp2","naïve","10",47.5,0
"dispersed_repeat","CHG","exp2","naïve","10",52.5,0
"dispersed_repeat","CHG","exp2","naïve","10",57.5,0
"dispersed_repeat","CHG","exp2","naïve","10",62.5,0
"dispersed_repeat","CHG","exp2","naïve","10",67.5,0
"dispersed_repeat","CHG","exp2","naïve","10",72.5,0
"dispersed_repeat","CHG","exp2","naïve","10",77.5,0
"dispersed_repeat","CHG","exp2","naïve","10",82.5,0
"dispersed_repeat","CHG","exp2","naïve","10",87.5,0
"dispersed_repeat","CHG","exp2","naïve","10",92.5,0
"dispersed_repeat","CHG","exp2","naïve","10",97.5,0
"dispersed_repeat","CHG","exp2","naïve","11",2.5,7048
"dispersed_repeat","CHG","exp2","naïve","11",7.5,161
"dispersed_repeat","CHG","exp2","naïve","11",12.5,10
"dispersed_repeat","CHG","exp2","naïve","11",17.5,7
"dispersed_repeat","CHG","exp2","naïve","11",22.5,3
"dispersed_repeat","CHG","exp2","naïve","11",27.5,2
"dispersed_repeat","CHG","exp2","naïve","11",32.5,2
"dispersed_repeat","CHG","exp2","naïve","11",37.5,2
"dispersed_repeat","CHG","exp2","naïve","11",42.5,0
"dispersed_repeat","CHG","exp2","naïve","11",47.5,1
"dispersed_repeat","CHG","exp2","naïve","11",52.5,0
"dispersed_repeat","CHG","exp2","naïve","11",57.5,0
"dispersed_repeat","CHG","exp2","naïve","11",62.5,0
"dispersed_repeat","CHG","exp2","naïve","11",67.5,0
"dispersed_repeat","CHG","exp2","naïve","11",72.5,0
"dispersed_repeat","CHG","exp2","naïve","11",77.5,0
"dispersed_repeat","CHG","exp2","naïve","11",82.5,0
"dispersed_repeat","CHG","exp2","naïve","11",87.5,0
"dispersed_repeat","CHG","exp2","naïve","11",92.5,0
"dispersed_repeat","CHG","exp2","naïve","11",97.5,0
"dispersed_repeat","CHG","exp2","naïve","6",2.5,10064
"dispersed_repeat","CHG","exp2","naïve","6",7.5,196
"dispersed_repeat","CHG","exp2","naïve","6",12.5,14
"dispersed_repeat","CHG","exp2","naïve","6",17.5,13
"dispersed_repeat","CHG","exp2","naïve","6",22.5,1
"dispersed_repeat","CHG","exp2","naïve","6",27.5,0
"dispersed_repeat","CHG","exp2","naïve","6",32.5,0
"dispersed_repeat","CHG","exp2","naïve","6",37.5,2
"dispersed_repeat","CHG","exp2","naïve","6",42.5,0
"dispersed_repeat","CHG","exp2","naïve","6",47.5,3
"dispersed_repeat","CHG","exp2","naïve","6",52.5,0
"dispersed_repeat","CHG","exp2","naïve","6",57.5,1
"dispersed_repeat","CHG","exp2","naïve","6",62.5,0
"dispersed_repeat","CHG","exp2","naïve","6",67.5,0
"dispersed_repeat","CHG","exp2","naïve","6",72.5,0
"dispersed_repeat","CHG","exp2","naïve","6",77.5,0
"dispersed_repeat","CHG","exp2","naïve","6",82.5,0
"dispersed_repeat","CHG","exp2","naïve","6",87.5,0
"dispersed_repeat","CHG","exp2","naïve","6",92.5,0
"dispersed_repeat","CHG","exp2","naïve","6",97.5,0
"dispersed_repeat","CHG","exp2","naïve","7",2.5,15520
"dispersed_repeat","CHG","exp2","naïve","7",7.5,250
"dispersed_repeat","CHG","exp2","naïve","7",12.5,22
"dispersed_repeat","CHG","exp2","naïve","7",17.5,28
"dispersed_repeat","CHG","exp2","naïve","7",22.5,6
"dispersed_repeat","CHG","exp2","naïve","7",27.5,4
"dispersed_repeat","CHG","exp2","naïve","7",32.5,1
"dispersed_repeat","CHG","exp2","naïve","7",37.5,1
"dispersed_repeat","CHG","exp2","naïve","7",42.5,2
"dispersed_repeat","CHG","exp2","naïve","7",47.5,1
"dispersed_repeat","CHG","exp2","naïve","7",52.5,0
"dispersed_repeat","CHG","exp2","naïve","7",57.5,0
"dispersed_repeat","CHG","exp2","naïve","7",62.5,0
"dispersed_repeat","CHG","exp2","naïve","7",67.5,0
"dispersed_repeat","CHG","exp2","naïve","7",72.5,0
"dispersed_repeat","CHG","exp2","naïve","7",77.5,0
"dispersed_repeat","CHG","exp2","naïve","7",82.5,0
"dispersed_repeat","CHG","exp2","naïve","7",87.5,0
"dispersed_repeat","CHG","exp2","naïve","7",92.5,0
"dispersed_repeat","CHG","exp2","naïve","7",97.5,0
"dispersed_repeat","CHG","exp2","primed","14",2.5,6363
"dispersed_repeat","CHG","exp2","primed","14",7.5,116
"dispersed_repeat","CHG","exp2","primed","14",12.5,14
"dispersed_repeat","CHG","exp2","primed","14",17.5,10
"dispersed_repeat","CHG","exp2","primed","14",22.5,0
"dispersed_repeat","CHG","exp2","primed","14",27.5,4
"dispersed_repeat","CHG","exp2","primed","14",32.5,0
"dispersed_repeat","CHG","exp2","primed","14",37.5,0
"dispersed_repeat","CHG","exp2","primed","14",42.5,0
"dispersed_repeat","CHG","exp2","primed","14",47.5,1
"dispersed_repeat","CHG","exp2","primed","14",52.5,0
"dispersed_repeat","CHG","exp2","primed","14",57.5,0
"dispersed_repeat","CHG","exp2","primed","14",62.5,0
"dispersed_repeat","CHG","exp2","primed","14",67.5,0
"dispersed_repeat","CHG","exp2","primed","14",72.5,0
"dispersed_repeat","CHG","exp2","primed","14",77.5,0
"dispersed_repeat","CHG","exp2","primed","14",82.5,0
"dispersed_repeat","CHG","exp2","primed","14",87.5,0
"dispersed_repeat","CHG","exp2","primed","14",92.5,0
"dispersed_repeat","CHG","exp2","primed","14",97.5,0
"dispersed_repeat","CHG","exp2","primed","2",2.5,11324
"dispersed_repeat","CHG","exp2","primed","2",7.5,311
"dispersed_repeat","CHG","exp2","primed","2",12.5,20
"dispersed_repeat","CHG","exp2","primed","2",17.5,21
"dispersed_repeat","CHG","exp2","primed","2",22.5,4
"dispersed_repeat","CHG","exp2","primed","2",27.5,8
"dispersed_repeat","CHG","exp2","primed","2",32.5,1
"dispersed_repeat","CHG","exp2","primed","2",37.5,3
"dispersed_repeat","CHG","exp2","primed","2",42.5,1
"dispersed_repeat","CHG","exp2","primed","2",47.5,3
"dispersed_repeat","CHG","exp2","primed","2",52.5,0
"dispersed_repeat","CHG","exp2","primed","2",57.5,2
"dispersed_repeat","CHG","exp2","primed","2",62.5,0
"dispersed_repeat","CHG","exp2","primed","2",67.5,2
"dispersed_repeat","CHG","exp2","primed","2",72.5,0
"dispersed_repeat","CHG","exp2","primed","2",77.5,0
"dispersed_repeat","CHG","exp2","primed","2",82.5,0
"dispersed_repeat","CHG","exp2","primed","2",87.5,2
"dispersed_repeat","CHG","exp2","primed","2",92.5,0
"dispersed_repeat","CHG","exp2","primed","2",97.5,0
"dispersed_repeat","CHG","exp2","primed","20",2.5,4451
"dispersed_repeat","CHG","exp2","primed","20",7.5,86
"dispersed_repeat","CHG","exp2","primed","20",12.5,9
"dispersed_repeat","CHG","exp2","primed","20",17.5,4
"dispersed_repeat","CHG","exp2","primed","20",22.5,3
"dispersed_repeat","CHG","exp2","primed","20",27.5,1
"dispersed_repeat","CHG","exp2","primed","20",32.5,0
"dispersed_repeat","CHG","exp2","primed","20",37.5,2
"dispersed_repeat","CHG","exp2","primed","20",42.5,0
"dispersed_repeat","CHG","exp2","primed","20",47.5,1
"dispersed_repeat","CHG","exp2","primed","20",52.5,0
"dispersed_repeat","CHG","exp2","primed","20",57.5,1
"dispersed_repeat","CHG","exp2","primed","20",62.5,0
"dispersed_repeat","CHG","exp2","primed","20",67.5,1
"dispersed_repeat","CHG","exp2","primed","20",72.5,0
"dispersed_repeat","CHG","exp2","primed","20",77.5,0
"dispersed_repeat","CHG","exp2","primed","20",82.5,0
"dispersed_repeat","CHG","exp2","primed","20",87.5,0
"dispersed_repeat","CHG","exp2","primed","20",92.5,0
"dispersed_repeat","CHG","exp2","primed","20",97.5,0
"dispersed_repeat","CHG","exp2","primed","21",2.5,5201
"dispersed_repeat","CHG","exp2","primed","21",7.5,106
"dispersed_repeat","CHG","exp2","primed","21",12.5,8
"dispersed_repeat","CHG","exp2","primed","21",17.5,7
"dispersed_repeat","CHG","exp2","primed","21",22.5,1
"dispersed_repeat","CHG","exp2","primed","21",27.5,0
"dispersed_repeat","CHG","exp2","primed","21",32.5,0
"dispersed_repeat","CHG","exp2","primed","21",37.5,0
"dispersed_repeat","CHG","exp2","primed","21",42.5,0
"dispersed_repeat","CHG","exp2","primed","21",47.5,0
"dispersed_repeat","CHG","exp2","primed","21",52.5,2
"dispersed_repeat","CHG","exp2","primed","21",57.5,0
"dispersed_repeat","CHG","exp2","primed","21",62.5,0
"dispersed_repeat","CHG","exp2","primed","21",67.5,0
"dispersed_repeat","CHG","exp2","primed","21",72.5,0
"dispersed_repeat","CHG","exp2","primed","21",77.5,0
"dispersed_repeat","CHG","exp2","primed","21",82.5,0
"dispersed_repeat","CHG","exp2","primed","21",87.5,0
"dispersed_repeat","CHG","exp2","primed","21",92.5,0
"dispersed_repeat","CHG","exp2","primed","21",97.5,0
"dispersed_repeat","CHH","exp1","control","13",2.5,15389
"dispersed_repeat","CHH","exp1","control","13",7.5,355
"dispersed_repeat","CHH","exp1","control","13",12.5,32
"dispersed_repeat","CHH","exp1","control","13",17.5,27
"dispersed_repeat","CHH","exp1","control","13",22.5,2
"dispersed_repeat","CHH","exp1","control","13",27.5,3
"dispersed_repeat","CHH","exp1","control","13",32.5,0
"dispersed_repeat","CHH","exp1","control","13",37.5,1
"dispersed_repeat","CHH","exp1","control","13",42.5,0
"dispersed_repeat","CHH","exp1","control","13",47.5,3
"dispersed_repeat","CHH","exp1","control","13",52.5,0
"dispersed_repeat","CHH","exp1","control","13",57.5,0
"dispersed_repeat","CHH","exp1","control","13",62.5,0
"dispersed_repeat","CHH","exp1","control","13",67.5,0
"dispersed_repeat","CHH","exp1","control","13",72.5,0
"dispersed_repeat","CHH","exp1","control","13",77.5,0
"dispersed_repeat","CHH","exp1","control","13",82.5,0
"dispersed_repeat","CHH","exp1","control","13",87.5,0
"dispersed_repeat","CHH","exp1","control","13",92.5,0
"dispersed_repeat","CHH","exp1","control","13",97.5,1
"dispersed_repeat","CHH","exp1","control","16",2.5,9988
"dispersed_repeat","CHH","exp1","control","16",7.5,202
"dispersed_repeat","CHH","exp1","control","16",12.5,17
"dispersed_repeat","CHH","exp1","control","16",17.5,12
"dispersed_repeat","CHH","exp1","control","16",22.5,3
"dispersed_repeat","CHH","exp1","control","16",27.5,0
"dispersed_repeat","CHH","exp1","control","16",32.5,1
"dispersed_repeat","CHH","exp1","control","16",37.5,4
"dispersed_repeat","CHH","exp1","control","16",42.5,0
"dispersed_repeat","CHH","exp1","control","16",47.5,0
"dispersed_repeat","CHH","exp1","control","16",52.5,0
"dispersed_repeat","CHH","exp1","control","16",57.5,1
"dispersed_repeat","CHH","exp1","control","16",62.5,0
"dispersed_repeat","CHH","exp1","control","16",67.5,0
"dispersed_repeat","CHH","exp1","control","16",72.5,0
"dispersed_repeat","CHH","exp1","control","16",77.5,0
"dispersed_repeat","CHH","exp1","control","16",82.5,0
"dispersed_repeat","CHH","exp1","control","16",87.5,0
"dispersed_repeat","CHH","exp1","control","16",92.5,0
"dispersed_repeat","CHH","exp1","control","16",97.5,0
"dispersed_repeat","CHH","exp1","control","9",2.5,14978
"dispersed_repeat","CHH","exp1","control","9",7.5,273
"dispersed_repeat","CHH","exp1","control","9",12.5,17
"dispersed_repeat","CHH","exp1","control","9",17.5,19
"dispersed_repeat","CHH","exp1","control","9",22.5,4
"dispersed_repeat","CHH","exp1","control","9",27.5,0
"dispersed_repeat","CHH","exp1","control","9",32.5,2
"dispersed_repeat","CHH","exp1","control","9",37.5,1
"dispersed_repeat","CHH","exp1","control","9",42.5,1
"dispersed_repeat","CHH","exp1","control","9",47.5,2
"dispersed_repeat","CHH","exp1","control","9",52.5,0
"dispersed_repeat","CHH","exp1","control","9",57.5,1
"dispersed_repeat","CHH","exp1","control","9",62.5,0
"dispersed_repeat","CHH","exp1","control","9",67.5,0
"dispersed_repeat","CHH","exp1","control","9",72.5,0
"dispersed_repeat","CHH","exp1","control","9",77.5,0
"dispersed_repeat","CHH","exp1","control","9",82.5,0
"dispersed_repeat","CHH","exp1","control","9",87.5,0
"dispersed_repeat","CHH","exp1","control","9",92.5,0
"dispersed_repeat","CHH","exp1","control","9",97.5,0
"dispersed_repeat","CHH","exp1","acute","15",2.5,12404
"dispersed_repeat","CHH","exp1","acute","15",7.5,267
"dispersed_repeat","CHH","exp1","acute","15",12.5,25
"dispersed_repeat","CHH","exp1","acute","15",17.5,18
"dispersed_repeat","CHH","exp1","acute","15",22.5,3
"dispersed_repeat","CHH","exp1","acute","15",27.5,4
"dispersed_repeat","CHH","exp1","acute","15",32.5,3
"dispersed_repeat","CHH","exp1","acute","15",37.5,1
"dispersed_repeat","CHH","exp1","acute","15",42.5,1
"dispersed_repeat","CHH","exp1","acute","15",47.5,0
"dispersed_repeat","CHH","exp1","acute","15",52.5,0
"dispersed_repeat","CHH","exp1","acute","15",57.5,0
"dispersed_repeat","CHH","exp1","acute","15",62.5,0
"dispersed_repeat","CHH","exp1","acute","15",67.5,0
"dispersed_repeat","CHH","exp1","acute","15",72.5,0
"dispersed_repeat","CHH","exp1","acute","15",77.5,1
"dispersed_repeat","CHH","exp1","acute","15",82.5,0
"dispersed_repeat","CHH","exp1","acute","15",87.5,0
"dispersed_repeat","CHH","exp1","acute","15",92.5,0
"dispersed_repeat","CHH","exp1","acute","15",97.5,0
"dispersed_repeat","CHH","exp1","acute","22",2.5,6659
"dispersed_repeat","CHH","exp1","acute","22",7.5,104
"dispersed_repeat","CHH","exp1","acute","22",12.5,9
"dispersed_repeat","CHH","exp1","acute","22",17.5,8
"dispersed_repeat","CHH","exp1","acute","22",22.5,0
"dispersed_repeat","CHH","exp1","acute","22",27.5,1
"dispersed_repeat","CHH","exp1","acute","22",32.5,0
"dispersed_repeat","CHH","exp1","acute","22",37.5,1
"dispersed_repeat","CHH","exp1","acute","22",42.5,0
"dispersed_repeat","CHH","exp1","acute","22",47.5,0
"dispersed_repeat","CHH","exp1","acute","22",52.5,0
"dispersed_repeat","CHH","exp1","acute","22",57.5,0
"dispersed_repeat","CHH","exp1","acute","22",62.5,0
"dispersed_repeat","CHH","exp1","acute","22",67.5,1
"dispersed_repeat","CHH","exp1","acute","22",72.5,0
"dispersed_repeat","CHH","exp1","acute","22",77.5,0
"dispersed_repeat","CHH","exp1","acute","22",82.5,0
"dispersed_repeat","CHH","exp1","acute","22",87.5,0
"dispersed_repeat","CHH","exp1","acute","22",92.5,0
"dispersed_repeat","CHH","exp1","acute","22",97.5,0
"dispersed_repeat","CHH","exp1","acute","27",2.5,6768
"dispersed_repeat","CHH","exp1","acute","27",7.5,133
"dispersed_repeat","CHH","exp1","acute","27",12.5,13
"dispersed_repeat","CHH","exp1","acute","27",17.5,10
"dispersed_repeat","CHH","exp1","acute","27",22.5,3
"dispersed_repeat","CHH","exp1","acute","27",27.5,0
"dispersed_repeat","CHH","exp1","acute","27",32.5,0
"dispersed_repeat","CHH","exp1","acute","27",37.5,0
"dispersed_repeat","CHH","exp1","acute","27",42.5,2
"dispersed_repeat","CHH","exp1","acute","27",47.5,0
"dispersed_repeat","CHH","exp1","acute","27",52.5,0
"dispersed_repeat","CHH","exp1","acute","27",57.5,0
"dispersed_repeat","CHH","exp1","acute","27",62.5,0
"dispersed_repeat","CHH","exp1","acute","27",67.5,0
"dispersed_repeat","CHH","exp1","acute","27",72.5,0
"dispersed_repeat","CHH","exp1","acute","27",77.5,0
"dispersed_repeat","CHH","exp1","acute","27",82.5,0
"dispersed_repeat","CHH","exp1","acute","27",87.5,0
"dispersed_repeat","CHH","exp1","acute","27",92.5,0
"dispersed_repeat","CHH","exp1","acute","27",97.5,0
"dispersed_repeat","CHH","exp2","naïve","10",2.5,7633
"dispersed_repeat","CHH","exp2","naïve","10",7.5,174
"dispersed_repeat","CHH","exp2","naïve","10",12.5,10
"dispersed_repeat","CHH","exp2","naïve","10",17.5,11
"dispersed_repeat","CHH","exp2","naïve","10",22.5,2
"dispersed_repeat","CHH","exp2","naïve","10",27.5,0
"dispersed_repeat","CHH","exp2","naïve","10",32.5,0
"dispersed_repeat","CHH","exp2","naïve","10",37.5,1
"dispersed_repeat","CHH","exp2","naïve","10",42.5,0
"dispersed_repeat","CHH","exp2","naïve","10",47.5,0
"dispersed_repeat","CHH","exp2","naïve","10",52.5,0
"dispersed_repeat","CHH","exp2","naïve","10",57.5,0
"dispersed_repeat","CHH","exp2","naïve","10",62.5,0
"dispersed_repeat","CHH","exp2","naïve","10",67.5,0
"dispersed_repeat","CHH","exp2","naïve","10",72.5,0
"dispersed_repeat","CHH","exp2","naïve","10",77.5,0
"dispersed_repeat","CHH","exp2","naïve","10",82.5,0
"dispersed_repeat","CHH","exp2","naïve","10",87.5,0
"dispersed_repeat","CHH","exp2","naïve","10",92.5,0
"dispersed_repeat","CHH","exp2","naïve","10",97.5,0
"dispersed_repeat","CHH","exp2","naïve","11",2.5,9363
"dispersed_repeat","CHH","exp2","naïve","11",7.5,214
"dispersed_repeat","CHH","exp2","naïve","11",12.5,16
"dispersed_repeat","CHH","exp2","naïve","11",17.5,4
"dispersed_repeat","CHH","exp2","naïve","11",22.5,5
"dispersed_repeat","CHH","exp2","naïve","11",27.5,2
"dispersed_repeat","CHH","exp2","naïve","11",32.5,0
"dispersed_repeat","CHH","exp2","naïve","11",37.5,0
"dispersed_repeat","CHH","exp2","naïve","11",42.5,0
"dispersed_repeat","CHH","exp2","naïve","11",47.5,1
"dispersed_repeat","CHH","exp2","naïve","11",52.5,0
"dispersed_repeat","CHH","exp2","naïve","11",57.5,0
"dispersed_repeat","CHH","exp2","naïve","11",62.5,0
"dispersed_repeat","CHH","exp2","naïve","11",67.5,0
"dispersed_repeat","CHH","exp2","naïve","11",72.5,0
"dispersed_repeat","CHH","exp2","naïve","11",77.5,0
"dispersed_repeat","CHH","exp2","naïve","11",82.5,0
"dispersed_repeat","CHH","exp2","naïve","11",87.5,0
"dispersed_repeat","CHH","exp2","naïve","11",92.5,0
"dispersed_repeat","CHH","exp2","naïve","11",97.5,0
"dispersed_repeat","CHH","exp2","naïve","6",2.5,13530
"dispersed_repeat","CHH","exp2","naïve","6",7.5,268
"dispersed_repeat","CHH","exp2","naïve","6",12.5,18
"dispersed_repeat","CHH","exp2","naïve","6",17.5,16
"dispersed_repeat","CHH","exp2","naïve","6",22.5,1
"dispersed_repeat","CHH","exp2","naïve","6",27.5,0
"dispersed_repeat","CHH","exp2","naïve","6",32.5,0
"dispersed_repeat","CHH","exp2","naïve","6",37.5,4
"dispersed_repeat","CHH","exp2","naïve","6",42.5,0
"dispersed_repeat","CHH","exp2","naïve","6",47.5,1
"dispersed_repeat","CHH","exp2","naïve","6",52.5,0
"dispersed_repeat","CHH","exp2","naïve","6",57.5,0
"dispersed_repeat","CHH","exp2","naïve","6",62.5,1
"dispersed_repeat","CHH","exp2","naïve","6",67.5,0
"dispersed_repeat","CHH","exp2","naïve","6",72.5,0
"dispersed_repeat","CHH","exp2","naïve","6",77.5,0
"dispersed_repeat","CHH","exp2","naïve","6",82.5,0
"dispersed_repeat","CHH","exp2","naïve","6",87.5,0
"dispersed_repeat","CHH","exp2","naïve","6",92.5,0
"dispersed_repeat","CHH","exp2","naïve","6",97.5,0
"dispersed_repeat","CHH","exp2","naïve","7",2.5,21121
"dispersed_repeat","CHH","exp2","naïve","7",7.5,379
"dispersed_repeat","CHH","exp2","naïve","7",12.5,26
"dispersed_repeat","CHH","exp2","naïve","7",17.5,29
"dispersed_repeat","CHH","exp2","naïve","7",22.5,6
"dispersed_repeat","CHH","exp2","naïve","7",27.5,5
"dispersed_repeat","CHH","exp2","naïve","7",32.5,1
"dispersed_repeat","CHH","exp2","naïve","7",37.5,0
"dispersed_repeat","CHH","exp2","naïve","7",42.5,0
"dispersed_repeat","CHH","exp2","naïve","7",47.5,1
"dispersed_repeat","CHH","exp2","naïve","7",52.5,2
"dispersed_repeat","CHH","exp2","naïve","7",57.5,0
"dispersed_repeat","CHH","exp2","naïve","7",62.5,0
"dispersed_repeat","CHH","exp2","naïve","7",67.5,0
"dispersed_repeat","CHH","exp2","naïve","7",72.5,0
"dispersed_repeat","CHH","exp2","naïve","7",77.5,0
"dispersed_repeat","CHH","exp2","naïve","7",82.5,0
"dispersed_repeat","CHH","exp2","naïve","7",87.5,0
"dispersed_repeat","CHH","exp2","naïve","7",92.5,0
"dispersed_repeat","CHH","exp2","naïve","7",97.5,0
"dispersed_repeat","CHH","exp2","primed","14",2.5,8569
"dispersed_repeat","CHH","exp2","primed","14",7.5,186
"dispersed_repeat","CHH","exp2","primed","14",12.5,15
"dispersed_repeat","CHH","exp2","primed","14",17.5,12
"dispersed_repeat","CHH","exp2","primed","14",22.5,1
"dispersed_repeat","CHH","exp2","primed","14",27.5,4
"dispersed_repeat","CHH","exp2","primed","14",32.5,2
"dispersed_repeat","CHH","exp2","primed","14",37.5,1
"dispersed_repeat","CHH","exp2","primed","14",42.5,0
"dispersed_repeat","CHH","exp2","primed","14",47.5,3
"dispersed_repeat","CHH","exp2","primed","14",52.5,2
"dispersed_repeat","CHH","exp2","primed","14",57.5,0
"dispersed_repeat","CHH","exp2","primed","14",62.5,0
"dispersed_repeat","CHH","exp2","primed","14",67.5,0
"dispersed_repeat","CHH","exp2","primed","14",72.5,0
"dispersed_repeat","CHH","exp2","primed","14",77.5,0
"dispersed_repeat","CHH","exp2","primed","14",82.5,0
"dispersed_repeat","CHH","exp2","primed","14",87.5,0
"dispersed_repeat","CHH","exp2","primed","14",92.5,0
"dispersed_repeat","CHH","exp2","primed","14",97.5,0
"dispersed_repeat","CHH","exp2","primed","2",2.5,15485
"dispersed_repeat","CHH","exp2","primed","2",7.5,407
"dispersed_repeat","CHH","exp2","primed","2",12.5,42
"dispersed_repeat","CHH","exp2","primed","2",17.5,26
"dispersed_repeat","CHH","exp2","primed","2",22.5,3
"dispersed_repeat","CHH","exp2","primed","2",27.5,10
"dispersed_repeat","CHH","exp2","primed","2",32.5,3
"dispersed_repeat","CHH","exp2","primed","2",37.5,11
"dispersed_repeat","CHH","exp2","primed","2",42.5,0
"dispersed_repeat","CHH","exp2","primed","2",47.5,2
"dispersed_repeat","CHH","exp2","primed","2",52.5,0
"dispersed_repeat","CHH","exp2","primed","2",57.5,0
"dispersed_repeat","CHH","exp2","primed","2",62.5,0
"dispersed_repeat","CHH","exp2","primed","2",67.5,1
"dispersed_repeat","CHH","exp2","primed","2",72.5,0
"dispersed_repeat","CHH","exp2","primed","2",77.5,0
"dispersed_repeat","CHH","exp2","primed","2",82.5,0
"dispersed_repeat","CHH","exp2","primed","2",87.5,0
"dispersed_repeat","CHH","exp2","primed","2",92.5,0
"dispersed_repeat","CHH","exp2","primed","2",97.5,0
"dispersed_repeat","CHH","exp2","primed","20",2.5,6080
"dispersed_repeat","CHH","exp2","primed","20",7.5,149
"dispersed_repeat","CHH","exp2","primed","20",12.5,14
"dispersed_repeat","CHH","exp2","primed","20",17.5,12
"dispersed_repeat","CHH","exp2","primed","20",22.5,4
"dispersed_repeat","CHH","exp2","primed","20",27.5,1
"dispersed_repeat","CHH","exp2","primed","20",32.5,1
"dispersed_repeat","CHH","exp2","primed","20",37.5,2
"dispersed_repeat","CHH","exp2","primed","20",42.5,0
"dispersed_repeat","CHH","exp2","primed","20",47.5,0
"dispersed_repeat","CHH","exp2","primed","20",52.5,0
"dispersed_repeat","CHH","exp2","primed","20",57.5,0
"dispersed_repeat","CHH","exp2","primed","20",62.5,0
"dispersed_repeat","CHH","exp2","primed","20",67.5,1
"dispersed_repeat","CHH","exp2","primed","20",72.5,0
"dispersed_repeat","CHH","exp2","primed","20",77.5,0
"dispersed_repeat","CHH","exp2","primed","20",82.5,0
"dispersed_repeat","CHH","exp2","primed","20",87.5,0
"dispersed_repeat","CHH","exp2","primed","20",92.5,0
"dispersed_repeat","CHH","exp2","primed","20",97.5,0
"dispersed_repeat","CHH","exp2","primed","21",2.5,7094
"dispersed_repeat","CHH","exp2","primed","21",7.5,165
"dispersed_repeat","CHH","exp2","primed","21",12.5,6
"dispersed_repeat","CHH","exp2","primed","21",17.5,11
"dispersed_repeat","CHH","exp2","primed","21",22.5,4
"dispersed_repeat","CHH","exp2","primed","21",27.5,0
"dispersed_repeat","CHH","exp2","primed","21",32.5,0
"dispersed_repeat","CHH","exp2","primed","21",37.5,1
"dispersed_repeat","CHH","exp2","primed","21",42.5,0
"dispersed_repeat","CHH","exp2","primed","21",47.5,1
"dispersed_repeat","CHH","exp2","primed","21",52.5,0
"dispersed_repeat","CHH","exp2","primed","21",57.5,0
"dispersed_repeat","CHH","exp2","primed","21",62.5,0
"dispersed_repeat","CHH","exp2","primed","21",67.5,0
"dispersed_repeat","CHH","exp2","primed","21",72.5,0
"dispersed_repeat","CHH","exp2","primed","21",77.5,0
"dispersed_repeat","CHH","exp2","primed","21",82.5,0
"dispersed_repeat","CHH","exp2","primed","21",87.5,0
"dispersed_repeat","CHH","exp2","primed","21",92.5,0
"dispersed_repeat","CHH","exp2","primed","21",97.5,0
"downstream_region","CpG","exp1","control","13",2.5,1561
"downstream_region","CpG","exp1","control","13",7.5,76
"downstream_region","CpG","exp1","control","13",12.5,18
"downstream_region","CpG","exp1","control","13",17.5,28
"downstream_region","CpG","exp1","control","13",22.5,17
"downstream_region","CpG","exp1","control","13",27.5,19
"downstream_region","CpG","exp1","control","13",32.5,10
"downstream_region","CpG","exp1","control","13",37.5,12
"downstream_region","CpG","exp1","control","13",42.5,10
"downstream_region","CpG","exp1","control","13",47.5,15
"downstream_region","CpG","exp1","control","13",52.5,4
"downstream_region","CpG","exp1","control","13",57.5,9
"downstream_region","CpG","exp1","control","13",62.5,3
"downstream_region","CpG","exp1","control","13",67.5,12
"downstream_region","CpG","exp1","control","13",72.5,11
"downstream_region","CpG","exp1","control","13",77.5,15
"downstream_region","CpG","exp1","control","13",82.5,9
"downstream_region","CpG","exp1","control","13",87.5,10
"downstream_region","CpG","exp1","control","13",92.5,1
"downstream_region","CpG","exp1","control","13",97.5,26
"downstream_region","CpG","exp1","control","16",2.5,1023
"downstream_region","CpG","exp1","control","16",7.5,39
"downstream_region","CpG","exp1","control","16",12.5,15
"downstream_region","CpG","exp1","control","16",17.5,23
"downstream_region","CpG","exp1","control","16",22.5,8
"downstream_region","CpG","exp1","control","16",27.5,11
"downstream_region","CpG","exp1","control","16",32.5,6
"downstream_region","CpG","exp1","control","16",37.5,9
"downstream_region","CpG","exp1","control","16",42.5,8
"downstream_region","CpG","exp1","control","16",47.5,11
"downstream_region","CpG","exp1","control","16",52.5,3
"downstream_region","CpG","exp1","control","16",57.5,12
"downstream_region","CpG","exp1","control","16",62.5,2
"downstream_region","CpG","exp1","control","16",67.5,7
"downstream_region","CpG","exp1","control","16",72.5,3
"downstream_region","CpG","exp1","control","16",77.5,7
"downstream_region","CpG","exp1","control","16",82.5,3
"downstream_region","CpG","exp1","control","16",87.5,5
"downstream_region","CpG","exp1","control","16",92.5,7
"downstream_region","CpG","exp1","control","16",97.5,18
"downstream_region","CpG","exp1","control","9",2.5,1519
"downstream_region","CpG","exp1","control","9",7.5,58
"downstream_region","CpG","exp1","control","9",12.5,12
"downstream_region","CpG","exp1","control","9",17.5,27
"downstream_region","CpG","exp1","control","9",22.5,15
"downstream_region","CpG","exp1","control","9",27.5,19
"downstream_region","CpG","exp1","control","9",32.5,4
"downstream_region","CpG","exp1","control","9",37.5,16
"downstream_region","CpG","exp1","control","9",42.5,10
"downstream_region","CpG","exp1","control","9",47.5,18
"downstream_region","CpG","exp1","control","9",52.5,12
"downstream_region","CpG","exp1","control","9",57.5,7
"downstream_region","CpG","exp1","control","9",62.5,3
"downstream_region","CpG","exp1","control","9",67.5,8
"downstream_region","CpG","exp1","control","9",72.5,4
"downstream_region","CpG","exp1","control","9",77.5,14
"downstream_region","CpG","exp1","control","9",82.5,2
"downstream_region","CpG","exp1","control","9",87.5,16
"downstream_region","CpG","exp1","control","9",92.5,5
"downstream_region","CpG","exp1","control","9",97.5,32
"downstream_region","CpG","exp1","acute","15",2.5,1307
"downstream_region","CpG","exp1","acute","15",7.5,50
"downstream_region","CpG","exp1","acute","15",12.5,14
"downstream_region","CpG","exp1","acute","15",17.5,22
"downstream_region","CpG","exp1","acute","15",22.5,17
"downstream_region","CpG","exp1","acute","15",27.5,21
"downstream_region","CpG","exp1","acute","15",32.5,7
"downstream_region","CpG","exp1","acute","15",37.5,11
"downstream_region","CpG","exp1","acute","15",42.5,10
"downstream_region","CpG","exp1","acute","15",47.5,14
"downstream_region","CpG","exp1","acute","15",52.5,5
"downstream_region","CpG","exp1","acute","15",57.5,8
"downstream_region","CpG","exp1","acute","15",62.5,8
"downstream_region","CpG","exp1","acute","15",67.5,10
"downstream_region","CpG","exp1","acute","15",72.5,2
"downstream_region","CpG","exp1","acute","15",77.5,1
"downstream_region","CpG","exp1","acute","15",82.5,7
"downstream_region","CpG","exp1","acute","15",87.5,12
"downstream_region","CpG","exp1","acute","15",92.5,4
"downstream_region","CpG","exp1","acute","15",97.5,22
"downstream_region","CpG","exp1","acute","22",2.5,611
"downstream_region","CpG","exp1","acute","22",7.5,38
"downstream_region","CpG","exp1","acute","22",12.5,9
"downstream_region","CpG","exp1","acute","22",17.5,12
"downstream_region","CpG","exp1","acute","22",22.5,8
"downstream_region","CpG","exp1","acute","22",27.5,9
"downstream_region","CpG","exp1","acute","22",32.5,6
"downstream_region","CpG","exp1","acute","22",37.5,12
"downstream_region","CpG","exp1","acute","22",42.5,3
"downstream_region","CpG","exp1","acute","22",47.5,9
"downstream_region","CpG","exp1","acute","22",52.5,3
"downstream_region","CpG","exp1","acute","22",57.5,7
"downstream_region","CpG","exp1","acute","22",62.5,4
"downstream_region","CpG","exp1","acute","22",67.5,0
"downstream_region","CpG","exp1","acute","22",72.5,3
"downstream_region","CpG","exp1","acute","22",77.5,3
"downstream_region","CpG","exp1","acute","22",82.5,2
"downstream_region","CpG","exp1","acute","22",87.5,5
"downstream_region","CpG","exp1","acute","22",92.5,4
"downstream_region","CpG","exp1","acute","22",97.5,4
"downstream_region","CpG","exp1","acute","27",2.5,634
"downstream_region","CpG","exp1","acute","27",7.5,46
"downstream_region","CpG","exp1","acute","27",12.5,9
"downstream_region","CpG","exp1","acute","27",17.5,13
"downstream_region","CpG","exp1","acute","27",22.5,10
"downstream_region","CpG","exp1","acute","27",27.5,5
"downstream_region","CpG","exp1","acute","27",32.5,10
"downstream_region","CpG","exp1","acute","27",37.5,9
"downstream_region","CpG","exp1","acute","27",42.5,3
"downstream_region","CpG","exp1","acute","27",47.5,5
"downstream_region","CpG","exp1","acute","27",52.5,2
"downstream_region","CpG","exp1","acute","27",57.5,7
"downstream_region","CpG","exp1","acute","27",62.5,2
"downstream_region","CpG","exp1","acute","27",67.5,0
"downstream_region","CpG","exp1","acute","27",72.5,3
"downstream_region","CpG","exp1","acute","27",77.5,10
"downstream_region","CpG","exp1","acute","27",82.5,0
"downstream_region","CpG","exp1","acute","27",87.5,3
"downstream_region","CpG","exp1","acute","27",92.5,3
"downstream_region","CpG","exp1","acute","27",97.5,6
"downstream_region","CpG","exp2","naïve","10",2.5,730
"downstream_region","CpG","exp2","naïve","10",7.5,36
"downstream_region","CpG","exp2","naïve","10",12.5,7
"downstream_region","CpG","exp2","naïve","10",17.5,16
"downstream_region","CpG","exp2","naïve","10",22.5,6
"downstream_region","CpG","exp2","naïve","10",27.5,15
"downstream_region","CpG","exp2","naïve","10",32.5,7
"downstream_region","CpG","exp2","naïve","10",37.5,11
"downstream_region","CpG","exp2","naïve","10",42.5,2
"downstream_region","CpG","exp2","naïve","10",47.5,21
"downstream_region","CpG","exp2","naïve","10",52.5,4
"downstream_region","CpG","exp2","naïve","10",57.5,5
"downstream_region","CpG","exp2","naïve","10",62.5,5
"downstream_region","CpG","exp2","naïve","10",67.5,8
"downstream_region","CpG","exp2","naïve","10",72.5,5
"downstream_region","CpG","exp2","naïve","10",77.5,4
"downstream_region","CpG","exp2","naïve","10",82.5,3
"downstream_region","CpG","exp2","naïve","10",87.5,1
"downstream_region","CpG","exp2","naïve","10",92.5,4
"downstream_region","CpG","exp2","naïve","10",97.5,10
"downstream_region","CpG","exp2","naïve","11",2.5,930
"downstream_region","CpG","exp2","naïve","11",7.5,53
"downstream_region","CpG","exp2","naïve","11",12.5,21
"downstream_region","CpG","exp2","naïve","11",17.5,11
"downstream_region","CpG","exp2","naïve","11",22.5,16
"downstream_region","CpG","exp2","naïve","11",27.5,17
"downstream_region","CpG","exp2","naïve","11",32.5,8
"downstream_region","CpG","exp2","naïve","11",37.5,3
"downstream_region","CpG","exp2","naïve","11",42.5,12
"downstream_region","CpG","exp2","naïve","11",47.5,9
"downstream_region","CpG","exp2","naïve","11",52.5,2
"downstream_region","CpG","exp2","naïve","11",57.5,3
"downstream_region","CpG","exp2","naïve","11",62.5,4
"downstream_region","CpG","exp2","naïve","11",67.5,10
"downstream_region","CpG","exp2","naïve","11",72.5,4
"downstream_region","CpG","exp2","naïve","11",77.5,7
"downstream_region","CpG","exp2","naïve","11",82.5,3
"downstream_region","CpG","exp2","naïve","11",87.5,5
"downstream_region","CpG","exp2","naïve","11",92.5,2
"downstream_region","CpG","exp2","naïve","11",97.5,12
"downstream_region","CpG","exp2","naïve","6",2.5,1373
"downstream_region","CpG","exp2","naïve","6",7.5,52
"downstream_region","CpG","exp2","naïve","6",12.5,12
"downstream_region","CpG","exp2","naïve","6",17.5,21
"downstream_region","CpG","exp2","naïve","6",22.5,15
"downstream_region","CpG","exp2","naïve","6",27.5,22
"downstream_region","CpG","exp2","naïve","6",32.5,15
"downstream_region","CpG","exp2","naïve","6",37.5,14
"downstream_region","CpG","exp2","naïve","6",42.5,4
"downstream_region","CpG","exp2","naïve","6",47.5,6
"downstream_region","CpG","exp2","naïve","6",52.5,10
"downstream_region","CpG","exp2","naïve","6",57.5,11
"downstream_region","CpG","exp2","naïve","6",62.5,2
"downstream_region","CpG","exp2","naïve","6",67.5,5
"downstream_region","CpG","exp2","naïve","6",72.5,9
"downstream_region","CpG","exp2","naïve","6",77.5,8
"downstream_region","CpG","exp2","naïve","6",82.5,7
"downstream_region","CpG","exp2","naïve","6",87.5,15
"downstream_region","CpG","exp2","naïve","6",92.5,1
"downstream_region","CpG","exp2","naïve","6",97.5,25
"downstream_region","CpG","exp2","naïve","7",2.5,2330
"downstream_region","CpG","exp2","naïve","7",7.5,74
"downstream_region","CpG","exp2","naïve","7",12.5,24
"downstream_region","CpG","exp2","naïve","7",17.5,34
"downstream_region","CpG","exp2","naïve","7",22.5,17
"downstream_region","CpG","exp2","naïve","7",27.5,19
"downstream_region","CpG","exp2","naïve","7",32.5,13
"downstream_region","CpG","exp2","naïve","7",37.5,23
"downstream_region","CpG","exp2","naïve","7",42.5,12
"downstream_region","CpG","exp2","naïve","7",47.5,18
"downstream_region","CpG","exp2","naïve","7",52.5,6
"downstream_region","CpG","exp2","naïve","7",57.5,15
"downstream_region","CpG","exp2","naïve","7",62.5,5
"downstream_region","CpG","exp2","naïve","7",67.5,12
"downstream_region","CpG","exp2","naïve","7",72.5,8
"downstream_region","CpG","exp2","naïve","7",77.5,11
"downstream_region","CpG","exp2","naïve","7",82.5,14
"downstream_region","CpG","exp2","naïve","7",87.5,29
"downstream_region","CpG","exp2","naïve","7",92.5,13
"downstream_region","CpG","exp2","naïve","7",97.5,51
"downstream_region","CpG","exp2","primed","14",2.5,807
"downstream_region","CpG","exp2","primed","14",7.5,32
"downstream_region","CpG","exp2","primed","14",12.5,15
"downstream_region","CpG","exp2","primed","14",17.5,16
"downstream_region","CpG","exp2","primed","14",22.5,12
"downstream_region","CpG","exp2","primed","14",27.5,10
"downstream_region","CpG","exp2","primed","14",32.5,4
"downstream_region","CpG","exp2","primed","14",37.5,7
"downstream_region","CpG","exp2","primed","14",42.5,6
"downstream_region","CpG","exp2","primed","14",47.5,10
"downstream_region","CpG","exp2","primed","14",52.5,6
"downstream_region","CpG","exp2","primed","14",57.5,4
"downstream_region","CpG","exp2","primed","14",62.5,5
"downstream_region","CpG","exp2","primed","14",67.5,4
"downstream_region","CpG","exp2","primed","14",72.5,4
"downstream_region","CpG","exp2","primed","14",77.5,9
"downstream_region","CpG","exp2","primed","14",82.5,8
"downstream_region","CpG","exp2","primed","14",87.5,6
"downstream_region","CpG","exp2","primed","14",92.5,6
"downstream_region","CpG","exp2","primed","14",97.5,12
"downstream_region","CpG","exp2","primed","2",2.5,1577
"downstream_region","CpG","exp2","primed","2",7.5,84
"downstream_region","CpG","exp2","primed","2",12.5,16
"downstream_region","CpG","exp2","primed","2",17.5,33
"downstream_region","CpG","exp2","primed","2",22.5,17
"downstream_region","CpG","exp2","primed","2",27.5,15
"downstream_region","CpG","exp2","primed","2",32.5,9
"downstream_region","CpG","exp2","primed","2",37.5,14
"downstream_region","CpG","exp2","primed","2",42.5,11
"downstream_region","CpG","exp2","primed","2",47.5,14
"downstream_region","CpG","exp2","primed","2",52.5,4
"downstream_region","CpG","exp2","primed","2",57.5,7
"downstream_region","CpG","exp2","primed","2",62.5,10
"downstream_region","CpG","exp2","primed","2",67.5,6
"downstream_region","CpG","exp2","primed","2",72.5,7
"downstream_region","CpG","exp2","primed","2",77.5,16
"downstream_region","CpG","exp2","primed","2",82.5,9
"downstream_region","CpG","exp2","primed","2",87.5,19
"downstream_region","CpG","exp2","primed","2",92.5,8
"downstream_region","CpG","exp2","primed","2",97.5,30
"downstream_region","CpG","exp2","primed","20",2.5,524
"downstream_region","CpG","exp2","primed","20",7.5,31
"downstream_region","CpG","exp2","primed","20",12.5,8
"downstream_region","CpG","exp2","primed","20",17.5,19
"downstream_region","CpG","exp2","primed","20",22.5,7
"downstream_region","CpG","exp2","primed","20",27.5,13
"downstream_region","CpG","exp2","primed","20",32.5,7
"downstream_region","CpG","exp2","primed","20",37.5,8
"downstream_region","CpG","exp2","primed","20",42.5,3
"downstream_region","CpG","exp2","primed","20",47.5,6
"downstream_region","CpG","exp2","primed","20",52.5,7
"downstream_region","CpG","exp2","primed","20",57.5,2
"downstream_region","CpG","exp2","primed","20",62.5,3
"downstream_region","CpG","exp2","primed","20",67.5,6
"downstream_region","CpG","exp2","primed","20",72.5,3
"downstream_region","CpG","exp2","primed","20",77.5,6
"downstream_region","CpG","exp2","primed","20",82.5,4
"downstream_region","CpG","exp2","primed","20",87.5,7
"downstream_region","CpG","exp2","primed","20",92.5,2
"downstream_region","CpG","exp2","primed","20",97.5,9
"downstream_region","CpG","exp2","primed","21",2.5,650
"downstream_region","CpG","exp2","primed","21",7.5,46
"downstream_region","CpG","exp2","primed","21",12.5,13
"downstream_region","CpG","exp2","primed","21",17.5,16
"downstream_region","CpG","exp2","primed","21",22.5,7
"downstream_region","CpG","exp2","primed","21",27.5,6
"downstream_region","CpG","exp2","primed","21",32.5,7
"downstream_region","CpG","exp2","primed","21",37.5,10
"downstream_region","CpG","exp2","primed","21",42.5,2
"downstream_region","CpG","exp2","primed","21",47.5,5
"downstream_region","CpG","exp2","primed","21",52.5,6
"downstream_region","CpG","exp2","primed","21",57.5,4
"downstream_region","CpG","exp2","primed","21",62.5,0
"downstream_region","CpG","exp2","primed","21",67.5,5
"downstream_region","CpG","exp2","primed","21",72.5,8
"downstream_region","CpG","exp2","primed","21",77.5,3
"downstream_region","CpG","exp2","primed","21",82.5,5
"downstream_region","CpG","exp2","primed","21",87.5,7
"downstream_region","CpG","exp2","primed","21",92.5,6
"downstream_region","CpG","exp2","primed","21",97.5,12
"downstream_region","CHG","exp1","control","13",2.5,2008
"downstream_region","CHG","exp1","control","13",7.5,42
"downstream_region","CHG","exp1","control","13",12.5,0
"downstream_region","CHG","exp1","control","13",17.5,2
"downstream_region","CHG","exp1","control","13",22.5,0
"downstream_region","CHG","exp1","control","13",27.5,1
"downstream_region","CHG","exp1","control","13",32.5,0
"downstream_region","CHG","exp1","control","13",37.5,0
"downstream_region","CHG","exp1","control","13",42.5,0
"downstream_region","CHG","exp1","control","13",47.5,0
"downstream_region","CHG","exp1","control","13",52.5,0
"downstream_region","CHG","exp1","control","13",57.5,1
"downstream_region","CHG","exp1","control","13",62.5,0
"downstream_region","CHG","exp1","control","13",67.5,0
"downstream_region","CHG","exp1","control","13",72.5,0
"downstream_region","CHG","exp1","control","13",77.5,0
"downstream_region","CHG","exp1","control","13",82.5,0
"downstream_region","CHG","exp1","control","13",87.5,0
"downstream_region","CHG","exp1","control","13",92.5,0
"downstream_region","CHG","exp1","control","13",97.5,1
"downstream_region","CHG","exp1","control","16",2.5,1274
"downstream_region","CHG","exp1","control","16",7.5,23
"downstream_region","CHG","exp1","control","16",12.5,0
"downstream_region","CHG","exp1","control","16",17.5,0
"downstream_region","CHG","exp1","control","16",22.5,0
"downstream_region","CHG","exp1","control","16",27.5,0
"downstream_region","CHG","exp1","control","16",32.5,0
"downstream_region","CHG","exp1","control","16",37.5,0
"downstream_region","CHG","exp1","control","16",42.5,0
"downstream_region","CHG","exp1","control","16",47.5,0
"downstream_region","CHG","exp1","control","16",52.5,0
"downstream_region","CHG","exp1","control","16",57.5,0
"downstream_region","CHG","exp1","control","16",62.5,0
"downstream_region","CHG","exp1","control","16",67.5,0
"downstream_region","CHG","exp1","control","16",72.5,0
"downstream_region","CHG","exp1","control","16",77.5,0
"downstream_region","CHG","exp1","control","16",82.5,0
"downstream_region","CHG","exp1","control","16",87.5,0
"downstream_region","CHG","exp1","control","16",92.5,0
"downstream_region","CHG","exp1","control","16",97.5,0
"downstream_region","CHG","exp1","control","9",2.5,1995
"downstream_region","CHG","exp1","control","9",7.5,42
"downstream_region","CHG","exp1","control","9",12.5,0
"downstream_region","CHG","exp1","control","9",17.5,1
"downstream_region","CHG","exp1","control","9",22.5,0
"downstream_region","CHG","exp1","control","9",27.5,1
"downstream_region","CHG","exp1","control","9",32.5,0
"downstream_region","CHG","exp1","control","9",37.5,0
"downstream_region","CHG","exp1","control","9",42.5,0
"downstream_region","CHG","exp1","control","9",47.5,0
"downstream_region","CHG","exp1","control","9",52.5,0
"downstream_region","CHG","exp1","control","9",57.5,0
"downstream_region","CHG","exp1","control","9",62.5,0
"downstream_region","CHG","exp1","control","9",67.5,0
"downstream_region","CHG","exp1","control","9",72.5,0
"downstream_region","CHG","exp1","control","9",77.5,0
"downstream_region","CHG","exp1","control","9",82.5,0
"downstream_region","CHG","exp1","control","9",87.5,0
"downstream_region","CHG","exp1","control","9",92.5,0
"downstream_region","CHG","exp1","control","9",97.5,0
"downstream_region","CHG","exp1","acute","15",2.5,1652
"downstream_region","CHG","exp1","acute","15",7.5,25
"downstream_region","CHG","exp1","acute","15",12.5,1
"downstream_region","CHG","exp1","acute","15",17.5,2
"downstream_region","CHG","exp1","acute","15",22.5,0
"downstream_region","CHG","exp1","acute","15",27.5,0
"downstream_region","CHG","exp1","acute","15",32.5,0
"downstream_region","CHG","exp1","acute","15",37.5,0
"downstream_region","CHG","exp1","acute","15",42.5,0
"downstream_region","CHG","exp1","acute","15",47.5,0
"downstream_region","CHG","exp1","acute","15",52.5,0
"downstream_region","CHG","exp1","acute","15",57.5,0
"downstream_region","CHG","exp1","acute","15",62.5,0
"downstream_region","CHG","exp1","acute","15",67.5,0
"downstream_region","CHG","exp1","acute","15",72.5,0
"downstream_region","CHG","exp1","acute","15",77.5,0
"downstream_region","CHG","exp1","acute","15",82.5,0
"downstream_region","CHG","exp1","acute","15",87.5,0
"downstream_region","CHG","exp1","acute","15",92.5,0
"downstream_region","CHG","exp1","acute","15",97.5,0
"downstream_region","CHG","exp1","acute","22",2.5,774
"downstream_region","CHG","exp1","acute","22",7.5,12
"downstream_region","CHG","exp1","acute","22",12.5,0
"downstream_region","CHG","exp1","acute","22",17.5,0
"downstream_region","CHG","exp1","acute","22",22.5,0
"downstream_region","CHG","exp1","acute","22",27.5,0
"downstream_region","CHG","exp1","acute","22",32.5,0
"downstream_region","CHG","exp1","acute","22",37.5,0
"downstream_region","CHG","exp1","acute","22",42.5,0
"downstream_region","CHG","exp1","acute","22",47.5,0
"downstream_region","CHG","exp1","acute","22",52.5,0
"downstream_region","CHG","exp1","acute","22",57.5,0
"downstream_region","CHG","exp1","acute","22",62.5,0
"downstream_region","CHG","exp1","acute","22",67.5,0
"downstream_region","CHG","exp1","acute","22",72.5,0
"downstream_region","CHG","exp1","acute","22",77.5,0
"downstream_region","CHG","exp1","acute","22",82.5,0
"downstream_region","CHG","exp1","acute","22",87.5,0
"downstream_region","CHG","exp1","acute","22",92.5,0
"downstream_region","CHG","exp1","acute","22",97.5,0
"downstream_region","CHG","exp1","acute","27",2.5,802
"downstream_region","CHG","exp1","acute","27",7.5,17
"downstream_region","CHG","exp1","acute","27",12.5,1
"downstream_region","CHG","exp1","acute","27",17.5,0
"downstream_region","CHG","exp1","acute","27",22.5,0
"downstream_region","CHG","exp1","acute","27",27.5,0
"downstream_region","CHG","exp1","acute","27",32.5,0
"downstream_region","CHG","exp1","acute","27",37.5,0
"downstream_region","CHG","exp1","acute","27",42.5,0
"downstream_region","CHG","exp1","acute","27",47.5,0
"downstream_region","CHG","exp1","acute","27",52.5,0
"downstream_region","CHG","exp1","acute","27",57.5,0
"downstream_region","CHG","exp1","acute","27",62.5,0
"downstream_region","CHG","exp1","acute","27",67.5,0
"downstream_region","CHG","exp1","acute","27",72.5,0
"downstream_region","CHG","exp1","acute","27",77.5,0
"downstream_region","CHG","exp1","acute","27",82.5,0
"downstream_region","CHG","exp1","acute","27",87.5,0
"downstream_region","CHG","exp1","acute","27",92.5,0
"downstream_region","CHG","exp1","acute","27",97.5,0
"downstream_region","CHG","exp2","naïve","10",2.5,960
"downstream_region","CHG","exp2","naïve","10",7.5,11
"downstream_region","CHG","exp2","naïve","10",12.5,1
"downstream_region","CHG","exp2","naïve","10",17.5,1
"downstream_region","CHG","exp2","naïve","10",22.5,0
"downstream_region","CHG","exp2","naïve","10",27.5,0
"downstream_region","CHG","exp2","naïve","10",32.5,0
"downstream_region","CHG","exp2","naïve","10",37.5,1
"downstream_region","CHG","exp2","naïve","10",42.5,0
"downstream_region","CHG","exp2","naïve","10",47.5,0
"downstream_region","CHG","exp2","naïve","10",52.5,0
"downstream_region","CHG","exp2","naïve","10",57.5,0
"downstream_region","CHG","exp2","naïve","10",62.5,0
"downstream_region","CHG","exp2","naïve","10",67.5,0
"downstream_region","CHG","exp2","naïve","10",72.5,0
"downstream_region","CHG","exp2","naïve","10",77.5,0
"downstream_region","CHG","exp2","naïve","10",82.5,0
"downstream_region","CHG","exp2","naïve","10",87.5,0
"downstream_region","CHG","exp2","naïve","10",92.5,0
"downstream_region","CHG","exp2","naïve","10",97.5,0
"downstream_region","CHG","exp2","naïve","11",2.5,1186
"downstream_region","CHG","exp2","naïve","11",7.5,26
"downstream_region","CHG","exp2","naïve","11",12.5,0
"downstream_region","CHG","exp2","naïve","11",17.5,0
"downstream_region","CHG","exp2","naïve","11",22.5,1
"downstream_region","CHG","exp2","naïve","11",27.5,0
"downstream_region","CHG","exp2","naïve","11",32.5,1
"downstream_region","CHG","exp2","naïve","11",37.5,0
"downstream_region","CHG","exp2","naïve","11",42.5,0
"downstream_region","CHG","exp2","naïve","11",47.5,0
"downstream_region","CHG","exp2","naïve","11",52.5,0
"downstream_region","CHG","exp2","naïve","11",57.5,0
"downstream_region","CHG","exp2","naïve","11",62.5,0
"downstream_region","CHG","exp2","naïve","11",67.5,0
"downstream_region","CHG","exp2","naïve","11",72.5,0
"downstream_region","CHG","exp2","naïve","11",77.5,0
"downstream_region","CHG","exp2","naïve","11",82.5,0
"downstream_region","CHG","exp2","naïve","11",87.5,0
"downstream_region","CHG","exp2","naïve","11",92.5,0
"downstream_region","CHG","exp2","naïve","11",97.5,0
"downstream_region","CHG","exp2","naïve","6",2.5,1745
"downstream_region","CHG","exp2","naïve","6",7.5,43
"downstream_region","CHG","exp2","naïve","6",12.5,0
"downstream_region","CHG","exp2","naïve","6",17.5,0
"downstream_region","CHG","exp2","naïve","6",22.5,0
"downstream_region","CHG","exp2","naïve","6",27.5,0
"downstream_region","CHG","exp2","naïve","6",32.5,0
"downstream_region","CHG","exp2","naïve","6",37.5,0
"downstream_region","CHG","exp2","naïve","6",42.5,0
"downstream_region","CHG","exp2","naïve","6",47.5,0
"downstream_region","CHG","exp2","naïve","6",52.5,0
"downstream_region","CHG","exp2","naïve","6",57.5,0
"downstream_region","CHG","exp2","naïve","6",62.5,0
"downstream_region","CHG","exp2","naïve","6",67.5,0
"downstream_region","CHG","exp2","naïve","6",72.5,0
"downstream_region","CHG","exp2","naïve","6",77.5,0
"downstream_region","CHG","exp2","naïve","6",82.5,0
"downstream_region","CHG","exp2","naïve","6",87.5,0
"downstream_region","CHG","exp2","naïve","6",92.5,0
"downstream_region","CHG","exp2","naïve","6",97.5,0
"downstream_region","CHG","exp2","naïve","7",2.5,2947
"downstream_region","CHG","exp2","naïve","7",7.5,41
"downstream_region","CHG","exp2","naïve","7",12.5,1
"downstream_region","CHG","exp2","naïve","7",17.5,3
"downstream_region","CHG","exp2","naïve","7",22.5,1
"downstream_region","CHG","exp2","naïve","7",27.5,0
"downstream_region","CHG","exp2","naïve","7",32.5,0
"downstream_region","CHG","exp2","naïve","7",37.5,0
"downstream_region","CHG","exp2","naïve","7",42.5,0
"downstream_region","CHG","exp2","naïve","7",47.5,0
"downstream_region","CHG","exp2","naïve","7",52.5,0
"downstream_region","CHG","exp2","naïve","7",57.5,0
"downstream_region","CHG","exp2","naïve","7",62.5,0
"downstream_region","CHG","exp2","naïve","7",67.5,0
"downstream_region","CHG","exp2","naïve","7",72.5,0
"downstream_region","CHG","exp2","naïve","7",77.5,0
"downstream_region","CHG","exp2","naïve","7",82.5,0
"downstream_region","CHG","exp2","naïve","7",87.5,0
"downstream_region","CHG","exp2","naïve","7",92.5,0
"downstream_region","CHG","exp2","naïve","7",97.5,0
"downstream_region","CHG","exp2","primed","14",2.5,1064
"downstream_region","CHG","exp2","primed","14",7.5,11
"downstream_region","CHG","exp2","primed","14",12.5,0
"downstream_region","CHG","exp2","primed","14",17.5,2
"downstream_region","CHG","exp2","primed","14",22.5,0
"downstream_region","CHG","exp2","primed","14",27.5,0
"downstream_region","CHG","exp2","primed","14",32.5,0
"downstream_region","CHG","exp2","primed","14",37.5,0
"downstream_region","CHG","exp2","primed","14",42.5,0
"downstream_region","CHG","exp2","primed","14",47.5,0
"downstream_region","CHG","exp2","primed","14",52.5,0
"downstream_region","CHG","exp2","primed","14",57.5,0
"downstream_region","CHG","exp2","primed","14",62.5,0
"downstream_region","CHG","exp2","primed","14",67.5,0
"downstream_region","CHG","exp2","primed","14",72.5,0
"downstream_region","CHG","exp2","primed","14",77.5,0
"downstream_region","CHG","exp2","primed","14",82.5,0
"downstream_region","CHG","exp2","primed","14",87.5,0
"downstream_region","CHG","exp2","primed","14",92.5,0
"downstream_region","CHG","exp2","primed","14",97.5,0
"downstream_region","CHG","exp2","primed","2",2.5,2043
"downstream_region","CHG","exp2","primed","2",7.5,53
"downstream_region","CHG","exp2","primed","2",12.5,0
"downstream_region","CHG","exp2","primed","2",17.5,1
"downstream_region","CHG","exp2","primed","2",22.5,0
"downstream_region","CHG","exp2","primed","2",27.5,2
"downstream_region","CHG","exp2","primed","2",32.5,0
"downstream_region","CHG","exp2","primed","2",37.5,0
"downstream_region","CHG","exp2","primed","2",42.5,0
"downstream_region","CHG","exp2","primed","2",47.5,0
"downstream_region","CHG","exp2","primed","2",52.5,0
"downstream_region","CHG","exp2","primed","2",57.5,0
"downstream_region","CHG","exp2","primed","2",62.5,0
"downstream_region","CHG","exp2","primed","2",67.5,0
"downstream_region","CHG","exp2","primed","2",72.5,0
"downstream_region","CHG","exp2","primed","2",77.5,0
"downstream_region","CHG","exp2","primed","2",82.5,0
"downstream_region","CHG","exp2","primed","2",87.5,0
"downstream_region","CHG","exp2","primed","2",92.5,0
"downstream_region","CHG","exp2","primed","2",97.5,0
"downstream_region","CHG","exp2","primed","20",2.5,688
"downstream_region","CHG","exp2","primed","20",7.5,16
"downstream_region","CHG","exp2","primed","20",12.5,2
"downstream_region","CHG","exp2","primed","20",17.5,1
"downstream_region","CHG","exp2","primed","20",22.5,0
"downstream_region","CHG","exp2","primed","20",27.5,0
"downstream_region","CHG","exp2","primed","20",32.5,0
"downstream_region","CHG","exp2","primed","20",37.5,0
"downstream_region","CHG","exp2","primed","20",42.5,0
"downstream_region","CHG","exp2","primed","20",47.5,0
"downstream_region","CHG","exp2","primed","20",52.5,0
"downstream_region","CHG","exp2","primed","20",57.5,0
"downstream_region","CHG","exp2","primed","20",62.5,0
"downstream_region","CHG","exp2","primed","20",67.5,0
"downstream_region","CHG","exp2","primed","20",72.5,0
"downstream_region","CHG","exp2","primed","20",77.5,0
"downstream_region","CHG","exp2","primed","20",82.5,0
"downstream_region","CHG","exp2","primed","20",87.5,0
"downstream_region","CHG","exp2","primed","20",92.5,0
"downstream_region","CHG","exp2","primed","20",97.5,0
"downstream_region","CHG","exp2","primed","21",2.5,899
"downstream_region","CHG","exp2","primed","21",7.5,17
"downstream_region","CHG","exp2","primed","21",12.5,1
"downstream_region","CHG","exp2","primed","21",17.5,0
"downstream_region","CHG","exp2","primed","21",22.5,0
"downstream_region","CHG","exp2","primed","21",27.5,0
"downstream_region","CHG","exp2","primed","21",32.5,0
"downstream_region","CHG","exp2","primed","21",37.5,0
"downstream_region","CHG","exp2","primed","21",42.5,0
"downstream_region","CHG","exp2","primed","21",47.5,0
"downstream_region","CHG","exp2","primed","21",52.5,0
"downstream_region","CHG","exp2","primed","21",57.5,0
"downstream_region","CHG","exp2","primed","21",62.5,0
"downstream_region","CHG","exp2","primed","21",67.5,0
"downstream_region","CHG","exp2","primed","21",72.5,0
"downstream_region","CHG","exp2","primed","21",77.5,0
"downstream_region","CHG","exp2","primed","21",82.5,0
"downstream_region","CHG","exp2","primed","21",87.5,0
"downstream_region","CHG","exp2","primed","21",92.5,0
"downstream_region","CHG","exp2","primed","21",97.5,0
"downstream_region","CHH","exp1","control","13",2.5,2664
"downstream_region","CHH","exp1","control","13",7.5,61
"downstream_region","CHH","exp1","control","13",12.5,2
"downstream_region","CHH","exp1","control","13",17.5,6
"downstream_region","CHH","exp1","control","13",22.5,0
"downstream_region","CHH","exp1","control","13",27.5,0
"downstream_region","CHH","exp1","control","13",32.5,0
"downstream_region","CHH","exp1","control","13",37.5,0
"downstream_region","CHH","exp1","control","13",42.5,0
"downstream_region","CHH","exp1","control","13",47.5,0
"downstream_region","CHH","exp1","control","13",52.5,0
"downstream_region","CHH","exp1","control","13",57.5,0
"downstream_region","CHH","exp1","control","13",62.5,0
"downstream_region","CHH","exp1","control","13",67.5,0
"downstream_region","CHH","exp1","control","13",72.5,0
"downstream_region","CHH","exp1","control","13",77.5,0
"downstream_region","CHH","exp1","control","13",82.5,0
"downstream_region","CHH","exp1","control","13",87.5,0
"downstream_region","CHH","exp1","control","13",92.5,0
"downstream_region","CHH","exp1","control","13",97.5,0
"downstream_region","CHH","exp1","control","16",2.5,1659
"downstream_region","CHH","exp1","control","16",7.5,23
"downstream_region","CHH","exp1","control","16",12.5,1
"downstream_region","CHH","exp1","control","16",17.5,2
"downstream_region","CHH","exp1","control","16",22.5,0
"downstream_region","CHH","exp1","control","16",27.5,0
"downstream_region","CHH","exp1","control","16",32.5,0
"downstream_region","CHH","exp1","control","16",37.5,0
"downstream_region","CHH","exp1","control","16",42.5,0
"downstream_region","CHH","exp1","control","16",47.5,0
"downstream_region","CHH","exp1","control","16",52.5,0
"downstream_region","CHH","exp1","control","16",57.5,0
"downstream_region","CHH","exp1","control","16",62.5,0
"downstream_region","CHH","exp1","control","16",67.5,0
"downstream_region","CHH","exp1","control","16",72.5,0
"downstream_region","CHH","exp1","control","16",77.5,0
"downstream_region","CHH","exp1","control","16",82.5,0
"downstream_region","CHH","exp1","control","16",87.5,0
"downstream_region","CHH","exp1","control","16",92.5,0
"downstream_region","CHH","exp1","control","16",97.5,0
"downstream_region","CHH","exp1","control","9",2.5,2608
"downstream_region","CHH","exp1","control","9",7.5,43
"downstream_region","CHH","exp1","control","9",12.5,6
"downstream_region","CHH","exp1","control","9",17.5,1
"downstream_region","CHH","exp1","control","9",22.5,0
"downstream_region","CHH","exp1","control","9",27.5,1
"downstream_region","CHH","exp1","control","9",32.5,0
"downstream_region","CHH","exp1","control","9",37.5,0
"downstream_region","CHH","exp1","control","9",42.5,0
"downstream_region","CHH","exp1","control","9",47.5,0
"downstream_region","CHH","exp1","control","9",52.5,0
"downstream_region","CHH","exp1","control","9",57.5,0
"downstream_region","CHH","exp1","control","9",62.5,0
"downstream_region","CHH","exp1","control","9",67.5,0
"downstream_region","CHH","exp1","control","9",72.5,0
"downstream_region","CHH","exp1","control","9",77.5,0
"downstream_region","CHH","exp1","control","9",82.5,0
"downstream_region","CHH","exp1","control","9",87.5,0
"downstream_region","CHH","exp1","control","9",92.5,0
"downstream_region","CHH","exp1","control","9",97.5,0
"downstream_region","CHH","exp1","acute","15",2.5,2194
"downstream_region","CHH","exp1","acute","15",7.5,35
"downstream_region","CHH","exp1","acute","15",12.5,3
"downstream_region","CHH","exp1","acute","15",17.5,6
"downstream_region","CHH","exp1","acute","15",22.5,1
"downstream_region","CHH","exp1","acute","15",27.5,0
"downstream_region","CHH","exp1","acute","15",32.5,0
"downstream_region","CHH","exp1","acute","15",37.5,0
"downstream_region","CHH","exp1","acute","15",42.5,0
"downstream_region","CHH","exp1","acute","15",47.5,0
"downstream_region","CHH","exp1","acute","15",52.5,0
"downstream_region","CHH","exp1","acute","15",57.5,0
"downstream_region","CHH","exp1","acute","15",62.5,0
"downstream_region","CHH","exp1","acute","15",67.5,0
"downstream_region","CHH","exp1","acute","15",72.5,0
"downstream_region","CHH","exp1","acute","15",77.5,0
"downstream_region","CHH","exp1","acute","15",82.5,0
"downstream_region","CHH","exp1","acute","15",87.5,0
"downstream_region","CHH","exp1","acute","15",92.5,0
"downstream_region","CHH","exp1","acute","15",97.5,0
"downstream_region","CHH","exp1","acute","22",2.5,1048
"downstream_region","CHH","exp1","acute","22",7.5,11
"downstream_region","CHH","exp1","acute","22",12.5,2
"downstream_region","CHH","exp1","acute","22",17.5,1
"downstream_region","CHH","exp1","acute","22",22.5,0
"downstream_region","CHH","exp1","acute","22",27.5,0
"downstream_region","CHH","exp1","acute","22",32.5,0
"downstream_region","CHH","exp1","acute","22",37.5,0
"downstream_region","CHH","exp1","acute","22",42.5,0
"downstream_region","CHH","exp1","acute","22",47.5,0
"downstream_region","CHH","exp1","acute","22",52.5,0
"downstream_region","CHH","exp1","acute","22",57.5,0
"downstream_region","CHH","exp1","acute","22",62.5,0
"downstream_region","CHH","exp1","acute","22",67.5,0
"downstream_region","CHH","exp1","acute","22",72.5,0
"downstream_region","CHH","exp1","acute","22",77.5,0
"downstream_region","CHH","exp1","acute","22",82.5,0
"downstream_region","CHH","exp1","acute","22",87.5,0
"downstream_region","CHH","exp1","acute","22",92.5,0
"downstream_region","CHH","exp1","acute","22",97.5,0
"downstream_region","CHH","exp1","acute","27",2.5,1056
"downstream_region","CHH","exp1","acute","27",7.5,28
"downstream_region","CHH","exp1","acute","27",12.5,1
"downstream_region","CHH","exp1","acute","27",17.5,0
"downstream_region","CHH","exp1","acute","27",22.5,0
"downstream_region","CHH","exp1","acute","27",27.5,0
"downstream_region","CHH","exp1","acute","27",32.5,0
"downstream_region","CHH","exp1","acute","27",37.5,0
"downstream_region","CHH","exp1","acute","27",42.5,0
"downstream_region","CHH","exp1","acute","27",47.5,0
"downstream_region","CHH","exp1","acute","27",52.5,0
"downstream_region","CHH","exp1","acute","27",57.5,0
"downstream_region","CHH","exp1","acute","27",62.5,0
"downstream_region","CHH","exp1","acute","27",67.5,0
"downstream_region","CHH","exp1","acute","27",72.5,0
"downstream_region","CHH","exp1","acute","27",77.5,0
"downstream_region","CHH","exp1","acute","27",82.5,0
"downstream_region","CHH","exp1","acute","27",87.5,0
"downstream_region","CHH","exp1","acute","27",92.5,0
"downstream_region","CHH","exp1","acute","27",97.5,0
"downstream_region","CHH","exp2","naïve","10",2.5,1224
"downstream_region","CHH","exp2","naïve","10",7.5,11
"downstream_region","CHH","exp2","naïve","10",12.5,2
"downstream_region","CHH","exp2","naïve","10",17.5,1
"downstream_region","CHH","exp2","naïve","10",22.5,0
"downstream_region","CHH","exp2","naïve","10",27.5,0
"downstream_region","CHH","exp2","naïve","10",32.5,0
"downstream_region","CHH","exp2","naïve","10",37.5,0
"downstream_region","CHH","exp2","naïve","10",42.5,0
"downstream_region","CHH","exp2","naïve","10",47.5,0
"downstream_region","CHH","exp2","naïve","10",52.5,0
"downstream_region","CHH","exp2","naïve","10",57.5,0
"downstream_region","CHH","exp2","naïve","10",62.5,0
"downstream_region","CHH","exp2","naïve","10",67.5,0
"downstream_region","CHH","exp2","naïve","10",72.5,0
"downstream_region","CHH","exp2","naïve","10",77.5,0
"downstream_region","CHH","exp2","naïve","10",82.5,0
"downstream_region","CHH","exp2","naïve","10",87.5,0
"downstream_region","CHH","exp2","naïve","10",92.5,0
"downstream_region","CHH","exp2","naïve","10",97.5,0
"downstream_region","CHH","exp2","naïve","11",2.5,1564
"downstream_region","CHH","exp2","naïve","11",7.5,30
"downstream_region","CHH","exp2","naïve","11",12.5,0
"downstream_region","CHH","exp2","naïve","11",17.5,0
"downstream_region","CHH","exp2","naïve","11",22.5,0
"downstream_region","CHH","exp2","naïve","11",27.5,0
"downstream_region","CHH","exp2","naïve","11",32.5,0
"downstream_region","CHH","exp2","naïve","11",37.5,0
"downstream_region","CHH","exp2","naïve","11",42.5,0
"downstream_region","CHH","exp2","naïve","11",47.5,0
"downstream_region","CHH","exp2","naïve","11",52.5,0
"downstream_region","CHH","exp2","naïve","11",57.5,0
"downstream_region","CHH","exp2","naïve","11",62.5,0
"downstream_region","CHH","exp2","naïve","11",67.5,0
"downstream_region","CHH","exp2","naïve","11",72.5,0
"downstream_region","CHH","exp2","naïve","11",77.5,0
"downstream_region","CHH","exp2","naïve","11",82.5,0
"downstream_region","CHH","exp2","naïve","11",87.5,0
"downstream_region","CHH","exp2","naïve","11",92.5,0
"downstream_region","CHH","exp2","naïve","11",97.5,0
"downstream_region","CHH","exp2","naïve","6",2.5,2301
"downstream_region","CHH","exp2","naïve","6",7.5,48
"downstream_region","CHH","exp2","naïve","6",12.5,2
"downstream_region","CHH","exp2","naïve","6",17.5,0
"downstream_region","CHH","exp2","naïve","6",22.5,0
"downstream_region","CHH","exp2","naïve","6",27.5,1
"downstream_region","CHH","exp2","naïve","6",32.5,0
"downstream_region","CHH","exp2","naïve","6",37.5,0
"downstream_region","CHH","exp2","naïve","6",42.5,0
"downstream_region","CHH","exp2","naïve","6",47.5,0
"downstream_region","CHH","exp2","naïve","6",52.5,0
"downstream_region","CHH","exp2","naïve","6",57.5,0
"downstream_region","CHH","exp2","naïve","6",62.5,0
"downstream_region","CHH","exp2","naïve","6",67.5,0
"downstream_region","CHH","exp2","naïve","6",72.5,0
"downstream_region","CHH","exp2","naïve","6",77.5,0
"downstream_region","CHH","exp2","naïve","6",82.5,0
"downstream_region","CHH","exp2","naïve","6",87.5,0
"downstream_region","CHH","exp2","naïve","6",92.5,0
"downstream_region","CHH","exp2","naïve","6",97.5,0
"downstream_region","CHH","exp2","naïve","7",2.5,3895
"downstream_region","CHH","exp2","naïve","7",7.5,60
"downstream_region","CHH","exp2","naïve","7",12.5,0
"downstream_region","CHH","exp2","naïve","7",17.5,0
"downstream_region","CHH","exp2","naïve","7",22.5,0
"downstream_region","CHH","exp2","naïve","7",27.5,1
"downstream_region","CHH","exp2","naïve","7",32.5,0
"downstream_region","CHH","exp2","naïve","7",37.5,0
"downstream_region","CHH","exp2","naïve","7",42.5,0
"downstream_region","CHH","exp2","naïve","7",47.5,0
"downstream_region","CHH","exp2","naïve","7",52.5,0
"downstream_region","CHH","exp2","naïve","7",57.5,0
"downstream_region","CHH","exp2","naïve","7",62.5,0
"downstream_region","CHH","exp2","naïve","7",67.5,0
"downstream_region","CHH","exp2","naïve","7",72.5,0
"downstream_region","CHH","exp2","naïve","7",77.5,0
"downstream_region","CHH","exp2","naïve","7",82.5,0
"downstream_region","CHH","exp2","naïve","7",87.5,0
"downstream_region","CHH","exp2","naïve","7",92.5,0
"downstream_region","CHH","exp2","naïve","7",97.5,0
"downstream_region","CHH","exp2","primed","14",2.5,1380
"downstream_region","CHH","exp2","primed","14",7.5,24
"downstream_region","CHH","exp2","primed","14",12.5,4
"downstream_region","CHH","exp2","primed","14",17.5,0
"downstream_region","CHH","exp2","primed","14",22.5,0
"downstream_region","CHH","exp2","primed","14",27.5,0
"downstream_region","CHH","exp2","primed","14",32.5,0
"downstream_region","CHH","exp2","primed","14",37.5,0
"downstream_region","CHH","exp2","primed","14",42.5,0
"downstream_region","CHH","exp2","primed","14",47.5,0
"downstream_region","CHH","exp2","primed","14",52.5,0
"downstream_region","CHH","exp2","primed","14",57.5,0
"downstream_region","CHH","exp2","primed","14",62.5,0
"downstream_region","CHH","exp2","primed","14",67.5,0
"downstream_region","CHH","exp2","primed","14",72.5,0
"downstream_region","CHH","exp2","primed","14",77.5,0
"downstream_region","CHH","exp2","primed","14",82.5,0
"downstream_region","CHH","exp2","primed","14",87.5,0
"downstream_region","CHH","exp2","primed","14",92.5,0
"downstream_region","CHH","exp2","primed","14",97.5,0
"downstream_region","CHH","exp2","primed","2",2.5,2759
"downstream_region","CHH","exp2","primed","2",7.5,63
"downstream_region","CHH","exp2","primed","2",12.5,3
"downstream_region","CHH","exp2","primed","2",17.5,2
"downstream_region","CHH","exp2","primed","2",22.5,1
"downstream_region","CHH","exp2","primed","2",27.5,0
"downstream_region","CHH","exp2","primed","2",32.5,0
"downstream_region","CHH","exp2","primed","2",37.5,1
"downstream_region","CHH","exp2","primed","2",42.5,0
"downstream_region","CHH","exp2","primed","2",47.5,0
"downstream_region","CHH","exp2","primed","2",52.5,0
"downstream_region","CHH","exp2","primed","2",57.5,0
"downstream_region","CHH","exp2","primed","2",62.5,0
"downstream_region","CHH","exp2","primed","2",67.5,0
"downstream_region","CHH","exp2","primed","2",72.5,0
"downstream_region","CHH","exp2","primed","2",77.5,0
"downstream_region","CHH","exp2","primed","2",82.5,0
"downstream_region","CHH","exp2","primed","2",87.5,0
"downstream_region","CHH","exp2","primed","2",92.5,0
"downstream_region","CHH","exp2","primed","2",97.5,0
"downstream_region","CHH","exp2","primed","20",2.5,928
"downstream_region","CHH","exp2","primed","20",7.5,21
"downstream_region","CHH","exp2","primed","20",12.5,0
"downstream_region","CHH","exp2","primed","20",17.5,0
"downstream_region","CHH","exp2","primed","20",22.5,0
"downstream_region","CHH","exp2","primed","20",27.5,0
"downstream_region","CHH","exp2","primed","20",32.5,0
"downstream_region","CHH","exp2","primed","20",37.5,0
"downstream_region","CHH","exp2","primed","20",42.5,0
"downstream_region","CHH","exp2","primed","20",47.5,0
"downstream_region","CHH","exp2","primed","20",52.5,0
"downstream_region","CHH","exp2","primed","20",57.5,0
"downstream_region","CHH","exp2","primed","20",62.5,0
"downstream_region","CHH","exp2","primed","20",67.5,0
"downstream_region","CHH","exp2","primed","20",72.5,0
"downstream_region","CHH","exp2","primed","20",77.5,0
"downstream_region","CHH","exp2","primed","20",82.5,0
"downstream_region","CHH","exp2","primed","20",87.5,0
"downstream_region","CHH","exp2","primed","20",92.5,0
"downstream_region","CHH","exp2","primed","20",97.5,0
"downstream_region","CHH","exp2","primed","21",2.5,1168
"downstream_region","CHH","exp2","primed","21",7.5,26
"downstream_region","CHH","exp2","primed","21",12.5,0
"downstream_region","CHH","exp2","primed","21",17.5,2
"downstream_region","CHH","exp2","primed","21",22.5,1
"downstream_region","CHH","exp2","primed","21",27.5,0
"downstream_region","CHH","exp2","primed","21",32.5,0
"downstream_region","CHH","exp2","primed","21",37.5,0
"downstream_region","CHH","exp2","primed","21",42.5,0
"downstream_region","CHH","exp2","primed","21",47.5,0
"downstream_region","CHH","exp2","primed","21",52.5,0
"downstream_region","CHH","exp2","primed","21",57.5,0
"downstream_region","CHH","exp2","primed","21",62.5,0
"downstream_region","CHH","exp2","primed","21",67.5,0
"downstream_region","CHH","exp2","primed","21",72.5,0
"downstream_region","CHH","exp2","primed","21",77.5,0
"downstream_region","CHH","exp2","primed","21",82.5,0
"downstream_region","CHH","exp2","primed","21",87.5,0
"downstream_region","CHH","exp2","primed","21",92.5,0
"downstream_region","CHH","exp2","primed","21",97.5,0
"exon","CpG","exp1","control","13",2.5,4778
"exon","CpG","exp1","control","13",7.5,169
"exon","CpG","exp1","control","13",12.5,28
"exon","CpG","exp1","control","13",17.5,65
"exon","CpG","exp1","control","13",22.5,34
"exon","CpG","exp1","control","13",27.5,35
"exon","CpG","exp1","control","13",32.5,23
"exon","CpG","exp1","control","13",37.5,38
"exon","CpG","exp1","control","13",42.5,18
"exon","CpG","exp1","control","13",47.5,42
"exon","CpG","exp1","control","13",52.5,18
"exon","CpG","exp1","control","13",57.5,38
"exon","CpG","exp1","control","13",62.5,17
"exon","CpG","exp1","control","13",67.5,29
"exon","CpG","exp1","control","13",72.5,16
"exon","CpG","exp1","control","13",77.5,33
"exon","CpG","exp1","control","13",82.5,28
"exon","CpG","exp1","control","13",87.5,59
"exon","CpG","exp1","control","13",92.5,55
"exon","CpG","exp1","control","13",97.5,187
"exon","CpG","exp1","control","16",2.5,2621
"exon","CpG","exp1","control","16",7.5,71
"exon","CpG","exp1","control","16",12.5,18
"exon","CpG","exp1","control","16",17.5,35
"exon","CpG","exp1","control","16",22.5,13
"exon","CpG","exp1","control","16",27.5,18
"exon","CpG","exp1","control","16",32.5,21
"exon","CpG","exp1","control","16",37.5,18
"exon","CpG","exp1","control","16",42.5,13
"exon","CpG","exp1","control","16",47.5,11
"exon","CpG","exp1","control","16",52.5,14
"exon","CpG","exp1","control","16",57.5,17
"exon","CpG","exp1","control","16",62.5,14
"exon","CpG","exp1","control","16",67.5,10
"exon","CpG","exp1","control","16",72.5,10
"exon","CpG","exp1","control","16",77.5,17
"exon","CpG","exp1","control","16",82.5,14
"exon","CpG","exp1","control","16",87.5,25
"exon","CpG","exp1","control","16",92.5,28
"exon","CpG","exp1","control","16",97.5,103
"exon","CpG","exp1","control","9",2.5,4658
"exon","CpG","exp1","control","9",7.5,161
"exon","CpG","exp1","control","9",12.5,31
"exon","CpG","exp1","control","9",17.5,48
"exon","CpG","exp1","control","9",22.5,16
"exon","CpG","exp1","control","9",27.5,41
"exon","CpG","exp1","control","9",32.5,12
"exon","CpG","exp1","control","9",37.5,42
"exon","CpG","exp1","control","9",42.5,26
"exon","CpG","exp1","control","9",47.5,28
"exon","CpG","exp1","control","9",52.5,20
"exon","CpG","exp1","control","9",57.5,41
"exon","CpG","exp1","control","9",62.5,20
"exon","CpG","exp1","control","9",67.5,20
"exon","CpG","exp1","control","9",72.5,16
"exon","CpG","exp1","control","9",77.5,31
"exon","CpG","exp1","control","9",82.5,22
"exon","CpG","exp1","control","9",87.5,69
"exon","CpG","exp1","control","9",92.5,44
"exon","CpG","exp1","control","9",97.5,190
"exon","CpG","exp1","acute","15",2.5,3661
"exon","CpG","exp1","acute","15",7.5,128
"exon","CpG","exp1","acute","15",12.5,33
"exon","CpG","exp1","acute","15",17.5,36
"exon","CpG","exp1","acute","15",22.5,18
"exon","CpG","exp1","acute","15",27.5,28
"exon","CpG","exp1","acute","15",32.5,16
"exon","CpG","exp1","acute","15",37.5,25
"exon","CpG","exp1","acute","15",42.5,14
"exon","CpG","exp1","acute","15",47.5,33
"exon","CpG","exp1","acute","15",52.5,10
"exon","CpG","exp1","acute","15",57.5,25
"exon","CpG","exp1","acute","15",62.5,16
"exon","CpG","exp1","acute","15",67.5,25
"exon","CpG","exp1","acute","15",72.5,11
"exon","CpG","exp1","acute","15",77.5,26
"exon","CpG","exp1","acute","15",82.5,18
"exon","CpG","exp1","acute","15",87.5,46
"exon","CpG","exp1","acute","15",92.5,52
"exon","CpG","exp1","acute","15",97.5,139
"exon","CpG","exp1","acute","22",2.5,1616
"exon","CpG","exp1","acute","22",7.5,56
"exon","CpG","exp1","acute","22",12.5,7
"exon","CpG","exp1","acute","22",17.5,31
"exon","CpG","exp1","acute","22",22.5,18
"exon","CpG","exp1","acute","22",27.5,19
"exon","CpG","exp1","acute","22",32.5,10
"exon","CpG","exp1","acute","22",37.5,13
"exon","CpG","exp1","acute","22",42.5,7
"exon","CpG","exp1","acute","22",47.5,19
"exon","CpG","exp1","acute","22",52.5,4
"exon","CpG","exp1","acute","22",57.5,17
"exon","CpG","exp1","acute","22",62.5,11
"exon","CpG","exp1","acute","22",67.5,11
"exon","CpG","exp1","acute","22",72.5,8
"exon","CpG","exp1","acute","22",77.5,6
"exon","CpG","exp1","acute","22",82.5,8
"exon","CpG","exp1","acute","22",87.5,17
"exon","CpG","exp1","acute","22",92.5,15
"exon","CpG","exp1","acute","22",97.5,78
"exon","CpG","exp1","acute","27",2.5,1428
"exon","CpG","exp1","acute","27",7.5,65
"exon","CpG","exp1","acute","27",12.5,10
"exon","CpG","exp1","acute","27",17.5,21
"exon","CpG","exp1","acute","27",22.5,15
"exon","CpG","exp1","acute","27",27.5,20
"exon","CpG","exp1","acute","27",32.5,7
"exon","CpG","exp1","acute","27",37.5,11
"exon","CpG","exp1","acute","27",42.5,4
"exon","CpG","exp1","acute","27",47.5,12
"exon","CpG","exp1","acute","27",52.5,7
"exon","CpG","exp1","acute","27",57.5,7
"exon","CpG","exp1","acute","27",62.5,7
"exon","CpG","exp1","acute","27",67.5,7
"exon","CpG","exp1","acute","27",72.5,13
"exon","CpG","exp1","acute","27",77.5,11
"exon","CpG","exp1","acute","27",82.5,9
"exon","CpG","exp1","acute","27",87.5,21
"exon","CpG","exp1","acute","27",92.5,32
"exon","CpG","exp1","acute","27",97.5,58
"exon","CpG","exp2","naïve","10",2.5,1946
"exon","CpG","exp2","naïve","10",7.5,85
"exon","CpG","exp2","naïve","10",12.5,19
"exon","CpG","exp2","naïve","10",17.5,34
"exon","CpG","exp2","naïve","10",22.5,12
"exon","CpG","exp2","naïve","10",27.5,15
"exon","CpG","exp2","naïve","10",32.5,15
"exon","CpG","exp2","naïve","10",37.5,25
"exon","CpG","exp2","naïve","10",42.5,9
"exon","CpG","exp2","naïve","10",47.5,21
"exon","CpG","exp2","naïve","10",52.5,13
"exon","CpG","exp2","naïve","10",57.5,14
"exon","CpG","exp2","naïve","10",62.5,8
"exon","CpG","exp2","naïve","10",67.5,19
"exon","CpG","exp2","naïve","10",72.5,8
"exon","CpG","exp2","naïve","10",77.5,13
"exon","CpG","exp2","naïve","10",82.5,21
"exon","CpG","exp2","naïve","10",87.5,18
"exon","CpG","exp2","naïve","10",92.5,19
"exon","CpG","exp2","naïve","10",97.5,66
"exon","CpG","exp2","naïve","11",2.5,2424
"exon","CpG","exp2","naïve","11",7.5,117
"exon","CpG","exp2","naïve","11",12.5,21
"exon","CpG","exp2","naïve","11",17.5,42
"exon","CpG","exp2","naïve","11",22.5,12
"exon","CpG","exp2","naïve","11",27.5,24
"exon","CpG","exp2","naïve","11",32.5,13
"exon","CpG","exp2","naïve","11",37.5,25
"exon","CpG","exp2","naïve","11",42.5,10
"exon","CpG","exp2","naïve","11",47.5,19
"exon","CpG","exp2","naïve","11",52.5,17
"exon","CpG","exp2","naïve","11",57.5,12
"exon","CpG","exp2","naïve","11",62.5,8
"exon","CpG","exp2","naïve","11",67.5,24
"exon","CpG","exp2","naïve","11",72.5,12
"exon","CpG","exp2","naïve","11",77.5,19
"exon","CpG","exp2","naïve","11",82.5,11
"exon","CpG","exp2","naïve","11",87.5,25
"exon","CpG","exp2","naïve","11",92.5,35
"exon","CpG","exp2","naïve","11",97.5,94
"exon","CpG","exp2","naïve","6",2.5,3937
"exon","CpG","exp2","naïve","6",7.5,113
"exon","CpG","exp2","naïve","6",12.5,24
"exon","CpG","exp2","naïve","6",17.5,50
"exon","CpG","exp2","naïve","6",22.5,24
"exon","CpG","exp2","naïve","6",27.5,33
"exon","CpG","exp2","naïve","6",32.5,29
"exon","CpG","exp2","naïve","6",37.5,26
"exon","CpG","exp2","naïve","6",42.5,8
"exon","CpG","exp2","naïve","6",47.5,42
"exon","CpG","exp2","naïve","6",52.5,13
"exon","CpG","exp2","naïve","6",57.5,18
"exon","CpG","exp2","naïve","6",62.5,23
"exon","CpG","exp2","naïve","6",67.5,20
"exon","CpG","exp2","naïve","6",72.5,17
"exon","CpG","exp2","naïve","6",77.5,36
"exon","CpG","exp2","naïve","6",82.5,17
"exon","CpG","exp2","naïve","6",87.5,56
"exon","CpG","exp2","naïve","6",92.5,26
"exon","CpG","exp2","naïve","6",97.5,135
"exon","CpG","exp2","naïve","7",2.5,6698
"exon","CpG","exp2","naïve","7",7.5,229
"exon","CpG","exp2","naïve","7",12.5,31
"exon","CpG","exp2","naïve","7",17.5,66
"exon","CpG","exp2","naïve","7",22.5,45
"exon","CpG","exp2","naïve","7",27.5,42
"exon","CpG","exp2","naïve","7",32.5,17
"exon","CpG","exp2","naïve","7",37.5,38
"exon","CpG","exp2","naïve","7",42.5,22
"exon","CpG","exp2","naïve","7",47.5,49
"exon","CpG","exp2","naïve","7",52.5,23
"exon","CpG","exp2","naïve","7",57.5,46
"exon","CpG","exp2","naïve","7",62.5,23
"exon","CpG","exp2","naïve","7",67.5,45
"exon","CpG","exp2","naïve","7",72.5,31
"exon","CpG","exp2","naïve","7",77.5,72
"exon","CpG","exp2","naïve","7",82.5,52
"exon","CpG","exp2","naïve","7",87.5,108
"exon","CpG","exp2","naïve","7",92.5,75
"exon","CpG","exp2","naïve","7",97.5,369
"exon","CpG","exp2","primed","14",2.5,2055
"exon","CpG","exp2","primed","14",7.5,72
"exon","CpG","exp2","primed","14",12.5,28
"exon","CpG","exp2","primed","14",17.5,27
"exon","CpG","exp2","primed","14",22.5,14
"exon","CpG","exp2","primed","14",27.5,17
"exon","CpG","exp2","primed","14",32.5,11
"exon","CpG","exp2","primed","14",37.5,20
"exon","CpG","exp2","primed","14",42.5,12
"exon","CpG","exp2","primed","14",47.5,15
"exon","CpG","exp2","primed","14",52.5,5
"exon","CpG","exp2","primed","14",57.5,16
"exon","CpG","exp2","primed","14",62.5,11
"exon","CpG","exp2","primed","14",67.5,13
"exon","CpG","exp2","primed","14",72.5,9
"exon","CpG","exp2","primed","14",77.5,14
"exon","CpG","exp2","primed","14",82.5,11
"exon","CpG","exp2","primed","14",87.5,24
"exon","CpG","exp2","primed","14",92.5,23
"exon","CpG","exp2","primed","14",97.5,102
"exon","CpG","exp2","primed","2",2.5,4836
"exon","CpG","exp2","primed","2",7.5,172
"exon","CpG","exp2","primed","2",12.5,20
"exon","CpG","exp2","primed","2",17.5,48
"exon","CpG","exp2","primed","2",22.5,25
"exon","CpG","exp2","primed","2",27.5,36
"exon","CpG","exp2","primed","2",32.5,28
"exon","CpG","exp2","primed","2",37.5,36
"exon","CpG","exp2","primed","2",42.5,21
"exon","CpG","exp2","primed","2",47.5,52
"exon","CpG","exp2","primed","2",52.5,8
"exon","CpG","exp2","primed","2",57.5,18
"exon","CpG","exp2","primed","2",62.5,16
"exon","CpG","exp2","primed","2",67.5,37
"exon","CpG","exp2","primed","2",72.5,20
"exon","CpG","exp2","primed","2",77.5,35
"exon","CpG","exp2","primed","2",82.5,19
"exon","CpG","exp2","primed","2",87.5,70
"exon","CpG","exp2","primed","2",92.5,40
"exon","CpG","exp2","primed","2",97.5,238
"exon","CpG","exp2","primed","20",2.5,1240
"exon","CpG","exp2","primed","20",7.5,44
"exon","CpG","exp2","primed","20",12.5,18
"exon","CpG","exp2","primed","20",17.5,19
"exon","CpG","exp2","primed","20",22.5,9
"exon","CpG","exp2","primed","20",27.5,21
"exon","CpG","exp2","primed","20",32.5,9
"exon","CpG","exp2","primed","20",37.5,13
"exon","CpG","exp2","primed","20",42.5,4
"exon","CpG","exp2","primed","20",47.5,11
"exon","CpG","exp2","primed","20",52.5,7
"exon","CpG","exp2","primed","20",57.5,10
"exon","CpG","exp2","primed","20",62.5,4
"exon","CpG","exp2","primed","20",67.5,16
"exon","CpG","exp2","primed","20",72.5,8
"exon","CpG","exp2","primed","20",77.5,9
"exon","CpG","exp2","primed","20",82.5,2
"exon","CpG","exp2","primed","20",87.5,17
"exon","CpG","exp2","primed","20",92.5,20
"exon","CpG","exp2","primed","20",97.5,39
"exon","CpG","exp2","primed","21",2.5,1491
"exon","CpG","exp2","primed","21",7.5,75
"exon","CpG","exp2","primed","21",12.5,16
"exon","CpG","exp2","primed","21",17.5,19
"exon","CpG","exp2","primed","21",22.5,13
"exon","CpG","exp2","primed","21",27.5,24
"exon","CpG","exp2","primed","21",32.5,8
"exon","CpG","exp2","primed","21",37.5,16
"exon","CpG","exp2","primed","21",42.5,6
"exon","CpG","exp2","primed","21",47.5,18
"exon","CpG","exp2","primed","21",52.5,8
"exon","CpG","exp2","primed","21",57.5,6
"exon","CpG","exp2","primed","21",62.5,6
"exon","CpG","exp2","primed","21",67.5,14
"exon","CpG","exp2","primed","21",72.5,8
"exon","CpG","exp2","primed","21",77.5,17
"exon","CpG","exp2","primed","21",82.5,9
"exon","CpG","exp2","primed","21",87.5,24
"exon","CpG","exp2","primed","21",92.5,21
"exon","CpG","exp2","primed","21",97.5,61
"exon","CHG","exp1","control","13",2.5,6581
"exon","CHG","exp1","control","13",7.5,169
"exon","CHG","exp1","control","13",12.5,7
"exon","CHG","exp1","control","13",17.5,4
"exon","CHG","exp1","control","13",22.5,0
"exon","CHG","exp1","control","13",27.5,0
"exon","CHG","exp1","control","13",32.5,0
"exon","CHG","exp1","control","13",37.5,0
"exon","CHG","exp1","control","13",42.5,0
"exon","CHG","exp1","control","13",47.5,0
"exon","CHG","exp1","control","13",52.5,0
"exon","CHG","exp1","control","13",57.5,0
"exon","CHG","exp1","control","13",62.5,0
"exon","CHG","exp1","control","13",67.5,0
"exon","CHG","exp1","control","13",72.5,0
"exon","CHG","exp1","control","13",77.5,0
"exon","CHG","exp1","control","13",82.5,0
"exon","CHG","exp1","control","13",87.5,0
"exon","CHG","exp1","control","13",92.5,0
"exon","CHG","exp1","control","13",97.5,0
"exon","CHG","exp1","control","16",2.5,3496
"exon","CHG","exp1","control","16",7.5,42
"exon","CHG","exp1","control","16",12.5,2
"exon","CHG","exp1","control","16",17.5,2
"exon","CHG","exp1","control","16",22.5,1
"exon","CHG","exp1","control","16",27.5,0
"exon","CHG","exp1","control","16",32.5,0
"exon","CHG","exp1","control","16",37.5,0
"exon","CHG","exp1","control","16",42.5,0
"exon","CHG","exp1","control","16",47.5,0
"exon","CHG","exp1","control","16",52.5,0
"exon","CHG","exp1","control","16",57.5,0
"exon","CHG","exp1","control","16",62.5,0
"exon","CHG","exp1","control","16",67.5,0
"exon","CHG","exp1","control","16",72.5,0
"exon","CHG","exp1","control","16",77.5,0
"exon","CHG","exp1","control","16",82.5,0
"exon","CHG","exp1","control","16",87.5,0
"exon","CHG","exp1","control","16",92.5,0
"exon","CHG","exp1","control","16",97.5,0
"exon","CHG","exp1","control","9",2.5,6435
"exon","CHG","exp1","control","9",7.5,134
"exon","CHG","exp1","control","9",12.5,2
"exon","CHG","exp1","control","9",17.5,4
"exon","CHG","exp1","control","9",22.5,0
"exon","CHG","exp1","control","9",27.5,0
"exon","CHG","exp1","control","9",32.5,0
"exon","CHG","exp1","control","9",37.5,0
"exon","CHG","exp1","control","9",42.5,0
"exon","CHG","exp1","control","9",47.5,0
"exon","CHG","exp1","control","9",52.5,0
"exon","CHG","exp1","control","9",57.5,1
"exon","CHG","exp1","control","9",62.5,0
"exon","CHG","exp1","control","9",67.5,0
"exon","CHG","exp1","control","9",72.5,0
"exon","CHG","exp1","control","9",77.5,0
"exon","CHG","exp1","control","9",82.5,0
"exon","CHG","exp1","control","9",87.5,0
"exon","CHG","exp1","control","9",92.5,0
"exon","CHG","exp1","control","9",97.5,2
"exon","CHG","exp1","acute","15",2.5,4822
"exon","CHG","exp1","acute","15",7.5,111
"exon","CHG","exp1","acute","15",12.5,6
"exon","CHG","exp1","acute","15",17.5,1
"exon","CHG","exp1","acute","15",22.5,0
"exon","CHG","exp1","acute","15",27.5,0
"exon","CHG","exp1","acute","15",32.5,0
"exon","CHG","exp1","acute","15",37.5,0
"exon","CHG","exp1","acute","15",42.5,0
"exon","CHG","exp1","acute","15",47.5,0
"exon","CHG","exp1","acute","15",52.5,0
"exon","CHG","exp1","acute","15",57.5,0
"exon","CHG","exp1","acute","15",62.5,0
"exon","CHG","exp1","acute","15",67.5,0
"exon","CHG","exp1","acute","15",72.5,0
"exon","CHG","exp1","acute","15",77.5,0
"exon","CHG","exp1","acute","15",82.5,0
"exon","CHG","exp1","acute","15",87.5,0
"exon","CHG","exp1","acute","15",92.5,0
"exon","CHG","exp1","acute","15",97.5,0
"exon","CHG","exp1","acute","22",2.5,2245
"exon","CHG","exp1","acute","22",7.5,58
"exon","CHG","exp1","acute","22",12.5,0
"exon","CHG","exp1","acute","22",17.5,0
"exon","CHG","exp1","acute","22",22.5,0
"exon","CHG","exp1","acute","22",27.5,0
"exon","CHG","exp1","acute","22",32.5,0
"exon","CHG","exp1","acute","22",37.5,0
"exon","CHG","exp1","acute","22",42.5,0
"exon","CHG","exp1","acute","22",47.5,0
"exon","CHG","exp1","acute","22",52.5,0
"exon","CHG","exp1","acute","22",57.5,0
"exon","CHG","exp1","acute","22",62.5,0
"exon","CHG","exp1","acute","22",67.5,0
"exon","CHG","exp1","acute","22",72.5,0
"exon","CHG","exp1","acute","22",77.5,0
"exon","CHG","exp1","acute","22",82.5,0
"exon","CHG","exp1","acute","22",87.5,0
"exon","CHG","exp1","acute","22",92.5,0
"exon","CHG","exp1","acute","22",97.5,0
"exon","CHG","exp1","acute","27",2.5,2044
"exon","CHG","exp1","acute","27",7.5,55
"exon","CHG","exp1","acute","27",12.5,0
"exon","CHG","exp1","acute","27",17.5,3
"exon","CHG","exp1","acute","27",22.5,1
"exon","CHG","exp1","acute","27",27.5,0
"exon","CHG","exp1","acute","27",32.5,0
"exon","CHG","exp1","acute","27",37.5,0
"exon","CHG","exp1","acute","27",42.5,0
"exon","CHG","exp1","acute","27",47.5,0
"exon","CHG","exp1","acute","27",52.5,0
"exon","CHG","exp1","acute","27",57.5,0
"exon","CHG","exp1","acute","27",62.5,0
"exon","CHG","exp1","acute","27",67.5,0
"exon","CHG","exp1","acute","27",72.5,0
"exon","CHG","exp1","acute","27",77.5,0
"exon","CHG","exp1","acute","27",82.5,0
"exon","CHG","exp1","acute","27",87.5,0
"exon","CHG","exp1","acute","27",92.5,0
"exon","CHG","exp1","acute","27",97.5,0
"exon","CHG","exp2","naïve","10",2.5,2684
"exon","CHG","exp2","naïve","10",7.5,34
"exon","CHG","exp2","naïve","10",12.5,2
"exon","CHG","exp2","naïve","10",17.5,2
"exon","CHG","exp2","naïve","10",22.5,0
"exon","CHG","exp2","naïve","10",27.5,0
"exon","CHG","exp2","naïve","10",32.5,0
"exon","CHG","exp2","naïve","10",37.5,0
"exon","CHG","exp2","naïve","10",42.5,0
"exon","CHG","exp2","naïve","10",47.5,0
"exon","CHG","exp2","naïve","10",52.5,0
"exon","CHG","exp2","naïve","10",57.5,0
"exon","CHG","exp2","naïve","10",62.5,0
"exon","CHG","exp2","naïve","10",67.5,0
"exon","CHG","exp2","naïve","10",72.5,0
"exon","CHG","exp2","naïve","10",77.5,0
"exon","CHG","exp2","naïve","10",82.5,0
"exon","CHG","exp2","naïve","10",87.5,0
"exon","CHG","exp2","naïve","10",92.5,0
"exon","CHG","exp2","naïve","10",97.5,0
"exon","CHG","exp2","naïve","11",2.5,3354
"exon","CHG","exp2","naïve","11",7.5,92
"exon","CHG","exp2","naïve","11",12.5,2
"exon","CHG","exp2","naïve","11",17.5,1
"exon","CHG","exp2","naïve","11",22.5,0
"exon","CHG","exp2","naïve","11",27.5,3
"exon","CHG","exp2","naïve","11",32.5,0
"exon","CHG","exp2","naïve","11",37.5,0
"exon","CHG","exp2","naïve","11",42.5,0
"exon","CHG","exp2","naïve","11",47.5,0
"exon","CHG","exp2","naïve","11",52.5,0
"exon","CHG","exp2","naïve","11",57.5,0
"exon","CHG","exp2","naïve","11",62.5,0
"exon","CHG","exp2","naïve","11",67.5,0
"exon","CHG","exp2","naïve","11",72.5,0
"exon","CHG","exp2","naïve","11",77.5,0
"exon","CHG","exp2","naïve","11",82.5,0
"exon","CHG","exp2","naïve","11",87.5,0
"exon","CHG","exp2","naïve","11",92.5,0
"exon","CHG","exp2","naïve","11",97.5,0
"exon","CHG","exp2","naïve","6",2.5,5320
"exon","CHG","exp2","naïve","6",7.5,76
"exon","CHG","exp2","naïve","6",12.5,4
"exon","CHG","exp2","naïve","6",17.5,2
"exon","CHG","exp2","naïve","6",22.5,0
"exon","CHG","exp2","naïve","6",27.5,0
"exon","CHG","exp2","naïve","6",32.5,0
"exon","CHG","exp2","naïve","6",37.5,0
"exon","CHG","exp2","naïve","6",42.5,0
"exon","CHG","exp2","naïve","6",47.5,0
"exon","CHG","exp2","naïve","6",52.5,0
"exon","CHG","exp2","naïve","6",57.5,0
"exon","CHG","exp2","naïve","6",62.5,0
"exon","CHG","exp2","naïve","6",67.5,0
"exon","CHG","exp2","naïve","6",72.5,0
"exon","CHG","exp2","naïve","6",77.5,0
"exon","CHG","exp2","naïve","6",82.5,0
"exon","CHG","exp2","naïve","6",87.5,0
"exon","CHG","exp2","naïve","6",92.5,0
"exon","CHG","exp2","naïve","6",97.5,0
"exon","CHG","exp2","naïve","7",2.5,9440
"exon","CHG","exp2","naïve","7",7.5,161
"exon","CHG","exp2","naïve","7",12.5,3
"exon","CHG","exp2","naïve","7",17.5,6
"exon","CHG","exp2","naïve","7",22.5,2
"exon","CHG","exp2","naïve","7",27.5,0
"exon","CHG","exp2","naïve","7",32.5,0
"exon","CHG","exp2","naïve","7",37.5,0
"exon","CHG","exp2","naïve","7",42.5,0
"exon","CHG","exp2","naïve","7",47.5,0
"exon","CHG","exp2","naïve","7",52.5,0
"exon","CHG","exp2","naïve","7",57.5,0
"exon","CHG","exp2","naïve","7",62.5,0
"exon","CHG","exp2","naïve","7",67.5,0
"exon","CHG","exp2","naïve","7",72.5,0
"exon","CHG","exp2","naïve","7",77.5,0
"exon","CHG","exp2","naïve","7",82.5,0
"exon","CHG","exp2","naïve","7",87.5,0
"exon","CHG","exp2","naïve","7",92.5,0
"exon","CHG","exp2","naïve","7",97.5,0
"exon","CHG","exp2","primed","14",2.5,2880
"exon","CHG","exp2","primed","14",7.5,47
"exon","CHG","exp2","primed","14",12.5,4
"exon","CHG","exp2","primed","14",17.5,0
"exon","CHG","exp2","primed","14",22.5,0
"exon","CHG","exp2","primed","14",27.5,1
"exon","CHG","exp2","primed","14",32.5,0
"exon","CHG","exp2","primed","14",37.5,0
"exon","CHG","exp2","primed","14",42.5,0
"exon","CHG","exp2","primed","14",47.5,0
"exon","CHG","exp2","primed","14",52.5,0
"exon","CHG","exp2","primed","14",57.5,0
"exon","CHG","exp2","primed","14",62.5,0
"exon","CHG","exp2","primed","14",67.5,0
"exon","CHG","exp2","primed","14",72.5,0
"exon","CHG","exp2","primed","14",77.5,0
"exon","CHG","exp2","primed","14",82.5,0
"exon","CHG","exp2","primed","14",87.5,0
"exon","CHG","exp2","primed","14",92.5,0
"exon","CHG","exp2","primed","14",97.5,0
"exon","CHG","exp2","primed","2",2.5,6545
"exon","CHG","exp2","primed","2",7.5,150
"exon","CHG","exp2","primed","2",12.5,4
"exon","CHG","exp2","primed","2",17.5,3
"exon","CHG","exp2","primed","2",22.5,0
"exon","CHG","exp2","primed","2",27.5,0
"exon","CHG","exp2","primed","2",32.5,1
"exon","CHG","exp2","primed","2",37.5,1
"exon","CHG","exp2","primed","2",42.5,0
"exon","CHG","exp2","primed","2",47.5,0
"exon","CHG","exp2","primed","2",52.5,0
"exon","CHG","exp2","primed","2",57.5,0
"exon","CHG","exp2","primed","2",62.5,0
"exon","CHG","exp2","primed","2",67.5,0
"exon","CHG","exp2","primed","2",72.5,0
"exon","CHG","exp2","primed","2",77.5,0
"exon","CHG","exp2","primed","2",82.5,0
"exon","CHG","exp2","primed","2",87.5,0
"exon","CHG","exp2","primed","2",92.5,0
"exon","CHG","exp2","primed","2",97.5,0
"exon","CHG","exp2","primed","20",2.5,1760
"exon","CHG","exp2","primed","20",7.5,29
"exon","CHG","exp2","primed","20",12.5,3
"exon","CHG","exp2","primed","20",17.5,6
"exon","CHG","exp2","primed","20",22.5,0
"exon","CHG","exp2","primed","20",27.5,0
"exon","CHG","exp2","primed","20",32.5,0
"exon","CHG","exp2","primed","20",37.5,1
"exon","CHG","exp2","primed","20",42.5,0
"exon","CHG","exp2","primed","20",47.5,0
"exon","CHG","exp2","primed","20",52.5,0
"exon","CHG","exp2","primed","20",57.5,0
"exon","CHG","exp2","primed","20",62.5,0
"exon","CHG","exp2","primed","20",67.5,0
"exon","CHG","exp2","primed","20",72.5,0
"exon","CHG","exp2","primed","20",77.5,0
"exon","CHG","exp2","primed","20",82.5,0
"exon","CHG","exp2","primed","20",87.5,0
"exon","CHG","exp2","primed","20",92.5,0
"exon","CHG","exp2","primed","20",97.5,0
"exon","CHG","exp2","primed","21",2.5,2177
"exon","CHG","exp2","primed","21",7.5,56
"exon","CHG","exp2","primed","21",12.5,2
"exon","CHG","exp2","primed","21",17.5,0
"exon","CHG","exp2","primed","21",22.5,0
"exon","CHG","exp2","primed","21",27.5,0
"exon","CHG","exp2","primed","21",32.5,0
"exon","CHG","exp2","primed","21",37.5,0
"exon","CHG","exp2","primed","21",42.5,0
"exon","CHG","exp2","primed","21",47.5,0
"exon","CHG","exp2","primed","21",52.5,0
"exon","CHG","exp2","primed","21",57.5,0
"exon","CHG","exp2","primed","21",62.5,0
"exon","CHG","exp2","primed","21",67.5,0
"exon","CHG","exp2","primed","21",72.5,0
"exon","CHG","exp2","primed","21",77.5,0
"exon","CHG","exp2","primed","21",82.5,0
"exon","CHG","exp2","primed","21",87.5,0
"exon","CHG","exp2","primed","21",92.5,0
"exon","CHG","exp2","primed","21",97.5,0
"exon","CHH","exp1","control","13",2.5,8221
"exon","CHH","exp1","control","13",7.5,172
"exon","CHH","exp1","control","13",12.5,4
"exon","CHH","exp1","control","13",17.5,10
"exon","CHH","exp1","control","13",22.5,0
"exon","CHH","exp1","control","13",27.5,0
"exon","CHH","exp1","control","13",32.5,1
"exon","CHH","exp1","control","13",37.5,0
"exon","CHH","exp1","control","13",42.5,0
"exon","CHH","exp1","control","13",47.5,0
"exon","CHH","exp1","control","13",52.5,0
"exon","CHH","exp1","control","13",57.5,0
"exon","CHH","exp1","control","13",62.5,0
"exon","CHH","exp1","control","13",67.5,0
"exon","CHH","exp1","control","13",72.5,0
"exon","CHH","exp1","control","13",77.5,0
"exon","CHH","exp1","control","13",82.5,0
"exon","CHH","exp1","control","13",87.5,0
"exon","CHH","exp1","control","13",92.5,0
"exon","CHH","exp1","control","13",97.5,0
"exon","CHH","exp1","control","16",2.5,4388
"exon","CHH","exp1","control","16",7.5,66
"exon","CHH","exp1","control","16",12.5,1
"exon","CHH","exp1","control","16",17.5,2
"exon","CHH","exp1","control","16",22.5,0
"exon","CHH","exp1","control","16",27.5,0
"exon","CHH","exp1","control","16",32.5,0
"exon","CHH","exp1","control","16",37.5,0
"exon","CHH","exp1","control","16",42.5,0
"exon","CHH","exp1","control","16",47.5,0
"exon","CHH","exp1","control","16",52.5,0
"exon","CHH","exp1","control","16",57.5,0
"exon","CHH","exp1","control","16",62.5,0
"exon","CHH","exp1","control","16",67.5,0
"exon","CHH","exp1","control","16",72.5,0
"exon","CHH","exp1","control","16",77.5,0
"exon","CHH","exp1","control","16",82.5,0
"exon","CHH","exp1","control","16",87.5,0
"exon","CHH","exp1","control","16",92.5,0
"exon","CHH","exp1","control","16",97.5,0
"exon","CHH","exp1","control","9",2.5,7919
"exon","CHH","exp1","control","9",7.5,173
"exon","CHH","exp1","control","9",12.5,10
"exon","CHH","exp1","control","9",17.5,7
"exon","CHH","exp1","control","9",22.5,0
"exon","CHH","exp1","control","9",27.5,0
"exon","CHH","exp1","control","9",32.5,0
"exon","CHH","exp1","control","9",37.5,0
"exon","CHH","exp1","control","9",42.5,0
"exon","CHH","exp1","control","9",47.5,0
"exon","CHH","exp1","control","9",52.5,0
"exon","CHH","exp1","control","9",57.5,0
"exon","CHH","exp1","control","9",62.5,0
"exon","CHH","exp1","control","9",67.5,0
"exon","CHH","exp1","control","9",72.5,0
"exon","CHH","exp1","control","9",77.5,0
"exon","CHH","exp1","control","9",82.5,0
"exon","CHH","exp1","control","9",87.5,0
"exon","CHH","exp1","control","9",92.5,0
"exon","CHH","exp1","control","9",97.5,0
"exon","CHH","exp1","acute","15",2.5,6108
"exon","CHH","exp1","acute","15",7.5,129
"exon","CHH","exp1","acute","15",12.5,2
"exon","CHH","exp1","acute","15",17.5,1
"exon","CHH","exp1","acute","15",22.5,0
"exon","CHH","exp1","acute","15",27.5,0
"exon","CHH","exp1","acute","15",32.5,0
"exon","CHH","exp1","acute","15",37.5,0
"exon","CHH","exp1","acute","15",42.5,0
"exon","CHH","exp1","acute","15",47.5,0
"exon","CHH","exp1","acute","15",52.5,0
"exon","CHH","exp1","acute","15",57.5,0
"exon","CHH","exp1","acute","15",62.5,0
"exon","CHH","exp1","acute","15",67.5,0
"exon","CHH","exp1","acute","15",72.5,0
"exon","CHH","exp1","acute","15",77.5,0
"exon","CHH","exp1","acute","15",82.5,0
"exon","CHH","exp1","acute","15",87.5,0
"exon","CHH","exp1","acute","15",92.5,0
"exon","CHH","exp1","acute","15",97.5,0
"exon","CHH","exp1","acute","22",2.5,2807
"exon","CHH","exp1","acute","22",7.5,48
"exon","CHH","exp1","acute","22",12.5,0
"exon","CHH","exp1","acute","22",17.5,0
"exon","CHH","exp1","acute","22",22.5,0
"exon","CHH","exp1","acute","22",27.5,0
"exon","CHH","exp1","acute","22",32.5,0
"exon","CHH","exp1","acute","22",37.5,0
"exon","CHH","exp1","acute","22",42.5,0
"exon","CHH","exp1","acute","22",47.5,0
"exon","CHH","exp1","acute","22",52.5,0
"exon","CHH","exp1","acute","22",57.5,0
"exon","CHH","exp1","acute","22",62.5,0
"exon","CHH","exp1","acute","22",67.5,0
"exon","CHH","exp1","acute","22",72.5,0
"exon","CHH","exp1","acute","22",77.5,0
"exon","CHH","exp1","acute","22",82.5,0
"exon","CHH","exp1","acute","22",87.5,0
"exon","CHH","exp1","acute","22",92.5,0
"exon","CHH","exp1","acute","22",97.5,0
"exon","CHH","exp1","acute","27",2.5,2573
"exon","CHH","exp1","acute","27",7.5,66
"exon","CHH","exp1","acute","27",12.5,0
"exon","CHH","exp1","acute","27",17.5,1
"exon","CHH","exp1","acute","27",22.5,0
"exon","CHH","exp1","acute","27",27.5,0
"exon","CHH","exp1","acute","27",32.5,0
"exon","CHH","exp1","acute","27",37.5,0
"exon","CHH","exp1","acute","27",42.5,0
"exon","CHH","exp1","acute","27",47.5,0
"exon","CHH","exp1","acute","27",52.5,0
"exon","CHH","exp1","acute","27",57.5,0
"exon","CHH","exp1","acute","27",62.5,0
"exon","CHH","exp1","acute","27",67.5,0
"exon","CHH","exp1","acute","27",72.5,0
"exon","CHH","exp1","acute","27",77.5,0
"exon","CHH","exp1","acute","27",82.5,0
"exon","CHH","exp1","acute","27",87.5,0
"exon","CHH","exp1","acute","27",92.5,0
"exon","CHH","exp1","acute","27",97.5,0
"exon","CHH","exp2","naïve","10",2.5,3378
"exon","CHH","exp2","naïve","10",7.5,50
"exon","CHH","exp2","naïve","10",12.5,2
"exon","CHH","exp2","naïve","10",17.5,3
"exon","CHH","exp2","naïve","10",22.5,0
"exon","CHH","exp2","naïve","10",27.5,0
"exon","CHH","exp2","naïve","10",32.5,0
"exon","CHH","exp2","naïve","10",37.5,0
"exon","CHH","exp2","naïve","10",42.5,0
"exon","CHH","exp2","naïve","10",47.5,0
"exon","CHH","exp2","naïve","10",52.5,0
"exon","CHH","exp2","naïve","10",57.5,0
"exon","CHH","exp2","naïve","10",62.5,0
"exon","CHH","exp2","naïve","10",67.5,0
"exon","CHH","exp2","naïve","10",72.5,0
"exon","CHH","exp2","naïve","10",77.5,0
"exon","CHH","exp2","naïve","10",82.5,0
"exon","CHH","exp2","naïve","10",87.5,0
"exon","CHH","exp2","naïve","10",92.5,0
"exon","CHH","exp2","naïve","10",97.5,0
"exon","CHH","exp2","naïve","11",2.5,4296
"exon","CHH","exp2","naïve","11",7.5,104
"exon","CHH","exp2","naïve","11",12.5,2
"exon","CHH","exp2","naïve","11",17.5,4
"exon","CHH","exp2","naïve","11",22.5,0
"exon","CHH","exp2","naïve","11",27.5,0
"exon","CHH","exp2","naïve","11",32.5,0
"exon","CHH","exp2","naïve","11",37.5,0
"exon","CHH","exp2","naïve","11",42.5,0
"exon","CHH","exp2","naïve","11",47.5,0
"exon","CHH","exp2","naïve","11",52.5,0
"exon","CHH","exp2","naïve","11",57.5,0
"exon","CHH","exp2","naïve","11",62.5,0
"exon","CHH","exp2","naïve","11",67.5,0
"exon","CHH","exp2","naïve","11",72.5,0
"exon","CHH","exp2","naïve","11",77.5,0
"exon","CHH","exp2","naïve","11",82.5,0
"exon","CHH","exp2","naïve","11",87.5,0
"exon","CHH","exp2","naïve","11",92.5,0
"exon","CHH","exp2","naïve","11",97.5,0
"exon","CHH","exp2","naïve","6",2.5,6636
"exon","CHH","exp2","naïve","6",7.5,97
"exon","CHH","exp2","naïve","6",12.5,2
"exon","CHH","exp2","naïve","6",17.5,3
"exon","CHH","exp2","naïve","6",22.5,0
"exon","CHH","exp2","naïve","6",27.5,0
"exon","CHH","exp2","naïve","6",32.5,0
"exon","CHH","exp2","naïve","6",37.5,0
"exon","CHH","exp2","naïve","6",42.5,0
"exon","CHH","exp2","naïve","6",47.5,0
"exon","CHH","exp2","naïve","6",52.5,0
"exon","CHH","exp2","naïve","6",57.5,0
"exon","CHH","exp2","naïve","6",62.5,0
"exon","CHH","exp2","naïve","6",67.5,0
"exon","CHH","exp2","naïve","6",72.5,0
"exon","CHH","exp2","naïve","6",77.5,0
"exon","CHH","exp2","naïve","6",82.5,0
"exon","CHH","exp2","naïve","6",87.5,0
"exon","CHH","exp2","naïve","6",92.5,0
"exon","CHH","exp2","naïve","6",97.5,0
"exon","CHH","exp2","naïve","7",2.5,11941
"exon","CHH","exp2","naïve","7",7.5,190
"exon","CHH","exp2","naïve","7",12.5,5
"exon","CHH","exp2","naïve","7",17.5,6
"exon","CHH","exp2","naïve","7",22.5,1
"exon","CHH","exp2","naïve","7",27.5,0
"exon","CHH","exp2","naïve","7",32.5,0
"exon","CHH","exp2","naïve","7",37.5,0
"exon","CHH","exp2","naïve","7",42.5,0
"exon","CHH","exp2","naïve","7",47.5,0
"exon","CHH","exp2","naïve","7",52.5,0
"exon","CHH","exp2","naïve","7",57.5,0
"exon","CHH","exp2","naïve","7",62.5,0
"exon","CHH","exp2","naïve","7",67.5,0
"exon","CHH","exp2","naïve","7",72.5,0
"exon","CHH","exp2","naïve","7",77.5,0
"exon","CHH","exp2","naïve","7",82.5,0
"exon","CHH","exp2","naïve","7",87.5,0
"exon","CHH","exp2","naïve","7",92.5,0
"exon","CHH","exp2","naïve","7",97.5,0
"exon","CHH","exp2","primed","14",2.5,3558
"exon","CHH","exp2","primed","14",7.5,59
"exon","CHH","exp2","primed","14",12.5,1
"exon","CHH","exp2","primed","14",17.5,4
"exon","CHH","exp2","primed","14",22.5,0
"exon","CHH","exp2","primed","14",27.5,0
"exon","CHH","exp2","primed","14",32.5,0
"exon","CHH","exp2","primed","14",37.5,1
"exon","CHH","exp2","primed","14",42.5,0
"exon","CHH","exp2","primed","14",47.5,0
"exon","CHH","exp2","primed","14",52.5,0
"exon","CHH","exp2","primed","14",57.5,0
"exon","CHH","exp2","primed","14",62.5,0
"exon","CHH","exp2","primed","14",67.5,0
"exon","CHH","exp2","primed","14",72.5,0
"exon","CHH","exp2","primed","14",77.5,0
"exon","CHH","exp2","primed","14",82.5,0
"exon","CHH","exp2","primed","14",87.5,0
"exon","CHH","exp2","primed","14",92.5,0
"exon","CHH","exp2","primed","14",97.5,0
"exon","CHH","exp2","primed","2",2.5,8258
"exon","CHH","exp2","primed","2",7.5,203
"exon","CHH","exp2","primed","2",12.5,4
"exon","CHH","exp2","primed","2",17.5,4
"exon","CHH","exp2","primed","2",22.5,1
"exon","CHH","exp2","primed","2",27.5,0
"exon","CHH","exp2","primed","2",32.5,0
"exon","CHH","exp2","primed","2",37.5,1
"exon","CHH","exp2","primed","2",42.5,0
"exon","CHH","exp2","primed","2",47.5,0
"exon","CHH","exp2","primed","2",52.5,0
"exon","CHH","exp2","primed","2",57.5,0
"exon","CHH","exp2","primed","2",62.5,0
"exon","CHH","exp2","primed","2",67.5,0
"exon","CHH","exp2","primed","2",72.5,0
"exon","CHH","exp2","primed","2",77.5,0
"exon","CHH","exp2","primed","2",82.5,0
"exon","CHH","exp2","primed","2",87.5,0
"exon","CHH","exp2","primed","2",92.5,0
"exon","CHH","exp2","primed","2",97.5,0
"exon","CHH","exp2","primed","20",2.5,2232
"exon","CHH","exp2","primed","20",7.5,43
"exon","CHH","exp2","primed","20",12.5,1
"exon","CHH","exp2","primed","20",17.5,5
"exon","CHH","exp2","primed","20",22.5,0
"exon","CHH","exp2","primed","20",27.5,0
"exon","CHH","exp2","primed","20",32.5,0
"exon","CHH","exp2","primed","20",37.5,0
"exon","CHH","exp2","primed","20",42.5,0
"exon","CHH","exp2","primed","20",47.5,0
"exon","CHH","exp2","primed","20",52.5,0
"exon","CHH","exp2","primed","20",57.5,0
"exon","CHH","exp2","primed","20",62.5,0
"exon","CHH","exp2","primed","20",67.5,0
"exon","CHH","exp2","primed","20",72.5,0
"exon","CHH","exp2","primed","20",77.5,0
"exon","CHH","exp2","primed","20",82.5,0
"exon","CHH","exp2","primed","20",87.5,0
"exon","CHH","exp2","primed","20",92.5,0
"exon","CHH","exp2","primed","20",97.5,0
"exon","CHH","exp2","primed","21",2.5,2754
"exon","CHH","exp2","primed","21",7.5,68
"exon","CHH","exp2","primed","21",12.5,0
"exon","CHH","exp2","primed","21",17.5,0
"exon","CHH","exp2","primed","21",22.5,0
"exon","CHH","exp2","primed","21",27.5,0
"exon","CHH","exp2","primed","21",32.5,0
"exon","CHH","exp2","primed","21",37.5,0
"exon","CHH","exp2","primed","21",42.5,0
"exon","CHH","exp2","primed","21",47.5,0
"exon","CHH","exp2","primed","21",52.5,0
"exon","CHH","exp2","primed","21",57.5,0
"exon","CHH","exp2","primed","21",62.5,0
"exon","CHH","exp2","primed","21",67.5,0
"exon","CHH","exp2","primed","21",72.5,0
"exon","CHH","exp2","primed","21",77.5,0
"exon","CHH","exp2","primed","21",82.5,0
"exon","CHH","exp2","primed","21",87.5,0
"exon","CHH","exp2","primed","21",92.5,0
"exon","CHH","exp2","primed","21",97.5,0
"five_prime_UTR","CpG","exp1","control","13",2.5,272
"five_prime_UTR","CpG","exp1","control","13",7.5,6
"five_prime_UTR","CpG","exp1","control","13",12.5,1
"five_prime_UTR","CpG","exp1","control","13",17.5,1
"five_prime_UTR","CpG","exp1","control","13",22.5,0
"five_prime_UTR","CpG","exp1","control","13",27.5,2
"five_prime_UTR","CpG","exp1","control","13",32.5,0
"five_prime_UTR","CpG","exp1","control","13",37.5,2
"five_prime_UTR","CpG","exp1","control","13",42.5,1
"five_prime_UTR","CpG","exp1","control","13",47.5,2
"five_prime_UTR","CpG","exp1","control","13",52.5,0
"five_prime_UTR","CpG","exp1","control","13",57.5,0
"five_prime_UTR","CpG","exp1","control","13",62.5,0
"five_prime_UTR","CpG","exp1","control","13",67.5,1
"five_prime_UTR","CpG","exp1","control","13",72.5,0
"five_prime_UTR","CpG","exp1","control","13",77.5,0
"five_prime_UTR","CpG","exp1","control","13",82.5,0
"five_prime_UTR","CpG","exp1","control","13",87.5,0
"five_prime_UTR","CpG","exp1","control","13",92.5,0
"five_prime_UTR","CpG","exp1","control","13",97.5,4
"five_prime_UTR","CpG","exp1","control","16",2.5,138
"five_prime_UTR","CpG","exp1","control","16",7.5,2
"five_prime_UTR","CpG","exp1","control","16",12.5,0
"five_prime_UTR","CpG","exp1","control","16",17.5,2
"five_prime_UTR","CpG","exp1","control","16",22.5,3
"five_prime_UTR","CpG","exp1","control","16",27.5,1
"five_prime_UTR","CpG","exp1","control","16",32.5,1
"five_prime_UTR","CpG","exp1","control","16",37.5,0
"five_prime_UTR","CpG","exp1","control","16",42.5,0
"five_prime_UTR","CpG","exp1","control","16",47.5,0
"five_prime_UTR","CpG","exp1","control","16",52.5,0
"five_prime_UTR","CpG","exp1","control","16",57.5,1
"five_prime_UTR","CpG","exp1","control","16",62.5,0
"five_prime_UTR","CpG","exp1","control","16",67.5,0
"five_prime_UTR","CpG","exp1","control","16",72.5,0
"five_prime_UTR","CpG","exp1","control","16",77.5,0
"five_prime_UTR","CpG","exp1","control","16",82.5,0
"five_prime_UTR","CpG","exp1","control","16",87.5,0
"five_prime_UTR","CpG","exp1","control","16",92.5,0
"five_prime_UTR","CpG","exp1","control","16",97.5,3
"five_prime_UTR","CpG","exp1","control","9",2.5,282
"five_prime_UTR","CpG","exp1","control","9",7.5,3
"five_prime_UTR","CpG","exp1","control","9",12.5,0
"five_prime_UTR","CpG","exp1","control","9",17.5,4
"five_prime_UTR","CpG","exp1","control","9",22.5,1
"five_prime_UTR","CpG","exp1","control","9",27.5,1
"five_prime_UTR","CpG","exp1","control","9",32.5,0
"five_prime_UTR","CpG","exp1","control","9",37.5,0
"five_prime_UTR","CpG","exp1","control","9",42.5,0
"five_prime_UTR","CpG","exp1","control","9",47.5,1
"five_prime_UTR","CpG","exp1","control","9",52.5,0
"five_prime_UTR","CpG","exp1","control","9",57.5,0
"five_prime_UTR","CpG","exp1","control","9",62.5,0
"five_prime_UTR","CpG","exp1","control","9",67.5,0
"five_prime_UTR","CpG","exp1","control","9",72.5,0
"five_prime_UTR","CpG","exp1","control","9",77.5,0
"five_prime_UTR","CpG","exp1","control","9",82.5,0
"five_prime_UTR","CpG","exp1","control","9",87.5,0
"five_prime_UTR","CpG","exp1","control","9",92.5,3
"five_prime_UTR","CpG","exp1","control","9",97.5,1
"five_prime_UTR","CpG","exp1","acute","15",2.5,170
"five_prime_UTR","CpG","exp1","acute","15",7.5,7
"five_prime_UTR","CpG","exp1","acute","15",12.5,0
"five_prime_UTR","CpG","exp1","acute","15",17.5,0
"five_prime_UTR","CpG","exp1","acute","15",22.5,0
"five_prime_UTR","CpG","exp1","acute","15",27.5,0
"five_prime_UTR","CpG","exp1","acute","15",32.5,1
"five_prime_UTR","CpG","exp1","acute","15",37.5,0
"five_prime_UTR","CpG","exp1","acute","15",42.5,1
"five_prime_UTR","CpG","exp1","acute","15",47.5,3
"five_prime_UTR","CpG","exp1","acute","15",52.5,0
"five_prime_UTR","CpG","exp1","acute","15",57.5,0
"five_prime_UTR","CpG","exp1","acute","15",62.5,0
"five_prime_UTR","CpG","exp1","acute","15",67.5,0
"five_prime_UTR","CpG","exp1","acute","15",72.5,0
"five_prime_UTR","CpG","exp1","acute","15",77.5,0
"five_prime_UTR","CpG","exp1","acute","15",82.5,0
"five_prime_UTR","CpG","exp1","acute","15",87.5,0
"five_prime_UTR","CpG","exp1","acute","15",92.5,1
"five_prime_UTR","CpG","exp1","acute","15",97.5,3
"five_prime_UTR","CpG","exp1","acute","22",2.5,80
"five_prime_UTR","CpG","exp1","acute","22",7.5,1
"five_prime_UTR","CpG","exp1","acute","22",12.5,0
"five_prime_UTR","CpG","exp1","acute","22",17.5,1
"five_prime_UTR","CpG","exp1","acute","22",22.5,0
"five_prime_UTR","CpG","exp1","acute","22",27.5,1
"five_prime_UTR","CpG","exp1","acute","22",32.5,1
"five_prime_UTR","CpG","exp1","acute","22",37.5,0
"five_prime_UTR","CpG","exp1","acute","22",42.5,0
"five_prime_UTR","CpG","exp1","acute","22",47.5,1
"five_prime_UTR","CpG","exp1","acute","22",52.5,0
"five_prime_UTR","CpG","exp1","acute","22",57.5,0
"five_prime_UTR","CpG","exp1","acute","22",62.5,1
"five_prime_UTR","CpG","exp1","acute","22",67.5,0
"five_prime_UTR","CpG","exp1","acute","22",72.5,0
"five_prime_UTR","CpG","exp1","acute","22",77.5,0
"five_prime_UTR","CpG","exp1","acute","22",82.5,0
"five_prime_UTR","CpG","exp1","acute","22",87.5,0
"five_prime_UTR","CpG","exp1","acute","22",92.5,0
"five_prime_UTR","CpG","exp1","acute","22",97.5,3
"five_prime_UTR","CpG","exp1","acute","27",2.5,71
"five_prime_UTR","CpG","exp1","acute","27",7.5,2
"five_prime_UTR","CpG","exp1","acute","27",12.5,0
"five_prime_UTR","CpG","exp1","acute","27",17.5,0
"five_prime_UTR","CpG","exp1","acute","27",22.5,0
"five_prime_UTR","CpG","exp1","acute","27",27.5,0
"five_prime_UTR","CpG","exp1","acute","27",32.5,0
"five_prime_UTR","CpG","exp1","acute","27",37.5,0
"five_prime_UTR","CpG","exp1","acute","27",42.5,0
"five_prime_UTR","CpG","exp1","acute","27",47.5,0
"five_prime_UTR","CpG","exp1","acute","27",52.5,0
"five_prime_UTR","CpG","exp1","acute","27",57.5,1
"five_prime_UTR","CpG","exp1","acute","27",62.5,0
"five_prime_UTR","CpG","exp1","acute","27",67.5,0
"five_prime_UTR","CpG","exp1","acute","27",72.5,0
"five_prime_UTR","CpG","exp1","acute","27",77.5,0
"five_prime_UTR","CpG","exp1","acute","27",82.5,0
"five_prime_UTR","CpG","exp1","acute","27",87.5,0
"five_prime_UTR","CpG","exp1","acute","27",92.5,0
"five_prime_UTR","CpG","exp1","acute","27",97.5,2
"five_prime_UTR","CpG","exp2","naïve","10",2.5,77
"five_prime_UTR","CpG","exp2","naïve","10",7.5,3
"five_prime_UTR","CpG","exp2","naïve","10",12.5,0
"five_prime_UTR","CpG","exp2","naïve","10",17.5,0
"five_prime_UTR","CpG","exp2","naïve","10",22.5,0
"five_prime_UTR","CpG","exp2","naïve","10",27.5,0
"five_prime_UTR","CpG","exp2","naïve","10",32.5,0
"five_prime_UTR","CpG","exp2","naïve","10",37.5,0
"five_prime_UTR","CpG","exp2","naïve","10",42.5,0
"five_prime_UTR","CpG","exp2","naïve","10",47.5,1
"five_prime_UTR","CpG","exp2","naïve","10",52.5,1
"five_prime_UTR","CpG","exp2","naïve","10",57.5,0
"five_prime_UTR","CpG","exp2","naïve","10",62.5,0
"five_prime_UTR","CpG","exp2","naïve","10",67.5,0
"five_prime_UTR","CpG","exp2","naïve","10",72.5,0
"five_prime_UTR","CpG","exp2","naïve","10",77.5,0
"five_prime_UTR","CpG","exp2","naïve","10",82.5,2
"five_prime_UTR","CpG","exp2","naïve","10",87.5,0
"five_prime_UTR","CpG","exp2","naïve","10",92.5,0
"five_prime_UTR","CpG","exp2","naïve","10",97.5,0
"five_prime_UTR","CpG","exp2","naïve","11",2.5,123
"five_prime_UTR","CpG","exp2","naïve","11",7.5,3
"five_prime_UTR","CpG","exp2","naïve","11",12.5,0
"five_prime_UTR","CpG","exp2","naïve","11",17.5,2
"five_prime_UTR","CpG","exp2","naïve","11",22.5,0
"five_prime_UTR","CpG","exp2","naïve","11",27.5,0
"five_prime_UTR","CpG","exp2","naïve","11",32.5,1
"five_prime_UTR","CpG","exp2","naïve","11",37.5,0
"five_prime_UTR","CpG","exp2","naïve","11",42.5,1
"five_prime_UTR","CpG","exp2","naïve","11",47.5,0
"five_prime_UTR","CpG","exp2","naïve","11",52.5,0
"five_prime_UTR","CpG","exp2","naïve","11",57.5,0
"five_prime_UTR","CpG","exp2","naïve","11",62.5,0
"five_prime_UTR","CpG","exp2","naïve","11",67.5,0
"five_prime_UTR","CpG","exp2","naïve","11",72.5,0
"five_prime_UTR","CpG","exp2","naïve","11",77.5,1
"five_prime_UTR","CpG","exp2","naïve","11",82.5,0
"five_prime_UTR","CpG","exp2","naïve","11",87.5,1
"five_prime_UTR","CpG","exp2","naïve","11",92.5,0
"five_prime_UTR","CpG","exp2","naïve","11",97.5,2
"five_prime_UTR","CpG","exp2","naïve","6",2.5,189
"five_prime_UTR","CpG","exp2","naïve","6",7.5,5
"five_prime_UTR","CpG","exp2","naïve","6",12.5,0
"five_prime_UTR","CpG","exp2","naïve","6",17.5,2
"five_prime_UTR","CpG","exp2","naïve","6",22.5,0
"five_prime_UTR","CpG","exp2","naïve","6",27.5,0
"five_prime_UTR","CpG","exp2","naïve","6",32.5,2
"five_prime_UTR","CpG","exp2","naïve","6",37.5,0
"five_prime_UTR","CpG","exp2","naïve","6",42.5,2
"five_prime_UTR","CpG","exp2","naïve","6",47.5,1
"five_prime_UTR","CpG","exp2","naïve","6",52.5,0
"five_prime_UTR","CpG","exp2","naïve","6",57.5,0
"five_prime_UTR","CpG","exp2","naïve","6",62.5,1
"five_prime_UTR","CpG","exp2","naïve","6",67.5,0
"five_prime_UTR","CpG","exp2","naïve","6",72.5,0
"five_prime_UTR","CpG","exp2","naïve","6",77.5,0
"five_prime_UTR","CpG","exp2","naïve","6",82.5,0
"five_prime_UTR","CpG","exp2","naïve","6",87.5,0
"five_prime_UTR","CpG","exp2","naïve","6",92.5,0
"five_prime_UTR","CpG","exp2","naïve","6",97.5,3
"five_prime_UTR","CpG","exp2","naïve","7",2.5,372
"five_prime_UTR","CpG","exp2","naïve","7",7.5,7
"five_prime_UTR","CpG","exp2","naïve","7",12.5,1
"five_prime_UTR","CpG","exp2","naïve","7",17.5,2
"five_prime_UTR","CpG","exp2","naïve","7",22.5,2
"five_prime_UTR","CpG","exp2","naïve","7",27.5,1
"five_prime_UTR","CpG","exp2","naïve","7",32.5,2
"five_prime_UTR","CpG","exp2","naïve","7",37.5,2
"five_prime_UTR","CpG","exp2","naïve","7",42.5,2
"five_prime_UTR","CpG","exp2","naïve","7",47.5,1
"five_prime_UTR","CpG","exp2","naïve","7",52.5,0
"five_prime_UTR","CpG","exp2","naïve","7",57.5,0
"five_prime_UTR","CpG","exp2","naïve","7",62.5,0
"five_prime_UTR","CpG","exp2","naïve","7",67.5,0
"five_prime_UTR","CpG","exp2","naïve","7",72.5,0
"five_prime_UTR","CpG","exp2","naïve","7",77.5,2
"five_prime_UTR","CpG","exp2","naïve","7",82.5,0
"five_prime_UTR","CpG","exp2","naïve","7",87.5,1
"five_prime_UTR","CpG","exp2","naïve","7",92.5,0
"five_prime_UTR","CpG","exp2","naïve","7",97.5,5
"five_prime_UTR","CpG","exp2","primed","14",2.5,112
"five_prime_UTR","CpG","exp2","primed","14",7.5,1
"five_prime_UTR","CpG","exp2","primed","14",12.5,0
"five_prime_UTR","CpG","exp2","primed","14",17.5,0
"five_prime_UTR","CpG","exp2","primed","14",22.5,1
"five_prime_UTR","CpG","exp2","primed","14",27.5,0
"five_prime_UTR","CpG","exp2","primed","14",32.5,0
"five_prime_UTR","CpG","exp2","primed","14",37.5,0
"five_prime_UTR","CpG","exp2","primed","14",42.5,0
"five_prime_UTR","CpG","exp2","primed","14",47.5,0
"five_prime_UTR","CpG","exp2","primed","14",52.5,1
"five_prime_UTR","CpG","exp2","primed","14",57.5,0
"five_prime_UTR","CpG","exp2","primed","14",62.5,0
"five_prime_UTR","CpG","exp2","primed","14",67.5,0
"five_prime_UTR","CpG","exp2","primed","14",72.5,0
"five_prime_UTR","CpG","exp2","primed","14",77.5,1
"five_prime_UTR","CpG","exp2","primed","14",82.5,0
"five_prime_UTR","CpG","exp2","primed","14",87.5,0
"five_prime_UTR","CpG","exp2","primed","14",92.5,0
"five_prime_UTR","CpG","exp2","primed","14",97.5,4
"five_prime_UTR","CpG","exp2","primed","2",2.5,267
"five_prime_UTR","CpG","exp2","primed","2",7.5,9
"five_prime_UTR","CpG","exp2","primed","2",12.5,0
"five_prime_UTR","CpG","exp2","primed","2",17.5,1
"five_prime_UTR","CpG","exp2","primed","2",22.5,0
"five_prime_UTR","CpG","exp2","primed","2",27.5,1
"five_prime_UTR","CpG","exp2","primed","2",32.5,0
"five_prime_UTR","CpG","exp2","primed","2",37.5,1
"five_prime_UTR","CpG","exp2","primed","2",42.5,0
"five_prime_UTR","CpG","exp2","primed","2",47.5,1
"five_prime_UTR","CpG","exp2","primed","2",52.5,0
"five_prime_UTR","CpG","exp2","primed","2",57.5,1
"five_prime_UTR","CpG","exp2","primed","2",62.5,1
"five_prime_UTR","CpG","exp2","primed","2",67.5,2
"five_prime_UTR","CpG","exp2","primed","2",72.5,3
"five_prime_UTR","CpG","exp2","primed","2",77.5,1
"five_prime_UTR","CpG","exp2","primed","2",82.5,0
"five_prime_UTR","CpG","exp2","primed","2",87.5,4
"five_prime_UTR","CpG","exp2","primed","2",92.5,0
"five_prime_UTR","CpG","exp2","primed","2",97.5,2
"five_prime_UTR","CpG","exp2","primed","20",2.5,45
"five_prime_UTR","CpG","exp2","primed","20",7.5,1
"five_prime_UTR","CpG","exp2","primed","20",12.5,0
"five_prime_UTR","CpG","exp2","primed","20",17.5,1
"five_prime_UTR","CpG","exp2","primed","20",22.5,0
"five_prime_UTR","CpG","exp2","primed","20",27.5,0
"five_prime_UTR","CpG","exp2","primed","20",32.5,0
"five_prime_UTR","CpG","exp2","primed","20",37.5,0
"five_prime_UTR","CpG","exp2","primed","20",42.5,0
"five_prime_UTR","CpG","exp2","primed","20",47.5,0
"five_prime_UTR","CpG","exp2","primed","20",52.5,0
"five_prime_UTR","CpG","exp2","primed","20",57.5,0
"five_prime_UTR","CpG","exp2","primed","20",62.5,0
"five_prime_UTR","CpG","exp2","primed","20",67.5,2
"five_prime_UTR","CpG","exp2","primed","20",72.5,0
"five_prime_UTR","CpG","exp2","primed","20",77.5,0
"five_prime_UTR","CpG","exp2","primed","20",82.5,0
"five_prime_UTR","CpG","exp2","primed","20",87.5,0
"five_prime_UTR","CpG","exp2","primed","20",92.5,0
"five_prime_UTR","CpG","exp2","primed","20",97.5,1
"five_prime_UTR","CpG","exp2","primed","21",2.5,63
"five_prime_UTR","CpG","exp2","primed","21",7.5,1
"five_prime_UTR","CpG","exp2","primed","21",12.5,0
"five_prime_UTR","CpG","exp2","primed","21",17.5,0
"five_prime_UTR","CpG","exp2","primed","21",22.5,0
"five_prime_UTR","CpG","exp2","primed","21",27.5,0
"five_prime_UTR","CpG","exp2","primed","21",32.5,0
"five_prime_UTR","CpG","exp2","primed","21",37.5,0
"five_prime_UTR","CpG","exp2","primed","21",42.5,0
"five_prime_UTR","CpG","exp2","primed","21",47.5,1
"five_prime_UTR","CpG","exp2","primed","21",52.5,0
"five_prime_UTR","CpG","exp2","primed","21",57.5,0
"five_prime_UTR","CpG","exp2","primed","21",62.5,0
"five_prime_UTR","CpG","exp2","primed","21",67.5,0
"five_prime_UTR","CpG","exp2","primed","21",72.5,0
"five_prime_UTR","CpG","exp2","primed","21",77.5,0
"five_prime_UTR","CpG","exp2","primed","21",82.5,0
"five_prime_UTR","CpG","exp2","primed","21",87.5,0
"five_prime_UTR","CpG","exp2","primed","21",92.5,0
"five_prime_UTR","CpG","exp2","primed","21",97.5,3
"five_prime_UTR","CHG","exp1","control","13",2.5,299
"five_prime_UTR","CHG","exp1","control","13",7.5,8
"five_prime_UTR","CHG","exp1","control","13",12.5,0
"five_prime_UTR","CHG","exp1","control","13",17.5,1
"five_prime_UTR","CHG","exp1","control","13",22.5,0
"five_prime_UTR","CHG","exp1","control","13",27.5,0
"five_prime_UTR","CHG","exp1","control","13",32.5,0
"five_prime_UTR","CHG","exp1","control","13",37.5,0
"five_prime_UTR","CHG","exp1","control","13",42.5,0
"five_prime_UTR","CHG","exp1","control","13",47.5,0
"five_prime_UTR","CHG","exp1","control","13",52.5,0
"five_prime_UTR","CHG","exp1","control","13",57.5,0
"five_prime_UTR","CHG","exp1","control","13",62.5,0
"five_prime_UTR","CHG","exp1","control","13",67.5,0
"five_prime_UTR","CHG","exp1","control","13",72.5,0
"five_prime_UTR","CHG","exp1","control","13",77.5,0
"five_prime_UTR","CHG","exp1","control","13",82.5,0
"five_prime_UTR","CHG","exp1","control","13",87.5,0
"five_prime_UTR","CHG","exp1","control","13",92.5,0
"five_prime_UTR","CHG","exp1","control","13",97.5,0
"five_prime_UTR","CHG","exp1","control","16",2.5,145
"five_prime_UTR","CHG","exp1","control","16",7.5,2
"five_prime_UTR","CHG","exp1","control","16",12.5,0
"five_prime_UTR","CHG","exp1","control","16",17.5,0
"five_prime_UTR","CHG","exp1","control","16",22.5,0
"five_prime_UTR","CHG","exp1","control","16",27.5,0
"five_prime_UTR","CHG","exp1","control","16",32.5,0
"five_prime_UTR","CHG","exp1","control","16",37.5,0
"five_prime_UTR","CHG","exp1","control","16",42.5,0
"five_prime_UTR","CHG","exp1","control","16",47.5,0
"five_prime_UTR","CHG","exp1","control","16",52.5,0
"five_prime_UTR","CHG","exp1","control","16",57.5,0
"five_prime_UTR","CHG","exp1","control","16",62.5,0
"five_prime_UTR","CHG","exp1","control","16",67.5,0
"five_prime_UTR","CHG","exp1","control","16",72.5,0
"five_prime_UTR","CHG","exp1","control","16",77.5,0
"five_prime_UTR","CHG","exp1","control","16",82.5,0
"five_prime_UTR","CHG","exp1","control","16",87.5,0
"five_prime_UTR","CHG","exp1","control","16",92.5,0
"five_prime_UTR","CHG","exp1","control","16",97.5,0
"five_prime_UTR","CHG","exp1","control","9",2.5,279
"five_prime_UTR","CHG","exp1","control","9",7.5,0
"five_prime_UTR","CHG","exp1","control","9",12.5,0
"five_prime_UTR","CHG","exp1","control","9",17.5,2
"five_prime_UTR","CHG","exp1","control","9",22.5,0
"five_prime_UTR","CHG","exp1","control","9",27.5,0
"five_prime_UTR","CHG","exp1","control","9",32.5,0
"five_prime_UTR","CHG","exp1","control","9",37.5,0
"five_prime_UTR","CHG","exp1","control","9",42.5,0
"five_prime_UTR","CHG","exp1","control","9",47.5,0
"five_prime_UTR","CHG","exp1","control","9",52.5,0
"five_prime_UTR","CHG","exp1","control","9",57.5,0
"five_prime_UTR","CHG","exp1","control","9",62.5,0
"five_prime_UTR","CHG","exp1","control","9",67.5,0
"five_prime_UTR","CHG","exp1","control","9",72.5,0
"five_prime_UTR","CHG","exp1","control","9",77.5,0
"five_prime_UTR","CHG","exp1","control","9",82.5,0
"five_prime_UTR","CHG","exp1","control","9",87.5,0
"five_prime_UTR","CHG","exp1","control","9",92.5,0
"five_prime_UTR","CHG","exp1","control","9",97.5,0
"five_prime_UTR","CHG","exp1","acute","15",2.5,169
"five_prime_UTR","CHG","exp1","acute","15",7.5,2
"five_prime_UTR","CHG","exp1","acute","15",12.5,0
"five_prime_UTR","CHG","exp1","acute","15",17.5,0
"five_prime_UTR","CHG","exp1","acute","15",22.5,0
"five_prime_UTR","CHG","exp1","acute","15",27.5,0
"five_prime_UTR","CHG","exp1","acute","15",32.5,0
"five_prime_UTR","CHG","exp1","acute","15",37.5,0
"five_prime_UTR","CHG","exp1","acute","15",42.5,0
"five_prime_UTR","CHG","exp1","acute","15",47.5,0
"five_prime_UTR","CHG","exp1","acute","15",52.5,0
"five_prime_UTR","CHG","exp1","acute","15",57.5,0
"five_prime_UTR","CHG","exp1","acute","15",62.5,0
"five_prime_UTR","CHG","exp1","acute","15",67.5,0
"five_prime_UTR","CHG","exp1","acute","15",72.5,0
"five_prime_UTR","CHG","exp1","acute","15",77.5,0
"five_prime_UTR","CHG","exp1","acute","15",82.5,0
"five_prime_UTR","CHG","exp1","acute","15",87.5,0
"five_prime_UTR","CHG","exp1","acute","15",92.5,0
"five_prime_UTR","CHG","exp1","acute","15",97.5,0
"five_prime_UTR","CHG","exp1","acute","22",2.5,88
"five_prime_UTR","CHG","exp1","acute","22",7.5,1
"five_prime_UTR","CHG","exp1","acute","22",12.5,0
"five_prime_UTR","CHG","exp1","acute","22",17.5,0
"five_prime_UTR","CHG","exp1","acute","22",22.5,0
"five_prime_UTR","CHG","exp1","acute","22",27.5,0
"five_prime_UTR","CHG","exp1","acute","22",32.5,0
"five_prime_UTR","CHG","exp1","acute","22",37.5,0
"five_prime_UTR","CHG","exp1","acute","22",42.5,0
"five_prime_UTR","CHG","exp1","acute","22",47.5,0
"five_prime_UTR","CHG","exp1","acute","22",52.5,0
"five_prime_UTR","CHG","exp1","acute","22",57.5,0
"five_prime_UTR","CHG","exp1","acute","22",62.5,0
"five_prime_UTR","CHG","exp1","acute","22",67.5,0
"five_prime_UTR","CHG","exp1","acute","22",72.5,0
"five_prime_UTR","CHG","exp1","acute","22",77.5,0
"five_prime_UTR","CHG","exp1","acute","22",82.5,0
"five_prime_UTR","CHG","exp1","acute","22",87.5,0
"five_prime_UTR","CHG","exp1","acute","22",92.5,0
"five_prime_UTR","CHG","exp1","acute","22",97.5,0
"five_prime_UTR","CHG","exp1","acute","27",2.5,76
"five_prime_UTR","CHG","exp1","acute","27",7.5,3
"five_prime_UTR","CHG","exp1","acute","27",12.5,0
"five_prime_UTR","CHG","exp1","acute","27",17.5,0
"five_prime_UTR","CHG","exp1","acute","27",22.5,0
"five_prime_UTR","CHG","exp1","acute","27",27.5,0
"five_prime_UTR","CHG","exp1","acute","27",32.5,0
"five_prime_UTR","CHG","exp1","acute","27",37.5,0
"five_prime_UTR","CHG","exp1","acute","27",42.5,0
"five_prime_UTR","CHG","exp1","acute","27",47.5,0
"five_prime_UTR","CHG","exp1","acute","27",52.5,0
"five_prime_UTR","CHG","exp1","acute","27",57.5,0
"five_prime_UTR","CHG","exp1","acute","27",62.5,0
"five_prime_UTR","CHG","exp1","acute","27",67.5,0
"five_prime_UTR","CHG","exp1","acute","27",72.5,0
"five_prime_UTR","CHG","exp1","acute","27",77.5,0
"five_prime_UTR","CHG","exp1","acute","27",82.5,0
"five_prime_UTR","CHG","exp1","acute","27",87.5,0
"five_prime_UTR","CHG","exp1","acute","27",92.5,0
"five_prime_UTR","CHG","exp1","acute","27",97.5,0
"five_prime_UTR","CHG","exp2","naïve","10",2.5,75
"five_prime_UTR","CHG","exp2","naïve","10",7.5,4
"five_prime_UTR","CHG","exp2","naïve","10",12.5,0
"five_prime_UTR","CHG","exp2","naïve","10",17.5,0
"five_prime_UTR","CHG","exp2","naïve","10",22.5,0
"five_prime_UTR","CHG","exp2","naïve","10",27.5,0
"five_prime_UTR","CHG","exp2","naïve","10",32.5,0
"five_prime_UTR","CHG","exp2","naïve","10",37.5,0
"five_prime_UTR","CHG","exp2","naïve","10",42.5,0
"five_prime_UTR","CHG","exp2","naïve","10",47.5,0
"five_prime_UTR","CHG","exp2","naïve","10",52.5,0
"five_prime_UTR","CHG","exp2","naïve","10",57.5,0
"five_prime_UTR","CHG","exp2","naïve","10",62.5,0
"five_prime_UTR","CHG","exp2","naïve","10",67.5,0
"five_prime_UTR","CHG","exp2","naïve","10",72.5,0
"five_prime_UTR","CHG","exp2","naïve","10",77.5,0
"five_prime_UTR","CHG","exp2","naïve","10",82.5,0
"five_prime_UTR","CHG","exp2","naïve","10",87.5,0
"five_prime_UTR","CHG","exp2","naïve","10",92.5,0
"five_prime_UTR","CHG","exp2","naïve","10",97.5,0
"five_prime_UTR","CHG","exp2","naïve","11",2.5,128
"five_prime_UTR","CHG","exp2","naïve","11",7.5,0
"five_prime_UTR","CHG","exp2","naïve","11",12.5,0
"five_prime_UTR","CHG","exp2","naïve","11",17.5,0
"five_prime_UTR","CHG","exp2","naïve","11",22.5,0
"five_prime_UTR","CHG","exp2","naïve","11",27.5,0
"five_prime_UTR","CHG","exp2","naïve","11",32.5,0
"five_prime_UTR","CHG","exp2","naïve","11",37.5,0
"five_prime_UTR","CHG","exp2","naïve","11",42.5,0
"five_prime_UTR","CHG","exp2","naïve","11",47.5,0
"five_prime_UTR","CHG","exp2","naïve","11",52.5,0
"five_prime_UTR","CHG","exp2","naïve","11",57.5,0
"five_prime_UTR","CHG","exp2","naïve","11",62.5,0
"five_prime_UTR","CHG","exp2","naïve","11",67.5,0
"five_prime_UTR","CHG","exp2","naïve","11",72.5,0
"five_prime_UTR","CHG","exp2","naïve","11",77.5,0
"five_prime_UTR","CHG","exp2","naïve","11",82.5,0
"five_prime_UTR","CHG","exp2","naïve","11",87.5,0
"five_prime_UTR","CHG","exp2","naïve","11",92.5,0
"five_prime_UTR","CHG","exp2","naïve","11",97.5,0
"five_prime_UTR","CHG","exp2","naïve","6",2.5,203
"five_prime_UTR","CHG","exp2","naïve","6",7.5,4
"five_prime_UTR","CHG","exp2","naïve","6",12.5,0
"five_prime_UTR","CHG","exp2","naïve","6",17.5,0
"five_prime_UTR","CHG","exp2","naïve","6",22.5,0
"five_prime_UTR","CHG","exp2","naïve","6",27.5,0
"five_prime_UTR","CHG","exp2","naïve","6",32.5,0
"five_prime_UTR","CHG","exp2","naïve","6",37.5,0
"five_prime_UTR","CHG","exp2","naïve","6",42.5,0
"five_prime_UTR","CHG","exp2","naïve","6",47.5,0
"five_prime_UTR","CHG","exp2","naïve","6",52.5,0
"five_prime_UTR","CHG","exp2","naïve","6",57.5,0
"five_prime_UTR","CHG","exp2","naïve","6",62.5,0
"five_prime_UTR","CHG","exp2","naïve","6",67.5,0
"five_prime_UTR","CHG","exp2","naïve","6",72.5,0
"five_prime_UTR","CHG","exp2","naïve","6",77.5,0
"five_prime_UTR","CHG","exp2","naïve","6",82.5,0
"five_prime_UTR","CHG","exp2","naïve","6",87.5,0
"five_prime_UTR","CHG","exp2","naïve","6",92.5,0
"five_prime_UTR","CHG","exp2","naïve","6",97.5,0
"five_prime_UTR","CHG","exp2","naïve","7",2.5,423
"five_prime_UTR","CHG","exp2","naïve","7",7.5,10
"five_prime_UTR","CHG","exp2","naïve","7",12.5,0
"five_prime_UTR","CHG","exp2","naïve","7",17.5,0
"five_prime_UTR","CHG","exp2","naïve","7",22.5,0
"five_prime_UTR","CHG","exp2","naïve","7",27.5,0
"five_prime_UTR","CHG","exp2","naïve","7",32.5,0
"five_prime_UTR","CHG","exp2","naïve","7",37.5,0
"five_prime_UTR","CHG","exp2","naïve","7",42.5,0
"five_prime_UTR","CHG","exp2","naïve","7",47.5,0
"five_prime_UTR","CHG","exp2","naïve","7",52.5,0
"five_prime_UTR","CHG","exp2","naïve","7",57.5,0
"five_prime_UTR","CHG","exp2","naïve","7",62.5,0
"five_prime_UTR","CHG","exp2","naïve","7",67.5,0
"five_prime_UTR","CHG","exp2","naïve","7",72.5,0
"five_prime_UTR","CHG","exp2","naïve","7",77.5,0
"five_prime_UTR","CHG","exp2","naïve","7",82.5,0
"five_prime_UTR","CHG","exp2","naïve","7",87.5,0
"five_prime_UTR","CHG","exp2","naïve","7",92.5,0
"five_prime_UTR","CHG","exp2","naïve","7",97.5,0
"five_prime_UTR","CHG","exp2","primed","14",2.5,115
"five_prime_UTR","CHG","exp2","primed","14",7.5,3
"five_prime_UTR","CHG","exp2","primed","14",12.5,0
"five_prime_UTR","CHG","exp2","primed","14",17.5,0
"five_prime_UTR","CHG","exp2","primed","14",22.5,0
"five_prime_UTR","CHG","exp2","primed","14",27.5,0
"five_prime_UTR","CHG","exp2","primed","14",32.5,0
"five_prime_UTR","CHG","exp2","primed","14",37.5,0
"five_prime_UTR","CHG","exp2","primed","14",42.5,0
"five_prime_UTR","CHG","exp2","primed","14",47.5,0
"five_prime_UTR","CHG","exp2","primed","14",52.5,0
"five_prime_UTR","CHG","exp2","primed","14",57.5,0
"five_prime_UTR","CHG","exp2","primed","14",62.5,0
"five_prime_UTR","CHG","exp2","primed","14",67.5,0
"five_prime_UTR","CHG","exp2","primed","14",72.5,0
"five_prime_UTR","CHG","exp2","primed","14",77.5,0
"five_prime_UTR","CHG","exp2","primed","14",82.5,0
"five_prime_UTR","CHG","exp2","primed","14",87.5,0
"five_prime_UTR","CHG","exp2","primed","14",92.5,0
"five_prime_UTR","CHG","exp2","primed","14",97.5,0
"five_prime_UTR","CHG","exp2","primed","2",2.5,288
"five_prime_UTR","CHG","exp2","primed","2",7.5,8
"five_prime_UTR","CHG","exp2","primed","2",12.5,1
"five_prime_UTR","CHG","exp2","primed","2",17.5,0
"five_prime_UTR","CHG","exp2","primed","2",22.5,0
"five_prime_UTR","CHG","exp2","primed","2",27.5,0
"five_prime_UTR","CHG","exp2","primed","2",32.5,0
"five_prime_UTR","CHG","exp2","primed","2",37.5,0
"five_prime_UTR","CHG","exp2","primed","2",42.5,0
"five_prime_UTR","CHG","exp2","primed","2",47.5,0
"five_prime_UTR","CHG","exp2","primed","2",52.5,0
"five_prime_UTR","CHG","exp2","primed","2",57.5,0
"five_prime_UTR","CHG","exp2","primed","2",62.5,0
"five_prime_UTR","CHG","exp2","primed","2",67.5,0
"five_prime_UTR","CHG","exp2","primed","2",72.5,0
"five_prime_UTR","CHG","exp2","primed","2",77.5,0
"five_prime_UTR","CHG","exp2","primed","2",82.5,0
"five_prime_UTR","CHG","exp2","primed","2",87.5,0
"five_prime_UTR","CHG","exp2","primed","2",92.5,0
"five_prime_UTR","CHG","exp2","primed","2",97.5,0
"five_prime_UTR","CHG","exp2","primed","20",2.5,53
"five_prime_UTR","CHG","exp2","primed","20",7.5,0
"five_prime_UTR","CHG","exp2","primed","20",12.5,0
"five_prime_UTR","CHG","exp2","primed","20",17.5,0
"five_prime_UTR","CHG","exp2","primed","20",22.5,0
"five_prime_UTR","CHG","exp2","primed","20",27.5,0
"five_prime_UTR","CHG","exp2","primed","20",32.5,0
"five_prime_UTR","CHG","exp2","primed","20",37.5,0
"five_prime_UTR","CHG","exp2","primed","20",42.5,0
"five_prime_UTR","CHG","exp2","primed","20",47.5,0
"five_prime_UTR","CHG","exp2","primed","20",52.5,0
"five_prime_UTR","CHG","exp2","primed","20",57.5,0
"five_prime_UTR","CHG","exp2","primed","20",62.5,0
"five_prime_UTR","CHG","exp2","primed","20",67.5,0
"five_prime_UTR","CHG","exp2","primed","20",72.5,0
"five_prime_UTR","CHG","exp2","primed","20",77.5,0
"five_prime_UTR","CHG","exp2","primed","20",82.5,0
"five_prime_UTR","CHG","exp2","primed","20",87.5,0
"five_prime_UTR","CHG","exp2","primed","20",92.5,0
"five_prime_UTR","CHG","exp2","primed","20",97.5,0
"five_prime_UTR","CHG","exp2","primed","21",2.5,77
"five_prime_UTR","CHG","exp2","primed","21",7.5,1
"five_prime_UTR","CHG","exp2","primed","21",12.5,0
"five_prime_UTR","CHG","exp2","primed","21",17.5,0
"five_prime_UTR","CHG","exp2","primed","21",22.5,0
"five_prime_UTR","CHG","exp2","primed","21",27.5,0
"five_prime_UTR","CHG","exp2","primed","21",32.5,0
"five_prime_UTR","CHG","exp2","primed","21",37.5,0
"five_prime_UTR","CHG","exp2","primed","21",42.5,0
"five_prime_UTR","CHG","exp2","primed","21",47.5,0
"five_prime_UTR","CHG","exp2","primed","21",52.5,0
"five_prime_UTR","CHG","exp2","primed","21",57.5,0
"five_prime_UTR","CHG","exp2","primed","21",62.5,0
"five_prime_UTR","CHG","exp2","primed","21",67.5,0
"five_prime_UTR","CHG","exp2","primed","21",72.5,0
"five_prime_UTR","CHG","exp2","primed","21",77.5,0
"five_prime_UTR","CHG","exp2","primed","21",82.5,0
"five_prime_UTR","CHG","exp2","primed","21",87.5,0
"five_prime_UTR","CHG","exp2","primed","21",92.5,0
"five_prime_UTR","CHG","exp2","primed","21",97.5,0
"five_prime_UTR","CHH","exp1","control","13",2.5,404
"five_prime_UTR","CHH","exp1","control","13",7.5,6
"five_prime_UTR","CHH","exp1","control","13",12.5,1
"five_prime_UTR","CHH","exp1","control","13",17.5,1
"five_prime_UTR","CHH","exp1","control","13",22.5,0
"five_prime_UTR","CHH","exp1","control","13",27.5,0
"five_prime_UTR","CHH","exp1","control","13",32.5,0
"five_prime_UTR","CHH","exp1","control","13",37.5,0
"five_prime_UTR","CHH","exp1","control","13",42.5,0
"five_prime_UTR","CHH","exp1","control","13",47.5,0
"five_prime_UTR","CHH","exp1","control","13",52.5,0
"five_prime_UTR","CHH","exp1","control","13",57.5,0
"five_prime_UTR","CHH","exp1","control","13",62.5,0
"five_prime_UTR","CHH","exp1","control","13",67.5,0
"five_prime_UTR","CHH","exp1","control","13",72.5,0
"five_prime_UTR","CHH","exp1","control","13",77.5,0
"five_prime_UTR","CHH","exp1","control","13",82.5,0
"five_prime_UTR","CHH","exp1","control","13",87.5,0
"five_prime_UTR","CHH","exp1","control","13",92.5,0
"five_prime_UTR","CHH","exp1","control","13",97.5,0
"five_prime_UTR","CHH","exp1","control","16",2.5,205
"five_prime_UTR","CHH","exp1","control","16",7.5,3
"five_prime_UTR","CHH","exp1","control","16",12.5,0
"five_prime_UTR","CHH","exp1","control","16",17.5,0
"five_prime_UTR","CHH","exp1","control","16",22.5,0
"five_prime_UTR","CHH","exp1","control","16",27.5,0
"five_prime_UTR","CHH","exp1","control","16",32.5,0
"five_prime_UTR","CHH","exp1","control","16",37.5,0
"five_prime_UTR","CHH","exp1","control","16",42.5,0
"five_prime_UTR","CHH","exp1","control","16",47.5,0
"five_prime_UTR","CHH","exp1","control","16",52.5,0
"five_prime_UTR","CHH","exp1","control","16",57.5,0
"five_prime_UTR","CHH","exp1","control","16",62.5,0
"five_prime_UTR","CHH","exp1","control","16",67.5,0
"five_prime_UTR","CHH","exp1","control","16",72.5,0
"five_prime_UTR","CHH","exp1","control","16",77.5,0
"five_prime_UTR","CHH","exp1","control","16",82.5,0
"five_prime_UTR","CHH","exp1","control","16",87.5,0
"five_prime_UTR","CHH","exp1","control","16",92.5,0
"five_prime_UTR","CHH","exp1","control","16",97.5,0
"five_prime_UTR","CHH","exp1","control","9",2.5,404
"five_prime_UTR","CHH","exp1","control","9",7.5,5
"five_prime_UTR","CHH","exp1","control","9",12.5,0
"five_prime_UTR","CHH","exp1","control","9",17.5,2
"five_prime_UTR","CHH","exp1","control","9",22.5,0
"five_prime_UTR","CHH","exp1","control","9",27.5,0
"five_prime_UTR","CHH","exp1","control","9",32.5,0
"five_prime_UTR","CHH","exp1","control","9",37.5,0
"five_prime_UTR","CHH","exp1","control","9",42.5,0
"five_prime_UTR","CHH","exp1","control","9",47.5,0
"five_prime_UTR","CHH","exp1","control","9",52.5,0
"five_prime_UTR","CHH","exp1","control","9",57.5,0
"five_prime_UTR","CHH","exp1","control","9",62.5,0
"five_prime_UTR","CHH","exp1","control","9",67.5,0
"five_prime_UTR","CHH","exp1","control","9",72.5,0
"five_prime_UTR","CHH","exp1","control","9",77.5,0
"five_prime_UTR","CHH","exp1","control","9",82.5,0
"five_prime_UTR","CHH","exp1","control","9",87.5,0
"five_prime_UTR","CHH","exp1","control","9",92.5,0
"five_prime_UTR","CHH","exp1","control","9",97.5,0
"five_prime_UTR","CHH","exp1","acute","15",2.5,252
"five_prime_UTR","CHH","exp1","acute","15",7.5,9
"five_prime_UTR","CHH","exp1","acute","15",12.5,0
"five_prime_UTR","CHH","exp1","acute","15",17.5,0
"five_prime_UTR","CHH","exp1","acute","15",22.5,0
"five_prime_UTR","CHH","exp1","acute","15",27.5,0
"five_prime_UTR","CHH","exp1","acute","15",32.5,0
"five_prime_UTR","CHH","exp1","acute","15",37.5,0
"five_prime_UTR","CHH","exp1","acute","15",42.5,0
"five_prime_UTR","CHH","exp1","acute","15",47.5,0
"five_prime_UTR","CHH","exp1","acute","15",52.5,0
"five_prime_UTR","CHH","exp1","acute","15",57.5,0
"five_prime_UTR","CHH","exp1","acute","15",62.5,0
"five_prime_UTR","CHH","exp1","acute","15",67.5,0
"five_prime_UTR","CHH","exp1","acute","15",72.5,0
"five_prime_UTR","CHH","exp1","acute","15",77.5,0
"five_prime_UTR","CHH","exp1","acute","15",82.5,0
"five_prime_UTR","CHH","exp1","acute","15",87.5,0
"five_prime_UTR","CHH","exp1","acute","15",92.5,0
"five_prime_UTR","CHH","exp1","acute","15",97.5,0
"five_prime_UTR","CHH","exp1","acute","22",2.5,118
"five_prime_UTR","CHH","exp1","acute","22",7.5,1
"five_prime_UTR","CHH","exp1","acute","22",12.5,0
"five_prime_UTR","CHH","exp1","acute","22",17.5,0
"five_prime_UTR","CHH","exp1","acute","22",22.5,0
"five_prime_UTR","CHH","exp1","acute","22",27.5,0
"five_prime_UTR","CHH","exp1","acute","22",32.5,0
"five_prime_UTR","CHH","exp1","acute","22",37.5,0
"five_prime_UTR","CHH","exp1","acute","22",42.5,0
"five_prime_UTR","CHH","exp1","acute","22",47.5,0
"five_prime_UTR","CHH","exp1","acute","22",52.5,0
"five_prime_UTR","CHH","exp1","acute","22",57.5,0
"five_prime_UTR","CHH","exp1","acute","22",62.5,0
"five_prime_UTR","CHH","exp1","acute","22",67.5,0
"five_prime_UTR","CHH","exp1","acute","22",72.5,0
"five_prime_UTR","CHH","exp1","acute","22",77.5,0
"five_prime_UTR","CHH","exp1","acute","22",82.5,0
"five_prime_UTR","CHH","exp1","acute","22",87.5,0
"five_prime_UTR","CHH","exp1","acute","22",92.5,0
"five_prime_UTR","CHH","exp1","acute","22",97.5,0
"five_prime_UTR","CHH","exp1","acute","27",2.5,110
"five_prime_UTR","CHH","exp1","acute","27",7.5,2
"five_prime_UTR","CHH","exp1","acute","27",12.5,0
"five_prime_UTR","CHH","exp1","acute","27",17.5,0
"five_prime_UTR","CHH","exp1","acute","27",22.5,0
"five_prime_UTR","CHH","exp1","acute","27",27.5,0
"five_prime_UTR","CHH","exp1","acute","27",32.5,0
"five_prime_UTR","CHH","exp1","acute","27",37.5,0
"five_prime_UTR","CHH","exp1","acute","27",42.5,0
"five_prime_UTR","CHH","exp1","acute","27",47.5,0
"five_prime_UTR","CHH","exp1","acute","27",52.5,0
"five_prime_UTR","CHH","exp1","acute","27",57.5,0
"five_prime_UTR","CHH","exp1","acute","27",62.5,0
"five_prime_UTR","CHH","exp1","acute","27",67.5,0
"five_prime_UTR","CHH","exp1","acute","27",72.5,0
"five_prime_UTR","CHH","exp1","acute","27",77.5,0
"five_prime_UTR","CHH","exp1","acute","27",82.5,0
"five_prime_UTR","CHH","exp1","acute","27",87.5,0
"five_prime_UTR","CHH","exp1","acute","27",92.5,0
"five_prime_UTR","CHH","exp1","acute","27",97.5,0
"five_prime_UTR","CHH","exp2","naïve","10",2.5,144
"five_prime_UTR","CHH","exp2","naïve","10",7.5,5
"five_prime_UTR","CHH","exp2","naïve","10",12.5,0
"five_prime_UTR","CHH","exp2","naïve","10",17.5,0
"five_prime_UTR","CHH","exp2","naïve","10",22.5,0
"five_prime_UTR","CHH","exp2","naïve","10",27.5,0
"five_prime_UTR","CHH","exp2","naïve","10",32.5,0
"five_prime_UTR","CHH","exp2","naïve","10",37.5,0
"five_prime_UTR","CHH","exp2","naïve","10",42.5,0
"five_prime_UTR","CHH","exp2","naïve","10",47.5,0
"five_prime_UTR","CHH","exp2","naïve","10",52.5,0
"five_prime_UTR","CHH","exp2","naïve","10",57.5,0
"five_prime_UTR","CHH","exp2","naïve","10",62.5,0
"five_prime_UTR","CHH","exp2","naïve","10",67.5,0
"five_prime_UTR","CHH","exp2","naïve","10",72.5,0
"five_prime_UTR","CHH","exp2","naïve","10",77.5,0
"five_prime_UTR","CHH","exp2","naïve","10",82.5,0
"five_prime_UTR","CHH","exp2","naïve","10",87.5,0
"five_prime_UTR","CHH","exp2","naïve","10",92.5,0
"five_prime_UTR","CHH","exp2","naïve","10",97.5,0
"five_prime_UTR","CHH","exp2","naïve","11",2.5,186
"five_prime_UTR","CHH","exp2","naïve","11",7.5,8
"five_prime_UTR","CHH","exp2","naïve","11",12.5,0
"five_prime_UTR","CHH","exp2","naïve","11",17.5,0
"five_prime_UTR","CHH","exp2","naïve","11",22.5,0
"five_prime_UTR","CHH","exp2","naïve","11",27.5,0
"five_prime_UTR","CHH","exp2","naïve","11",32.5,0
"five_prime_UTR","CHH","exp2","naïve","11",37.5,0
"five_prime_UTR","CHH","exp2","naïve","11",42.5,0
"five_prime_UTR","CHH","exp2","naïve","11",47.5,0
"five_prime_UTR","CHH","exp2","naïve","11",52.5,0
"five_prime_UTR","CHH","exp2","naïve","11",57.5,0
"five_prime_UTR","CHH","exp2","naïve","11",62.5,0
"five_prime_UTR","CHH","exp2","naïve","11",67.5,0
"five_prime_UTR","CHH","exp2","naïve","11",72.5,0
"five_prime_UTR","CHH","exp2","naïve","11",77.5,0
"five_prime_UTR","CHH","exp2","naïve","11",82.5,0
"five_prime_UTR","CHH","exp2","naïve","11",87.5,0
"five_prime_UTR","CHH","exp2","naïve","11",92.5,0
"five_prime_UTR","CHH","exp2","naïve","11",97.5,0
"five_prime_UTR","CHH","exp2","naïve","6",2.5,286
"five_prime_UTR","CHH","exp2","naïve","6",7.5,6
"five_prime_UTR","CHH","exp2","naïve","6",12.5,0
"five_prime_UTR","CHH","exp2","naïve","6",17.5,0
"five_prime_UTR","CHH","exp2","naïve","6",22.5,0
"five_prime_UTR","CHH","exp2","naïve","6",27.5,0
"five_prime_UTR","CHH","exp2","naïve","6",32.5,0
"five_prime_UTR","CHH","exp2","naïve","6",37.5,0
"five_prime_UTR","CHH","exp2","naïve","6",42.5,0
"five_prime_UTR","CHH","exp2","naïve","6",47.5,0
"five_prime_UTR","CHH","exp2","naïve","6",52.5,0
"five_prime_UTR","CHH","exp2","naïve","6",57.5,0
"five_prime_UTR","CHH","exp2","naïve","6",62.5,0
"five_prime_UTR","CHH","exp2","naïve","6",67.5,0
"five_prime_UTR","CHH","exp2","naïve","6",72.5,0
"five_prime_UTR","CHH","exp2","naïve","6",77.5,0
"five_prime_UTR","CHH","exp2","naïve","6",82.5,0
"five_prime_UTR","CHH","exp2","naïve","6",87.5,0
"five_prime_UTR","CHH","exp2","naïve","6",92.5,0
"five_prime_UTR","CHH","exp2","naïve","6",97.5,0
"five_prime_UTR","CHH","exp2","naïve","7",2.5,567
"five_prime_UTR","CHH","exp2","naïve","7",7.5,18
"five_prime_UTR","CHH","exp2","naïve","7",12.5,0
"five_prime_UTR","CHH","exp2","naïve","7",17.5,0
"five_prime_UTR","CHH","exp2","naïve","7",22.5,0
"five_prime_UTR","CHH","exp2","naïve","7",27.5,0
"five_prime_UTR","CHH","exp2","naïve","7",32.5,0
"five_prime_UTR","CHH","exp2","naïve","7",37.5,0
"five_prime_UTR","CHH","exp2","naïve","7",42.5,0
"five_prime_UTR","CHH","exp2","naïve","7",47.5,0
"five_prime_UTR","CHH","exp2","naïve","7",52.5,0
"five_prime_UTR","CHH","exp2","naïve","7",57.5,0
"five_prime_UTR","CHH","exp2","naïve","7",62.5,0
"five_prime_UTR","CHH","exp2","naïve","7",67.5,0
"five_prime_UTR","CHH","exp2","naïve","7",72.5,0
"five_prime_UTR","CHH","exp2","naïve","7",77.5,0
"five_prime_UTR","CHH","exp2","naïve","7",82.5,0
"five_prime_UTR","CHH","exp2","naïve","7",87.5,0
"five_prime_UTR","CHH","exp2","naïve","7",92.5,0
"five_prime_UTR","CHH","exp2","naïve","7",97.5,0
"five_prime_UTR","CHH","exp2","primed","14",2.5,160
"five_prime_UTR","CHH","exp2","primed","14",7.5,3
"five_prime_UTR","CHH","exp2","primed","14",12.5,0
"five_prime_UTR","CHH","exp2","primed","14",17.5,0
"five_prime_UTR","CHH","exp2","primed","14",22.5,0
"five_prime_UTR","CHH","exp2","primed","14",27.5,0
"five_prime_UTR","CHH","exp2","primed","14",32.5,0
"five_prime_UTR","CHH","exp2","primed","14",37.5,0
"five_prime_UTR","CHH","exp2","primed","14",42.5,0
"five_prime_UTR","CHH","exp2","primed","14",47.5,0
"five_prime_UTR","CHH","exp2","primed","14",52.5,0
"five_prime_UTR","CHH","exp2","primed","14",57.5,0
"five_prime_UTR","CHH","exp2","primed","14",62.5,0
"five_prime_UTR","CHH","exp2","primed","14",67.5,0
"five_prime_UTR","CHH","exp2","primed","14",72.5,0
"five_prime_UTR","CHH","exp2","primed","14",77.5,0
"five_prime_UTR","CHH","exp2","primed","14",82.5,0
"five_prime_UTR","CHH","exp2","primed","14",87.5,0
"five_prime_UTR","CHH","exp2","primed","14",92.5,0
"five_prime_UTR","CHH","exp2","primed","14",97.5,0
"five_prime_UTR","CHH","exp2","primed","2",2.5,412
"five_prime_UTR","CHH","exp2","primed","2",7.5,8
"five_prime_UTR","CHH","exp2","primed","2",12.5,1
"five_prime_UTR","CHH","exp2","primed","2",17.5,0
"five_prime_UTR","CHH","exp2","primed","2",22.5,0
"five_prime_UTR","CHH","exp2","primed","2",27.5,0
"five_prime_UTR","CHH","exp2","primed","2",32.5,0
"five_prime_UTR","CHH","exp2","primed","2",37.5,0
"five_prime_UTR","CHH","exp2","primed","2",42.5,0
"five_prime_UTR","CHH","exp2","primed","2",47.5,0
"five_prime_UTR","CHH","exp2","primed","2",52.5,0
"five_prime_UTR","CHH","exp2","primed","2",57.5,0
"five_prime_UTR","CHH","exp2","primed","2",62.5,0
"five_prime_UTR","CHH","exp2","primed","2",67.5,0
"five_prime_UTR","CHH","exp2","primed","2",72.5,0
"five_prime_UTR","CHH","exp2","primed","2",77.5,0
"five_prime_UTR","CHH","exp2","primed","2",82.5,0
"five_prime_UTR","CHH","exp2","primed","2",87.5,0
"five_prime_UTR","CHH","exp2","primed","2",92.5,0
"five_prime_UTR","CHH","exp2","primed","2",97.5,0
"five_prime_UTR","CHH","exp2","primed","20",2.5,75
"five_prime_UTR","CHH","exp2","primed","20",7.5,1
"five_prime_UTR","CHH","exp2","primed","20",12.5,0
"five_prime_UTR","CHH","exp2","primed","20",17.5,0
"five_prime_UTR","CHH","exp2","primed","20",22.5,0
"five_prime_UTR","CHH","exp2","primed","20",27.5,0
"five_prime_UTR","CHH","exp2","primed","20",32.5,0
"five_prime_UTR","CHH","exp2","primed","20",37.5,0
"five_prime_UTR","CHH","exp2","primed","20",42.5,0
"five_prime_UTR","CHH","exp2","primed","20",47.5,0
"five_prime_UTR","CHH","exp2","primed","20",52.5,0
"five_prime_UTR","CHH","exp2","primed","20",57.5,0
"five_prime_UTR","CHH","exp2","primed","20",62.5,0
"five_prime_UTR","CHH","exp2","primed","20",67.5,0
"five_prime_UTR","CHH","exp2","primed","20",72.5,0
"five_prime_UTR","CHH","exp2","primed","20",77.5,0
"five_prime_UTR","CHH","exp2","primed","20",82.5,0
"five_prime_UTR","CHH","exp2","primed","20",87.5,0
"five_prime_UTR","CHH","exp2","primed","20",92.5,0
"five_prime_UTR","CHH","exp2","primed","20",97.5,0
"five_prime_UTR","CHH","exp2","primed","21",2.5,88
"five_prime_UTR","CHH","exp2","primed","21",7.5,1
"five_prime_UTR","CHH","exp2","primed","21",12.5,0
"five_prime_UTR","CHH","exp2","primed","21",17.5,0
"five_prime_UTR","CHH","exp2","primed","21",22.5,0
"five_prime_UTR","CHH","exp2","primed","21",27.5,0
"five_prime_UTR","CHH","exp2","primed","21",32.5,0
"five_prime_UTR","CHH","exp2","primed","21",37.5,0
"five_prime_UTR","CHH","exp2","primed","21",42.5,0
"five_prime_UTR","CHH","exp2","primed","21",47.5,0
"five_prime_UTR","CHH","exp2","primed","21",52.5,0
"five_prime_UTR","CHH","exp2","primed","21",57.5,0
"five_prime_UTR","CHH","exp2","primed","21",62.5,0
"five_prime_UTR","CHH","exp2","primed","21",67.5,0
"five_prime_UTR","CHH","exp2","primed","21",72.5,0
"five_prime_UTR","CHH","exp2","primed","21",77.5,0
"five_prime_UTR","CHH","exp2","primed","21",82.5,0
"five_prime_UTR","CHH","exp2","primed","21",87.5,0
"five_prime_UTR","CHH","exp2","primed","21",92.5,0
"five_prime_UTR","CHH","exp2","primed","21",97.5,0
"gene","CpG","exp1","control","13",2.5,4812
"gene","CpG","exp1","control","13",7.5,221
"gene","CpG","exp1","control","13",12.5,77
"gene","CpG","exp1","control","13",17.5,92
"gene","CpG","exp1","control","13",22.5,52
"gene","CpG","exp1","control","13",27.5,52
"gene","CpG","exp1","control","13",32.5,37
"gene","CpG","exp1","control","13",37.5,52
"gene","CpG","exp1","control","13",42.5,41
"gene","CpG","exp1","control","13",47.5,49
"gene","CpG","exp1","control","13",52.5,24
"gene","CpG","exp1","control","13",57.5,39
"gene","CpG","exp1","control","13",62.5,37
"gene","CpG","exp1","control","13",67.5,43
"gene","CpG","exp1","control","13",72.5,24
"gene","CpG","exp1","control","13",77.5,34
"gene","CpG","exp1","control","13",82.5,27
"gene","CpG","exp1","control","13",87.5,78
"gene","CpG","exp1","control","13",92.5,43
"gene","CpG","exp1","control","13",97.5,191
"gene","CpG","exp1","control","16",2.5,2852
"gene","CpG","exp1","control","16",7.5,144
"gene","CpG","exp1","control","16",12.5,48
"gene","CpG","exp1","control","16",17.5,49
"gene","CpG","exp1","control","16",22.5,32
"gene","CpG","exp1","control","16",27.5,32
"gene","CpG","exp1","control","16",32.5,25
"gene","CpG","exp1","control","16",37.5,44
"gene","CpG","exp1","control","16",42.5,18
"gene","CpG","exp1","control","16",47.5,29
"gene","CpG","exp1","control","16",52.5,19
"gene","CpG","exp1","control","16",57.5,21
"gene","CpG","exp1","control","16",62.5,14
"gene","CpG","exp1","control","16",67.5,17
"gene","CpG","exp1","control","16",72.5,19
"gene","CpG","exp1","control","16",77.5,16
"gene","CpG","exp1","control","16",82.5,9
"gene","CpG","exp1","control","16",87.5,21
"gene","CpG","exp1","control","16",92.5,14
"gene","CpG","exp1","control","16",97.5,106
"gene","CpG","exp1","control","9",2.5,4711
"gene","CpG","exp1","control","9",7.5,209
"gene","CpG","exp1","control","9",12.5,68
"gene","CpG","exp1","control","9",17.5,75
"gene","CpG","exp1","control","9",22.5,37
"gene","CpG","exp1","control","9",27.5,62
"gene","CpG","exp1","control","9",32.5,22
"gene","CpG","exp1","control","9",37.5,58
"gene","CpG","exp1","control","9",42.5,37
"gene","CpG","exp1","control","9",47.5,42
"gene","CpG","exp1","control","9",52.5,30
"gene","CpG","exp1","control","9",57.5,34
"gene","CpG","exp1","control","9",62.5,25
"gene","CpG","exp1","control","9",67.5,33
"gene","CpG","exp1","control","9",72.5,23
"gene","CpG","exp1","control","9",77.5,41
"gene","CpG","exp1","control","9",82.5,24
"gene","CpG","exp1","control","9",87.5,71
"gene","CpG","exp1","control","9",92.5,54
"gene","CpG","exp1","control","9",97.5,226
"gene","CpG","exp1","acute","15",2.5,3853
"gene","CpG","exp1","acute","15",7.5,154
"gene","CpG","exp1","acute","15",12.5,56
"gene","CpG","exp1","acute","15",17.5,69
"gene","CpG","exp1","acute","15",22.5,27
"gene","CpG","exp1","acute","15",27.5,50
"gene","CpG","exp1","acute","15",32.5,35
"gene","CpG","exp1","acute","15",37.5,30
"gene","CpG","exp1","acute","15",42.5,28
"gene","CpG","exp1","acute","15",47.5,41
"gene","CpG","exp1","acute","15",52.5,20
"gene","CpG","exp1","acute","15",57.5,23
"gene","CpG","exp1","acute","15",62.5,13
"gene","CpG","exp1","acute","15",67.5,41
"gene","CpG","exp1","acute","15",72.5,19
"gene","CpG","exp1","acute","15",77.5,26
"gene","CpG","exp1","acute","15",82.5,18
"gene","CpG","exp1","acute","15",87.5,51
"gene","CpG","exp1","acute","15",92.5,46
"gene","CpG","exp1","acute","15",97.5,149
"gene","CpG","exp1","acute","22",2.5,1700
"gene","CpG","exp1","acute","22",7.5,84
"gene","CpG","exp1","acute","22",12.5,21
"gene","CpG","exp1","acute","22",17.5,41
"gene","CpG","exp1","acute","22",22.5,24
"gene","CpG","exp1","acute","22",27.5,27
"gene","CpG","exp1","acute","22",32.5,18
"gene","CpG","exp1","acute","22",37.5,16
"gene","CpG","exp1","acute","22",42.5,12
"gene","CpG","exp1","acute","22",47.5,27
"gene","CpG","exp1","acute","22",52.5,9
"gene","CpG","exp1","acute","22",57.5,17
"gene","CpG","exp1","acute","22",62.5,11
"gene","CpG","exp1","acute","22",67.5,15
"gene","CpG","exp1","acute","22",72.5,5
"gene","CpG","exp1","acute","22",77.5,10
"gene","CpG","exp1","acute","22",82.5,5
"gene","CpG","exp1","acute","22",87.5,18
"gene","CpG","exp1","acute","22",92.5,15
"gene","CpG","exp1","acute","22",97.5,67
"gene","CpG","exp1","acute","27",2.5,1642
"gene","CpG","exp1","acute","27",7.5,99
"gene","CpG","exp1","acute","27",12.5,32
"gene","CpG","exp1","acute","27",17.5,29
"gene","CpG","exp1","acute","27",22.5,23
"gene","CpG","exp1","acute","27",27.5,20
"gene","CpG","exp1","acute","27",32.5,15
"gene","CpG","exp1","acute","27",37.5,22
"gene","CpG","exp1","acute","27",42.5,13
"gene","CpG","exp1","acute","27",47.5,19
"gene","CpG","exp1","acute","27",52.5,13
"gene","CpG","exp1","acute","27",57.5,13
"gene","CpG","exp1","acute","27",62.5,8
"gene","CpG","exp1","acute","27",67.5,8
"gene","CpG","exp1","acute","27",72.5,8
"gene","CpG","exp1","acute","27",77.5,14
"gene","CpG","exp1","acute","27",82.5,7
"gene","CpG","exp1","acute","27",87.5,12
"gene","CpG","exp1","acute","27",92.5,13
"gene","CpG","exp1","acute","27",97.5,38
"gene","CpG","exp2","naïve","10",2.5,2112
"gene","CpG","exp2","naïve","10",7.5,114
"gene","CpG","exp2","naïve","10",12.5,35
"gene","CpG","exp2","naïve","10",17.5,46
"gene","CpG","exp2","naïve","10",22.5,29
"gene","CpG","exp2","naïve","10",27.5,25
"gene","CpG","exp2","naïve","10",32.5,22
"gene","CpG","exp2","naïve","10",37.5,31
"gene","CpG","exp2","naïve","10",42.5,8
"gene","CpG","exp2","naïve","10",47.5,25
"gene","CpG","exp2","naïve","10",52.5,12
"gene","CpG","exp2","naïve","10",57.5,20
"gene","CpG","exp2","naïve","10",62.5,10
"gene","CpG","exp2","naïve","10",67.5,22
"gene","CpG","exp2","naïve","10",72.5,13
"gene","CpG","exp2","naïve","10",77.5,15
"gene","CpG","exp2","naïve","10",82.5,8
"gene","CpG","exp2","naïve","10",87.5,22
"gene","CpG","exp2","naïve","10",92.5,17
"gene","CpG","exp2","naïve","10",97.5,54
"gene","CpG","exp2","naïve","11",2.5,2682
"gene","CpG","exp2","naïve","11",7.5,131
"gene","CpG","exp2","naïve","11",12.5,44
"gene","CpG","exp2","naïve","11",17.5,53
"gene","CpG","exp2","naïve","11",22.5,41
"gene","CpG","exp2","naïve","11",27.5,41
"gene","CpG","exp2","naïve","11",32.5,31
"gene","CpG","exp2","naïve","11",37.5,37
"gene","CpG","exp2","naïve","11",42.5,21
"gene","CpG","exp2","naïve","11",47.5,36
"gene","CpG","exp2","naïve","11",52.5,10
"gene","CpG","exp2","naïve","11",57.5,16
"gene","CpG","exp2","naïve","11",62.5,4
"gene","CpG","exp2","naïve","11",67.5,23
"gene","CpG","exp2","naïve","11",72.5,14
"gene","CpG","exp2","naïve","11",77.5,16
"gene","CpG","exp2","naïve","11",82.5,15
"gene","CpG","exp2","naïve","11",87.5,36
"gene","CpG","exp2","naïve","11",92.5,19
"gene","CpG","exp2","naïve","11",97.5,99
"gene","CpG","exp2","naïve","6",2.5,4115
"gene","CpG","exp2","naïve","6",7.5,150
"gene","CpG","exp2","naïve","6",12.5,55
"gene","CpG","exp2","naïve","6",17.5,82
"gene","CpG","exp2","naïve","6",22.5,47
"gene","CpG","exp2","naïve","6",27.5,45
"gene","CpG","exp2","naïve","6",32.5,27
"gene","CpG","exp2","naïve","6",37.5,52
"gene","CpG","exp2","naïve","6",42.5,22
"gene","CpG","exp2","naïve","6",47.5,47
"gene","CpG","exp2","naïve","6",52.5,25
"gene","CpG","exp2","naïve","6",57.5,30
"gene","CpG","exp2","naïve","6",62.5,25
"gene","CpG","exp2","naïve","6",67.5,21
"gene","CpG","exp2","naïve","6",72.5,12
"gene","CpG","exp2","naïve","6",77.5,37
"gene","CpG","exp2","naïve","6",82.5,20
"gene","CpG","exp2","naïve","6",87.5,58
"gene","CpG","exp2","naïve","6",92.5,31
"gene","CpG","exp2","naïve","6",97.5,164
"gene","CpG","exp2","naïve","7",2.5,6656
"gene","CpG","exp2","naïve","7",7.5,254
"gene","CpG","exp2","naïve","7",12.5,115
"gene","CpG","exp2","naïve","7",17.5,103
"gene","CpG","exp2","naïve","7",22.5,66
"gene","CpG","exp2","naïve","7",27.5,64
"gene","CpG","exp2","naïve","7",32.5,53
"gene","CpG","exp2","naïve","7",37.5,80
"gene","CpG","exp2","naïve","7",42.5,37
"gene","CpG","exp2","naïve","7",47.5,75
"gene","CpG","exp2","naïve","7",52.5,32
"gene","CpG","exp2","naïve","7",57.5,48
"gene","CpG","exp2","naïve","7",62.5,31
"gene","CpG","exp2","naïve","7",67.5,66
"gene","CpG","exp2","naïve","7",72.5,38
"gene","CpG","exp2","naïve","7",77.5,70
"gene","CpG","exp2","naïve","7",82.5,43
"gene","CpG","exp2","naïve","7",87.5,107
"gene","CpG","exp2","naïve","7",92.5,84
"gene","CpG","exp2","naïve","7",97.5,358
"gene","CpG","exp2","primed","14",2.5,2269
"gene","CpG","exp2","primed","14",7.5,118
"gene","CpG","exp2","primed","14",12.5,37
"gene","CpG","exp2","primed","14",17.5,35
"gene","CpG","exp2","primed","14",22.5,42
"gene","CpG","exp2","primed","14",27.5,35
"gene","CpG","exp2","primed","14",32.5,13
"gene","CpG","exp2","primed","14",37.5,31
"gene","CpG","exp2","primed","14",42.5,13
"gene","CpG","exp2","primed","14",47.5,41
"gene","CpG","exp2","primed","14",52.5,15
"gene","CpG","exp2","primed","14",57.5,27
"gene","CpG","exp2","primed","14",62.5,9
"gene","CpG","exp2","primed","14",67.5,7
"gene","CpG","exp2","primed","14",72.5,16
"gene","CpG","exp2","primed","14",77.5,19
"gene","CpG","exp2","primed","14",82.5,15
"gene","CpG","exp2","primed","14",87.5,25
"gene","CpG","exp2","primed","14",92.5,21
"gene","CpG","exp2","primed","14",97.5,86
"gene","CpG","exp2","primed","2",2.5,4893
"gene","CpG","exp2","primed","2",7.5,211
"gene","CpG","exp2","primed","2",12.5,64
"gene","CpG","exp2","primed","2",17.5,78
"gene","CpG","exp2","primed","2",22.5,56
"gene","CpG","exp2","primed","2",27.5,53
"gene","CpG","exp2","primed","2",32.5,51
"gene","CpG","exp2","primed","2",37.5,61
"gene","CpG","exp2","primed","2",42.5,32
"gene","CpG","exp2","primed","2",47.5,60
"gene","CpG","exp2","primed","2",52.5,24
"gene","CpG","exp2","primed","2",57.5,24
"gene","CpG","exp2","primed","2",62.5,22
"gene","CpG","exp2","primed","2",67.5,42
"gene","CpG","exp2","primed","2",72.5,24
"gene","CpG","exp2","primed","2",77.5,55
"gene","CpG","exp2","primed","2",82.5,31
"gene","CpG","exp2","primed","2",87.5,63
"gene","CpG","exp2","primed","2",92.5,39
"gene","CpG","exp2","primed","2",97.5,235
"gene","CpG","exp2","primed","20",2.5,1463
"gene","CpG","exp2","primed","20",7.5,67
"gene","CpG","exp2","primed","20",12.5,26
"gene","CpG","exp2","primed","20",17.5,37
"gene","CpG","exp2","primed","20",22.5,21
"gene","CpG","exp2","primed","20",27.5,28
"gene","CpG","exp2","primed","20",32.5,16
"gene","CpG","exp2","primed","20",37.5,19
"gene","CpG","exp2","primed","20",42.5,12
"gene","CpG","exp2","primed","20",47.5,18
"gene","CpG","exp2","primed","20",52.5,11
"gene","CpG","exp2","primed","20",57.5,12
"gene","CpG","exp2","primed","20",62.5,10
"gene","CpG","exp2","primed","20",67.5,7
"gene","CpG","exp2","primed","20",72.5,8
"gene","CpG","exp2","primed","20",77.5,12
"gene","CpG","exp2","primed","20",82.5,2
"gene","CpG","exp2","primed","20",87.5,23
"gene","CpG","exp2","primed","20",92.5,14
"gene","CpG","exp2","primed","20",97.5,44
"gene","CpG","exp2","primed","21",2.5,1763
"gene","CpG","exp2","primed","21",7.5,97
"gene","CpG","exp2","primed","21",12.5,31
"gene","CpG","exp2","primed","21",17.5,32
"gene","CpG","exp2","primed","21",22.5,21
"gene","CpG","exp2","primed","21",27.5,32
"gene","CpG","exp2","primed","21",32.5,19
"gene","CpG","exp2","primed","21",37.5,32
"gene","CpG","exp2","primed","21",42.5,12
"gene","CpG","exp2","primed","21",47.5,23
"gene","CpG","exp2","primed","21",52.5,10
"gene","CpG","exp2","primed","21",57.5,18
"gene","CpG","exp2","primed","21",62.5,4
"gene","CpG","exp2","primed","21",67.5,16
"gene","CpG","exp2","primed","21",72.5,14
"gene","CpG","exp2","primed","21",77.5,14
"gene","CpG","exp2","primed","21",82.5,8
"gene","CpG","exp2","primed","21",87.5,18
"gene","CpG","exp2","primed","21",92.5,15
"gene","CpG","exp2","primed","21",97.5,67
"gene","CHG","exp1","control","13",2.5,6632
"gene","CHG","exp1","control","13",7.5,143
"gene","CHG","exp1","control","13",12.5,5
"gene","CHG","exp1","control","13",17.5,6
"gene","CHG","exp1","control","13",22.5,0
"gene","CHG","exp1","control","13",27.5,1
"gene","CHG","exp1","control","13",32.5,0
"gene","CHG","exp1","control","13",37.5,1
"gene","CHG","exp1","control","13",42.5,0
"gene","CHG","exp1","control","13",47.5,0
"gene","CHG","exp1","control","13",52.5,0
"gene","CHG","exp1","control","13",57.5,0
"gene","CHG","exp1","control","13",62.5,0
"gene","CHG","exp1","control","13",67.5,0
"gene","CHG","exp1","control","13",72.5,0
"gene","CHG","exp1","control","13",77.5,0
"gene","CHG","exp1","control","13",82.5,0
"gene","CHG","exp1","control","13",87.5,0
"gene","CHG","exp1","control","13",92.5,0
"gene","CHG","exp1","control","13",97.5,1
"gene","CHG","exp1","control","16",2.5,3790
"gene","CHG","exp1","control","16",7.5,55
"gene","CHG","exp1","control","16",12.5,3
"gene","CHG","exp1","control","16",17.5,4
"gene","CHG","exp1","control","16",22.5,0
"gene","CHG","exp1","control","16",27.5,0
"gene","CHG","exp1","control","16",32.5,0
"gene","CHG","exp1","control","16",37.5,0
"gene","CHG","exp1","control","16",42.5,0
"gene","CHG","exp1","control","16",47.5,0
"gene","CHG","exp1","control","16",52.5,0
"gene","CHG","exp1","control","16",57.5,0
"gene","CHG","exp1","control","16",62.5,0
"gene","CHG","exp1","control","16",67.5,0
"gene","CHG","exp1","control","16",72.5,0
"gene","CHG","exp1","control","16",77.5,0
"gene","CHG","exp1","control","16",82.5,0
"gene","CHG","exp1","control","16",87.5,0
"gene","CHG","exp1","control","16",92.5,0
"gene","CHG","exp1","control","16",97.5,0
"gene","CHG","exp1","control","9",2.5,6554
"gene","CHG","exp1","control","9",7.5,107
"gene","CHG","exp1","control","9",12.5,3
"gene","CHG","exp1","control","9",17.5,5
"gene","CHG","exp1","control","9",22.5,0
"gene","CHG","exp1","control","9",27.5,0
"gene","CHG","exp1","control","9",32.5,0
"gene","CHG","exp1","control","9",37.5,1
"gene","CHG","exp1","control","9",42.5,1
"gene","CHG","exp1","control","9",47.5,2
"gene","CHG","exp1","control","9",52.5,0
"gene","CHG","exp1","control","9",57.5,1
"gene","CHG","exp1","control","9",62.5,0
"gene","CHG","exp1","control","9",67.5,0
"gene","CHG","exp1","control","9",72.5,0
"gene","CHG","exp1","control","9",77.5,0
"gene","CHG","exp1","control","9",82.5,0
"gene","CHG","exp1","control","9",87.5,0
"gene","CHG","exp1","control","9",92.5,0
"gene","CHG","exp1","control","9",97.5,0
"gene","CHG","exp1","acute","15",2.5,5172
"gene","CHG","exp1","acute","15",7.5,93
"gene","CHG","exp1","acute","15",12.5,3
"gene","CHG","exp1","acute","15",17.5,4
"gene","CHG","exp1","acute","15",22.5,0
"gene","CHG","exp1","acute","15",27.5,1
"gene","CHG","exp1","acute","15",32.5,0
"gene","CHG","exp1","acute","15",37.5,0
"gene","CHG","exp1","acute","15",42.5,0
"gene","CHG","exp1","acute","15",47.5,0
"gene","CHG","exp1","acute","15",52.5,0
"gene","CHG","exp1","acute","15",57.5,0
"gene","CHG","exp1","acute","15",62.5,0
"gene","CHG","exp1","acute","15",67.5,0
"gene","CHG","exp1","acute","15",72.5,0
"gene","CHG","exp1","acute","15",77.5,1
"gene","CHG","exp1","acute","15",82.5,0
"gene","CHG","exp1","acute","15",87.5,0
"gene","CHG","exp1","acute","15",92.5,0
"gene","CHG","exp1","acute","15",97.5,0
"gene","CHG","exp1","acute","22",2.5,2362
"gene","CHG","exp1","acute","22",7.5,41
"gene","CHG","exp1","acute","22",12.5,1
"gene","CHG","exp1","acute","22",17.5,0
"gene","CHG","exp1","acute","22",22.5,0
"gene","CHG","exp1","acute","22",27.5,0
"gene","CHG","exp1","acute","22",32.5,0
"gene","CHG","exp1","acute","22",37.5,0
"gene","CHG","exp1","acute","22",42.5,0
"gene","CHG","exp1","acute","22",47.5,0
"gene","CHG","exp1","acute","22",52.5,0
"gene","CHG","exp1","acute","22",57.5,0
"gene","CHG","exp1","acute","22",62.5,0
"gene","CHG","exp1","acute","22",67.5,0
"gene","CHG","exp1","acute","22",72.5,0
"gene","CHG","exp1","acute","22",77.5,0
"gene","CHG","exp1","acute","22",82.5,0
"gene","CHG","exp1","acute","22",87.5,0
"gene","CHG","exp1","acute","22",92.5,0
"gene","CHG","exp1","acute","22",97.5,0
"gene","CHG","exp1","acute","27",2.5,2282
"gene","CHG","exp1","acute","27",7.5,41
"gene","CHG","exp1","acute","27",12.5,1
"gene","CHG","exp1","acute","27",17.5,3
"gene","CHG","exp1","acute","27",22.5,1
"gene","CHG","exp1","acute","27",27.5,0
"gene","CHG","exp1","acute","27",32.5,0
"gene","CHG","exp1","acute","27",37.5,0
"gene","CHG","exp1","acute","27",42.5,0
"gene","CHG","exp1","acute","27",47.5,1
"gene","CHG","exp1","acute","27",52.5,0
"gene","CHG","exp1","acute","27",57.5,0
"gene","CHG","exp1","acute","27",62.5,0
"gene","CHG","exp1","acute","27",67.5,0
"gene","CHG","exp1","acute","27",72.5,0
"gene","CHG","exp1","acute","27",77.5,0
"gene","CHG","exp1","acute","27",82.5,0
"gene","CHG","exp1","acute","27",87.5,0
"gene","CHG","exp1","acute","27",92.5,0
"gene","CHG","exp1","acute","27",97.5,0
"gene","CHG","exp2","naïve","10",2.5,2893
"gene","CHG","exp2","naïve","10",7.5,55
"gene","CHG","exp2","naïve","10",12.5,1
"gene","CHG","exp2","naïve","10",17.5,1
"gene","CHG","exp2","naïve","10",22.5,0
"gene","CHG","exp2","naïve","10",27.5,0
"gene","CHG","exp2","naïve","10",32.5,0
"gene","CHG","exp2","naïve","10",37.5,0
"gene","CHG","exp2","naïve","10",42.5,0
"gene","CHG","exp2","naïve","10",47.5,0
"gene","CHG","exp2","naïve","10",52.5,0
"gene","CHG","exp2","naïve","10",57.5,0
"gene","CHG","exp2","naïve","10",62.5,0
"gene","CHG","exp2","naïve","10",67.5,0
"gene","CHG","exp2","naïve","10",72.5,0
"gene","CHG","exp2","naïve","10",77.5,0
"gene","CHG","exp2","naïve","10",82.5,0
"gene","CHG","exp2","naïve","10",87.5,0
"gene","CHG","exp2","naïve","10",92.5,0
"gene","CHG","exp2","naïve","10",97.5,0
"gene","CHG","exp2","naïve","11",2.5,3699
"gene","CHG","exp2","naïve","11",7.5,81
"gene","CHG","exp2","naïve","11",12.5,1
"gene","CHG","exp2","naïve","11",17.5,5
"gene","CHG","exp2","naïve","11",22.5,1
"gene","CHG","exp2","naïve","11",27.5,2
"gene","CHG","exp2","naïve","11",32.5,0
"gene","CHG","exp2","naïve","11",37.5,0
"gene","CHG","exp2","naïve","11",42.5,0
"gene","CHG","exp2","naïve","11",47.5,0
"gene","CHG","exp2","naïve","11",52.5,0
"gene","CHG","exp2","naïve","11",57.5,0
"gene","CHG","exp2","naïve","11",62.5,0
"gene","CHG","exp2","naïve","11",67.5,0
"gene","CHG","exp2","naïve","11",72.5,0
"gene","CHG","exp2","naïve","11",77.5,0
"gene","CHG","exp2","naïve","11",82.5,0
"gene","CHG","exp2","naïve","11",87.5,0
"gene","CHG","exp2","naïve","11",92.5,0
"gene","CHG","exp2","naïve","11",97.5,0
"gene","CHG","exp2","naïve","6",2.5,5595
"gene","CHG","exp2","naïve","6",7.5,80
"gene","CHG","exp2","naïve","6",12.5,2
"gene","CHG","exp2","naïve","6",17.5,3
"gene","CHG","exp2","naïve","6",22.5,0
"gene","CHG","exp2","naïve","6",27.5,0
"gene","CHG","exp2","naïve","6",32.5,0
"gene","CHG","exp2","naïve","6",37.5,0
"gene","CHG","exp2","naïve","6",42.5,0
"gene","CHG","exp2","naïve","6",47.5,2
"gene","CHG","exp2","naïve","6",52.5,0
"gene","CHG","exp2","naïve","6",57.5,0
"gene","CHG","exp2","naïve","6",62.5,0
"gene","CHG","exp2","naïve","6",67.5,0
"gene","CHG","exp2","naïve","6",72.5,0
"gene","CHG","exp2","naïve","6",77.5,0
"gene","CHG","exp2","naïve","6",82.5,0
"gene","CHG","exp2","naïve","6",87.5,0
"gene","CHG","exp2","naïve","6",92.5,0
"gene","CHG","exp2","naïve","6",97.5,0
"gene","CHG","exp2","naïve","7",2.5,9225
"gene","CHG","exp2","naïve","7",7.5,118
"gene","CHG","exp2","naïve","7",12.5,9
"gene","CHG","exp2","naïve","7",17.5,7
"gene","CHG","exp2","naïve","7",22.5,0
"gene","CHG","exp2","naïve","7",27.5,2
"gene","CHG","exp2","naïve","7",32.5,0
"gene","CHG","exp2","naïve","7",37.5,1
"gene","CHG","exp2","naïve","7",42.5,0
"gene","CHG","exp2","naïve","7",47.5,0
"gene","CHG","exp2","naïve","7",52.5,0
"gene","CHG","exp2","naïve","7",57.5,0
"gene","CHG","exp2","naïve","7",62.5,0
"gene","CHG","exp2","naïve","7",67.5,0
"gene","CHG","exp2","naïve","7",72.5,0
"gene","CHG","exp2","naïve","7",77.5,0
"gene","CHG","exp2","naïve","7",82.5,0
"gene","CHG","exp2","naïve","7",87.5,0
"gene","CHG","exp2","naïve","7",92.5,0
"gene","CHG","exp2","naïve","7",97.5,0
"gene","CHG","exp2","primed","14",2.5,3116
"gene","CHG","exp2","primed","14",7.5,51
"gene","CHG","exp2","primed","14",12.5,2
"gene","CHG","exp2","primed","14",17.5,0
"gene","CHG","exp2","primed","14",22.5,0
"gene","CHG","exp2","primed","14",27.5,2
"gene","CHG","exp2","primed","14",32.5,0
"gene","CHG","exp2","primed","14",37.5,0
"gene","CHG","exp2","primed","14",42.5,0
"gene","CHG","exp2","primed","14",47.5,0
"gene","CHG","exp2","primed","14",52.5,0
"gene","CHG","exp2","primed","14",57.5,0
"gene","CHG","exp2","primed","14",62.5,0
"gene","CHG","exp2","primed","14",67.5,0
"gene","CHG","exp2","primed","14",72.5,0
"gene","CHG","exp2","primed","14",77.5,0
"gene","CHG","exp2","primed","14",82.5,0
"gene","CHG","exp2","primed","14",87.5,0
"gene","CHG","exp2","primed","14",92.5,0
"gene","CHG","exp2","primed","14",97.5,0
"gene","CHG","exp2","primed","2",2.5,6745
"gene","CHG","exp2","primed","2",7.5,153
"gene","CHG","exp2","primed","2",12.5,3
"gene","CHG","exp2","primed","2",17.5,6
"gene","CHG","exp2","primed","2",22.5,1
"gene","CHG","exp2","primed","2",27.5,1
"gene","CHG","exp2","primed","2",32.5,2
"gene","CHG","exp2","primed","2",37.5,2
"gene","CHG","exp2","primed","2",42.5,0
"gene","CHG","exp2","primed","2",47.5,1
"gene","CHG","exp2","primed","2",52.5,0
"gene","CHG","exp2","primed","2",57.5,0
"gene","CHG","exp2","primed","2",62.5,0
"gene","CHG","exp2","primed","2",67.5,0
"gene","CHG","exp2","primed","2",72.5,0
"gene","CHG","exp2","primed","2",77.5,0
"gene","CHG","exp2","primed","2",82.5,0
"gene","CHG","exp2","primed","2",87.5,0
"gene","CHG","exp2","primed","2",92.5,0
"gene","CHG","exp2","primed","2",97.5,1
"gene","CHG","exp2","primed","20",2.5,2037
"gene","CHG","exp2","primed","20",7.5,37
"gene","CHG","exp2","primed","20",12.5,3
"gene","CHG","exp2","primed","20",17.5,3
"gene","CHG","exp2","primed","20",22.5,0
"gene","CHG","exp2","primed","20",27.5,0
"gene","CHG","exp2","primed","20",32.5,0
"gene","CHG","exp2","primed","20",37.5,2
"gene","CHG","exp2","primed","20",42.5,0
"gene","CHG","exp2","primed","20",47.5,1
"gene","CHG","exp2","primed","20",52.5,0
"gene","CHG","exp2","primed","20",57.5,0
"gene","CHG","exp2","primed","20",62.5,0
"gene","CHG","exp2","primed","20",67.5,0
"gene","CHG","exp2","primed","20",72.5,0
"gene","CHG","exp2","primed","20",77.5,0
"gene","CHG","exp2","primed","20",82.5,0
"gene","CHG","exp2","primed","20",87.5,0
"gene","CHG","exp2","primed","20",92.5,0
"gene","CHG","exp2","primed","20",97.5,0
"gene","CHG","exp2","primed","21",2.5,2477
"gene","CHG","exp2","primed","21",7.5,63
"gene","CHG","exp2","primed","21",12.5,1
"gene","CHG","exp2","primed","21",17.5,1
"gene","CHG","exp2","primed","21",22.5,0
"gene","CHG","exp2","primed","21",27.5,0
"gene","CHG","exp2","primed","21",32.5,0
"gene","CHG","exp2","primed","21",37.5,0
"gene","CHG","exp2","primed","21",42.5,0
"gene","CHG","exp2","primed","21",47.5,0
"gene","CHG","exp2","primed","21",52.5,1
"gene","CHG","exp2","primed","21",57.5,0
"gene","CHG","exp2","primed","21",62.5,0
"gene","CHG","exp2","primed","21",67.5,0
"gene","CHG","exp2","primed","21",72.5,0
"gene","CHG","exp2","primed","21",77.5,0
"gene","CHG","exp2","primed","21",82.5,0
"gene","CHG","exp2","primed","21",87.5,0
"gene","CHG","exp2","primed","21",92.5,0
"gene","CHG","exp2","primed","21",97.5,0
"gene","CHH","exp1","control","13",2.5,8343
"gene","CHH","exp1","control","13",7.5,178
"gene","CHH","exp1","control","13",12.5,8
"gene","CHH","exp1","control","13",17.5,10
"gene","CHH","exp1","control","13",22.5,0
"gene","CHH","exp1","control","13",27.5,1
"gene","CHH","exp1","control","13",32.5,1
"gene","CHH","exp1","control","13",37.5,1
"gene","CHH","exp1","control","13",42.5,0
"gene","CHH","exp1","control","13",47.5,0
"gene","CHH","exp1","control","13",52.5,0
"gene","CHH","exp1","control","13",57.5,0
"gene","CHH","exp1","control","13",62.5,0
"gene","CHH","exp1","control","13",67.5,0
"gene","CHH","exp1","control","13",72.5,0
"gene","CHH","exp1","control","13",77.5,0
"gene","CHH","exp1","control","13",82.5,0
"gene","CHH","exp1","control","13",87.5,0
"gene","CHH","exp1","control","13",92.5,0
"gene","CHH","exp1","control","13",97.5,1
"gene","CHH","exp1","control","16",2.5,4893
"gene","CHH","exp1","control","16",7.5,76
"gene","CHH","exp1","control","16",12.5,2
"gene","CHH","exp1","control","16",17.5,1
"gene","CHH","exp1","control","16",22.5,2
"gene","CHH","exp1","control","16",27.5,0
"gene","CHH","exp1","control","16",32.5,0
"gene","CHH","exp1","control","16",37.5,1
"gene","CHH","exp1","control","16",42.5,0
"gene","CHH","exp1","control","16",47.5,0
"gene","CHH","exp1","control","16",52.5,0
"gene","CHH","exp1","control","16",57.5,0
"gene","CHH","exp1","control","16",62.5,0
"gene","CHH","exp1","control","16",67.5,0
"gene","CHH","exp1","control","16",72.5,0
"gene","CHH","exp1","control","16",77.5,0
"gene","CHH","exp1","control","16",82.5,0
"gene","CHH","exp1","control","16",87.5,0
"gene","CHH","exp1","control","16",92.5,0
"gene","CHH","exp1","control","16",97.5,0
"gene","CHH","exp1","control","9",2.5,8151
"gene","CHH","exp1","control","9",7.5,130
"gene","CHH","exp1","control","9",12.5,7
"gene","CHH","exp1","control","9",17.5,4
"gene","CHH","exp1","control","9",22.5,0
"gene","CHH","exp1","control","9",27.5,0
"gene","CHH","exp1","control","9",32.5,1
"gene","CHH","exp1","control","9",37.5,0
"gene","CHH","exp1","control","9",42.5,0
"gene","CHH","exp1","control","9",47.5,0
"gene","CHH","exp1","control","9",52.5,0
"gene","CHH","exp1","control","9",57.5,0
"gene","CHH","exp1","control","9",62.5,0
"gene","CHH","exp1","control","9",67.5,0
"gene","CHH","exp1","control","9",72.5,0
"gene","CHH","exp1","control","9",77.5,0
"gene","CHH","exp1","control","9",82.5,0
"gene","CHH","exp1","control","9",87.5,0
"gene","CHH","exp1","control","9",92.5,0
"gene","CHH","exp1","control","9",97.5,0
"gene","CHH","exp1","acute","15",2.5,6571
"gene","CHH","exp1","acute","15",7.5,113
"gene","CHH","exp1","acute","15",12.5,3
"gene","CHH","exp1","acute","15",17.5,3
"gene","CHH","exp1","acute","15",22.5,0
"gene","CHH","exp1","acute","15",27.5,0
"gene","CHH","exp1","acute","15",32.5,0
"gene","CHH","exp1","acute","15",37.5,0
"gene","CHH","exp1","acute","15",42.5,0
"gene","CHH","exp1","acute","15",47.5,0
"gene","CHH","exp1","acute","15",52.5,0
"gene","CHH","exp1","acute","15",57.5,0
"gene","CHH","exp1","acute","15",62.5,0
"gene","CHH","exp1","acute","15",67.5,0
"gene","CHH","exp1","acute","15",72.5,0
"gene","CHH","exp1","acute","15",77.5,1
"gene","CHH","exp1","acute","15",82.5,0
"gene","CHH","exp1","acute","15",87.5,0
"gene","CHH","exp1","acute","15",92.5,0
"gene","CHH","exp1","acute","15",97.5,0
"gene","CHH","exp1","acute","22",2.5,2973
"gene","CHH","exp1","acute","22",7.5,50
"gene","CHH","exp1","acute","22",12.5,0
"gene","CHH","exp1","acute","22",17.5,1
"gene","CHH","exp1","acute","22",22.5,0
"gene","CHH","exp1","acute","22",27.5,0
"gene","CHH","exp1","acute","22",32.5,0
"gene","CHH","exp1","acute","22",37.5,0
"gene","CHH","exp1","acute","22",42.5,0
"gene","CHH","exp1","acute","22",47.5,0
"gene","CHH","exp1","acute","22",52.5,0
"gene","CHH","exp1","acute","22",57.5,0
"gene","CHH","exp1","acute","22",62.5,0
"gene","CHH","exp1","acute","22",67.5,0
"gene","CHH","exp1","acute","22",72.5,0
"gene","CHH","exp1","acute","22",77.5,0
"gene","CHH","exp1","acute","22",82.5,0
"gene","CHH","exp1","acute","22",87.5,0
"gene","CHH","exp1","acute","22",92.5,0
"gene","CHH","exp1","acute","22",97.5,0
"gene","CHH","exp1","acute","27",2.5,2921
"gene","CHH","exp1","acute","27",7.5,56
"gene","CHH","exp1","acute","27",12.5,2
"gene","CHH","exp1","acute","27",17.5,2
"gene","CHH","exp1","acute","27",22.5,0
"gene","CHH","exp1","acute","27",27.5,0
"gene","CHH","exp1","acute","27",32.5,0
"gene","CHH","exp1","acute","27",37.5,0
"gene","CHH","exp1","acute","27",42.5,0
"gene","CHH","exp1","acute","27",47.5,0
"gene","CHH","exp1","acute","27",52.5,0
"gene","CHH","exp1","acute","27",57.5,0
"gene","CHH","exp1","acute","27",62.5,0
"gene","CHH","exp1","acute","27",67.5,0
"gene","CHH","exp1","acute","27",72.5,0
"gene","CHH","exp1","acute","27",77.5,0
"gene","CHH","exp1","acute","27",82.5,0
"gene","CHH","exp1","acute","27",87.5,0
"gene","CHH","exp1","acute","27",92.5,0
"gene","CHH","exp1","acute","27",97.5,0
"gene","CHH","exp2","naïve","10",2.5,3670
"gene","CHH","exp2","naïve","10",7.5,67
"gene","CHH","exp2","naïve","10",12.5,4
"gene","CHH","exp2","naïve","10",17.5,3
"gene","CHH","exp2","naïve","10",22.5,1
"gene","CHH","exp2","naïve","10",27.5,0
"gene","CHH","exp2","naïve","10",32.5,0
"gene","CHH","exp2","naïve","10",37.5,0
"gene","CHH","exp2","naïve","10",42.5,0
"gene","CHH","exp2","naïve","10",47.5,0
"gene","CHH","exp2","naïve","10",52.5,0
"gene","CHH","exp2","naïve","10",57.5,0
"gene","CHH","exp2","naïve","10",62.5,0
"gene","CHH","exp2","naïve","10",67.5,0
"gene","CHH","exp2","naïve","10",72.5,0
"gene","CHH","exp2","naïve","10",77.5,0
"gene","CHH","exp2","naïve","10",82.5,0
"gene","CHH","exp2","naïve","10",87.5,0
"gene","CHH","exp2","naïve","10",92.5,0
"gene","CHH","exp2","naïve","10",97.5,0
"gene","CHH","exp2","naïve","11",2.5,4739
"gene","CHH","exp2","naïve","11",7.5,85
"gene","CHH","exp2","naïve","11",12.5,3
"gene","CHH","exp2","naïve","11",17.5,4
"gene","CHH","exp2","naïve","11",22.5,2
"gene","CHH","exp2","naïve","11",27.5,0
"gene","CHH","exp2","naïve","11",32.5,0
"gene","CHH","exp2","naïve","11",37.5,0
"gene","CHH","exp2","naïve","11",42.5,0
"gene","CHH","exp2","naïve","11",47.5,0
"gene","CHH","exp2","naïve","11",52.5,0
"gene","CHH","exp2","naïve","11",57.5,0
"gene","CHH","exp2","naïve","11",62.5,0
"gene","CHH","exp2","naïve","11",67.5,0
"gene","CHH","exp2","naïve","11",72.5,0
"gene","CHH","exp2","naïve","11",77.5,0
"gene","CHH","exp2","naïve","11",82.5,0
"gene","CHH","exp2","naïve","11",87.5,0
"gene","CHH","exp2","naïve","11",92.5,0
"gene","CHH","exp2","naïve","11",97.5,0
"gene","CHH","exp2","naïve","6",2.5,7088
"gene","CHH","exp2","naïve","6",7.5,108
"gene","CHH","exp2","naïve","6",12.5,2
"gene","CHH","exp2","naïve","6",17.5,4
"gene","CHH","exp2","naïve","6",22.5,0
"gene","CHH","exp2","naïve","6",27.5,0
"gene","CHH","exp2","naïve","6",32.5,0
"gene","CHH","exp2","naïve","6",37.5,0
"gene","CHH","exp2","naïve","6",42.5,0
"gene","CHH","exp2","naïve","6",47.5,1
"gene","CHH","exp2","naïve","6",52.5,0
"gene","CHH","exp2","naïve","6",57.5,0
"gene","CHH","exp2","naïve","6",62.5,0
"gene","CHH","exp2","naïve","6",67.5,0
"gene","CHH","exp2","naïve","6",72.5,0
"gene","CHH","exp2","naïve","6",77.5,0
"gene","CHH","exp2","naïve","6",82.5,0
"gene","CHH","exp2","naïve","6",87.5,0
"gene","CHH","exp2","naïve","6",92.5,0
"gene","CHH","exp2","naïve","6",97.5,0
"gene","CHH","exp2","naïve","7",2.5,11496
"gene","CHH","exp2","naïve","7",7.5,188
"gene","CHH","exp2","naïve","7",12.5,10
"gene","CHH","exp2","naïve","7",17.5,8
"gene","CHH","exp2","naïve","7",22.5,2
"gene","CHH","exp2","naïve","7",27.5,1
"gene","CHH","exp2","naïve","7",32.5,2
"gene","CHH","exp2","naïve","7",37.5,0
"gene","CHH","exp2","naïve","7",42.5,0
"gene","CHH","exp2","naïve","7",47.5,0
"gene","CHH","exp2","naïve","7",52.5,0
"gene","CHH","exp2","naïve","7",57.5,0
"gene","CHH","exp2","naïve","7",62.5,0
"gene","CHH","exp2","naïve","7",67.5,0
"gene","CHH","exp2","naïve","7",72.5,0
"gene","CHH","exp2","naïve","7",77.5,0
"gene","CHH","exp2","naïve","7",82.5,0
"gene","CHH","exp2","naïve","7",87.5,0
"gene","CHH","exp2","naïve","7",92.5,0
"gene","CHH","exp2","naïve","7",97.5,0
"gene","CHH","exp2","primed","14",2.5,4051
"gene","CHH","exp2","primed","14",7.5,70
"gene","CHH","exp2","primed","14",12.5,4
"gene","CHH","exp2","primed","14",17.5,2
"gene","CHH","exp2","primed","14",22.5,0
"gene","CHH","exp2","primed","14",27.5,1
"gene","CHH","exp2","primed","14",32.5,0
"gene","CHH","exp2","primed","14",37.5,0
"gene","CHH","exp2","primed","14",42.5,0
"gene","CHH","exp2","primed","14",47.5,0
"gene","CHH","exp2","primed","14",52.5,0
"gene","CHH","exp2","primed","14",57.5,0
"gene","CHH","exp2","primed","14",62.5,0
"gene","CHH","exp2","primed","14",67.5,0
"gene","CHH","exp2","primed","14",72.5,0
"gene","CHH","exp2","primed","14",77.5,0
"gene","CHH","exp2","primed","14",82.5,0
"gene","CHH","exp2","primed","14",87.5,0
"gene","CHH","exp2","primed","14",92.5,0
"gene","CHH","exp2","primed","14",97.5,0
"gene","CHH","exp2","primed","2",2.5,8584
"gene","CHH","exp2","primed","2",7.5,190
"gene","CHH","exp2","primed","2",12.5,7
"gene","CHH","exp2","primed","2",17.5,4
"gene","CHH","exp2","primed","2",22.5,3
"gene","CHH","exp2","primed","2",27.5,2
"gene","CHH","exp2","primed","2",32.5,0
"gene","CHH","exp2","primed","2",37.5,2
"gene","CHH","exp2","primed","2",42.5,0
"gene","CHH","exp2","primed","2",47.5,0
"gene","CHH","exp2","primed","2",52.5,0
"gene","CHH","exp2","primed","2",57.5,0
"gene","CHH","exp2","primed","2",62.5,0
"gene","CHH","exp2","primed","2",67.5,0
"gene","CHH","exp2","primed","2",72.5,0
"gene","CHH","exp2","primed","2",77.5,0
"gene","CHH","exp2","primed","2",82.5,0
"gene","CHH","exp2","primed","2",87.5,0
"gene","CHH","exp2","primed","2",92.5,0
"gene","CHH","exp2","primed","2",97.5,0
"gene","CHH","exp2","primed","20",2.5,2674
"gene","CHH","exp2","primed","20",7.5,49
"gene","CHH","exp2","primed","20",12.5,2
"gene","CHH","exp2","primed","20",17.5,2
"gene","CHH","exp2","primed","20",22.5,0
"gene","CHH","exp2","primed","20",27.5,0
"gene","CHH","exp2","primed","20",32.5,0
"gene","CHH","exp2","primed","20",37.5,0
"gene","CHH","exp2","primed","20",42.5,0
"gene","CHH","exp2","primed","20",47.5,0
"gene","CHH","exp2","primed","20",52.5,0
"gene","CHH","exp2","primed","20",57.5,0
"gene","CHH","exp2","primed","20",62.5,0
"gene","CHH","exp2","primed","20",67.5,0
"gene","CHH","exp2","primed","20",72.5,0
"gene","CHH","exp2","primed","20",77.5,0
"gene","CHH","exp2","primed","20",82.5,0
"gene","CHH","exp2","primed","20",87.5,0
"gene","CHH","exp2","primed","20",92.5,0
"gene","CHH","exp2","primed","20",97.5,0
"gene","CHH","exp2","primed","21",2.5,3158
"gene","CHH","exp2","primed","21",7.5,77
"gene","CHH","exp2","primed","21",12.5,4
"gene","CHH","exp2","primed","21",17.5,2
"gene","CHH","exp2","primed","21",22.5,0
"gene","CHH","exp2","primed","21",27.5,0
"gene","CHH","exp2","primed","21",32.5,0
"gene","CHH","exp2","primed","21",37.5,0
"gene","CHH","exp2","primed","21",42.5,0
"gene","CHH","exp2","primed","21",47.5,1
"gene","CHH","exp2","primed","21",52.5,0
"gene","CHH","exp2","primed","21",57.5,0
"gene","CHH","exp2","primed","21",62.5,0
"gene","CHH","exp2","primed","21",67.5,0
"gene","CHH","exp2","primed","21",72.5,0
"gene","CHH","exp2","primed","21",77.5,0
"gene","CHH","exp2","primed","21",82.5,0
"gene","CHH","exp2","primed","21",87.5,0
"gene","CHH","exp2","primed","21",92.5,0
"gene","CHH","exp2","primed","21",97.5,0
"ncRNA_gene","CpG","exp1","control","13",2.5,90
"ncRNA_gene","CpG","exp1","control","13",7.5,3
"ncRNA_gene","CpG","exp1","control","13",12.5,0
"ncRNA_gene","CpG","exp1","control","13",17.5,1
"ncRNA_gene","CpG","exp1","control","13",22.5,0
"ncRNA_gene","CpG","exp1","control","13",27.5,0
"ncRNA_gene","CpG","exp1","control","13",32.5,0
"ncRNA_gene","CpG","exp1","control","13",37.5,0
"ncRNA_gene","CpG","exp1","control","13",42.5,0
"ncRNA_gene","CpG","exp1","control","13",47.5,2
"ncRNA_gene","CpG","exp1","control","13",52.5,0
"ncRNA_gene","CpG","exp1","control","13",57.5,0
"ncRNA_gene","CpG","exp1","control","13",62.5,0
"ncRNA_gene","CpG","exp1","control","13",67.5,0
"ncRNA_gene","CpG","exp1","control","13",72.5,0
"ncRNA_gene","CpG","exp1","control","13",77.5,0
"ncRNA_gene","CpG","exp1","control","13",82.5,2
"ncRNA_gene","CpG","exp1","control","13",87.5,0
"ncRNA_gene","CpG","exp1","control","13",92.5,0
"ncRNA_gene","CpG","exp1","control","13",97.5,0
"ncRNA_gene","CpG","exp1","control","16",2.5,72
"ncRNA_gene","CpG","exp1","control","16",7.5,1
"ncRNA_gene","CpG","exp1","control","16",12.5,0
"ncRNA_gene","CpG","exp1","control","16",17.5,0
"ncRNA_gene","CpG","exp1","control","16",22.5,0
"ncRNA_gene","CpG","exp1","control","16",27.5,0
"ncRNA_gene","CpG","exp1","control","16",32.5,0
"ncRNA_gene","CpG","exp1","control","16",37.5,0
"ncRNA_gene","CpG","exp1","control","16",42.5,1
"ncRNA_gene","CpG","exp1","control","16",47.5,0
"ncRNA_gene","CpG","exp1","control","16",52.5,0
"ncRNA_gene","CpG","exp1","control","16",57.5,0
"ncRNA_gene","CpG","exp1","control","16",62.5,0
"ncRNA_gene","CpG","exp1","control","16",67.5,0
"ncRNA_gene","CpG","exp1","control","16",72.5,0
"ncRNA_gene","CpG","exp1","control","16",77.5,0
"ncRNA_gene","CpG","exp1","control","16",82.5,0
"ncRNA_gene","CpG","exp1","control","16",87.5,1
"ncRNA_gene","CpG","exp1","control","16",92.5,0
"ncRNA_gene","CpG","exp1","control","16",97.5,0
"ncRNA_gene","CpG","exp1","control","9",2.5,83
"ncRNA_gene","CpG","exp1","control","9",7.5,1
"ncRNA_gene","CpG","exp1","control","9",12.5,0
"ncRNA_gene","CpG","exp1","control","9",17.5,0
"ncRNA_gene","CpG","exp1","control","9",22.5,0
"ncRNA_gene","CpG","exp1","control","9",27.5,0
"ncRNA_gene","CpG","exp1","control","9",32.5,0
"ncRNA_gene","CpG","exp1","control","9",37.5,0
"ncRNA_gene","CpG","exp1","control","9",42.5,0
"ncRNA_gene","CpG","exp1","control","9",47.5,1
"ncRNA_gene","CpG","exp1","control","9",52.5,0
"ncRNA_gene","CpG","exp1","control","9",57.5,0
"ncRNA_gene","CpG","exp1","control","9",62.5,0
"ncRNA_gene","CpG","exp1","control","9",67.5,0
"ncRNA_gene","CpG","exp1","control","9",72.5,2
"ncRNA_gene","CpG","exp1","control","9",77.5,0
"ncRNA_gene","CpG","exp1","control","9",82.5,0
"ncRNA_gene","CpG","exp1","control","9",87.5,1
"ncRNA_gene","CpG","exp1","control","9",92.5,2
"ncRNA_gene","CpG","exp1","control","9",97.5,1
"ncRNA_gene","CpG","exp1","acute","15",2.5,88
"ncRNA_gene","CpG","exp1","acute","15",7.5,1
"ncRNA_gene","CpG","exp1","acute","15",12.5,1
"ncRNA_gene","CpG","exp1","acute","15",17.5,0
"ncRNA_gene","CpG","exp1","acute","15",22.5,0
"ncRNA_gene","CpG","exp1","acute","15",27.5,1
"ncRNA_gene","CpG","exp1","acute","15",32.5,0
"ncRNA_gene","CpG","exp1","acute","15",37.5,0
"ncRNA_gene","CpG","exp1","acute","15",42.5,1
"ncRNA_gene","CpG","exp1","acute","15",47.5,0
"ncRNA_gene","CpG","exp1","acute","15",52.5,0
"ncRNA_gene","CpG","exp1","acute","15",57.5,0
"ncRNA_gene","CpG","exp1","acute","15",62.5,0
"ncRNA_gene","CpG","exp1","acute","15",67.5,0
"ncRNA_gene","CpG","exp1","acute","15",72.5,1
"ncRNA_gene","CpG","exp1","acute","15",77.5,0
"ncRNA_gene","CpG","exp1","acute","15",82.5,0
"ncRNA_gene","CpG","exp1","acute","15",87.5,0
"ncRNA_gene","CpG","exp1","acute","15",92.5,1
"ncRNA_gene","CpG","exp1","acute","15",97.5,1
"ncRNA_gene","CpG","exp1","acute","22",2.5,60
"ncRNA_gene","CpG","exp1","acute","22",7.5,0
"ncRNA_gene","CpG","exp1","acute","22",12.5,0
"ncRNA_gene","CpG","exp1","acute","22",17.5,0
"ncRNA_gene","CpG","exp1","acute","22",22.5,0
"ncRNA_gene","CpG","exp1","acute","22",27.5,0
"ncRNA_gene","CpG","exp1","acute","22",32.5,0
"ncRNA_gene","CpG","exp1","acute","22",37.5,0
"ncRNA_gene","CpG","exp1","acute","22",42.5,1
"ncRNA_gene","CpG","exp1","acute","22",47.5,0
"ncRNA_gene","CpG","exp1","acute","22",52.5,0
"ncRNA_gene","CpG","exp1","acute","22",57.5,0
"ncRNA_gene","CpG","exp1","acute","22",62.5,0
"ncRNA_gene","CpG","exp1","acute","22",67.5,0
"ncRNA_gene","CpG","exp1","acute","22",72.5,0
"ncRNA_gene","CpG","exp1","acute","22",77.5,1
"ncRNA_gene","CpG","exp1","acute","22",82.5,0
"ncRNA_gene","CpG","exp1","acute","22",87.5,1
"ncRNA_gene","CpG","exp1","acute","22",92.5,0
"ncRNA_gene","CpG","exp1","acute","22",97.5,0
"ncRNA_gene","CpG","exp1","acute","27",2.5,50
"ncRNA_gene","CpG","exp1","acute","27",7.5,0
"ncRNA_gene","CpG","exp1","acute","27",12.5,0
"ncRNA_gene","CpG","exp1","acute","27",17.5,0
"ncRNA_gene","CpG","exp1","acute","27",22.5,0
"ncRNA_gene","CpG","exp1","acute","27",27.5,0
"ncRNA_gene","CpG","exp1","acute","27",32.5,0
"ncRNA_gene","CpG","exp1","acute","27",37.5,0
"ncRNA_gene","CpG","exp1","acute","27",42.5,0
"ncRNA_gene","CpG","exp1","acute","27",47.5,1
"ncRNA_gene","CpG","exp1","acute","27",52.5,0
"ncRNA_gene","CpG","exp1","acute","27",57.5,0
"ncRNA_gene","CpG","exp1","acute","27",62.5,0
"ncRNA_gene","CpG","exp1","acute","27",67.5,0
"ncRNA_gene","CpG","exp1","acute","27",72.5,0
"ncRNA_gene","CpG","exp1","acute","27",77.5,0
"ncRNA_gene","CpG","exp1","acute","27",82.5,0
"ncRNA_gene","CpG","exp1","acute","27",87.5,1
"ncRNA_gene","CpG","exp1","acute","27",92.5,0
"ncRNA_gene","CpG","exp1","acute","27",97.5,0
"ncRNA_gene","CpG","exp2","naïve","10",2.5,61
"ncRNA_gene","CpG","exp2","naïve","10",7.5,1
"ncRNA_gene","CpG","exp2","naïve","10",12.5,0
"ncRNA_gene","CpG","exp2","naïve","10",17.5,0
"ncRNA_gene","CpG","exp2","naïve","10",22.5,0
"ncRNA_gene","CpG","exp2","naïve","10",27.5,0
"ncRNA_gene","CpG","exp2","naïve","10",32.5,0
"ncRNA_gene","CpG","exp2","naïve","10",37.5,0
"ncRNA_gene","CpG","exp2","naïve","10",42.5,0
"ncRNA_gene","CpG","exp2","naïve","10",47.5,1
"ncRNA_gene","CpG","exp2","naïve","10",52.5,0
"ncRNA_gene","CpG","exp2","naïve","10",57.5,0
"ncRNA_gene","CpG","exp2","naïve","10",62.5,0
"ncRNA_gene","CpG","exp2","naïve","10",67.5,0
"ncRNA_gene","CpG","exp2","naïve","10",72.5,0
"ncRNA_gene","CpG","exp2","naïve","10",77.5,0
"ncRNA_gene","CpG","exp2","naïve","10",82.5,0
"ncRNA_gene","CpG","exp2","naïve","10",87.5,1
"ncRNA_gene","CpG","exp2","naïve","10",92.5,0
"ncRNA_gene","CpG","exp2","naïve","10",97.5,0
"ncRNA_gene","CpG","exp2","naïve","11",2.5,61
"ncRNA_gene","CpG","exp2","naïve","11",7.5,3
"ncRNA_gene","CpG","exp2","naïve","11",12.5,0
"ncRNA_gene","CpG","exp2","naïve","11",17.5,0
"ncRNA_gene","CpG","exp2","naïve","11",22.5,0
"ncRNA_gene","CpG","exp2","naïve","11",27.5,0
"ncRNA_gene","CpG","exp2","naïve","11",32.5,0
"ncRNA_gene","CpG","exp2","naïve","11",37.5,1
"ncRNA_gene","CpG","exp2","naïve","11",42.5,0
"ncRNA_gene","CpG","exp2","naïve","11",47.5,0
"ncRNA_gene","CpG","exp2","naïve","11",52.5,0
"ncRNA_gene","CpG","exp2","naïve","11",57.5,0
"ncRNA_gene","CpG","exp2","naïve","11",62.5,0
"ncRNA_gene","CpG","exp2","naïve","11",67.5,0
"ncRNA_gene","CpG","exp2","naïve","11",72.5,0
"ncRNA_gene","CpG","exp2","naïve","11",77.5,1
"ncRNA_gene","CpG","exp2","naïve","11",82.5,0
"ncRNA_gene","CpG","exp2","naïve","11",87.5,1
"ncRNA_gene","CpG","exp2","naïve","11",92.5,0
"ncRNA_gene","CpG","exp2","naïve","11",97.5,0
"ncRNA_gene","CpG","exp2","naïve","6",2.5,101
"ncRNA_gene","CpG","exp2","naïve","6",7.5,1
"ncRNA_gene","CpG","exp2","naïve","6",12.5,0
"ncRNA_gene","CpG","exp2","naïve","6",17.5,1
"ncRNA_gene","CpG","exp2","naïve","6",22.5,0
"ncRNA_gene","CpG","exp2","naïve","6",27.5,0
"ncRNA_gene","CpG","exp2","naïve","6",32.5,0
"ncRNA_gene","CpG","exp2","naïve","6",37.5,0
"ncRNA_gene","CpG","exp2","naïve","6",42.5,0
"ncRNA_gene","CpG","exp2","naïve","6",47.5,1
"ncRNA_gene","CpG","exp2","naïve","6",52.5,0
"ncRNA_gene","CpG","exp2","naïve","6",57.5,0
"ncRNA_gene","CpG","exp2","naïve","6",62.5,0
"ncRNA_gene","CpG","exp2","naïve","6",67.5,0
"ncRNA_gene","CpG","exp2","naïve","6",72.5,0
"ncRNA_gene","CpG","exp2","naïve","6",77.5,0
"ncRNA_gene","CpG","exp2","naïve","6",82.5,0
"ncRNA_gene","CpG","exp2","naïve","6",87.5,1
"ncRNA_gene","CpG","exp2","naïve","6",92.5,1
"ncRNA_gene","CpG","exp2","naïve","6",97.5,0
"ncRNA_gene","CpG","exp2","naïve","7",2.5,128
"ncRNA_gene","CpG","exp2","naïve","7",7.5,2
"ncRNA_gene","CpG","exp2","naïve","7",12.5,0
"ncRNA_gene","CpG","exp2","naïve","7",17.5,1
"ncRNA_gene","CpG","exp2","naïve","7",22.5,1
"ncRNA_gene","CpG","exp2","naïve","7",27.5,0
"ncRNA_gene","CpG","exp2","naïve","7",32.5,0
"ncRNA_gene","CpG","exp2","naïve","7",37.5,0
"ncRNA_gene","CpG","exp2","naïve","7",42.5,1
"ncRNA_gene","CpG","exp2","naïve","7",47.5,0
"ncRNA_gene","CpG","exp2","naïve","7",52.5,0
"ncRNA_gene","CpG","exp2","naïve","7",57.5,0
"ncRNA_gene","CpG","exp2","naïve","7",62.5,0
"ncRNA_gene","CpG","exp2","naïve","7",67.5,0
"ncRNA_gene","CpG","exp2","naïve","7",72.5,0
"ncRNA_gene","CpG","exp2","naïve","7",77.5,0
"ncRNA_gene","CpG","exp2","naïve","7",82.5,1
"ncRNA_gene","CpG","exp2","naïve","7",87.5,3
"ncRNA_gene","CpG","exp2","naïve","7",92.5,1
"ncRNA_gene","CpG","exp2","naïve","7",97.5,0
"ncRNA_gene","CpG","exp2","primed","14",2.5,65
"ncRNA_gene","CpG","exp2","primed","14",7.5,2
"ncRNA_gene","CpG","exp2","primed","14",12.5,0
"ncRNA_gene","CpG","exp2","primed","14",17.5,0
"ncRNA_gene","CpG","exp2","primed","14",22.5,0
"ncRNA_gene","CpG","exp2","primed","14",27.5,0
"ncRNA_gene","CpG","exp2","primed","14",32.5,0
"ncRNA_gene","CpG","exp2","primed","14",37.5,0
"ncRNA_gene","CpG","exp2","primed","14",42.5,0
"ncRNA_gene","CpG","exp2","primed","14",47.5,1
"ncRNA_gene","CpG","exp2","primed","14",52.5,0
"ncRNA_gene","CpG","exp2","primed","14",57.5,0
"ncRNA_gene","CpG","exp2","primed","14",62.5,0
"ncRNA_gene","CpG","exp2","primed","14",67.5,0
"ncRNA_gene","CpG","exp2","primed","14",72.5,0
"ncRNA_gene","CpG","exp2","primed","14",77.5,0
"ncRNA_gene","CpG","exp2","primed","14",82.5,0
"ncRNA_gene","CpG","exp2","primed","14",87.5,1
"ncRNA_gene","CpG","exp2","primed","14",92.5,0
"ncRNA_gene","CpG","exp2","primed","14",97.5,0
"ncRNA_gene","CpG","exp2","primed","2",2.5,88
"ncRNA_gene","CpG","exp2","primed","2",7.5,1
"ncRNA_gene","CpG","exp2","primed","2",12.5,0
"ncRNA_gene","CpG","exp2","primed","2",17.5,0
"ncRNA_gene","CpG","exp2","primed","2",22.5,0
"ncRNA_gene","CpG","exp2","primed","2",27.5,0
"ncRNA_gene","CpG","exp2","primed","2",32.5,0
"ncRNA_gene","CpG","exp2","primed","2",37.5,1
"ncRNA_gene","CpG","exp2","primed","2",42.5,0
"ncRNA_gene","CpG","exp2","primed","2",47.5,1
"ncRNA_gene","CpG","exp2","primed","2",52.5,0
"ncRNA_gene","CpG","exp2","primed","2",57.5,0
"ncRNA_gene","CpG","exp2","primed","2",62.5,0
"ncRNA_gene","CpG","exp2","primed","2",67.5,0
"ncRNA_gene","CpG","exp2","primed","2",72.5,0
"ncRNA_gene","CpG","exp2","primed","2",77.5,0
"ncRNA_gene","CpG","exp2","primed","2",82.5,1
"ncRNA_gene","CpG","exp2","primed","2",87.5,0
"ncRNA_gene","CpG","exp2","primed","2",92.5,0
"ncRNA_gene","CpG","exp2","primed","2",97.5,1
"ncRNA_gene","CpG","exp2","primed","20",2.5,47
"ncRNA_gene","CpG","exp2","primed","20",7.5,0
"ncRNA_gene","CpG","exp2","primed","20",12.5,0
"ncRNA_gene","CpG","exp2","primed","20",17.5,0
"ncRNA_gene","CpG","exp2","primed","20",22.5,0
"ncRNA_gene","CpG","exp2","primed","20",27.5,0
"ncRNA_gene","CpG","exp2","primed","20",32.5,0
"ncRNA_gene","CpG","exp2","primed","20",37.5,0
"ncRNA_gene","CpG","exp2","primed","20",42.5,0
"ncRNA_gene","CpG","exp2","primed","20",47.5,0
"ncRNA_gene","CpG","exp2","primed","20",52.5,1
"ncRNA_gene","CpG","exp2","primed","20",57.5,0
"ncRNA_gene","CpG","exp2","primed","20",62.5,0
"ncRNA_gene","CpG","exp2","primed","20",67.5,0
"ncRNA_gene","CpG","exp2","primed","20",72.5,0
"ncRNA_gene","CpG","exp2","primed","20",77.5,0
"ncRNA_gene","CpG","exp2","primed","20",82.5,0
"ncRNA_gene","CpG","exp2","primed","20",87.5,1
"ncRNA_gene","CpG","exp2","primed","20",92.5,1
"ncRNA_gene","CpG","exp2","primed","20",97.5,0
"ncRNA_gene","CpG","exp2","primed","21",2.5,57
"ncRNA_gene","CpG","exp2","primed","21",7.5,1
"ncRNA_gene","CpG","exp2","primed","21",12.5,0
"ncRNA_gene","CpG","exp2","primed","21",17.5,0
"ncRNA_gene","CpG","exp2","primed","21",22.5,0
"ncRNA_gene","CpG","exp2","primed","21",27.5,1
"ncRNA_gene","CpG","exp2","primed","21",32.5,0
"ncRNA_gene","CpG","exp2","primed","21",37.5,0
"ncRNA_gene","CpG","exp2","primed","21",42.5,0
"ncRNA_gene","CpG","exp2","primed","21",47.5,0
"ncRNA_gene","CpG","exp2","primed","21",52.5,0
"ncRNA_gene","CpG","exp2","primed","21",57.5,0
"ncRNA_gene","CpG","exp2","primed","21",62.5,0
"ncRNA_gene","CpG","exp2","primed","21",67.5,0
"ncRNA_gene","CpG","exp2","primed","21",72.5,0
"ncRNA_gene","CpG","exp2","primed","21",77.5,0
"ncRNA_gene","CpG","exp2","primed","21",82.5,0
"ncRNA_gene","CpG","exp2","primed","21",87.5,1
"ncRNA_gene","CpG","exp2","primed","21",92.5,0
"ncRNA_gene","CpG","exp2","primed","21",97.5,0
"ncRNA_gene","CHG","exp1","control","13",2.5,104
"ncRNA_gene","CHG","exp1","control","13",7.5,0
"ncRNA_gene","CHG","exp1","control","13",12.5,0
"ncRNA_gene","CHG","exp1","control","13",17.5,0
"ncRNA_gene","CHG","exp1","control","13",22.5,0
"ncRNA_gene","CHG","exp1","control","13",27.5,0
"ncRNA_gene","CHG","exp1","control","13",32.5,0
"ncRNA_gene","CHG","exp1","control","13",37.5,0
"ncRNA_gene","CHG","exp1","control","13",42.5,0
"ncRNA_gene","CHG","exp1","control","13",47.5,0
"ncRNA_gene","CHG","exp1","control","13",52.5,0
"ncRNA_gene","CHG","exp1","control","13",57.5,0
"ncRNA_gene","CHG","exp1","control","13",62.5,0
"ncRNA_gene","CHG","exp1","control","13",67.5,0
"ncRNA_gene","CHG","exp1","control","13",72.5,0
"ncRNA_gene","CHG","exp1","control","13",77.5,0
"ncRNA_gene","CHG","exp1","control","13",82.5,0
"ncRNA_gene","CHG","exp1","control","13",87.5,0
"ncRNA_gene","CHG","exp1","control","13",92.5,0
"ncRNA_gene","CHG","exp1","control","13",97.5,0
"ncRNA_gene","CHG","exp1","control","16",2.5,79
"ncRNA_gene","CHG","exp1","control","16",7.5,2
"ncRNA_gene","CHG","exp1","control","16",12.5,0
"ncRNA_gene","CHG","exp1","control","16",17.5,0
"ncRNA_gene","CHG","exp1","control","16",22.5,0
"ncRNA_gene","CHG","exp1","control","16",27.5,0
"ncRNA_gene","CHG","exp1","control","16",32.5,0
"ncRNA_gene","CHG","exp1","control","16",37.5,0
"ncRNA_gene","CHG","exp1","control","16",42.5,0
"ncRNA_gene","CHG","exp1","control","16",47.5,0
"ncRNA_gene","CHG","exp1","control","16",52.5,0
"ncRNA_gene","CHG","exp1","control","16",57.5,0
"ncRNA_gene","CHG","exp1","control","16",62.5,0
"ncRNA_gene","CHG","exp1","control","16",67.5,0
"ncRNA_gene","CHG","exp1","control","16",72.5,0
"ncRNA_gene","CHG","exp1","control","16",77.5,0
"ncRNA_gene","CHG","exp1","control","16",82.5,0
"ncRNA_gene","CHG","exp1","control","16",87.5,0
"ncRNA_gene","CHG","exp1","control","16",92.5,0
"ncRNA_gene","CHG","exp1","control","16",97.5,0
"ncRNA_gene","CHG","exp1","control","9",2.5,95
"ncRNA_gene","CHG","exp1","control","9",7.5,0
"ncRNA_gene","CHG","exp1","control","9",12.5,0
"ncRNA_gene","CHG","exp1","control","9",17.5,0
"ncRNA_gene","CHG","exp1","control","9",22.5,0
"ncRNA_gene","CHG","exp1","control","9",27.5,0
"ncRNA_gene","CHG","exp1","control","9",32.5,0
"ncRNA_gene","CHG","exp1","control","9",37.5,0
"ncRNA_gene","CHG","exp1","control","9",42.5,0
"ncRNA_gene","CHG","exp1","control","9",47.5,0
"ncRNA_gene","CHG","exp1","control","9",52.5,0
"ncRNA_gene","CHG","exp1","control","9",57.5,0
"ncRNA_gene","CHG","exp1","control","9",62.5,0
"ncRNA_gene","CHG","exp1","control","9",67.5,0
"ncRNA_gene","CHG","exp1","control","9",72.5,0
"ncRNA_gene","CHG","exp1","control","9",77.5,0
"ncRNA_gene","CHG","exp1","control","9",82.5,0
"ncRNA_gene","CHG","exp1","control","9",87.5,0
"ncRNA_gene","CHG","exp1","control","9",92.5,0
"ncRNA_gene","CHG","exp1","control","9",97.5,0
"ncRNA_gene","CHG","exp1","acute","15",2.5,100
"ncRNA_gene","CHG","exp1","acute","15",7.5,1
"ncRNA_gene","CHG","exp1","acute","15",12.5,0
"ncRNA_gene","CHG","exp1","acute","15",17.5,0
"ncRNA_gene","CHG","exp1","acute","15",22.5,0
"ncRNA_gene","CHG","exp1","acute","15",27.5,0
"ncRNA_gene","CHG","exp1","acute","15",32.5,0
"ncRNA_gene","CHG","exp1","acute","15",37.5,0
"ncRNA_gene","CHG","exp1","acute","15",42.5,0
"ncRNA_gene","CHG","exp1","acute","15",47.5,0
"ncRNA_gene","CHG","exp1","acute","15",52.5,0
"ncRNA_gene","CHG","exp1","acute","15",57.5,0
"ncRNA_gene","CHG","exp1","acute","15",62.5,0
"ncRNA_gene","CHG","exp1","acute","15",67.5,0
"ncRNA_gene","CHG","exp1","acute","15",72.5,0
"ncRNA_gene","CHG","exp1","acute","15",77.5,0
"ncRNA_gene","CHG","exp1","acute","15",82.5,0
"ncRNA_gene","CHG","exp1","acute","15",87.5,0
"ncRNA_gene","CHG","exp1","acute","15",92.5,0
"ncRNA_gene","CHG","exp1","acute","15",97.5,0
"ncRNA_gene","CHG","exp1","acute","22",2.5,67
"ncRNA_gene","CHG","exp1","acute","22",7.5,1
"ncRNA_gene","CHG","exp1","acute","22",12.5,0
"ncRNA_gene","CHG","exp1","acute","22",17.5,0
"ncRNA_gene","CHG","exp1","acute","22",22.5,0
"ncRNA_gene","CHG","exp1","acute","22",27.5,0
"ncRNA_gene","CHG","exp1","acute","22",32.5,0
"ncRNA_gene","CHG","exp1","acute","22",37.5,0
"ncRNA_gene","CHG","exp1","acute","22",42.5,0
"ncRNA_gene","CHG","exp1","acute","22",47.5,0
"ncRNA_gene","CHG","exp1","acute","22",52.5,0
"ncRNA_gene","CHG","exp1","acute","22",57.5,0
"ncRNA_gene","CHG","exp1","acute","22",62.5,0
"ncRNA_gene","CHG","exp1","acute","22",67.5,0
"ncRNA_gene","CHG","exp1","acute","22",72.5,0
"ncRNA_gene","CHG","exp1","acute","22",77.5,0
"ncRNA_gene","CHG","exp1","acute","22",82.5,0
"ncRNA_gene","CHG","exp1","acute","22",87.5,0
"ncRNA_gene","CHG","exp1","acute","22",92.5,0
"ncRNA_gene","CHG","exp1","acute","22",97.5,0
"ncRNA_gene","CHG","exp1","acute","27",2.5,52
"ncRNA_gene","CHG","exp1","acute","27",7.5,0
"ncRNA_gene","CHG","exp1","acute","27",12.5,0
"ncRNA_gene","CHG","exp1","acute","27",17.5,0
"ncRNA_gene","CHG","exp1","acute","27",22.5,0
"ncRNA_gene","CHG","exp1","acute","27",27.5,0
"ncRNA_gene","CHG","exp1","acute","27",32.5,0
"ncRNA_gene","CHG","exp1","acute","27",37.5,0
"ncRNA_gene","CHG","exp1","acute","27",42.5,0
"ncRNA_gene","CHG","exp1","acute","27",47.5,0
"ncRNA_gene","CHG","exp1","acute","27",52.5,0
"ncRNA_gene","CHG","exp1","acute","27",57.5,0
"ncRNA_gene","CHG","exp1","acute","27",62.5,0
"ncRNA_gene","CHG","exp1","acute","27",67.5,0
"ncRNA_gene","CHG","exp1","acute","27",72.5,0
"ncRNA_gene","CHG","exp1","acute","27",77.5,0
"ncRNA_gene","CHG","exp1","acute","27",82.5,0
"ncRNA_gene","CHG","exp1","acute","27",87.5,0
"ncRNA_gene","CHG","exp1","acute","27",92.5,0
"ncRNA_gene","CHG","exp1","acute","27",97.5,0
"ncRNA_gene","CHG","exp2","naïve","10",2.5,72
"ncRNA_gene","CHG","exp2","naïve","10",7.5,2
"ncRNA_gene","CHG","exp2","naïve","10",12.5,0
"ncRNA_gene","CHG","exp2","naïve","10",17.5,0
"ncRNA_gene","CHG","exp2","naïve","10",22.5,0
"ncRNA_gene","CHG","exp2","naïve","10",27.5,0
"ncRNA_gene","CHG","exp2","naïve","10",32.5,0
"ncRNA_gene","CHG","exp2","naïve","10",37.5,0
"ncRNA_gene","CHG","exp2","naïve","10",42.5,0
"ncRNA_gene","CHG","exp2","naïve","10",47.5,0
"ncRNA_gene","CHG","exp2","naïve","10",52.5,0
"ncRNA_gene","CHG","exp2","naïve","10",57.5,0
"ncRNA_gene","CHG","exp2","naïve","10",62.5,0
"ncRNA_gene","CHG","exp2","naïve","10",67.5,0
"ncRNA_gene","CHG","exp2","naïve","10",72.5,0
"ncRNA_gene","CHG","exp2","naïve","10",77.5,0
"ncRNA_gene","CHG","exp2","naïve","10",82.5,0
"ncRNA_gene","CHG","exp2","naïve","10",87.5,0
"ncRNA_gene","CHG","exp2","naïve","10",92.5,0
"ncRNA_gene","CHG","exp2","naïve","10",97.5,0
"ncRNA_gene","CHG","exp2","naïve","11",2.5,67
"ncRNA_gene","CHG","exp2","naïve","11",7.5,2
"ncRNA_gene","CHG","exp2","naïve","11",12.5,0
"ncRNA_gene","CHG","exp2","naïve","11",17.5,0
"ncRNA_gene","CHG","exp2","naïve","11",22.5,0
"ncRNA_gene","CHG","exp2","naïve","11",27.5,0
"ncRNA_gene","CHG","exp2","naïve","11",32.5,0
"ncRNA_gene","CHG","exp2","naïve","11",37.5,0
"ncRNA_gene","CHG","exp2","naïve","11",42.5,0
"ncRNA_gene","CHG","exp2","naïve","11",47.5,0
"ncRNA_gene","CHG","exp2","naïve","11",52.5,0
"ncRNA_gene","CHG","exp2","naïve","11",57.5,0
"ncRNA_gene","CHG","exp2","naïve","11",62.5,0
"ncRNA_gene","CHG","exp2","naïve","11",67.5,0
"ncRNA_gene","CHG","exp2","naïve","11",72.5,0
"ncRNA_gene","CHG","exp2","naïve","11",77.5,0
"ncRNA_gene","CHG","exp2","naïve","11",82.5,0
"ncRNA_gene","CHG","exp2","naïve","11",87.5,0
"ncRNA_gene","CHG","exp2","naïve","11",92.5,0
"ncRNA_gene","CHG","exp2","naïve","11",97.5,0
"ncRNA_gene","CHG","exp2","naïve","6",2.5,108
"ncRNA_gene","CHG","exp2","naïve","6",7.5,0
"ncRNA_gene","CHG","exp2","naïve","6",12.5,0
"ncRNA_gene","CHG","exp2","naïve","6",17.5,0
"ncRNA_gene","CHG","exp2","naïve","6",22.5,0
"ncRNA_gene","CHG","exp2","naïve","6",27.5,0
"ncRNA_gene","CHG","exp2","naïve","6",32.5,0
"ncRNA_gene","CHG","exp2","naïve","6",37.5,0
"ncRNA_gene","CHG","exp2","naïve","6",42.5,0
"ncRNA_gene","CHG","exp2","naïve","6",47.5,0
"ncRNA_gene","CHG","exp2","naïve","6",52.5,0
"ncRNA_gene","CHG","exp2","naïve","6",57.5,0
"ncRNA_gene","CHG","exp2","naïve","6",62.5,0
"ncRNA_gene","CHG","exp2","naïve","6",67.5,0
"ncRNA_gene","CHG","exp2","naïve","6",72.5,0
"ncRNA_gene","CHG","exp2","naïve","6",77.5,0
"ncRNA_gene","CHG","exp2","naïve","6",82.5,0
"ncRNA_gene","CHG","exp2","naïve","6",87.5,0
"ncRNA_gene","CHG","exp2","naïve","6",92.5,0
"ncRNA_gene","CHG","exp2","naïve","6",97.5,0
"ncRNA_gene","CHG","exp2","naïve","7",2.5,145
"ncRNA_gene","CHG","exp2","naïve","7",7.5,3
"ncRNA_gene","CHG","exp2","naïve","7",12.5,0
"ncRNA_gene","CHG","exp2","naïve","7",17.5,0
"ncRNA_gene","CHG","exp2","naïve","7",22.5,1
"ncRNA_gene","CHG","exp2","naïve","7",27.5,0
"ncRNA_gene","CHG","exp2","naïve","7",32.5,0
"ncRNA_gene","CHG","exp2","naïve","7",37.5,0
"ncRNA_gene","CHG","exp2","naïve","7",42.5,0
"ncRNA_gene","CHG","exp2","naïve","7",47.5,0
"ncRNA_gene","CHG","exp2","naïve","7",52.5,0
"ncRNA_gene","CHG","exp2","naïve","7",57.5,0
"ncRNA_gene","CHG","exp2","naïve","7",62.5,0
"ncRNA_gene","CHG","exp2","naïve","7",67.5,0
"ncRNA_gene","CHG","exp2","naïve","7",72.5,0
"ncRNA_gene","CHG","exp2","naïve","7",77.5,0
"ncRNA_gene","CHG","exp2","naïve","7",82.5,0
"ncRNA_gene","CHG","exp2","naïve","7",87.5,0
"ncRNA_gene","CHG","exp2","naïve","7",92.5,0
"ncRNA_gene","CHG","exp2","naïve","7",97.5,0
"ncRNA_gene","CHG","exp2","primed","14",2.5,69
"ncRNA_gene","CHG","exp2","primed","14",7.5,2
"ncRNA_gene","CHG","exp2","primed","14",12.5,0
"ncRNA_gene","CHG","exp2","primed","14",17.5,0
"ncRNA_gene","CHG","exp2","primed","14",22.5,0
"ncRNA_gene","CHG","exp2","primed","14",27.5,0
"ncRNA_gene","CHG","exp2","primed","14",32.5,0
"ncRNA_gene","CHG","exp2","primed","14",37.5,0
"ncRNA_gene","CHG","exp2","primed","14",42.5,0
"ncRNA_gene","CHG","exp2","primed","14",47.5,0
"ncRNA_gene","CHG","exp2","primed","14",52.5,0
"ncRNA_gene","CHG","exp2","primed","14",57.5,0
"ncRNA_gene","CHG","exp2","primed","14",62.5,0
"ncRNA_gene","CHG","exp2","primed","14",67.5,0
"ncRNA_gene","CHG","exp2","primed","14",72.5,0
"ncRNA_gene","CHG","exp2","primed","14",77.5,0
"ncRNA_gene","CHG","exp2","primed","14",82.5,0
"ncRNA_gene","CHG","exp2","primed","14",87.5,0
"ncRNA_gene","CHG","exp2","primed","14",92.5,0
"ncRNA_gene","CHG","exp2","primed","14",97.5,0
"ncRNA_gene","CHG","exp2","primed","2",2.5,101
"ncRNA_gene","CHG","exp2","primed","2",7.5,1
"ncRNA_gene","CHG","exp2","primed","2",12.5,0
"ncRNA_gene","CHG","exp2","primed","2",17.5,0
"ncRNA_gene","CHG","exp2","primed","2",22.5,0
"ncRNA_gene","CHG","exp2","primed","2",27.5,0
"ncRNA_gene","CHG","exp2","primed","2",32.5,0
"ncRNA_gene","CHG","exp2","primed","2",37.5,0
"ncRNA_gene","CHG","exp2","primed","2",42.5,0
"ncRNA_gene","CHG","exp2","primed","2",47.5,0
"ncRNA_gene","CHG","exp2","primed","2",52.5,0
"ncRNA_gene","CHG","exp2","primed","2",57.5,0
"ncRNA_gene","CHG","exp2","primed","2",62.5,0
"ncRNA_gene","CHG","exp2","primed","2",67.5,0
"ncRNA_gene","CHG","exp2","primed","2",72.5,0
"ncRNA_gene","CHG","exp2","primed","2",77.5,0
"ncRNA_gene","CHG","exp2","primed","2",82.5,0
"ncRNA_gene","CHG","exp2","primed","2",87.5,0
"ncRNA_gene","CHG","exp2","primed","2",92.5,0
"ncRNA_gene","CHG","exp2","primed","2",97.5,0
"ncRNA_gene","CHG","exp2","primed","20",2.5,55
"ncRNA_gene","CHG","exp2","primed","20",7.5,0
"ncRNA_gene","CHG","exp2","primed","20",12.5,0
"ncRNA_gene","CHG","exp2","primed","20",17.5,0
"ncRNA_gene","CHG","exp2","primed","20",22.5,0
"ncRNA_gene","CHG","exp2","primed","20",27.5,0
"ncRNA_gene","CHG","exp2","primed","20",32.5,0
"ncRNA_gene","CHG","exp2","primed","20",37.5,0
"ncRNA_gene","CHG","exp2","primed","20",42.5,0
"ncRNA_gene","CHG","exp2","primed","20",47.5,0
"ncRNA_gene","CHG","exp2","primed","20",52.5,0
"ncRNA_gene","CHG","exp2","primed","20",57.5,0
"ncRNA_gene","CHG","exp2","primed","20",62.5,0
"ncRNA_gene","CHG","exp2","primed","20",67.5,0
"ncRNA_gene","CHG","exp2","primed","20",72.5,0
"ncRNA_gene","CHG","exp2","primed","20",77.5,0
"ncRNA_gene","CHG","exp2","primed","20",82.5,0
"ncRNA_gene","CHG","exp2","primed","20",87.5,0
"ncRNA_gene","CHG","exp2","primed","20",92.5,0
"ncRNA_gene","CHG","exp2","primed","20",97.5,0
"ncRNA_gene","CHG","exp2","primed","21",2.5,60
"ncRNA_gene","CHG","exp2","primed","21",7.5,3
"ncRNA_gene","CHG","exp2","primed","21",12.5,0
"ncRNA_gene","CHG","exp2","primed","21",17.5,0
"ncRNA_gene","CHG","exp2","primed","21",22.5,0
"ncRNA_gene","CHG","exp2","primed","21",27.5,0
"ncRNA_gene","CHG","exp2","primed","21",32.5,0
"ncRNA_gene","CHG","exp2","primed","21",37.5,0
"ncRNA_gene","CHG","exp2","primed","21",42.5,0
"ncRNA_gene","CHG","exp2","primed","21",47.5,0
"ncRNA_gene","CHG","exp2","primed","21",52.5,0
"ncRNA_gene","CHG","exp2","primed","21",57.5,0
"ncRNA_gene","CHG","exp2","primed","21",62.5,0
"ncRNA_gene","CHG","exp2","primed","21",67.5,0
"ncRNA_gene","CHG","exp2","primed","21",72.5,0
"ncRNA_gene","CHG","exp2","primed","21",77.5,0
"ncRNA_gene","CHG","exp2","primed","21",82.5,0
"ncRNA_gene","CHG","exp2","primed","21",87.5,0
"ncRNA_gene","CHG","exp2","primed","21",92.5,0
"ncRNA_gene","CHG","exp2","primed","21",97.5,0
"ncRNA_gene","CHH","exp1","control","13",2.5,113
"ncRNA_gene","CHH","exp1","control","13",7.5,0
"ncRNA_gene","CHH","exp1","control","13",12.5,0
"ncRNA_gene","CHH","exp1","control","13",17.5,0
"ncRNA_gene","CHH","exp1","control","13",22.5,0
"ncRNA_gene","CHH","exp1","control","13",27.5,0
"ncRNA_gene","CHH","exp1","control","13",32.5,0
"ncRNA_gene","CHH","exp1","control","13",37.5,0
"ncRNA_gene","CHH","exp1","control","13",42.5,0
"ncRNA_gene","CHH","exp1","control","13",47.5,0
"ncRNA_gene","CHH","exp1","control","13",52.5,0
"ncRNA_gene","CHH","exp1","control","13",57.5,0
"ncRNA_gene","CHH","exp1","control","13",62.5,0
"ncRNA_gene","CHH","exp1","control","13",67.5,0
"ncRNA_gene","CHH","exp1","control","13",72.5,0
"ncRNA_gene","CHH","exp1","control","13",77.5,0
"ncRNA_gene","CHH","exp1","control","13",82.5,0
"ncRNA_gene","CHH","exp1","control","13",87.5,0
"ncRNA_gene","CHH","exp1","control","13",92.5,0
"ncRNA_gene","CHH","exp1","control","13",97.5,0
"ncRNA_gene","CHH","exp1","control","16",2.5,82
"ncRNA_gene","CHH","exp1","control","16",7.5,3
"ncRNA_gene","CHH","exp1","control","16",12.5,0
"ncRNA_gene","CHH","exp1","control","16",17.5,0
"ncRNA_gene","CHH","exp1","control","16",22.5,0
"ncRNA_gene","CHH","exp1","control","16",27.5,0
"ncRNA_gene","CHH","exp1","control","16",32.5,0
"ncRNA_gene","CHH","exp1","control","16",37.5,0
"ncRNA_gene","CHH","exp1","control","16",42.5,0
"ncRNA_gene","CHH","exp1","control","16",47.5,0
"ncRNA_gene","CHH","exp1","control","16",52.5,0
"ncRNA_gene","CHH","exp1","control","16",57.5,0
"ncRNA_gene","CHH","exp1","control","16",62.5,0
"ncRNA_gene","CHH","exp1","control","16",67.5,0
"ncRNA_gene","CHH","exp1","control","16",72.5,0
"ncRNA_gene","CHH","exp1","control","16",77.5,0
"ncRNA_gene","CHH","exp1","control","16",82.5,0
"ncRNA_gene","CHH","exp1","control","16",87.5,0
"ncRNA_gene","CHH","exp1","control","16",92.5,0
"ncRNA_gene","CHH","exp1","control","16",97.5,0
"ncRNA_gene","CHH","exp1","control","9",2.5,102
"ncRNA_gene","CHH","exp1","control","9",7.5,0
"ncRNA_gene","CHH","exp1","control","9",12.5,0
"ncRNA_gene","CHH","exp1","control","9",17.5,0
"ncRNA_gene","CHH","exp1","control","9",22.5,0
"ncRNA_gene","CHH","exp1","control","9",27.5,0
"ncRNA_gene","CHH","exp1","control","9",32.5,0
"ncRNA_gene","CHH","exp1","control","9",37.5,0
"ncRNA_gene","CHH","exp1","control","9",42.5,0
"ncRNA_gene","CHH","exp1","control","9",47.5,0
"ncRNA_gene","CHH","exp1","control","9",52.5,0
"ncRNA_gene","CHH","exp1","control","9",57.5,0
"ncRNA_gene","CHH","exp1","control","9",62.5,0
"ncRNA_gene","CHH","exp1","control","9",67.5,0
"ncRNA_gene","CHH","exp1","control","9",72.5,0
"ncRNA_gene","CHH","exp1","control","9",77.5,0
"ncRNA_gene","CHH","exp1","control","9",82.5,0
"ncRNA_gene","CHH","exp1","control","9",87.5,0
"ncRNA_gene","CHH","exp1","control","9",92.5,0
"ncRNA_gene","CHH","exp1","control","9",97.5,0
"ncRNA_gene","CHH","exp1","acute","15",2.5,105
"ncRNA_gene","CHH","exp1","acute","15",7.5,1
"ncRNA_gene","CHH","exp1","acute","15",12.5,0
"ncRNA_gene","CHH","exp1","acute","15",17.5,0
"ncRNA_gene","CHH","exp1","acute","15",22.5,0
"ncRNA_gene","CHH","exp1","acute","15",27.5,0
"ncRNA_gene","CHH","exp1","acute","15",32.5,0
"ncRNA_gene","CHH","exp1","acute","15",37.5,0
"ncRNA_gene","CHH","exp1","acute","15",42.5,0
"ncRNA_gene","CHH","exp1","acute","15",47.5,0
"ncRNA_gene","CHH","exp1","acute","15",52.5,0
"ncRNA_gene","CHH","exp1","acute","15",57.5,0
"ncRNA_gene","CHH","exp1","acute","15",62.5,0
"ncRNA_gene","CHH","exp1","acute","15",67.5,0
"ncRNA_gene","CHH","exp1","acute","15",72.5,0
"ncRNA_gene","CHH","exp1","acute","15",77.5,0
"ncRNA_gene","CHH","exp1","acute","15",82.5,0
"ncRNA_gene","CHH","exp1","acute","15",87.5,0
"ncRNA_gene","CHH","exp1","acute","15",92.5,0
"ncRNA_gene","CHH","exp1","acute","15",97.5,0
"ncRNA_gene","CHH","exp1","acute","22",2.5,70
"ncRNA_gene","CHH","exp1","acute","22",7.5,0
"ncRNA_gene","CHH","exp1","acute","22",12.5,0
"ncRNA_gene","CHH","exp1","acute","22",17.5,0
"ncRNA_gene","CHH","exp1","acute","22",22.5,0
"ncRNA_gene","CHH","exp1","acute","22",27.5,0
"ncRNA_gene","CHH","exp1","acute","22",32.5,0
"ncRNA_gene","CHH","exp1","acute","22",37.5,0
"ncRNA_gene","CHH","exp1","acute","22",42.5,0
"ncRNA_gene","CHH","exp1","acute","22",47.5,0
"ncRNA_gene","CHH","exp1","acute","22",52.5,0
"ncRNA_gene","CHH","exp1","acute","22",57.5,0
"ncRNA_gene","CHH","exp1","acute","22",62.5,0
"ncRNA_gene","CHH","exp1","acute","22",67.5,0
"ncRNA_gene","CHH","exp1","acute","22",72.5,0
"ncRNA_gene","CHH","exp1","acute","22",77.5,0
"ncRNA_gene","CHH","exp1","acute","22",82.5,0
"ncRNA_gene","CHH","exp1","acute","22",87.5,0
"ncRNA_gene","CHH","exp1","acute","22",92.5,0
"ncRNA_gene","CHH","exp1","acute","22",97.5,0
"ncRNA_gene","CHH","exp1","acute","27",2.5,55
"ncRNA_gene","CHH","exp1","acute","27",7.5,0
"ncRNA_gene","CHH","exp1","acute","27",12.5,0
"ncRNA_gene","CHH","exp1","acute","27",17.5,0
"ncRNA_gene","CHH","exp1","acute","27",22.5,0
"ncRNA_gene","CHH","exp1","acute","27",27.5,0
"ncRNA_gene","CHH","exp1","acute","27",32.5,0
"ncRNA_gene","CHH","exp1","acute","27",37.5,0
"ncRNA_gene","CHH","exp1","acute","27",42.5,0
"ncRNA_gene","CHH","exp1","acute","27",47.5,0
"ncRNA_gene","CHH","exp1","acute","27",52.5,0
"ncRNA_gene","CHH","exp1","acute","27",57.5,0
"ncRNA_gene","CHH","exp1","acute","27",62.5,0
"ncRNA_gene","CHH","exp1","acute","27",67.5,0
"ncRNA_gene","CHH","exp1","acute","27",72.5,0
"ncRNA_gene","CHH","exp1","acute","27",77.5,0
"ncRNA_gene","CHH","exp1","acute","27",82.5,0
"ncRNA_gene","CHH","exp1","acute","27",87.5,0
"ncRNA_gene","CHH","exp1","acute","27",92.5,0
"ncRNA_gene","CHH","exp1","acute","27",97.5,0
"ncRNA_gene","CHH","exp2","naïve","10",2.5,75
"ncRNA_gene","CHH","exp2","naïve","10",7.5,2
"ncRNA_gene","CHH","exp2","naïve","10",12.5,0
"ncRNA_gene","CHH","exp2","naïve","10",17.5,0
"ncRNA_gene","CHH","exp2","naïve","10",22.5,0
"ncRNA_gene","CHH","exp2","naïve","10",27.5,0
"ncRNA_gene","CHH","exp2","naïve","10",32.5,0
"ncRNA_gene","CHH","exp2","naïve","10",37.5,0
"ncRNA_gene","CHH","exp2","naïve","10",42.5,0
"ncRNA_gene","CHH","exp2","naïve","10",47.5,0
"ncRNA_gene","CHH","exp2","naïve","10",52.5,0
"ncRNA_gene","CHH","exp2","naïve","10",57.5,0
"ncRNA_gene","CHH","exp2","naïve","10",62.5,0
"ncRNA_gene","CHH","exp2","naïve","10",67.5,0
"ncRNA_gene","CHH","exp2","naïve","10",72.5,0
"ncRNA_gene","CHH","exp2","naïve","10",77.5,0
"ncRNA_gene","CHH","exp2","naïve","10",82.5,0
"ncRNA_gene","CHH","exp2","naïve","10",87.5,0
"ncRNA_gene","CHH","exp2","naïve","10",92.5,0
"ncRNA_gene","CHH","exp2","naïve","10",97.5,0
"ncRNA_gene","CHH","exp2","naïve","11",2.5,75
"ncRNA_gene","CHH","exp2","naïve","11",7.5,3
"ncRNA_gene","CHH","exp2","naïve","11",12.5,0
"ncRNA_gene","CHH","exp2","naïve","11",17.5,0
"ncRNA_gene","CHH","exp2","naïve","11",22.5,0
"ncRNA_gene","CHH","exp2","naïve","11",27.5,0
"ncRNA_gene","CHH","exp2","naïve","11",32.5,0
"ncRNA_gene","CHH","exp2","naïve","11",37.5,0
"ncRNA_gene","CHH","exp2","naïve","11",42.5,0
"ncRNA_gene","CHH","exp2","naïve","11",47.5,0
"ncRNA_gene","CHH","exp2","naïve","11",52.5,0
"ncRNA_gene","CHH","exp2","naïve","11",57.5,0
"ncRNA_gene","CHH","exp2","naïve","11",62.5,0
"ncRNA_gene","CHH","exp2","naïve","11",67.5,0
"ncRNA_gene","CHH","exp2","naïve","11",72.5,0
"ncRNA_gene","CHH","exp2","naïve","11",77.5,0
"ncRNA_gene","CHH","exp2","naïve","11",82.5,0
"ncRNA_gene","CHH","exp2","naïve","11",87.5,0
"ncRNA_gene","CHH","exp2","naïve","11",92.5,0
"ncRNA_gene","CHH","exp2","naïve","11",97.5,0
"ncRNA_gene","CHH","exp2","naïve","6",2.5,109
"ncRNA_gene","CHH","exp2","naïve","6",7.5,1
"ncRNA_gene","CHH","exp2","naïve","6",12.5,0
"ncRNA_gene","CHH","exp2","naïve","6",17.5,0
"ncRNA_gene","CHH","exp2","naïve","6",22.5,0
"ncRNA_gene","CHH","exp2","naïve","6",27.5,0
"ncRNA_gene","CHH","exp2","naïve","6",32.5,0
"ncRNA_gene","CHH","exp2","naïve","6",37.5,0
"ncRNA_gene","CHH","exp2","naïve","6",42.5,0
"ncRNA_gene","CHH","exp2","naïve","6",47.5,0
"ncRNA_gene","CHH","exp2","naïve","6",52.5,0
"ncRNA_gene","CHH","exp2","naïve","6",57.5,0
"ncRNA_gene","CHH","exp2","naïve","6",62.5,0
"ncRNA_gene","CHH","exp2","naïve","6",67.5,0
"ncRNA_gene","CHH","exp2","naïve","6",72.5,0
"ncRNA_gene","CHH","exp2","naïve","6",77.5,0
"ncRNA_gene","CHH","exp2","naïve","6",82.5,0
"ncRNA_gene","CHH","exp2","naïve","6",87.5,0
"ncRNA_gene","CHH","exp2","naïve","6",92.5,0
"ncRNA_gene","CHH","exp2","naïve","6",97.5,0
"ncRNA_gene","CHH","exp2","naïve","7",2.5,154
"ncRNA_gene","CHH","exp2","naïve","7",7.5,2
"ncRNA_gene","CHH","exp2","naïve","7",12.5,0
"ncRNA_gene","CHH","exp2","naïve","7",17.5,0
"ncRNA_gene","CHH","exp2","naïve","7",22.5,0
"ncRNA_gene","CHH","exp2","naïve","7",27.5,0
"ncRNA_gene","CHH","exp2","naïve","7",32.5,0
"ncRNA_gene","CHH","exp2","naïve","7",37.5,0
"ncRNA_gene","CHH","exp2","naïve","7",42.5,0
"ncRNA_gene","CHH","exp2","naïve","7",47.5,0
"ncRNA_gene","CHH","exp2","naïve","7",52.5,0
"ncRNA_gene","CHH","exp2","naïve","7",57.5,0
"ncRNA_gene","CHH","exp2","naïve","7",62.5,0
"ncRNA_gene","CHH","exp2","naïve","7",67.5,0
"ncRNA_gene","CHH","exp2","naïve","7",72.5,0
"ncRNA_gene","CHH","exp2","naïve","7",77.5,0
"ncRNA_gene","CHH","exp2","naïve","7",82.5,0
"ncRNA_gene","CHH","exp2","naïve","7",87.5,0
"ncRNA_gene","CHH","exp2","naïve","7",92.5,0
"ncRNA_gene","CHH","exp2","naïve","7",97.5,0
"ncRNA_gene","CHH","exp2","primed","14",2.5,67
"ncRNA_gene","CHH","exp2","primed","14",7.5,4
"ncRNA_gene","CHH","exp2","primed","14",12.5,0
"ncRNA_gene","CHH","exp2","primed","14",17.5,0
"ncRNA_gene","CHH","exp2","primed","14",22.5,0
"ncRNA_gene","CHH","exp2","primed","14",27.5,0
"ncRNA_gene","CHH","exp2","primed","14",32.5,0
"ncRNA_gene","CHH","exp2","primed","14",37.5,0
"ncRNA_gene","CHH","exp2","primed","14",42.5,0
"ncRNA_gene","CHH","exp2","primed","14",47.5,0
"ncRNA_gene","CHH","exp2","primed","14",52.5,0
"ncRNA_gene","CHH","exp2","primed","14",57.5,0
"ncRNA_gene","CHH","exp2","primed","14",62.5,0
"ncRNA_gene","CHH","exp2","primed","14",67.5,0
"ncRNA_gene","CHH","exp2","primed","14",72.5,0
"ncRNA_gene","CHH","exp2","primed","14",77.5,0
"ncRNA_gene","CHH","exp2","primed","14",82.5,0
"ncRNA_gene","CHH","exp2","primed","14",87.5,0
"ncRNA_gene","CHH","exp2","primed","14",92.5,0
"ncRNA_gene","CHH","exp2","primed","14",97.5,0
"ncRNA_gene","CHH","exp2","primed","2",2.5,106
"ncRNA_gene","CHH","exp2","primed","2",7.5,0
"ncRNA_gene","CHH","exp2","primed","2",12.5,1
"ncRNA_gene","CHH","exp2","primed","2",17.5,0
"ncRNA_gene","CHH","exp2","primed","2",22.5,0
"ncRNA_gene","CHH","exp2","primed","2",27.5,0
"ncRNA_gene","CHH","exp2","primed","2",32.5,0
"ncRNA_gene","CHH","exp2","primed","2",37.5,0
"ncRNA_gene","CHH","exp2","primed","2",42.5,0
"ncRNA_gene","CHH","exp2","primed","2",47.5,0
"ncRNA_gene","CHH","exp2","primed","2",52.5,0
"ncRNA_gene","CHH","exp2","primed","2",57.5,0
"ncRNA_gene","CHH","exp2","primed","2",62.5,0
"ncRNA_gene","CHH","exp2","primed","2",67.5,0
"ncRNA_gene","CHH","exp2","primed","2",72.5,0
"ncRNA_gene","CHH","exp2","primed","2",77.5,0
"ncRNA_gene","CHH","exp2","primed","2",82.5,0
"ncRNA_gene","CHH","exp2","primed","2",87.5,0
"ncRNA_gene","CHH","exp2","primed","2",92.5,0
"ncRNA_gene","CHH","exp2","primed","2",97.5,0
"ncRNA_gene","CHH","exp2","primed","20",2.5,57
"ncRNA_gene","CHH","exp2","primed","20",7.5,0
"ncRNA_gene","CHH","exp2","primed","20",12.5,0
"ncRNA_gene","CHH","exp2","primed","20",17.5,0
"ncRNA_gene","CHH","exp2","primed","20",22.5,0
"ncRNA_gene","CHH","exp2","primed","20",27.5,0
"ncRNA_gene","CHH","exp2","primed","20",32.5,0
"ncRNA_gene","CHH","exp2","primed","20",37.5,0
"ncRNA_gene","CHH","exp2","primed","20",42.5,0
"ncRNA_gene","CHH","exp2","primed","20",47.5,0
"ncRNA_gene","CHH","exp2","primed","20",52.5,0
"ncRNA_gene","CHH","exp2","primed","20",57.5,0
"ncRNA_gene","CHH","exp2","primed","20",62.5,0
"ncRNA_gene","CHH","exp2","primed","20",67.5,0
"ncRNA_gene","CHH","exp2","primed","20",72.5,0
"ncRNA_gene","CHH","exp2","primed","20",77.5,0
"ncRNA_gene","CHH","exp2","primed","20",82.5,0
"ncRNA_gene","CHH","exp2","primed","20",87.5,0
"ncRNA_gene","CHH","exp2","primed","20",92.5,0
"ncRNA_gene","CHH","exp2","primed","20",97.5,0
"ncRNA_gene","CHH","exp2","primed","21",2.5,63
"ncRNA_gene","CHH","exp2","primed","21",7.5,2
"ncRNA_gene","CHH","exp2","primed","21",12.5,0
"ncRNA_gene","CHH","exp2","primed","21",17.5,0
"ncRNA_gene","CHH","exp2","primed","21",22.5,0
"ncRNA_gene","CHH","exp2","primed","21",27.5,0
"ncRNA_gene","CHH","exp2","primed","21",32.5,0
"ncRNA_gene","CHH","exp2","primed","21",37.5,0
"ncRNA_gene","CHH","exp2","primed","21",42.5,0
"ncRNA_gene","CHH","exp2","primed","21",47.5,0
"ncRNA_gene","CHH","exp2","primed","21",52.5,0
"ncRNA_gene","CHH","exp2","primed","21",57.5,0
"ncRNA_gene","CHH","exp2","primed","21",62.5,0
"ncRNA_gene","CHH","exp2","primed","21",67.5,0
"ncRNA_gene","CHH","exp2","primed","21",72.5,0
"ncRNA_gene","CHH","exp2","primed","21",77.5,0
"ncRNA_gene","CHH","exp2","primed","21",82.5,0
"ncRNA_gene","CHH","exp2","primed","21",87.5,0
"ncRNA_gene","CHH","exp2","primed","21",92.5,0
"ncRNA_gene","CHH","exp2","primed","21",97.5,0
"promoter","CpG","exp1","control","13",2.5,1797
"promoter","CpG","exp1","control","13",7.5,80
"promoter","CpG","exp1","control","13",12.5,13
"promoter","CpG","exp1","control","13",17.5,29
"promoter","CpG","exp1","control","13",22.5,8
"promoter","CpG","exp1","control","13",27.5,9
"promoter","CpG","exp1","control","13",32.5,6
"promoter","CpG","exp1","control","13",37.5,9
"promoter","CpG","exp1","control","13",42.5,10
"promoter","CpG","exp1","control","13",47.5,5
"promoter","CpG","exp1","control","13",52.5,4
"promoter","CpG","exp1","control","13",57.5,12
"promoter","CpG","exp1","control","13",62.5,6
"promoter","CpG","exp1","control","13",67.5,1
"promoter","CpG","exp1","control","13",72.5,4
"promoter","CpG","exp1","control","13",77.5,9
"promoter","CpG","exp1","control","13",82.5,2
"promoter","CpG","exp1","control","13",87.5,5
"promoter","CpG","exp1","control","13",92.5,4
"promoter","CpG","exp1","control","13",97.5,7
"promoter","CpG","exp1","control","16",2.5,1060
"promoter","CpG","exp1","control","16",7.5,44
"promoter","CpG","exp1","control","16",12.5,10
"promoter","CpG","exp1","control","16",17.5,9
"promoter","CpG","exp1","control","16",22.5,8
"promoter","CpG","exp1","control","16",27.5,4
"promoter","CpG","exp1","control","16",32.5,7
"promoter","CpG","exp1","control","16",37.5,10
"promoter","CpG","exp1","control","16",42.5,5
"promoter","CpG","exp1","control","16",47.5,9
"promoter","CpG","exp1","control","16",52.5,2
"promoter","CpG","exp1","control","16",57.5,4
"promoter","CpG","exp1","control","16",62.5,6
"promoter","CpG","exp1","control","16",67.5,4
"promoter","CpG","exp1","control","16",72.5,1
"promoter","CpG","exp1","control","16",77.5,2
"promoter","CpG","exp1","control","16",82.5,1
"promoter","CpG","exp1","control","16",87.5,4
"promoter","CpG","exp1","control","16",92.5,1
"promoter","CpG","exp1","control","16",97.5,10
"promoter","CpG","exp1","control","9",2.5,1812
"promoter","CpG","exp1","control","9",7.5,68
"promoter","CpG","exp1","control","9",12.5,9
"promoter","CpG","exp1","control","9",17.5,19
"promoter","CpG","exp1","control","9",22.5,11
"promoter","CpG","exp1","control","9",27.5,7
"promoter","CpG","exp1","control","9",32.5,8
"promoter","CpG","exp1","control","9",37.5,14
"promoter","CpG","exp1","control","9",42.5,4
"promoter","CpG","exp1","control","9",47.5,11
"promoter","CpG","exp1","control","9",52.5,5
"promoter","CpG","exp1","control","9",57.5,1
"promoter","CpG","exp1","control","9",62.5,4
"promoter","CpG","exp1","control","9",67.5,4
"promoter","CpG","exp1","control","9",72.5,2
"promoter","CpG","exp1","control","9",77.5,9
"promoter","CpG","exp1","control","9",82.5,1
"promoter","CpG","exp1","control","9",87.5,7
"promoter","CpG","exp1","control","9",92.5,2
"promoter","CpG","exp1","control","9",97.5,10
"promoter","CpG","exp1","acute","15",2.5,1480
"promoter","CpG","exp1","acute","15",7.5,50
"promoter","CpG","exp1","acute","15",12.5,13
"promoter","CpG","exp1","acute","15",17.5,12
"promoter","CpG","exp1","acute","15",22.5,10
"promoter","CpG","exp1","acute","15",27.5,14
"promoter","CpG","exp1","acute","15",32.5,4
"promoter","CpG","exp1","acute","15",37.5,5
"promoter","CpG","exp1","acute","15",42.5,3
"promoter","CpG","exp1","acute","15",47.5,5
"promoter","CpG","exp1","acute","15",52.5,1
"promoter","CpG","exp1","acute","15",57.5,2
"promoter","CpG","exp1","acute","15",62.5,5
"promoter","CpG","exp1","acute","15",67.5,7
"promoter","CpG","exp1","acute","15",72.5,4
"promoter","CpG","exp1","acute","15",77.5,1
"promoter","CpG","exp1","acute","15",82.5,2
"promoter","CpG","exp1","acute","15",87.5,1
"promoter","CpG","exp1","acute","15",92.5,9
"promoter","CpG","exp1","acute","15",97.5,9
"promoter","CpG","exp1","acute","22",2.5,685
"promoter","CpG","exp1","acute","22",7.5,26
"promoter","CpG","exp1","acute","22",12.5,4
"promoter","CpG","exp1","acute","22",17.5,9
"promoter","CpG","exp1","acute","22",22.5,3
"promoter","CpG","exp1","acute","22",27.5,7
"promoter","CpG","exp1","acute","22",32.5,8
"promoter","CpG","exp1","acute","22",37.5,3
"promoter","CpG","exp1","acute","22",42.5,1
"promoter","CpG","exp1","acute","22",47.5,3
"promoter","CpG","exp1","acute","22",52.5,4
"promoter","CpG","exp1","acute","22",57.5,2
"promoter","CpG","exp1","acute","22",62.5,0
"promoter","CpG","exp1","acute","22",67.5,3
"promoter","CpG","exp1","acute","22",72.5,2
"promoter","CpG","exp1","acute","22",77.5,2
"promoter","CpG","exp1","acute","22",82.5,1
"promoter","CpG","exp1","acute","22",87.5,3
"promoter","CpG","exp1","acute","22",92.5,0
"promoter","CpG","exp1","acute","22",97.5,2
"promoter","CpG","exp1","acute","27",2.5,688
"promoter","CpG","exp1","acute","27",7.5,34
"promoter","CpG","exp1","acute","27",12.5,7
"promoter","CpG","exp1","acute","27",17.5,10
"promoter","CpG","exp1","acute","27",22.5,8
"promoter","CpG","exp1","acute","27",27.5,5
"promoter","CpG","exp1","acute","27",32.5,3
"promoter","CpG","exp1","acute","27",37.5,3
"promoter","CpG","exp1","acute","27",42.5,2
"promoter","CpG","exp1","acute","27",47.5,3
"promoter","CpG","exp1","acute","27",52.5,0
"promoter","CpG","exp1","acute","27",57.5,7
"promoter","CpG","exp1","acute","27",62.5,0
"promoter","CpG","exp1","acute","27",67.5,2
"promoter","CpG","exp1","acute","27",72.5,3
"promoter","CpG","exp1","acute","27",77.5,7
"promoter","CpG","exp1","acute","27",82.5,4
"promoter","CpG","exp1","acute","27",87.5,1
"promoter","CpG","exp1","acute","27",92.5,2
"promoter","CpG","exp1","acute","27",97.5,2
"promoter","CpG","exp2","naïve","10",2.5,810
"promoter","CpG","exp2","naïve","10",7.5,35
"promoter","CpG","exp2","naïve","10",12.5,11
"promoter","CpG","exp2","naïve","10",17.5,14
"promoter","CpG","exp2","naïve","10",22.5,8
"promoter","CpG","exp2","naïve","10",27.5,4
"promoter","CpG","exp2","naïve","10",32.5,1
"promoter","CpG","exp2","naïve","10",37.5,2
"promoter","CpG","exp2","naïve","10",42.5,1
"promoter","CpG","exp2","naïve","10",47.5,7
"promoter","CpG","exp2","naïve","10",52.5,2
"promoter","CpG","exp2","naïve","10",57.5,2
"promoter","CpG","exp2","naïve","10",62.5,1
"promoter","CpG","exp2","naïve","10",67.5,4
"promoter","CpG","exp2","naïve","10",72.5,2
"promoter","CpG","exp2","naïve","10",77.5,2
"promoter","CpG","exp2","naïve","10",82.5,2
"promoter","CpG","exp2","naïve","10",87.5,2
"promoter","CpG","exp2","naïve","10",92.5,2
"promoter","CpG","exp2","naïve","10",97.5,2
"promoter","CpG","exp2","naïve","11",2.5,1030
"promoter","CpG","exp2","naïve","11",7.5,27
"promoter","CpG","exp2","naïve","11",12.5,12
"promoter","CpG","exp2","naïve","11",17.5,16
"promoter","CpG","exp2","naïve","11",22.5,9
"promoter","CpG","exp2","naïve","11",27.5,3
"promoter","CpG","exp2","naïve","11",32.5,10
"promoter","CpG","exp2","naïve","11",37.5,6
"promoter","CpG","exp2","naïve","11",42.5,2
"promoter","CpG","exp2","naïve","11",47.5,6
"promoter","CpG","exp2","naïve","11",52.5,2
"promoter","CpG","exp2","naïve","11",57.5,3
"promoter","CpG","exp2","naïve","11",62.5,2
"promoter","CpG","exp2","naïve","11",67.5,6
"promoter","CpG","exp2","naïve","11",72.5,1
"promoter","CpG","exp2","naïve","11",77.5,2
"promoter","CpG","exp2","naïve","11",82.5,3
"promoter","CpG","exp2","naïve","11",87.5,2
"promoter","CpG","exp2","naïve","11",92.5,1
"promoter","CpG","exp2","naïve","11",97.5,4
"promoter","CpG","exp2","naïve","6",2.5,1547
"promoter","CpG","exp2","naïve","6",7.5,59
"promoter","CpG","exp2","naïve","6",12.5,8
"promoter","CpG","exp2","naïve","6",17.5,19
"promoter","CpG","exp2","naïve","6",22.5,6
"promoter","CpG","exp2","naïve","6",27.5,15
"promoter","CpG","exp2","naïve","6",32.5,4
"promoter","CpG","exp2","naïve","6",37.5,9
"promoter","CpG","exp2","naïve","6",42.5,1
"promoter","CpG","exp2","naïve","6",47.5,9
"promoter","CpG","exp2","naïve","6",52.5,3
"promoter","CpG","exp2","naïve","6",57.5,8
"promoter","CpG","exp2","naïve","6",62.5,4
"promoter","CpG","exp2","naïve","6",67.5,4
"promoter","CpG","exp2","naïve","6",72.5,4
"promoter","CpG","exp2","naïve","6",77.5,7
"promoter","CpG","exp2","naïve","6",82.5,7
"promoter","CpG","exp2","naïve","6",87.5,3
"promoter","CpG","exp2","naïve","6",92.5,3
"promoter","CpG","exp2","naïve","6",97.5,13
"promoter","CpG","exp2","naïve","7",2.5,2641
"promoter","CpG","exp2","naïve","7",7.5,70
"promoter","CpG","exp2","naïve","7",12.5,26
"promoter","CpG","exp2","naïve","7",17.5,24
"promoter","CpG","exp2","naïve","7",22.5,14
"promoter","CpG","exp2","naïve","7",27.5,17
"promoter","CpG","exp2","naïve","7",32.5,7
"promoter","CpG","exp2","naïve","7",37.5,16
"promoter","CpG","exp2","naïve","7",42.5,5
"promoter","CpG","exp2","naïve","7",47.5,4
"promoter","CpG","exp2","naïve","7",52.5,6
"promoter","CpG","exp2","naïve","7",57.5,6
"promoter","CpG","exp2","naïve","7",62.5,6
"promoter","CpG","exp2","naïve","7",67.5,8
"promoter","CpG","exp2","naïve","7",72.5,3
"promoter","CpG","exp2","naïve","7",77.5,6
"promoter","CpG","exp2","naïve","7",82.5,7
"promoter","CpG","exp2","naïve","7",87.5,9
"promoter","CpG","exp2","naïve","7",92.5,8
"promoter","CpG","exp2","naïve","7",97.5,15
"promoter","CpG","exp2","primed","14",2.5,879
"promoter","CpG","exp2","primed","14",7.5,32
"promoter","CpG","exp2","primed","14",12.5,9
"promoter","CpG","exp2","primed","14",17.5,12
"promoter","CpG","exp2","primed","14",22.5,8
"promoter","CpG","exp2","primed","14",27.5,9
"promoter","CpG","exp2","primed","14",32.5,3
"promoter","CpG","exp2","primed","14",37.5,9
"promoter","CpG","exp2","primed","14",42.5,3
"promoter","CpG","exp2","primed","14",47.5,9
"promoter","CpG","exp2","primed","14",52.5,4
"promoter","CpG","exp2","primed","14",57.5,4
"promoter","CpG","exp2","primed","14",62.5,3
"promoter","CpG","exp2","primed","14",67.5,1
"promoter","CpG","exp2","primed","14",72.5,0
"promoter","CpG","exp2","primed","14",77.5,2
"promoter","CpG","exp2","primed","14",82.5,3
"promoter","CpG","exp2","primed","14",87.5,4
"promoter","CpG","exp2","primed","14",92.5,3
"promoter","CpG","exp2","primed","14",97.5,4
"promoter","CpG","exp2","primed","2",2.5,1847
"promoter","CpG","exp2","primed","2",7.5,76
"promoter","CpG","exp2","primed","2",12.5,12
"promoter","CpG","exp2","primed","2",17.5,26
"promoter","CpG","exp2","primed","2",22.5,7
"promoter","CpG","exp2","primed","2",27.5,6
"promoter","CpG","exp2","primed","2",32.5,5
"promoter","CpG","exp2","primed","2",37.5,9
"promoter","CpG","exp2","primed","2",42.5,11
"promoter","CpG","exp2","primed","2",47.5,14
"promoter","CpG","exp2","primed","2",52.5,4
"promoter","CpG","exp2","primed","2",57.5,4
"promoter","CpG","exp2","primed","2",62.5,2
"promoter","CpG","exp2","primed","2",67.5,2
"promoter","CpG","exp2","primed","2",72.5,3
"promoter","CpG","exp2","primed","2",77.5,8
"promoter","CpG","exp2","primed","2",82.5,4
"promoter","CpG","exp2","primed","2",87.5,3
"promoter","CpG","exp2","primed","2",92.5,2
"promoter","CpG","exp2","primed","2",97.5,12
"promoter","CpG","exp2","primed","20",2.5,592
"promoter","CpG","exp2","primed","20",7.5,21
"promoter","CpG","exp2","primed","20",12.5,4
"promoter","CpG","exp2","primed","20",17.5,10
"promoter","CpG","exp2","primed","20",22.5,5
"promoter","CpG","exp2","primed","20",27.5,3
"promoter","CpG","exp2","primed","20",32.5,8
"promoter","CpG","exp2","primed","20",37.5,3
"promoter","CpG","exp2","primed","20",42.5,3
"promoter","CpG","exp2","primed","20",47.5,4
"promoter","CpG","exp2","primed","20",52.5,3
"promoter","CpG","exp2","primed","20",57.5,0
"promoter","CpG","exp2","primed","20",62.5,1
"promoter","CpG","exp2","primed","20",67.5,0
"promoter","CpG","exp2","primed","20",72.5,0
"promoter","CpG","exp2","primed","20",77.5,6
"promoter","CpG","exp2","primed","20",82.5,0
"promoter","CpG","exp2","primed","20",87.5,4
"promoter","CpG","exp2","primed","20",92.5,1
"promoter","CpG","exp2","primed","20",97.5,2
"promoter","CpG","exp2","primed","21",2.5,711
"promoter","CpG","exp2","primed","21",7.5,28
"promoter","CpG","exp2","primed","21",12.5,8
"promoter","CpG","exp2","primed","21",17.5,13
"promoter","CpG","exp2","primed","21",22.5,5
"promoter","CpG","exp2","primed","21",27.5,8
"promoter","CpG","exp2","primed","21",32.5,5
"promoter","CpG","exp2","primed","21",37.5,10
"promoter","CpG","exp2","primed","21",42.5,3
"promoter","CpG","exp2","primed","21",47.5,2
"promoter","CpG","exp2","primed","21",52.5,5
"promoter","CpG","exp2","primed","21",57.5,2
"promoter","CpG","exp2","primed","21",62.5,0
"promoter","CpG","exp2","primed","21",67.5,3
"promoter","CpG","exp2","primed","21",72.5,2
"promoter","CpG","exp2","primed","21",77.5,3
"promoter","CpG","exp2","primed","21",82.5,1
"promoter","CpG","exp2","primed","21",87.5,2
"promoter","CpG","exp2","primed","21",92.5,2
"promoter","CpG","exp2","primed","21",97.5,6
"promoter","CHG","exp1","control","13",2.5,2036
"promoter","CHG","exp1","control","13",7.5,42
"promoter","CHG","exp1","control","13",12.5,1
"promoter","CHG","exp1","control","13",17.5,1
"promoter","CHG","exp1","control","13",22.5,0
"promoter","CHG","exp1","control","13",27.5,1
"promoter","CHG","exp1","control","13",32.5,0
"promoter","CHG","exp1","control","13",37.5,0
"promoter","CHG","exp1","control","13",42.5,0
"promoter","CHG","exp1","control","13",47.5,0
"promoter","CHG","exp1","control","13",52.5,0
"promoter","CHG","exp1","control","13",57.5,0
"promoter","CHG","exp1","control","13",62.5,0
"promoter","CHG","exp1","control","13",67.5,0
"promoter","CHG","exp1","control","13",72.5,0
"promoter","CHG","exp1","control","13",77.5,0
"promoter","CHG","exp1","control","13",82.5,0
"promoter","CHG","exp1","control","13",87.5,0
"promoter","CHG","exp1","control","13",92.5,0
"promoter","CHG","exp1","control","13",97.5,0
"promoter","CHG","exp1","control","16",2.5,1231
"promoter","CHG","exp1","control","16",7.5,18
"promoter","CHG","exp1","control","16",12.5,3
"promoter","CHG","exp1","control","16",17.5,2
"promoter","CHG","exp1","control","16",22.5,0
"promoter","CHG","exp1","control","16",27.5,0
"promoter","CHG","exp1","control","16",32.5,0
"promoter","CHG","exp1","control","16",37.5,0
"promoter","CHG","exp1","control","16",42.5,0
"promoter","CHG","exp1","control","16",47.5,0
"promoter","CHG","exp1","control","16",52.5,0
"promoter","CHG","exp1","control","16",57.5,0
"promoter","CHG","exp1","control","16",62.5,0
"promoter","CHG","exp1","control","16",67.5,0
"promoter","CHG","exp1","control","16",72.5,0
"promoter","CHG","exp1","control","16",77.5,0
"promoter","CHG","exp1","control","16",82.5,0
"promoter","CHG","exp1","control","16",87.5,0
"promoter","CHG","exp1","control","16",92.5,0
"promoter","CHG","exp1","control","16",97.5,0
"promoter","CHG","exp1","control","9",2.5,2073
"promoter","CHG","exp1","control","9",7.5,38
"promoter","CHG","exp1","control","9",12.5,1
"promoter","CHG","exp1","control","9",17.5,1
"promoter","CHG","exp1","control","9",22.5,1
"promoter","CHG","exp1","control","9",27.5,0
"promoter","CHG","exp1","control","9",32.5,1
"promoter","CHG","exp1","control","9",37.5,0
"promoter","CHG","exp1","control","9",42.5,0
"promoter","CHG","exp1","control","9",47.5,0
"promoter","CHG","exp1","control","9",52.5,0
"promoter","CHG","exp1","control","9",57.5,0
"promoter","CHG","exp1","control","9",62.5,0
"promoter","CHG","exp1","control","9",67.5,0
"promoter","CHG","exp1","control","9",72.5,0
"promoter","CHG","exp1","control","9",77.5,0
"promoter","CHG","exp1","control","9",82.5,0
"promoter","CHG","exp1","control","9",87.5,0
"promoter","CHG","exp1","control","9",92.5,0
"promoter","CHG","exp1","control","9",97.5,0
"promoter","CHG","exp1","acute","15",2.5,1669
"promoter","CHG","exp1","acute","15",7.5,30
"promoter","CHG","exp1","acute","15",12.5,1
"promoter","CHG","exp1","acute","15",17.5,2
"promoter","CHG","exp1","acute","15",22.5,0
"promoter","CHG","exp1","acute","15",27.5,0
"promoter","CHG","exp1","acute","15",32.5,0
"promoter","CHG","exp1","acute","15",37.5,2
"promoter","CHG","exp1","acute","15",42.5,0
"promoter","CHG","exp1","acute","15",47.5,0
"promoter","CHG","exp1","acute","15",52.5,0
"promoter","CHG","exp1","acute","15",57.5,0
"promoter","CHG","exp1","acute","15",62.5,0
"promoter","CHG","exp1","acute","15",67.5,0
"promoter","CHG","exp1","acute","15",72.5,0
"promoter","CHG","exp1","acute","15",77.5,0
"promoter","CHG","exp1","acute","15",82.5,0
"promoter","CHG","exp1","acute","15",87.5,0
"promoter","CHG","exp1","acute","15",92.5,0
"promoter","CHG","exp1","acute","15",97.5,0
"promoter","CHG","exp1","acute","22",2.5,775
"promoter","CHG","exp1","acute","22",7.5,21
"promoter","CHG","exp1","acute","22",12.5,0
"promoter","CHG","exp1","acute","22",17.5,0
"promoter","CHG","exp1","acute","22",22.5,0
"promoter","CHG","exp1","acute","22",27.5,0
"promoter","CHG","exp1","acute","22",32.5,0
"promoter","CHG","exp1","acute","22",37.5,0
"promoter","CHG","exp1","acute","22",42.5,0
"promoter","CHG","exp1","acute","22",47.5,0
"promoter","CHG","exp1","acute","22",52.5,0
"promoter","CHG","exp1","acute","22",57.5,0
"promoter","CHG","exp1","acute","22",62.5,0
"promoter","CHG","exp1","acute","22",67.5,0
"promoter","CHG","exp1","acute","22",72.5,0
"promoter","CHG","exp1","acute","22",77.5,0
"promoter","CHG","exp1","acute","22",82.5,0
"promoter","CHG","exp1","acute","22",87.5,0
"promoter","CHG","exp1","acute","22",92.5,0
"promoter","CHG","exp1","acute","22",97.5,0
"promoter","CHG","exp1","acute","27",2.5,828
"promoter","CHG","exp1","acute","27",7.5,9
"promoter","CHG","exp1","acute","27",12.5,1
"promoter","CHG","exp1","acute","27",17.5,2
"promoter","CHG","exp1","acute","27",22.5,1
"promoter","CHG","exp1","acute","27",27.5,0
"promoter","CHG","exp1","acute","27",32.5,0
"promoter","CHG","exp1","acute","27",37.5,0
"promoter","CHG","exp1","acute","27",42.5,0
"promoter","CHG","exp1","acute","27",47.5,0
"promoter","CHG","exp1","acute","27",52.5,0
"promoter","CHG","exp1","acute","27",57.5,0
"promoter","CHG","exp1","acute","27",62.5,0
"promoter","CHG","exp1","acute","27",67.5,0
"promoter","CHG","exp1","acute","27",72.5,0
"promoter","CHG","exp1","acute","27",77.5,0
"promoter","CHG","exp1","acute","27",82.5,0
"promoter","CHG","exp1","acute","27",87.5,0
"promoter","CHG","exp1","acute","27",92.5,0
"promoter","CHG","exp1","acute","27",97.5,0
"promoter","CHG","exp2","naïve","10",2.5,920
"promoter","CHG","exp2","naïve","10",7.5,12
"promoter","CHG","exp2","naïve","10",12.5,2
"promoter","CHG","exp2","naïve","10",17.5,2
"promoter","CHG","exp2","naïve","10",22.5,0
"promoter","CHG","exp2","naïve","10",27.5,0
"promoter","CHG","exp2","naïve","10",32.5,0
"promoter","CHG","exp2","naïve","10",37.5,0
"promoter","CHG","exp2","naïve","10",42.5,0
"promoter","CHG","exp2","naïve","10",47.5,0
"promoter","CHG","exp2","naïve","10",52.5,0
"promoter","CHG","exp2","naïve","10",57.5,0
"promoter","CHG","exp2","naïve","10",62.5,0
"promoter","CHG","exp2","naïve","10",67.5,0
"promoter","CHG","exp2","naïve","10",72.5,0
"promoter","CHG","exp2","naïve","10",77.5,0
"promoter","CHG","exp2","naïve","10",82.5,0
"promoter","CHG","exp2","naïve","10",87.5,0
"promoter","CHG","exp2","naïve","10",92.5,0
"promoter","CHG","exp2","naïve","10",97.5,0
"promoter","CHG","exp2","naïve","11",2.5,1173
"promoter","CHG","exp2","naïve","11",7.5,17
"promoter","CHG","exp2","naïve","11",12.5,0
"promoter","CHG","exp2","naïve","11",17.5,2
"promoter","CHG","exp2","naïve","11",22.5,0
"promoter","CHG","exp2","naïve","11",27.5,0
"promoter","CHG","exp2","naïve","11",32.5,1
"promoter","CHG","exp2","naïve","11",37.5,0
"promoter","CHG","exp2","naïve","11",42.5,0
"promoter","CHG","exp2","naïve","11",47.5,0
"promoter","CHG","exp2","naïve","11",52.5,0
"promoter","CHG","exp2","naïve","11",57.5,0
"promoter","CHG","exp2","naïve","11",62.5,0
"promoter","CHG","exp2","naïve","11",67.5,0
"promoter","CHG","exp2","naïve","11",72.5,0
"promoter","CHG","exp2","naïve","11",77.5,0
"promoter","CHG","exp2","naïve","11",82.5,0
"promoter","CHG","exp2","naïve","11",87.5,0
"promoter","CHG","exp2","naïve","11",92.5,0
"promoter","CHG","exp2","naïve","11",97.5,0
"promoter","CHG","exp2","naïve","6",2.5,1739
"promoter","CHG","exp2","naïve","6",7.5,37
"promoter","CHG","exp2","naïve","6",12.5,0
"promoter","CHG","exp2","naïve","6",17.5,1
"promoter","CHG","exp2","naïve","6",22.5,0
"promoter","CHG","exp2","naïve","6",27.5,0
"promoter","CHG","exp2","naïve","6",32.5,0
"promoter","CHG","exp2","naïve","6",37.5,0
"promoter","CHG","exp2","naïve","6",42.5,0
"promoter","CHG","exp2","naïve","6",47.5,0
"promoter","CHG","exp2","naïve","6",52.5,0
"promoter","CHG","exp2","naïve","6",57.5,0
"promoter","CHG","exp2","naïve","6",62.5,0
"promoter","CHG","exp2","naïve","6",67.5,0
"promoter","CHG","exp2","naïve","6",72.5,0
"promoter","CHG","exp2","naïve","6",77.5,0
"promoter","CHG","exp2","naïve","6",82.5,0
"promoter","CHG","exp2","naïve","6",87.5,0
"promoter","CHG","exp2","naïve","6",92.5,0
"promoter","CHG","exp2","naïve","6",97.5,0
"promoter","CHG","exp2","naïve","7",2.5,2930
"promoter","CHG","exp2","naïve","7",7.5,39
"promoter","CHG","exp2","naïve","7",12.5,1
"promoter","CHG","exp2","naïve","7",17.5,2
"promoter","CHG","exp2","naïve","7",22.5,0
"promoter","CHG","exp2","naïve","7",27.5,1
"promoter","CHG","exp2","naïve","7",32.5,0
"promoter","CHG","exp2","naïve","7",37.5,0
"promoter","CHG","exp2","naïve","7",42.5,0
"promoter","CHG","exp2","naïve","7",47.5,0
"promoter","CHG","exp2","naïve","7",52.5,0
"promoter","CHG","exp2","naïve","7",57.5,0
"promoter","CHG","exp2","naïve","7",62.5,0
"promoter","CHG","exp2","naïve","7",67.5,0
"promoter","CHG","exp2","naïve","7",72.5,0
"promoter","CHG","exp2","naïve","7",77.5,0
"promoter","CHG","exp2","naïve","7",82.5,0
"promoter","CHG","exp2","naïve","7",87.5,0
"promoter","CHG","exp2","naïve","7",92.5,0
"promoter","CHG","exp2","naïve","7",97.5,0
"promoter","CHG","exp2","primed","14",2.5,1057
"promoter","CHG","exp2","primed","14",7.5,16
"promoter","CHG","exp2","primed","14",12.5,2
"promoter","CHG","exp2","primed","14",17.5,0
"promoter","CHG","exp2","primed","14",22.5,0
"promoter","CHG","exp2","primed","14",27.5,0
"promoter","CHG","exp2","primed","14",32.5,0
"promoter","CHG","exp2","primed","14",37.5,0
"promoter","CHG","exp2","primed","14",42.5,0
"promoter","CHG","exp2","primed","14",47.5,0
"promoter","CHG","exp2","primed","14",52.5,0
"promoter","CHG","exp2","primed","14",57.5,0
"promoter","CHG","exp2","primed","14",62.5,0
"promoter","CHG","exp2","primed","14",67.5,0
"promoter","CHG","exp2","primed","14",72.5,0
"promoter","CHG","exp2","primed","14",77.5,0
"promoter","CHG","exp2","primed","14",82.5,0
"promoter","CHG","exp2","primed","14",87.5,0
"promoter","CHG","exp2","primed","14",92.5,0
"promoter","CHG","exp2","primed","14",97.5,0
"promoter","CHG","exp2","primed","2",2.5,2070
"promoter","CHG","exp2","primed","2",7.5,58
"promoter","CHG","exp2","primed","2",12.5,2
"promoter","CHG","exp2","primed","2",17.5,1
"promoter","CHG","exp2","primed","2",22.5,0
"promoter","CHG","exp2","primed","2",27.5,1
"promoter","CHG","exp2","primed","2",32.5,0
"promoter","CHG","exp2","primed","2",37.5,0
"promoter","CHG","exp2","primed","2",42.5,0
"promoter","CHG","exp2","primed","2",47.5,0
"promoter","CHG","exp2","primed","2",52.5,0
"promoter","CHG","exp2","primed","2",57.5,0
"promoter","CHG","exp2","primed","2",62.5,0
"promoter","CHG","exp2","primed","2",67.5,0
"promoter","CHG","exp2","primed","2",72.5,0
"promoter","CHG","exp2","primed","2",77.5,0
"promoter","CHG","exp2","primed","2",82.5,0
"promoter","CHG","exp2","primed","2",87.5,0
"promoter","CHG","exp2","primed","2",92.5,0
"promoter","CHG","exp2","primed","2",97.5,0
"promoter","CHG","exp2","primed","20",2.5,680
"promoter","CHG","exp2","primed","20",7.5,15
"promoter","CHG","exp2","primed","20",12.5,1
"promoter","CHG","exp2","primed","20",17.5,0
"promoter","CHG","exp2","primed","20",22.5,3
"promoter","CHG","exp2","primed","20",27.5,0
"promoter","CHG","exp2","primed","20",32.5,0
"promoter","CHG","exp2","primed","20",37.5,0
"promoter","CHG","exp2","primed","20",42.5,0
"promoter","CHG","exp2","primed","20",47.5,0
"promoter","CHG","exp2","primed","20",52.5,0
"promoter","CHG","exp2","primed","20",57.5,0
"promoter","CHG","exp2","primed","20",62.5,0
"promoter","CHG","exp2","primed","20",67.5,0
"promoter","CHG","exp2","primed","20",72.5,0
"promoter","CHG","exp2","primed","20",77.5,0
"promoter","CHG","exp2","primed","20",82.5,0
"promoter","CHG","exp2","primed","20",87.5,0
"promoter","CHG","exp2","primed","20",92.5,0
"promoter","CHG","exp2","primed","20",97.5,0
"promoter","CHG","exp2","primed","21",2.5,831
"promoter","CHG","exp2","primed","21",7.5,16
"promoter","CHG","exp2","primed","21",12.5,0
"promoter","CHG","exp2","primed","21",17.5,1
"promoter","CHG","exp2","primed","21",22.5,0
"promoter","CHG","exp2","primed","21",27.5,0
"promoter","CHG","exp2","primed","21",32.5,0
"promoter","CHG","exp2","primed","21",37.5,0
"promoter","CHG","exp2","primed","21",42.5,0
"promoter","CHG","exp2","primed","21",47.5,0
"promoter","CHG","exp2","primed","21",52.5,0
"promoter","CHG","exp2","primed","21",57.5,0
"promoter","CHG","exp2","primed","21",62.5,0
"promoter","CHG","exp2","primed","21",67.5,0
"promoter","CHG","exp2","primed","21",72.5,0
"promoter","CHG","exp2","primed","21",77.5,0
"promoter","CHG","exp2","primed","21",82.5,0
"promoter","CHG","exp2","primed","21",87.5,0
"promoter","CHG","exp2","primed","21",92.5,0
"promoter","CHG","exp2","primed","21",97.5,0
"promoter","CHH","exp1","control","13",2.5,2658
"promoter","CHH","exp1","control","13",7.5,66
"promoter","CHH","exp1","control","13",12.5,0
"promoter","CHH","exp1","control","13",17.5,0
"promoter","CHH","exp1","control","13",22.5,0
"promoter","CHH","exp1","control","13",27.5,1
"promoter","CHH","exp1","control","13",32.5,0
"promoter","CHH","exp1","control","13",37.5,0
"promoter","CHH","exp1","control","13",42.5,0
"promoter","CHH","exp1","control","13",47.5,0
"promoter","CHH","exp1","control","13",52.5,0
"promoter","CHH","exp1","control","13",57.5,0
"promoter","CHH","exp1","control","13",62.5,0
"promoter","CHH","exp1","control","13",67.5,0
"promoter","CHH","exp1","control","13",72.5,0
"promoter","CHH","exp1","control","13",77.5,0
"promoter","CHH","exp1","control","13",82.5,0
"promoter","CHH","exp1","control","13",87.5,0
"promoter","CHH","exp1","control","13",92.5,0
"promoter","CHH","exp1","control","13",97.5,0
"promoter","CHH","exp1","control","16",2.5,1603
"promoter","CHH","exp1","control","16",7.5,25
"promoter","CHH","exp1","control","16",12.5,2
"promoter","CHH","exp1","control","16",17.5,1
"promoter","CHH","exp1","control","16",22.5,1
"promoter","CHH","exp1","control","16",27.5,0
"promoter","CHH","exp1","control","16",32.5,0
"promoter","CHH","exp1","control","16",37.5,0
"promoter","CHH","exp1","control","16",42.5,0
"promoter","CHH","exp1","control","16",47.5,0
"promoter","CHH","exp1","control","16",52.5,0
"promoter","CHH","exp1","control","16",57.5,0
"promoter","CHH","exp1","control","16",62.5,0
"promoter","CHH","exp1","control","16",67.5,0
"promoter","CHH","exp1","control","16",72.5,0
"promoter","CHH","exp1","control","16",77.5,0
"promoter","CHH","exp1","control","16",82.5,0
"promoter","CHH","exp1","control","16",87.5,0
"promoter","CHH","exp1","control","16",92.5,0
"promoter","CHH","exp1","control","16",97.5,0
"promoter","CHH","exp1","control","9",2.5,2681
"promoter","CHH","exp1","control","9",7.5,63
"promoter","CHH","exp1","control","9",12.5,1
"promoter","CHH","exp1","control","9",17.5,0
"promoter","CHH","exp1","control","9",22.5,0
"promoter","CHH","exp1","control","9",27.5,1
"promoter","CHH","exp1","control","9",32.5,0
"promoter","CHH","exp1","control","9",37.5,0
"promoter","CHH","exp1","control","9",42.5,0
"promoter","CHH","exp1","control","9",47.5,0
"promoter","CHH","exp1","control","9",52.5,0
"promoter","CHH","exp1","control","9",57.5,0
"promoter","CHH","exp1","control","9",62.5,0
"promoter","CHH","exp1","control","9",67.5,0
"promoter","CHH","exp1","control","9",72.5,0
"promoter","CHH","exp1","control","9",77.5,0
"promoter","CHH","exp1","control","9",82.5,0
"promoter","CHH","exp1","control","9",87.5,0
"promoter","CHH","exp1","control","9",92.5,0
"promoter","CHH","exp1","control","9",97.5,0
"promoter","CHH","exp1","acute","15",2.5,2135
"promoter","CHH","exp1","acute","15",7.5,43
"promoter","CHH","exp1","acute","15",12.5,1
"promoter","CHH","exp1","acute","15",17.5,2
"promoter","CHH","exp1","acute","15",22.5,1
"promoter","CHH","exp1","acute","15",27.5,0
"promoter","CHH","exp1","acute","15",32.5,2
"promoter","CHH","exp1","acute","15",37.5,0
"promoter","CHH","exp1","acute","15",42.5,0
"promoter","CHH","exp1","acute","15",47.5,0
"promoter","CHH","exp1","acute","15",52.5,0
"promoter","CHH","exp1","acute","15",57.5,0
"promoter","CHH","exp1","acute","15",62.5,0
"promoter","CHH","exp1","acute","15",67.5,0
"promoter","CHH","exp1","acute","15",72.5,0
"promoter","CHH","exp1","acute","15",77.5,0
"promoter","CHH","exp1","acute","15",82.5,0
"promoter","CHH","exp1","acute","15",87.5,0
"promoter","CHH","exp1","acute","15",92.5,0
"promoter","CHH","exp1","acute","15",97.5,0
"promoter","CHH","exp1","acute","22",2.5,994
"promoter","CHH","exp1","acute","22",7.5,15
"promoter","CHH","exp1","acute","22",12.5,1
"promoter","CHH","exp1","acute","22",17.5,0
"promoter","CHH","exp1","acute","22",22.5,0
"promoter","CHH","exp1","acute","22",27.5,0
"promoter","CHH","exp1","acute","22",32.5,0
"promoter","CHH","exp1","acute","22",37.5,0
"promoter","CHH","exp1","acute","22",42.5,0
"promoter","CHH","exp1","acute","22",47.5,0
"promoter","CHH","exp1","acute","22",52.5,0
"promoter","CHH","exp1","acute","22",57.5,0
"promoter","CHH","exp1","acute","22",62.5,0
"promoter","CHH","exp1","acute","22",67.5,0
"promoter","CHH","exp1","acute","22",72.5,0
"promoter","CHH","exp1","acute","22",77.5,0
"promoter","CHH","exp1","acute","22",82.5,0
"promoter","CHH","exp1","acute","22",87.5,0
"promoter","CHH","exp1","acute","22",92.5,0
"promoter","CHH","exp1","acute","22",97.5,0
"promoter","CHH","exp1","acute","27",2.5,1047
"promoter","CHH","exp1","acute","27",7.5,12
"promoter","CHH","exp1","acute","27",12.5,1
"promoter","CHH","exp1","acute","27",17.5,1
"promoter","CHH","exp1","acute","27",22.5,0
"promoter","CHH","exp1","acute","27",27.5,0
"promoter","CHH","exp1","acute","27",32.5,0
"promoter","CHH","exp1","acute","27",37.5,0
"promoter","CHH","exp1","acute","27",42.5,0
"promoter","CHH","exp1","acute","27",47.5,0
"promoter","CHH","exp1","acute","27",52.5,0
"promoter","CHH","exp1","acute","27",57.5,0
"promoter","CHH","exp1","acute","27",62.5,0
"promoter","CHH","exp1","acute","27",67.5,0
"promoter","CHH","exp1","acute","27",72.5,0
"promoter","CHH","exp1","acute","27",77.5,0
"promoter","CHH","exp1","acute","27",82.5,0
"promoter","CHH","exp1","acute","27",87.5,0
"promoter","CHH","exp1","acute","27",92.5,0
"promoter","CHH","exp1","acute","27",97.5,0
"promoter","CHH","exp2","naïve","10",2.5,1200
"promoter","CHH","exp2","naïve","10",7.5,21
"promoter","CHH","exp2","naïve","10",12.5,2
"promoter","CHH","exp2","naïve","10",17.5,1
"promoter","CHH","exp2","naïve","10",22.5,0
"promoter","CHH","exp2","naïve","10",27.5,0
"promoter","CHH","exp2","naïve","10",32.5,0
"promoter","CHH","exp2","naïve","10",37.5,0
"promoter","CHH","exp2","naïve","10",42.5,0
"promoter","CHH","exp2","naïve","10",47.5,0
"promoter","CHH","exp2","naïve","10",52.5,0
"promoter","CHH","exp2","naïve","10",57.5,0
"promoter","CHH","exp2","naïve","10",62.5,0
"promoter","CHH","exp2","naïve","10",67.5,0
"promoter","CHH","exp2","naïve","10",72.5,0
"promoter","CHH","exp2","naïve","10",77.5,0
"promoter","CHH","exp2","naïve","10",82.5,0
"promoter","CHH","exp2","naïve","10",87.5,0
"promoter","CHH","exp2","naïve","10",92.5,0
"promoter","CHH","exp2","naïve","10",97.5,0
"promoter","CHH","exp2","naïve","11",2.5,1546
"promoter","CHH","exp2","naïve","11",7.5,23
"promoter","CHH","exp2","naïve","11",12.5,0
"promoter","CHH","exp2","naïve","11",17.5,3
"promoter","CHH","exp2","naïve","11",22.5,0
"promoter","CHH","exp2","naïve","11",27.5,1
"promoter","CHH","exp2","naïve","11",32.5,0
"promoter","CHH","exp2","naïve","11",37.5,0
"promoter","CHH","exp2","naïve","11",42.5,0
"promoter","CHH","exp2","naïve","11",47.5,0
"promoter","CHH","exp2","naïve","11",52.5,0
"promoter","CHH","exp2","naïve","11",57.5,0
"promoter","CHH","exp2","naïve","11",62.5,0
"promoter","CHH","exp2","naïve","11",67.5,0
"promoter","CHH","exp2","naïve","11",72.5,0
"promoter","CHH","exp2","naïve","11",77.5,0
"promoter","CHH","exp2","naïve","11",82.5,0
"promoter","CHH","exp2","naïve","11",87.5,0
"promoter","CHH","exp2","naïve","11",92.5,0
"promoter","CHH","exp2","naïve","11",97.5,0
"promoter","CHH","exp2","naïve","6",2.5,2252
"promoter","CHH","exp2","naïve","6",7.5,49
"promoter","CHH","exp2","naïve","6",12.5,2
"promoter","CHH","exp2","naïve","6",17.5,0
"promoter","CHH","exp2","naïve","6",22.5,0
"promoter","CHH","exp2","naïve","6",27.5,0
"promoter","CHH","exp2","naïve","6",32.5,0
"promoter","CHH","exp2","naïve","6",37.5,0
"promoter","CHH","exp2","naïve","6",42.5,0
"promoter","CHH","exp2","naïve","6",47.5,0
"promoter","CHH","exp2","naïve","6",52.5,0
"promoter","CHH","exp2","naïve","6",57.5,0
"promoter","CHH","exp2","naïve","6",62.5,0
"promoter","CHH","exp2","naïve","6",67.5,0
"promoter","CHH","exp2","naïve","6",72.5,0
"promoter","CHH","exp2","naïve","6",77.5,0
"promoter","CHH","exp2","naïve","6",82.5,0
"promoter","CHH","exp2","naïve","6",87.5,0
"promoter","CHH","exp2","naïve","6",92.5,0
"promoter","CHH","exp2","naïve","6",97.5,0
"promoter","CHH","exp2","naïve","7",2.5,3929
"promoter","CHH","exp2","naïve","7",7.5,52
"promoter","CHH","exp2","naïve","7",12.5,2
"promoter","CHH","exp2","naïve","7",17.5,3
"promoter","CHH","exp2","naïve","7",22.5,0
"promoter","CHH","exp2","naïve","7",27.5,0
"promoter","CHH","exp2","naïve","7",32.5,0
"promoter","CHH","exp2","naïve","7",37.5,0
"promoter","CHH","exp2","naïve","7",42.5,0
"promoter","CHH","exp2","naïve","7",47.5,0
"promoter","CHH","exp2","naïve","7",52.5,0
"promoter","CHH","exp2","naïve","7",57.5,0
"promoter","CHH","exp2","naïve","7",62.5,0
"promoter","CHH","exp2","naïve","7",67.5,0
"promoter","CHH","exp2","naïve","7",72.5,0
"promoter","CHH","exp2","naïve","7",77.5,0
"promoter","CHH","exp2","naïve","7",82.5,0
"promoter","CHH","exp2","naïve","7",87.5,0
"promoter","CHH","exp2","naïve","7",92.5,0
"promoter","CHH","exp2","naïve","7",97.5,0
"promoter","CHH","exp2","primed","14",2.5,1332
"promoter","CHH","exp2","primed","14",7.5,23
"promoter","CHH","exp2","primed","14",12.5,1
"promoter","CHH","exp2","primed","14",17.5,1
"promoter","CHH","exp2","primed","14",22.5,0
"promoter","CHH","exp2","primed","14",27.5,0
"promoter","CHH","exp2","primed","14",32.5,0
"promoter","CHH","exp2","primed","14",37.5,0
"promoter","CHH","exp2","primed","14",42.5,0
"promoter","CHH","exp2","primed","14",47.5,0
"promoter","CHH","exp2","primed","14",52.5,0
"promoter","CHH","exp2","primed","14",57.5,0
"promoter","CHH","exp2","primed","14",62.5,0
"promoter","CHH","exp2","primed","14",67.5,0
"promoter","CHH","exp2","primed","14",72.5,0
"promoter","CHH","exp2","primed","14",77.5,0
"promoter","CHH","exp2","primed","14",82.5,0
"promoter","CHH","exp2","primed","14",87.5,0
"promoter","CHH","exp2","primed","14",92.5,0
"promoter","CHH","exp2","primed","14",97.5,0
"promoter","CHH","exp2","primed","2",2.5,2782
"promoter","CHH","exp2","primed","2",7.5,75
"promoter","CHH","exp2","primed","2",12.5,4
"promoter","CHH","exp2","primed","2",17.5,3
"promoter","CHH","exp2","primed","2",22.5,0
"promoter","CHH","exp2","primed","2",27.5,1
"promoter","CHH","exp2","primed","2",32.5,0
"promoter","CHH","exp2","primed","2",37.5,0
"promoter","CHH","exp2","primed","2",42.5,0
"promoter","CHH","exp2","primed","2",47.5,0
"promoter","CHH","exp2","primed","2",52.5,0
"promoter","CHH","exp2","primed","2",57.5,0
"promoter","CHH","exp2","primed","2",62.5,0
"promoter","CHH","exp2","primed","2",67.5,0
"promoter","CHH","exp2","primed","2",72.5,0
"promoter","CHH","exp2","primed","2",77.5,0
"promoter","CHH","exp2","primed","2",82.5,0
"promoter","CHH","exp2","primed","2",87.5,0
"promoter","CHH","exp2","primed","2",92.5,0
"promoter","CHH","exp2","primed","2",97.5,0
"promoter","CHH","exp2","primed","20",2.5,887
"promoter","CHH","exp2","primed","20",7.5,25
"promoter","CHH","exp2","primed","20",12.5,1
"promoter","CHH","exp2","primed","20",17.5,0
"promoter","CHH","exp2","primed","20",22.5,0
"promoter","CHH","exp2","primed","20",27.5,0
"promoter","CHH","exp2","primed","20",32.5,0
"promoter","CHH","exp2","primed","20",37.5,2
"promoter","CHH","exp2","primed","20",42.5,0
"promoter","CHH","exp2","primed","20",47.5,0
"promoter","CHH","exp2","primed","20",52.5,0
"promoter","CHH","exp2","primed","20",57.5,0
"promoter","CHH","exp2","primed","20",62.5,0
"promoter","CHH","exp2","primed","20",67.5,0
"promoter","CHH","exp2","primed","20",72.5,0
"promoter","CHH","exp2","primed","20",77.5,0
"promoter","CHH","exp2","primed","20",82.5,0
"promoter","CHH","exp2","primed","20",87.5,0
"promoter","CHH","exp2","primed","20",92.5,0
"promoter","CHH","exp2","primed","20",97.5,0
"promoter","CHH","exp2","primed","21",2.5,1064
"promoter","CHH","exp2","primed","21",7.5,22
"promoter","CHH","exp2","primed","21",12.5,0
"promoter","CHH","exp2","primed","21",17.5,1
"promoter","CHH","exp2","primed","21",22.5,0
"promoter","CHH","exp2","primed","21",27.5,0
"promoter","CHH","exp2","primed","21",32.5,0
"promoter","CHH","exp2","primed","21",37.5,0
"promoter","CHH","exp2","primed","21",42.5,0
"promoter","CHH","exp2","primed","21",47.5,0
"promoter","CHH","exp2","primed","21",52.5,0
"promoter","CHH","exp2","primed","21",57.5,0
"promoter","CHH","exp2","primed","21",62.5,0
"promoter","CHH","exp2","primed","21",67.5,0
"promoter","CHH","exp2","primed","21",72.5,0
"promoter","CHH","exp2","primed","21",77.5,0
"promoter","CHH","exp2","primed","21",82.5,0
"promoter","CHH","exp2","primed","21",87.5,0
"promoter","CHH","exp2","primed","21",92.5,0
"promoter","CHH","exp2","primed","21",97.5,0
"three_prime_UTR","CpG","exp1","control","13",2.5,267
"three_prime_UTR","CpG","exp1","control","13",7.5,13
"three_prime_UTR","CpG","exp1","control","13",12.5,3
"three_prime_UTR","CpG","exp1","control","13",17.5,1
"three_prime_UTR","CpG","exp1","control","13",22.5,1
"three_prime_UTR","CpG","exp1","control","13",27.5,5
"three_prime_UTR","CpG","exp1","control","13",32.5,6
"three_prime_UTR","CpG","exp1","control","13",37.5,2
"three_prime_UTR","CpG","exp1","control","13",42.5,1
"three_prime_UTR","CpG","exp1","control","13",47.5,1
"three_prime_UTR","CpG","exp1","control","13",52.5,1
"three_prime_UTR","CpG","exp1","control","13",57.5,2
"three_prime_UTR","CpG","exp1","control","13",62.5,1
"three_prime_UTR","CpG","exp1","control","13",67.5,1
"three_prime_UTR","CpG","exp1","control","13",72.5,0
"three_prime_UTR","CpG","exp1","control","13",77.5,5
"three_prime_UTR","CpG","exp1","control","13",82.5,2
"three_prime_UTR","CpG","exp1","control","13",87.5,4
"three_prime_UTR","CpG","exp1","control","13",92.5,3
"three_prime_UTR","CpG","exp1","control","13",97.5,5
"three_prime_UTR","CpG","exp1","control","16",2.5,127
"three_prime_UTR","CpG","exp1","control","16",7.5,1
"three_prime_UTR","CpG","exp1","control","16",12.5,3
"three_prime_UTR","CpG","exp1","control","16",17.5,3
"three_prime_UTR","CpG","exp1","control","16",22.5,4
"three_prime_UTR","CpG","exp1","control","16",27.5,0
"three_prime_UTR","CpG","exp1","control","16",32.5,0
"three_prime_UTR","CpG","exp1","control","16",37.5,1
"three_prime_UTR","CpG","exp1","control","16",42.5,0
"three_prime_UTR","CpG","exp1","control","16",47.5,1
"three_prime_UTR","CpG","exp1","control","16",52.5,2
"three_prime_UTR","CpG","exp1","control","16",57.5,1
"three_prime_UTR","CpG","exp1","control","16",62.5,0
"three_prime_UTR","CpG","exp1","control","16",67.5,2
"three_prime_UTR","CpG","exp1","control","16",72.5,0
"three_prime_UTR","CpG","exp1","control","16",77.5,0
"three_prime_UTR","CpG","exp1","control","16",82.5,1
"three_prime_UTR","CpG","exp1","control","16",87.5,1
"three_prime_UTR","CpG","exp1","control","16",92.5,0
"three_prime_UTR","CpG","exp1","control","16",97.5,6
"three_prime_UTR","CpG","exp1","control","9",2.5,218
"three_prime_UTR","CpG","exp1","control","9",7.5,4
"three_prime_UTR","CpG","exp1","control","9",12.5,1
"three_prime_UTR","CpG","exp1","control","9",17.5,3
"three_prime_UTR","CpG","exp1","control","9",22.5,3
"three_prime_UTR","CpG","exp1","control","9",27.5,3
"three_prime_UTR","CpG","exp1","control","9",32.5,1
"three_prime_UTR","CpG","exp1","control","9",37.5,5
"three_prime_UTR","CpG","exp1","control","9",42.5,1
"three_prime_UTR","CpG","exp1","control","9",47.5,4
"three_prime_UTR","CpG","exp1","control","9",52.5,3
"three_prime_UTR","CpG","exp1","control","9",57.5,5
"three_prime_UTR","CpG","exp1","control","9",62.5,1
"three_prime_UTR","CpG","exp1","control","9",67.5,3
"three_prime_UTR","CpG","exp1","control","9",72.5,0
"three_prime_UTR","CpG","exp1","control","9",77.5,7
"three_prime_UTR","CpG","exp1","control","9",82.5,1
"three_prime_UTR","CpG","exp1","control","9",87.5,5
"three_prime_UTR","CpG","exp1","control","9",92.5,5
"three_prime_UTR","CpG","exp1","control","9",97.5,12
"three_prime_UTR","CpG","exp1","acute","15",2.5,146
"three_prime_UTR","CpG","exp1","acute","15",7.5,7
"three_prime_UTR","CpG","exp1","acute","15",12.5,0
"three_prime_UTR","CpG","exp1","acute","15",17.5,2
"three_prime_UTR","CpG","exp1","acute","15",22.5,2
"three_prime_UTR","CpG","exp1","acute","15",27.5,2
"three_prime_UTR","CpG","exp1","acute","15",32.5,1
"three_prime_UTR","CpG","exp1","acute","15",37.5,2
"three_prime_UTR","CpG","exp1","acute","15",42.5,2
"three_prime_UTR","CpG","exp1","acute","15",47.5,3
"three_prime_UTR","CpG","exp1","acute","15",52.5,2
"three_prime_UTR","CpG","exp1","acute","15",57.5,0
"three_prime_UTR","CpG","exp1","acute","15",62.5,0
"three_prime_UTR","CpG","exp1","acute","15",67.5,0
"three_prime_UTR","CpG","exp1","acute","15",72.5,0
"three_prime_UTR","CpG","exp1","acute","15",77.5,2
"three_prime_UTR","CpG","exp1","acute","15",82.5,0
"three_prime_UTR","CpG","exp1","acute","15",87.5,2
"three_prime_UTR","CpG","exp1","acute","15",92.5,0
"three_prime_UTR","CpG","exp1","acute","15",97.5,3
"three_prime_UTR","CpG","exp1","acute","22",2.5,71
"three_prime_UTR","CpG","exp1","acute","22",7.5,7
"three_prime_UTR","CpG","exp1","acute","22",12.5,2
"three_prime_UTR","CpG","exp1","acute","22",17.5,0
"three_prime_UTR","CpG","exp1","acute","22",22.5,1
"three_prime_UTR","CpG","exp1","acute","22",27.5,1
"three_prime_UTR","CpG","exp1","acute","22",32.5,0
"three_prime_UTR","CpG","exp1","acute","22",37.5,0
"three_prime_UTR","CpG","exp1","acute","22",42.5,0
"three_prime_UTR","CpG","exp1","acute","22",47.5,3
"three_prime_UTR","CpG","exp1","acute","22",52.5,0
"three_prime_UTR","CpG","exp1","acute","22",57.5,0
"three_prime_UTR","CpG","exp1","acute","22",62.5,1
"three_prime_UTR","CpG","exp1","acute","22",67.5,3
"three_prime_UTR","CpG","exp1","acute","22",72.5,0
"three_prime_UTR","CpG","exp1","acute","22",77.5,0
"three_prime_UTR","CpG","exp1","acute","22",82.5,0
"three_prime_UTR","CpG","exp1","acute","22",87.5,0
"three_prime_UTR","CpG","exp1","acute","22",92.5,0
"three_prime_UTR","CpG","exp1","acute","22",97.5,5
"three_prime_UTR","CpG","exp1","acute","27",2.5,49
"three_prime_UTR","CpG","exp1","acute","27",7.5,3
"three_prime_UTR","CpG","exp1","acute","27",12.5,1
"three_prime_UTR","CpG","exp1","acute","27",17.5,1
"three_prime_UTR","CpG","exp1","acute","27",22.5,1
"three_prime_UTR","CpG","exp1","acute","27",27.5,1
"three_prime_UTR","CpG","exp1","acute","27",32.5,0
"three_prime_UTR","CpG","exp1","acute","27",37.5,0
"three_prime_UTR","CpG","exp1","acute","27",42.5,0
"three_prime_UTR","CpG","exp1","acute","27",47.5,1
"three_prime_UTR","CpG","exp1","acute","27",52.5,1
"three_prime_UTR","CpG","exp1","acute","27",57.5,0
"three_prime_UTR","CpG","exp1","acute","27",62.5,3
"three_prime_UTR","CpG","exp1","acute","27",67.5,0
"three_prime_UTR","CpG","exp1","acute","27",72.5,0
"three_prime_UTR","CpG","exp1","acute","27",77.5,1
"three_prime_UTR","CpG","exp1","acute","27",82.5,0
"three_prime_UTR","CpG","exp1","acute","27",87.5,2
"three_prime_UTR","CpG","exp1","acute","27",92.5,5
"three_prime_UTR","CpG","exp1","acute","27",97.5,3
"three_prime_UTR","CpG","exp2","naïve","10",2.5,80
"three_prime_UTR","CpG","exp2","naïve","10",7.5,5
"three_prime_UTR","CpG","exp2","naïve","10",12.5,2
"three_prime_UTR","CpG","exp2","naïve","10",17.5,0
"three_prime_UTR","CpG","exp2","naïve","10",22.5,0
"three_prime_UTR","CpG","exp2","naïve","10",27.5,1
"three_prime_UTR","CpG","exp2","naïve","10",32.5,2
"three_prime_UTR","CpG","exp2","naïve","10",37.5,2
"three_prime_UTR","CpG","exp2","naïve","10",42.5,0
"three_prime_UTR","CpG","exp2","naïve","10",47.5,0
"three_prime_UTR","CpG","exp2","naïve","10",52.5,1
"three_prime_UTR","CpG","exp2","naïve","10",57.5,1
"three_prime_UTR","CpG","exp2","naïve","10",62.5,0
"three_prime_UTR","CpG","exp2","naïve","10",67.5,5
"three_prime_UTR","CpG","exp2","naïve","10",72.5,0
"three_prime_UTR","CpG","exp2","naïve","10",77.5,0
"three_prime_UTR","CpG","exp2","naïve","10",82.5,1
"three_prime_UTR","CpG","exp2","naïve","10",87.5,1
"three_prime_UTR","CpG","exp2","naïve","10",92.5,1
"three_prime_UTR","CpG","exp2","naïve","10",97.5,4
"three_prime_UTR","CpG","exp2","naïve","11",2.5,101
"three_prime_UTR","CpG","exp2","naïve","11",7.5,3
"three_prime_UTR","CpG","exp2","naïve","11",12.5,1
"three_prime_UTR","CpG","exp2","naïve","11",17.5,2
"three_prime_UTR","CpG","exp2","naïve","11",22.5,2
"three_prime_UTR","CpG","exp2","naïve","11",27.5,5
"three_prime_UTR","CpG","exp2","naïve","11",32.5,1
"three_prime_UTR","CpG","exp2","naïve","11",37.5,1
"three_prime_UTR","CpG","exp2","naïve","11",42.5,0
"three_prime_UTR","CpG","exp2","naïve","11",47.5,0
"three_prime_UTR","CpG","exp2","naïve","11",52.5,0
"three_prime_UTR","CpG","exp2","naïve","11",57.5,1
"three_prime_UTR","CpG","exp2","naïve","11",62.5,0
"three_prime_UTR","CpG","exp2","naïve","11",67.5,2
"three_prime_UTR","CpG","exp2","naïve","11",72.5,1
"three_prime_UTR","CpG","exp2","naïve","11",77.5,0
"three_prime_UTR","CpG","exp2","naïve","11",82.5,1
"three_prime_UTR","CpG","exp2","naïve","11",87.5,2
"three_prime_UTR","CpG","exp2","naïve","11",92.5,0
"three_prime_UTR","CpG","exp2","naïve","11",97.5,5
"three_prime_UTR","CpG","exp2","naïve","6",2.5,196
"three_prime_UTR","CpG","exp2","naïve","6",7.5,3
"three_prime_UTR","CpG","exp2","naïve","6",12.5,0
"three_prime_UTR","CpG","exp2","naïve","6",17.5,4
"three_prime_UTR","CpG","exp2","naïve","6",22.5,2
"three_prime_UTR","CpG","exp2","naïve","6",27.5,2
"three_prime_UTR","CpG","exp2","naïve","6",32.5,0
"three_prime_UTR","CpG","exp2","naïve","6",37.5,1
"three_prime_UTR","CpG","exp2","naïve","6",42.5,0
"three_prime_UTR","CpG","exp2","naïve","6",47.5,4
"three_prime_UTR","CpG","exp2","naïve","6",52.5,0
"three_prime_UTR","CpG","exp2","naïve","6",57.5,0
"three_prime_UTR","CpG","exp2","naïve","6",62.5,2
"three_prime_UTR","CpG","exp2","naïve","6",67.5,2
"three_prime_UTR","CpG","exp2","naïve","6",72.5,3
"three_prime_UTR","CpG","exp2","naïve","6",77.5,5
"three_prime_UTR","CpG","exp2","naïve","6",82.5,2
"three_prime_UTR","CpG","exp2","naïve","6",87.5,8
"three_prime_UTR","CpG","exp2","naïve","6",92.5,2
"three_prime_UTR","CpG","exp2","naïve","6",97.5,10
"three_prime_UTR","CpG","exp2","naïve","7",2.5,379
"three_prime_UTR","CpG","exp2","naïve","7",7.5,19
"three_prime_UTR","CpG","exp2","naïve","7",12.5,1
"three_prime_UTR","CpG","exp2","naïve","7",17.5,3
"three_prime_UTR","CpG","exp2","naïve","7",22.5,3
"three_prime_UTR","CpG","exp2","naïve","7",27.5,1
"three_prime_UTR","CpG","exp2","naïve","7",32.5,1
"three_prime_UTR","CpG","exp2","naïve","7",37.5,4
"three_prime_UTR","CpG","exp2","naïve","7",42.5,0
"three_prime_UTR","CpG","exp2","naïve","7",47.5,4
"three_prime_UTR","CpG","exp2","naïve","7",52.5,1
"three_prime_UTR","CpG","exp2","naïve","7",57.5,4
"three_prime_UTR","CpG","exp2","naïve","7",62.5,1
"three_prime_UTR","CpG","exp2","naïve","7",67.5,5
"three_prime_UTR","CpG","exp2","naïve","7",72.5,3
"three_prime_UTR","CpG","exp2","naïve","7",77.5,6
"three_prime_UTR","CpG","exp2","naïve","7",82.5,1
"three_prime_UTR","CpG","exp2","naïve","7",87.5,8
"three_prime_UTR","CpG","exp2","naïve","7",92.5,5
"three_prime_UTR","CpG","exp2","naïve","7",97.5,23
"three_prime_UTR","CpG","exp2","primed","14",2.5,98
"three_prime_UTR","CpG","exp2","primed","14",7.5,5
"three_prime_UTR","CpG","exp2","primed","14",12.5,3
"three_prime_UTR","CpG","exp2","primed","14",17.5,3
"three_prime_UTR","CpG","exp2","primed","14",22.5,1
"three_prime_UTR","CpG","exp2","primed","14",27.5,1
"three_prime_UTR","CpG","exp2","primed","14",32.5,2
"three_prime_UTR","CpG","exp2","primed","14",37.5,0
"three_prime_UTR","CpG","exp2","primed","14",42.5,0
"three_prime_UTR","CpG","exp2","primed","14",47.5,2
"three_prime_UTR","CpG","exp2","primed","14",52.5,1
"three_prime_UTR","CpG","exp2","primed","14",57.5,1
"three_prime_UTR","CpG","exp2","primed","14",62.5,1
"three_prime_UTR","CpG","exp2","primed","14",67.5,1
"three_prime_UTR","CpG","exp2","primed","14",72.5,0
"three_prime_UTR","CpG","exp2","primed","14",77.5,0
"three_prime_UTR","CpG","exp2","primed","14",82.5,1
"three_prime_UTR","CpG","exp2","primed","14",87.5,0
"three_prime_UTR","CpG","exp2","primed","14",92.5,1
"three_prime_UTR","CpG","exp2","primed","14",97.5,6
"three_prime_UTR","CpG","exp2","primed","2",2.5,237
"three_prime_UTR","CpG","exp2","primed","2",7.5,4
"three_prime_UTR","CpG","exp2","primed","2",12.5,2
"three_prime_UTR","CpG","exp2","primed","2",17.5,9
"three_prime_UTR","CpG","exp2","primed","2",22.5,1
"three_prime_UTR","CpG","exp2","primed","2",27.5,5
"three_prime_UTR","CpG","exp2","primed","2",32.5,1
"three_prime_UTR","CpG","exp2","primed","2",37.5,4
"three_prime_UTR","CpG","exp2","primed","2",42.5,0
"three_prime_UTR","CpG","exp2","primed","2",47.5,6
"three_prime_UTR","CpG","exp2","primed","2",52.5,0
"three_prime_UTR","CpG","exp2","primed","2",57.5,1
"three_prime_UTR","CpG","exp2","primed","2",62.5,2
"three_prime_UTR","CpG","exp2","primed","2",67.5,1
"three_prime_UTR","CpG","exp2","primed","2",72.5,1
"three_prime_UTR","CpG","exp2","primed","2",77.5,0
"three_prime_UTR","CpG","exp2","primed","2",82.5,4
"three_prime_UTR","CpG","exp2","primed","2",87.5,5
"three_prime_UTR","CpG","exp2","primed","2",92.5,0
"three_prime_UTR","CpG","exp2","primed","2",97.5,14
"three_prime_UTR","CpG","exp2","primed","20",2.5,58
"three_prime_UTR","CpG","exp2","primed","20",7.5,4
"three_prime_UTR","CpG","exp2","primed","20",12.5,1
"three_prime_UTR","CpG","exp2","primed","20",17.5,2
"three_prime_UTR","CpG","exp2","primed","20",22.5,0
"three_prime_UTR","CpG","exp2","primed","20",27.5,4
"three_prime_UTR","CpG","exp2","primed","20",32.5,0
"three_prime_UTR","CpG","exp2","primed","20",37.5,0
"three_prime_UTR","CpG","exp2","primed","20",42.5,1
"three_prime_UTR","CpG","exp2","primed","20",47.5,2
"three_prime_UTR","CpG","exp2","primed","20",52.5,0
"three_prime_UTR","CpG","exp2","primed","20",57.5,0
"three_prime_UTR","CpG","exp2","primed","20",62.5,0
"three_prime_UTR","CpG","exp2","primed","20",67.5,1
"three_prime_UTR","CpG","exp2","primed","20",72.5,0
"three_prime_UTR","CpG","exp2","primed","20",77.5,0
"three_prime_UTR","CpG","exp2","primed","20",82.5,0
"three_prime_UTR","CpG","exp2","primed","20",87.5,0
"three_prime_UTR","CpG","exp2","primed","20",92.5,0
"three_prime_UTR","CpG","exp2","primed","20",97.5,2
"three_prime_UTR","CpG","exp2","primed","21",2.5,65
"three_prime_UTR","CpG","exp2","primed","21",7.5,5
"three_prime_UTR","CpG","exp2","primed","21",12.5,0
"three_prime_UTR","CpG","exp2","primed","21",17.5,3
"three_prime_UTR","CpG","exp2","primed","21",22.5,1
"three_prime_UTR","CpG","exp2","primed","21",27.5,3
"three_prime_UTR","CpG","exp2","primed","21",32.5,0
"three_prime_UTR","CpG","exp2","primed","21",37.5,0
"three_prime_UTR","CpG","exp2","primed","21",42.5,0
"three_prime_UTR","CpG","exp2","primed","21",47.5,0
"three_prime_UTR","CpG","exp2","primed","21",52.5,0
"three_prime_UTR","CpG","exp2","primed","21",57.5,2
"three_prime_UTR","CpG","exp2","primed","21",62.5,1
"three_prime_UTR","CpG","exp2","primed","21",67.5,2
"three_prime_UTR","CpG","exp2","primed","21",72.5,0
"three_prime_UTR","CpG","exp2","primed","21",77.5,0
"three_prime_UTR","CpG","exp2","primed","21",82.5,0
"three_prime_UTR","CpG","exp2","primed","21",87.5,0
"three_prime_UTR","CpG","exp2","primed","21",92.5,2
"three_prime_UTR","CpG","exp2","primed","21",97.5,2
"three_prime_UTR","CHG","exp1","control","13",2.5,379
"three_prime_UTR","CHG","exp1","control","13",7.5,10
"three_prime_UTR","CHG","exp1","control","13",12.5,0
"three_prime_UTR","CHG","exp1","control","13",17.5,0
"three_prime_UTR","CHG","exp1","control","13",22.5,0
"three_prime_UTR","CHG","exp1","control","13",27.5,0
"three_prime_UTR","CHG","exp1","control","13",32.5,0
"three_prime_UTR","CHG","exp1","control","13",37.5,0
"three_prime_UTR","CHG","exp1","control","13",42.5,0
"three_prime_UTR","CHG","exp1","control","13",47.5,0
"three_prime_UTR","CHG","exp1","control","13",52.5,0
"three_prime_UTR","CHG","exp1","control","13",57.5,0
"three_prime_UTR","CHG","exp1","control","13",62.5,0
"three_prime_UTR","CHG","exp1","control","13",67.5,0
"three_prime_UTR","CHG","exp1","control","13",72.5,0
"three_prime_UTR","CHG","exp1","control","13",77.5,0
"three_prime_UTR","CHG","exp1","control","13",82.5,0
"three_prime_UTR","CHG","exp1","control","13",87.5,0
"three_prime_UTR","CHG","exp1","control","13",92.5,0
"three_prime_UTR","CHG","exp1","control","13",97.5,0
"three_prime_UTR","CHG","exp1","control","16",2.5,187
"three_prime_UTR","CHG","exp1","control","16",7.5,1
"three_prime_UTR","CHG","exp1","control","16",12.5,0
"three_prime_UTR","CHG","exp1","control","16",17.5,0
"three_prime_UTR","CHG","exp1","control","16",22.5,0
"three_prime_UTR","CHG","exp1","control","16",27.5,0
"three_prime_UTR","CHG","exp1","control","16",32.5,0
"three_prime_UTR","CHG","exp1","control","16",37.5,0
"three_prime_UTR","CHG","exp1","control","16",42.5,0
"three_prime_UTR","CHG","exp1","control","16",47.5,0
"three_prime_UTR","CHG","exp1","control","16",52.5,0
"three_prime_UTR","CHG","exp1","control","16",57.5,0
"three_prime_UTR","CHG","exp1","control","16",62.5,0
"three_prime_UTR","CHG","exp1","control","16",67.5,0
"three_prime_UTR","CHG","exp1","control","16",72.5,0
"three_prime_UTR","CHG","exp1","control","16",77.5,0
"three_prime_UTR","CHG","exp1","control","16",82.5,0
"three_prime_UTR","CHG","exp1","control","16",87.5,0
"three_prime_UTR","CHG","exp1","control","16",92.5,0
"three_prime_UTR","CHG","exp1","control","16",97.5,0
"three_prime_UTR","CHG","exp1","control","9",2.5,343
"three_prime_UTR","CHG","exp1","control","9",7.5,7
"three_prime_UTR","CHG","exp1","control","9",12.5,0
"three_prime_UTR","CHG","exp1","control","9",17.5,1
"three_prime_UTR","CHG","exp1","control","9",22.5,0
"three_prime_UTR","CHG","exp1","control","9",27.5,0
"three_prime_UTR","CHG","exp1","control","9",32.5,0
"three_prime_UTR","CHG","exp1","control","9",37.5,0
"three_prime_UTR","CHG","exp1","control","9",42.5,0
"three_prime_UTR","CHG","exp1","control","9",47.5,0
"three_prime_UTR","CHG","exp1","control","9",52.5,0
"three_prime_UTR","CHG","exp1","control","9",57.5,0
"three_prime_UTR","CHG","exp1","control","9",62.5,0
"three_prime_UTR","CHG","exp1","control","9",67.5,0
"three_prime_UTR","CHG","exp1","control","9",72.5,0
"three_prime_UTR","CHG","exp1","control","9",77.5,0
"three_prime_UTR","CHG","exp1","control","9",82.5,0
"three_prime_UTR","CHG","exp1","control","9",87.5,0
"three_prime_UTR","CHG","exp1","control","9",92.5,0
"three_prime_UTR","CHG","exp1","control","9",97.5,0
"three_prime_UTR","CHG","exp1","acute","15",2.5,229
"three_prime_UTR","CHG","exp1","acute","15",7.5,11
"three_prime_UTR","CHG","exp1","acute","15",12.5,0
"three_prime_UTR","CHG","exp1","acute","15",17.5,0
"three_prime_UTR","CHG","exp1","acute","15",22.5,0
"three_prime_UTR","CHG","exp1","acute","15",27.5,0
"three_prime_UTR","CHG","exp1","acute","15",32.5,0
"three_prime_UTR","CHG","exp1","acute","15",37.5,0
"three_prime_UTR","CHG","exp1","acute","15",42.5,0
"three_prime_UTR","CHG","exp1","acute","15",47.5,0
"three_prime_UTR","CHG","exp1","acute","15",52.5,0
"three_prime_UTR","CHG","exp1","acute","15",57.5,0
"three_prime_UTR","CHG","exp1","acute","15",62.5,0
"three_prime_UTR","CHG","exp1","acute","15",67.5,0
"three_prime_UTR","CHG","exp1","acute","15",72.5,0
"three_prime_UTR","CHG","exp1","acute","15",77.5,0
"three_prime_UTR","CHG","exp1","acute","15",82.5,0
"three_prime_UTR","CHG","exp1","acute","15",87.5,0
"three_prime_UTR","CHG","exp1","acute","15",92.5,0
"three_prime_UTR","CHG","exp1","acute","15",97.5,0
"three_prime_UTR","CHG","exp1","acute","22",2.5,101
"three_prime_UTR","CHG","exp1","acute","22",7.5,9
"three_prime_UTR","CHG","exp1","acute","22",12.5,0
"three_prime_UTR","CHG","exp1","acute","22",17.5,0
"three_prime_UTR","CHG","exp1","acute","22",22.5,0
"three_prime_UTR","CHG","exp1","acute","22",27.5,0
"three_prime_UTR","CHG","exp1","acute","22",32.5,0
"three_prime_UTR","CHG","exp1","acute","22",37.5,0
"three_prime_UTR","CHG","exp1","acute","22",42.5,0
"three_prime_UTR","CHG","exp1","acute","22",47.5,0
"three_prime_UTR","CHG","exp1","acute","22",52.5,0
"three_prime_UTR","CHG","exp1","acute","22",57.5,0
"three_prime_UTR","CHG","exp1","acute","22",62.5,0
"three_prime_UTR","CHG","exp1","acute","22",67.5,0
"three_prime_UTR","CHG","exp1","acute","22",72.5,0
"three_prime_UTR","CHG","exp1","acute","22",77.5,0
"three_prime_UTR","CHG","exp1","acute","22",82.5,0
"three_prime_UTR","CHG","exp1","acute","22",87.5,0
"three_prime_UTR","CHG","exp1","acute","22",92.5,0
"three_prime_UTR","CHG","exp1","acute","22",97.5,0
"three_prime_UTR","CHG","exp1","acute","27",2.5,93
"three_prime_UTR","CHG","exp1","acute","27",7.5,2
"three_prime_UTR","CHG","exp1","acute","27",12.5,0
"three_prime_UTR","CHG","exp1","acute","27",17.5,0
"three_prime_UTR","CHG","exp1","acute","27",22.5,0
"three_prime_UTR","CHG","exp1","acute","27",27.5,0
"three_prime_UTR","CHG","exp1","acute","27",32.5,0
"three_prime_UTR","CHG","exp1","acute","27",37.5,0
"three_prime_UTR","CHG","exp1","acute","27",42.5,0
"three_prime_UTR","CHG","exp1","acute","27",47.5,0
"three_prime_UTR","CHG","exp1","acute","27",52.5,0
"three_prime_UTR","CHG","exp1","acute","27",57.5,0
"three_prime_UTR","CHG","exp1","acute","27",62.5,0
"three_prime_UTR","CHG","exp1","acute","27",67.5,0
"three_prime_UTR","CHG","exp1","acute","27",72.5,0
"three_prime_UTR","CHG","exp1","acute","27",77.5,0
"three_prime_UTR","CHG","exp1","acute","27",82.5,0
"three_prime_UTR","CHG","exp1","acute","27",87.5,0
"three_prime_UTR","CHG","exp1","acute","27",92.5,0
"three_prime_UTR","CHG","exp1","acute","27",97.5,0
"three_prime_UTR","CHG","exp2","naïve","10",2.5,105
"three_prime_UTR","CHG","exp2","naïve","10",7.5,1
"three_prime_UTR","CHG","exp2","naïve","10",12.5,0
"three_prime_UTR","CHG","exp2","naïve","10",17.5,0
"three_prime_UTR","CHG","exp2","naïve","10",22.5,0
"three_prime_UTR","CHG","exp2","naïve","10",27.5,0
"three_prime_UTR","CHG","exp2","naïve","10",32.5,0
"three_prime_UTR","CHG","exp2","naïve","10",37.5,0
"three_prime_UTR","CHG","exp2","naïve","10",42.5,0
"three_prime_UTR","CHG","exp2","naïve","10",47.5,0
"three_prime_UTR","CHG","exp2","naïve","10",52.5,0
"three_prime_UTR","CHG","exp2","naïve","10",57.5,0
"three_prime_UTR","CHG","exp2","naïve","10",62.5,0
"three_prime_UTR","CHG","exp2","naïve","10",67.5,0
"three_prime_UTR","CHG","exp2","naïve","10",72.5,0
"three_prime_UTR","CHG","exp2","naïve","10",77.5,0
"three_prime_UTR","CHG","exp2","naïve","10",82.5,0
"three_prime_UTR","CHG","exp2","naïve","10",87.5,0
"three_prime_UTR","CHG","exp2","naïve","10",92.5,0
"three_prime_UTR","CHG","exp2","naïve","10",97.5,0
"three_prime_UTR","CHG","exp2","naïve","11",2.5,149
"three_prime_UTR","CHG","exp2","naïve","11",7.5,6
"three_prime_UTR","CHG","exp2","naïve","11",12.5,0
"three_prime_UTR","CHG","exp2","naïve","11",17.5,0
"three_prime_UTR","CHG","exp2","naïve","11",22.5,0
"three_prime_UTR","CHG","exp2","naïve","11",27.5,1
"three_prime_UTR","CHG","exp2","naïve","11",32.5,0
"three_prime_UTR","CHG","exp2","naïve","11",37.5,0
"three_prime_UTR","CHG","exp2","naïve","11",42.5,0
"three_prime_UTR","CHG","exp2","naïve","11",47.5,0
"three_prime_UTR","CHG","exp2","naïve","11",52.5,0
"three_prime_UTR","CHG","exp2","naïve","11",57.5,0
"three_prime_UTR","CHG","exp2","naïve","11",62.5,0
"three_prime_UTR","CHG","exp2","naïve","11",67.5,0
"three_prime_UTR","CHG","exp2","naïve","11",72.5,0
"three_prime_UTR","CHG","exp2","naïve","11",77.5,0
"three_prime_UTR","CHG","exp2","naïve","11",82.5,0
"three_prime_UTR","CHG","exp2","naïve","11",87.5,0
"three_prime_UTR","CHG","exp2","naïve","11",92.5,0
"three_prime_UTR","CHG","exp2","naïve","11",97.5,0
"three_prime_UTR","CHG","exp2","naïve","6",2.5,285
"three_prime_UTR","CHG","exp2","naïve","6",7.5,5
"three_prime_UTR","CHG","exp2","naïve","6",12.5,0
"three_prime_UTR","CHG","exp2","naïve","6",17.5,0
"three_prime_UTR","CHG","exp2","naïve","6",22.5,0
"three_prime_UTR","CHG","exp2","naïve","6",27.5,0
"three_prime_UTR","CHG","exp2","naïve","6",32.5,0
"three_prime_UTR","CHG","exp2","naïve","6",37.5,0
"three_prime_UTR","CHG","exp2","naïve","6",42.5,0
"three_prime_UTR","CHG","exp2","naïve","6",47.5,0
"three_prime_UTR","CHG","exp2","naïve","6",52.5,0
"three_prime_UTR","CHG","exp2","naïve","6",57.5,0
"three_prime_UTR","CHG","exp2","naïve","6",62.5,0
"three_prime_UTR","CHG","exp2","naïve","6",67.5,0
"three_prime_UTR","CHG","exp2","naïve","6",72.5,0
"three_prime_UTR","CHG","exp2","naïve","6",77.5,0
"three_prime_UTR","CHG","exp2","naïve","6",82.5,0
"three_prime_UTR","CHG","exp2","naïve","6",87.5,0
"three_prime_UTR","CHG","exp2","naïve","6",92.5,0
"three_prime_UTR","CHG","exp2","naïve","6",97.5,0
"three_prime_UTR","CHG","exp2","naïve","7",2.5,584
"three_prime_UTR","CHG","exp2","naïve","7",7.5,8
"three_prime_UTR","CHG","exp2","naïve","7",12.5,0
"three_prime_UTR","CHG","exp2","naïve","7",17.5,0
"three_prime_UTR","CHG","exp2","naïve","7",22.5,0
"three_prime_UTR","CHG","exp2","naïve","7",27.5,0
"three_prime_UTR","CHG","exp2","naïve","7",32.5,0
"three_prime_UTR","CHG","exp2","naïve","7",37.5,0
"three_prime_UTR","CHG","exp2","naïve","7",42.5,0
"three_prime_UTR","CHG","exp2","naïve","7",47.5,0
"three_prime_UTR","CHG","exp2","naïve","7",52.5,0
"three_prime_UTR","CHG","exp2","naïve","7",57.5,0
"three_prime_UTR","CHG","exp2","naïve","7",62.5,0
"three_prime_UTR","CHG","exp2","naïve","7",67.5,0
"three_prime_UTR","CHG","exp2","naïve","7",72.5,0
"three_prime_UTR","CHG","exp2","naïve","7",77.5,0
"three_prime_UTR","CHG","exp2","naïve","7",82.5,0
"three_prime_UTR","CHG","exp2","naïve","7",87.5,0
"three_prime_UTR","CHG","exp2","naïve","7",92.5,0
"three_prime_UTR","CHG","exp2","naïve","7",97.5,0
"three_prime_UTR","CHG","exp2","primed","14",2.5,136
"three_prime_UTR","CHG","exp2","primed","14",7.5,3
"three_prime_UTR","CHG","exp2","primed","14",12.5,0
"three_prime_UTR","CHG","exp2","primed","14",17.5,0
"three_prime_UTR","CHG","exp2","primed","14",22.5,0
"three_prime_UTR","CHG","exp2","primed","14",27.5,0
"three_prime_UTR","CHG","exp2","primed","14",32.5,0
"three_prime_UTR","CHG","exp2","primed","14",37.5,0
"three_prime_UTR","CHG","exp2","primed","14",42.5,0
"three_prime_UTR","CHG","exp2","primed","14",47.5,0
"three_prime_UTR","CHG","exp2","primed","14",52.5,0
"three_prime_UTR","CHG","exp2","primed","14",57.5,0
"three_prime_UTR","CHG","exp2","primed","14",62.5,0
"three_prime_UTR","CHG","exp2","primed","14",67.5,0
"three_prime_UTR","CHG","exp2","primed","14",72.5,0
"three_prime_UTR","CHG","exp2","primed","14",77.5,0
"three_prime_UTR","CHG","exp2","primed","14",82.5,0
"three_prime_UTR","CHG","exp2","primed","14",87.5,0
"three_prime_UTR","CHG","exp2","primed","14",92.5,0
"three_prime_UTR","CHG","exp2","primed","14",97.5,0
"three_prime_UTR","CHG","exp2","primed","2",2.5,365
"three_prime_UTR","CHG","exp2","primed","2",7.5,4
"three_prime_UTR","CHG","exp2","primed","2",12.5,0
"three_prime_UTR","CHG","exp2","primed","2",17.5,0
"three_prime_UTR","CHG","exp2","primed","2",22.5,0
"three_prime_UTR","CHG","exp2","primed","2",27.5,0
"three_prime_UTR","CHG","exp2","primed","2",32.5,0
"three_prime_UTR","CHG","exp2","primed","2",37.5,0
"three_prime_UTR","CHG","exp2","primed","2",42.5,0
"three_prime_UTR","CHG","exp2","primed","2",47.5,0
"three_prime_UTR","CHG","exp2","primed","2",52.5,0
"three_prime_UTR","CHG","exp2","primed","2",57.5,0
"three_prime_UTR","CHG","exp2","primed","2",62.5,0
"three_prime_UTR","CHG","exp2","primed","2",67.5,0
"three_prime_UTR","CHG","exp2","primed","2",72.5,0
"three_prime_UTR","CHG","exp2","primed","2",77.5,0
"three_prime_UTR","CHG","exp2","primed","2",82.5,0
"three_prime_UTR","CHG","exp2","primed","2",87.5,0
"three_prime_UTR","CHG","exp2","primed","2",92.5,0
"three_prime_UTR","CHG","exp2","primed","2",97.5,0
"three_prime_UTR","CHG","exp2","primed","20",2.5,84
"three_prime_UTR","CHG","exp2","primed","20",7.5,1
"three_prime_UTR","CHG","exp2","primed","20",12.5,0
"three_prime_UTR","CHG","exp2","primed","20",17.5,1
"three_prime_UTR","CHG","exp2","primed","20",22.5,0
"three_prime_UTR","CHG","exp2","primed","20",27.5,0
"three_prime_UTR","CHG","exp2","primed","20",32.5,0
"three_prime_UTR","CHG","exp2","primed","20",37.5,0
"three_prime_UTR","CHG","exp2","primed","20",42.5,0
"three_prime_UTR","CHG","exp2","primed","20",47.5,0
"three_prime_UTR","CHG","exp2","primed","20",52.5,0
"three_prime_UTR","CHG","exp2","primed","20",57.5,0
"three_prime_UTR","CHG","exp2","primed","20",62.5,0
"three_prime_UTR","CHG","exp2","primed","20",67.5,0
"three_prime_UTR","CHG","exp2","primed","20",72.5,0
"three_prime_UTR","CHG","exp2","primed","20",77.5,0
"three_prime_UTR","CHG","exp2","primed","20",82.5,0
"three_prime_UTR","CHG","exp2","primed","20",87.5,0
"three_prime_UTR","CHG","exp2","primed","20",92.5,0
"three_prime_UTR","CHG","exp2","primed","20",97.5,0
"three_prime_UTR","CHG","exp2","primed","21",2.5,102
"three_prime_UTR","CHG","exp2","primed","21",7.5,2
"three_prime_UTR","CHG","exp2","primed","21",12.5,1
"three_prime_UTR","CHG","exp2","primed","21",17.5,0
"three_prime_UTR","CHG","exp2","primed","21",22.5,0
"three_prime_UTR","CHG","exp2","primed","21",27.5,0
"three_prime_UTR","CHG","exp2","primed","21",32.5,0
"three_prime_UTR","CHG","exp2","primed","21",37.5,0
"three_prime_UTR","CHG","exp2","primed","21",42.5,0
"three_prime_UTR","CHG","exp2","primed","21",47.5,0
"three_prime_UTR","CHG","exp2","primed","21",52.5,0
"three_prime_UTR","CHG","exp2","primed","21",57.5,0
"three_prime_UTR","CHG","exp2","primed","21",62.5,0
"three_prime_UTR","CHG","exp2","primed","21",67.5,0
"three_prime_UTR","CHG","exp2","primed","21",72.5,0
"three_prime_UTR","CHG","exp2","primed","21",77.5,0
"three_prime_UTR","CHG","exp2","primed","21",82.5,0
"three_prime_UTR","CHG","exp2","primed","21",87.5,0
"three_prime_UTR","CHG","exp2","primed","21",92.5,0
"three_prime_UTR","CHG","exp2","primed","21",97.5,0
"three_prime_UTR","CHH","exp1","control","13",2.5,572
"three_prime_UTR","CHH","exp1","control","13",7.5,16
"three_prime_UTR","CHH","exp1","control","13",12.5,0
"three_prime_UTR","CHH","exp1","control","13",17.5,0
"three_prime_UTR","CHH","exp1","control","13",22.5,0
"three_prime_UTR","CHH","exp1","control","13",27.5,0
"three_prime_UTR","CHH","exp1","control","13",32.5,0
"three_prime_UTR","CHH","exp1","control","13",37.5,0
"three_prime_UTR","CHH","exp1","control","13",42.5,0
"three_prime_UTR","CHH","exp1","control","13",47.5,0
"three_prime_UTR","CHH","exp1","control","13",52.5,0
"three_prime_UTR","CHH","exp1","control","13",57.5,0
"three_prime_UTR","CHH","exp1","control","13",62.5,0
"three_prime_UTR","CHH","exp1","control","13",67.5,0
"three_prime_UTR","CHH","exp1","control","13",72.5,0
"three_prime_UTR","CHH","exp1","control","13",77.5,0
"three_prime_UTR","CHH","exp1","control","13",82.5,0
"three_prime_UTR","CHH","exp1","control","13",87.5,0
"three_prime_UTR","CHH","exp1","control","13",92.5,0
"three_prime_UTR","CHH","exp1","control","13",97.5,0
"three_prime_UTR","CHH","exp1","control","16",2.5,260
"three_prime_UTR","CHH","exp1","control","16",7.5,3
"three_prime_UTR","CHH","exp1","control","16",12.5,0
"three_prime_UTR","CHH","exp1","control","16",17.5,0
"three_prime_UTR","CHH","exp1","control","16",22.5,0
"three_prime_UTR","CHH","exp1","control","16",27.5,0
"three_prime_UTR","CHH","exp1","control","16",32.5,0
"three_prime_UTR","CHH","exp1","control","16",37.5,0
"three_prime_UTR","CHH","exp1","control","16",42.5,0
"three_prime_UTR","CHH","exp1","control","16",47.5,0
"three_prime_UTR","CHH","exp1","control","16",52.5,0
"three_prime_UTR","CHH","exp1","control","16",57.5,0
"three_prime_UTR","CHH","exp1","control","16",62.5,0
"three_prime_UTR","CHH","exp1","control","16",67.5,0
"three_prime_UTR","CHH","exp1","control","16",72.5,0
"three_prime_UTR","CHH","exp1","control","16",77.5,0
"three_prime_UTR","CHH","exp1","control","16",82.5,0
"three_prime_UTR","CHH","exp1","control","16",87.5,0
"three_prime_UTR","CHH","exp1","control","16",92.5,0
"three_prime_UTR","CHH","exp1","control","16",97.5,0
"three_prime_UTR","CHH","exp1","control","9",2.5,495
"three_prime_UTR","CHH","exp1","control","9",7.5,4
"three_prime_UTR","CHH","exp1","control","9",12.5,4
"three_prime_UTR","CHH","exp1","control","9",17.5,4
"three_prime_UTR","CHH","exp1","control","9",22.5,0
"three_prime_UTR","CHH","exp1","control","9",27.5,0
"three_prime_UTR","CHH","exp1","control","9",32.5,1
"three_prime_UTR","CHH","exp1","control","9",37.5,0
"three_prime_UTR","CHH","exp1","control","9",42.5,0
"three_prime_UTR","CHH","exp1","control","9",47.5,0
"three_prime_UTR","CHH","exp1","control","9",52.5,0
"three_prime_UTR","CHH","exp1","control","9",57.5,0
"three_prime_UTR","CHH","exp1","control","9",62.5,0
"three_prime_UTR","CHH","exp1","control","9",67.5,0
"three_prime_UTR","CHH","exp1","control","9",72.5,0
"three_prime_UTR","CHH","exp1","control","9",77.5,0
"three_prime_UTR","CHH","exp1","control","9",82.5,0
"three_prime_UTR","CHH","exp1","control","9",87.5,0
"three_prime_UTR","CHH","exp1","control","9",92.5,0
"three_prime_UTR","CHH","exp1","control","9",97.5,0
"three_prime_UTR","CHH","exp1","acute","15",2.5,335
"three_prime_UTR","CHH","exp1","acute","15",7.5,6
"three_prime_UTR","CHH","exp1","acute","15",12.5,0
"three_prime_UTR","CHH","exp1","acute","15",17.5,0
"three_prime_UTR","CHH","exp1","acute","15",22.5,0
"three_prime_UTR","CHH","exp1","acute","15",27.5,0
"three_prime_UTR","CHH","exp1","acute","15",32.5,0
"three_prime_UTR","CHH","exp1","acute","15",37.5,0
"three_prime_UTR","CHH","exp1","acute","15",42.5,0
"three_prime_UTR","CHH","exp1","acute","15",47.5,0
"three_prime_UTR","CHH","exp1","acute","15",52.5,0
"three_prime_UTR","CHH","exp1","acute","15",57.5,0
"three_prime_UTR","CHH","exp1","acute","15",62.5,0
"three_prime_UTR","CHH","exp1","acute","15",67.5,0
"three_prime_UTR","CHH","exp1","acute","15",72.5,0
"three_prime_UTR","CHH","exp1","acute","15",77.5,0
"three_prime_UTR","CHH","exp1","acute","15",82.5,0
"three_prime_UTR","CHH","exp1","acute","15",87.5,0
"three_prime_UTR","CHH","exp1","acute","15",92.5,0
"three_prime_UTR","CHH","exp1","acute","15",97.5,0
"three_prime_UTR","CHH","exp1","acute","22",2.5,153
"three_prime_UTR","CHH","exp1","acute","22",7.5,5
"three_prime_UTR","CHH","exp1","acute","22",12.5,0
"three_prime_UTR","CHH","exp1","acute","22",17.5,0
"three_prime_UTR","CHH","exp1","acute","22",22.5,0
"three_prime_UTR","CHH","exp1","acute","22",27.5,0
"three_prime_UTR","CHH","exp1","acute","22",32.5,0
"three_prime_UTR","CHH","exp1","acute","22",37.5,0
"three_prime_UTR","CHH","exp1","acute","22",42.5,0
"three_prime_UTR","CHH","exp1","acute","22",47.5,0
"three_prime_UTR","CHH","exp1","acute","22",52.5,0
"three_prime_UTR","CHH","exp1","acute","22",57.5,0
"three_prime_UTR","CHH","exp1","acute","22",62.5,0
"three_prime_UTR","CHH","exp1","acute","22",67.5,0
"three_prime_UTR","CHH","exp1","acute","22",72.5,0
"three_prime_UTR","CHH","exp1","acute","22",77.5,0
"three_prime_UTR","CHH","exp1","acute","22",82.5,0
"three_prime_UTR","CHH","exp1","acute","22",87.5,0
"three_prime_UTR","CHH","exp1","acute","22",92.5,0
"three_prime_UTR","CHH","exp1","acute","22",97.5,0
"three_prime_UTR","CHH","exp1","acute","27",2.5,138
"three_prime_UTR","CHH","exp1","acute","27",7.5,3
"three_prime_UTR","CHH","exp1","acute","27",12.5,0
"three_prime_UTR","CHH","exp1","acute","27",17.5,0
"three_prime_UTR","CHH","exp1","acute","27",22.5,0
"three_prime_UTR","CHH","exp1","acute","27",27.5,0
"three_prime_UTR","CHH","exp1","acute","27",32.5,0
"three_prime_UTR","CHH","exp1","acute","27",37.5,0
"three_prime_UTR","CHH","exp1","acute","27",42.5,0
"three_prime_UTR","CHH","exp1","acute","27",47.5,0
"three_prime_UTR","CHH","exp1","acute","27",52.5,0
"three_prime_UTR","CHH","exp1","acute","27",57.5,0
"three_prime_UTR","CHH","exp1","acute","27",62.5,0
"three_prime_UTR","CHH","exp1","acute","27",67.5,0
"three_prime_UTR","CHH","exp1","acute","27",72.5,0
"three_prime_UTR","CHH","exp1","acute","27",77.5,0
"three_prime_UTR","CHH","exp1","acute","27",82.5,0
"three_prime_UTR","CHH","exp1","acute","27",87.5,0
"three_prime_UTR","CHH","exp1","acute","27",92.5,0
"three_prime_UTR","CHH","exp1","acute","27",97.5,0
"three_prime_UTR","CHH","exp2","naïve","10",2.5,166
"three_prime_UTR","CHH","exp2","naïve","10",7.5,1
"three_prime_UTR","CHH","exp2","naïve","10",12.5,0
"three_prime_UTR","CHH","exp2","naïve","10",17.5,1
"three_prime_UTR","CHH","exp2","naïve","10",22.5,0
"three_prime_UTR","CHH","exp2","naïve","10",27.5,0
"three_prime_UTR","CHH","exp2","naïve","10",32.5,0
"three_prime_UTR","CHH","exp2","naïve","10",37.5,0
"three_prime_UTR","CHH","exp2","naïve","10",42.5,0
"three_prime_UTR","CHH","exp2","naïve","10",47.5,0
"three_prime_UTR","CHH","exp2","naïve","10",52.5,0
"three_prime_UTR","CHH","exp2","naïve","10",57.5,0
"three_prime_UTR","CHH","exp2","naïve","10",62.5,0
"three_prime_UTR","CHH","exp2","naïve","10",67.5,0
"three_prime_UTR","CHH","exp2","naïve","10",72.5,0
"three_prime_UTR","CHH","exp2","naïve","10",77.5,0
"three_prime_UTR","CHH","exp2","naïve","10",82.5,0
"three_prime_UTR","CHH","exp2","naïve","10",87.5,0
"three_prime_UTR","CHH","exp2","naïve","10",92.5,0
"three_prime_UTR","CHH","exp2","naïve","10",97.5,0
"three_prime_UTR","CHH","exp2","naïve","11",2.5,251
"three_prime_UTR","CHH","exp2","naïve","11",7.5,7
"three_prime_UTR","CHH","exp2","naïve","11",12.5,0
"three_prime_UTR","CHH","exp2","naïve","11",17.5,0
"three_prime_UTR","CHH","exp2","naïve","11",22.5,0
"three_prime_UTR","CHH","exp2","naïve","11",27.5,1
"three_prime_UTR","CHH","exp2","naïve","11",32.5,0
"three_prime_UTR","CHH","exp2","naïve","11",37.5,0
"three_prime_UTR","CHH","exp2","naïve","11",42.5,0
"three_prime_UTR","CHH","exp2","naïve","11",47.5,0
"three_prime_UTR","CHH","exp2","naïve","11",52.5,0
"three_prime_UTR","CHH","exp2","naïve","11",57.5,0
"three_prime_UTR","CHH","exp2","naïve","11",62.5,0
"three_prime_UTR","CHH","exp2","naïve","11",67.5,0
"three_prime_UTR","CHH","exp2","naïve","11",72.5,0
"three_prime_UTR","CHH","exp2","naïve","11",77.5,0
"three_prime_UTR","CHH","exp2","naïve","11",82.5,0
"three_prime_UTR","CHH","exp2","naïve","11",87.5,0
"three_prime_UTR","CHH","exp2","naïve","11",92.5,0
"three_prime_UTR","CHH","exp2","naïve","11",97.5,0
"three_prime_UTR","CHH","exp2","naïve","6",2.5,440
"three_prime_UTR","CHH","exp2","naïve","6",7.5,4
"three_prime_UTR","CHH","exp2","naïve","6",12.5,0
"three_prime_UTR","CHH","exp2","naïve","6",17.5,0
"three_prime_UTR","CHH","exp2","naïve","6",22.5,0
"three_prime_UTR","CHH","exp2","naïve","6",27.5,0
"three_prime_UTR","CHH","exp2","naïve","6",32.5,0
"three_prime_UTR","CHH","exp2","naïve","6",37.5,0
"three_prime_UTR","CHH","exp2","naïve","6",42.5,0
"three_prime_UTR","CHH","exp2","naïve","6",47.5,0
"three_prime_UTR","CHH","exp2","naïve","6",52.5,0
"three_prime_UTR","CHH","exp2","naïve","6",57.5,0
"three_prime_UTR","CHH","exp2","naïve","6",62.5,0
"three_prime_UTR","CHH","exp2","naïve","6",67.5,0
"three_prime_UTR","CHH","exp2","naïve","6",72.5,0
"three_prime_UTR","CHH","exp2","naïve","6",77.5,0
"three_prime_UTR","CHH","exp2","naïve","6",82.5,0
"three_prime_UTR","CHH","exp2","naïve","6",87.5,0
"three_prime_UTR","CHH","exp2","naïve","6",92.5,0
"three_prime_UTR","CHH","exp2","naïve","6",97.5,0
"three_prime_UTR","CHH","exp2","naïve","7",2.5,891
"three_prime_UTR","CHH","exp2","naïve","7",7.5,17
"three_prime_UTR","CHH","exp2","naïve","7",12.5,0
"three_prime_UTR","CHH","exp2","naïve","7",17.5,1
"three_prime_UTR","CHH","exp2","naïve","7",22.5,1
"three_prime_UTR","CHH","exp2","naïve","7",27.5,0
"three_prime_UTR","CHH","exp2","naïve","7",32.5,0
"three_prime_UTR","CHH","exp2","naïve","7",37.5,0
"three_prime_UTR","CHH","exp2","naïve","7",42.5,0
"three_prime_UTR","CHH","exp2","naïve","7",47.5,0
"three_prime_UTR","CHH","exp2","naïve","7",52.5,0
"three_prime_UTR","CHH","exp2","naïve","7",57.5,0
"three_prime_UTR","CHH","exp2","naïve","7",62.5,0
"three_prime_UTR","CHH","exp2","naïve","7",67.5,0
"three_prime_UTR","CHH","exp2","naïve","7",72.5,0
"three_prime_UTR","CHH","exp2","naïve","7",77.5,0
"three_prime_UTR","CHH","exp2","naïve","7",82.5,0
"three_prime_UTR","CHH","exp2","naïve","7",87.5,0
"three_prime_UTR","CHH","exp2","naïve","7",92.5,0
"three_prime_UTR","CHH","exp2","naïve","7",97.5,0
"three_prime_UTR","CHH","exp2","primed","14",2.5,218
"three_prime_UTR","CHH","exp2","primed","14",7.5,4
"three_prime_UTR","CHH","exp2","primed","14",12.5,0
"three_prime_UTR","CHH","exp2","primed","14",17.5,0
"three_prime_UTR","CHH","exp2","primed","14",22.5,0
"three_prime_UTR","CHH","exp2","primed","14",27.5,0
"three_prime_UTR","CHH","exp2","primed","14",32.5,0
"three_prime_UTR","CHH","exp2","primed","14",37.5,1
"three_prime_UTR","CHH","exp2","primed","14",42.5,0
"three_prime_UTR","CHH","exp2","primed","14",47.5,0
"three_prime_UTR","CHH","exp2","primed","14",52.5,0
"three_prime_UTR","CHH","exp2","primed","14",57.5,0
"three_prime_UTR","CHH","exp2","primed","14",62.5,0
"three_prime_UTR","CHH","exp2","primed","14",67.5,0
"three_prime_UTR","CHH","exp2","primed","14",72.5,0
"three_prime_UTR","CHH","exp2","primed","14",77.5,0
"three_prime_UTR","CHH","exp2","primed","14",82.5,0
"three_prime_UTR","CHH","exp2","primed","14",87.5,0
"three_prime_UTR","CHH","exp2","primed","14",92.5,0
"three_prime_UTR","CHH","exp2","primed","14",97.5,0
"three_prime_UTR","CHH","exp2","primed","2",2.5,554
"three_prime_UTR","CHH","exp2","primed","2",7.5,14
"three_prime_UTR","CHH","exp2","primed","2",12.5,0
"three_prime_UTR","CHH","exp2","primed","2",17.5,0
"three_prime_UTR","CHH","exp2","primed","2",22.5,0
"three_prime_UTR","CHH","exp2","primed","2",27.5,0
"three_prime_UTR","CHH","exp2","primed","2",32.5,0
"three_prime_UTR","CHH","exp2","primed","2",37.5,0
"three_prime_UTR","CHH","exp2","primed","2",42.5,0
"three_prime_UTR","CHH","exp2","primed","2",47.5,0
"three_prime_UTR","CHH","exp2","primed","2",52.5,0
"three_prime_UTR","CHH","exp2","primed","2",57.5,0
"three_prime_UTR","CHH","exp2","primed","2",62.5,0
"three_prime_UTR","CHH","exp2","primed","2",67.5,0
"three_prime_UTR","CHH","exp2","primed","2",72.5,0
"three_prime_UTR","CHH","exp2","primed","2",77.5,0
"three_prime_UTR","CHH","exp2","primed","2",82.5,0
"three_prime_UTR","CHH","exp2","primed","2",87.5,0
"three_prime_UTR","CHH","exp2","primed","2",92.5,0
"three_prime_UTR","CHH","exp2","primed","2",97.5,0
"three_prime_UTR","CHH","exp2","primed","20",2.5,120
"three_prime_UTR","CHH","exp2","primed","20",7.5,3
"three_prime_UTR","CHH","exp2","primed","20",12.5,0
"three_prime_UTR","CHH","exp2","primed","20",17.5,1
"three_prime_UTR","CHH","exp2","primed","20",22.5,0
"three_prime_UTR","CHH","exp2","primed","20",27.5,0
"three_prime_UTR","CHH","exp2","primed","20",32.5,0
"three_prime_UTR","CHH","exp2","primed","20",37.5,0
"three_prime_UTR","CHH","exp2","primed","20",42.5,0
"three_prime_UTR","CHH","exp2","primed","20",47.5,0
"three_prime_UTR","CHH","exp2","primed","20",52.5,0
"three_prime_UTR","CHH","exp2","primed","20",57.5,0
"three_prime_UTR","CHH","exp2","primed","20",62.5,0
"three_prime_UTR","CHH","exp2","primed","20",67.5,0
"three_prime_UTR","CHH","exp2","primed","20",72.5,0
"three_prime_UTR","CHH","exp2","primed","20",77.5,0
"three_prime_UTR","CHH","exp2","primed","20",82.5,0
"three_prime_UTR","CHH","exp2","primed","20",87.5,0
"three_prime_UTR","CHH","exp2","primed","20",92.5,0
"three_prime_UTR","CHH","exp2","primed","20",97.5,0
"three_prime_UTR","CHH","exp2","primed","21",2.5,159
"three_prime_UTR","CHH","exp2","primed","21",7.5,6
"three_prime_UTR","CHH","exp2","primed","21",12.5,0
"three_prime_UTR","CHH","exp2","primed","21",17.5,0
"three_prime_UTR","CHH","exp2","primed","21",22.5,0
"three_prime_UTR","CHH","exp2","primed","21",27.5,0
"three_prime_UTR","CHH","exp2","primed","21",32.5,0
"three_prime_UTR","CHH","exp2","primed","21",37.5,0
"three_prime_UTR","CHH","exp2","primed","21",42.5,0
"three_prime_UTR","CHH","exp2","primed","21",47.5,0
"three_prime_UTR","CHH","exp2","primed","21",52.5,0
"three_prime_UTR","CHH","exp2","primed","21",57.5,0
"three_prime_UTR","CHH","exp2","primed","21",62.5,0
"three_prime_UTR","CHH","exp2","primed","21",67.5,0
"three_prime_UTR","CHH","exp2","primed","21",72.5,0
"three_prime_UTR","CHH","exp2","primed","21",77.5,0
"three_prime_UTR","CHH","exp2","primed","21",82.5,0
"three_prime_UTR","CHH","exp2","primed","21",87.5,0
"three_prime_UTR","CHH","exp2","primed","21",92.5,0
"three_prime_UTR","CHH","exp2","primed","21",97.5,0
